Enesembl ID	Gene	RNA line ab	RNA type ab	protein type ab
ENSG00000000003	TSPAN6	0.3		
ENSG00000000005	TNMD	6.9		
ENSG00000000419	DPM1	68.5		
ENSG00000000457	SCYL3	4.7		
ENSG00000000460	C1orf112	27.6		
ENSG00000000938	FGR	0.0		
ENSG00000000971	CFH	0.0		
ENSG00000001036	FUCA2	24.1		
ENSG00000001084	GCLC	50.7		
ENSG00000001167	NFYA	30.1		
ENSG00000001460	STPG1	7.3		
ENSG00000001461	NIPAL3	12.5		
ENSG00000001497	LAS1L	63.9		
ENSG00000001561	ENPP4	4.1		
ENSG00000001617	SEMA3F	6.9		
ENSG00000001626	CFTR	0.0		
ENSG00000001629	ANKIB1	16.5		
ENSG00000001630	CYP51A1	118.1		
ENSG00000001631	KRIT1	21.9		
ENSG00000002016	RAD52	9.4		
ENSG00000002330	BAD	16.8		
ENSG00000002549	LAP3	157.7		
ENSG00000002586	CD99	124.1		
ENSG00000002587	HS3ST1	0.0		
ENSG00000002726	AOC1	0.0		
ENSG00000002745	WNT16	0.0		
ENSG00000002746	HECW1	0.0		
ENSG00000002822	MAD1L1	12.4		
ENSG00000002834	LASP1	58.5		
ENSG00000002919	SNX11	21.2		
ENSG00000002933	TMEM176A	0.0		
ENSG00000003056	M6PR	142.7		
ENSG00000003096	KLHL13	33.8		
ENSG00000003137	CYP26B1	8.5		
ENSG00000003147	ICA1	0.8		
ENSG00000003249	DBNDD1	41.3		
ENSG00000003393	ALS2	4.6		
ENSG00000003400	CASP10	0.2		
ENSG00000003402	CFLAR	9.8		
ENSG00000003436	TFPI	15.9		
ENSG00000003509	NDUFAF7	16.2		
ENSG00000003756	RBM5	90.4		
ENSG00000003987	MTMR7	2.6		
ENSG00000003989	SLC7A2	23.5		
ENSG00000004059	ARF5	92.4		
ENSG00000004139	SARM1	2.7		
ENSG00000004142	POLDIP2	153.1		
ENSG00000004399	PLXND1	25.9		
ENSG00000004455	AK2	312.5		
ENSG00000004468	CD38	0.2		
ENSG00000004478	FKBP4	353.3		
ENSG00000004487	KDM1A	169.5		
ENSG00000004534	RBM6	61.2		
ENSG00000004660	CAMKK1	3.2		
ENSG00000004700	RECQL	51.2		
ENSG00000004766	VPS50	10.4		
ENSG00000004776	HSPB6	0.4		
ENSG00000004777	ARHGAP33	1.9		
ENSG00000004779	NDUFAB1	271.2		
ENSG00000004799	PDK4	0.1		
ENSG00000004809	SLC22A16	0.0		
ENSG00000004838	ZMYND10	1.5		
ENSG00000004846	ABCB5	0.1		
ENSG00000004848	ARX	1.9		
ENSG00000004864	SLC25A13	50.1		
ENSG00000004866	ST7	24.2		
ENSG00000004897	CDC27	75.2		
ENSG00000004939	SLC4A1	0.0		
ENSG00000004948	CALCR	0.0		
ENSG00000004961	HCCS	63.2		
ENSG00000004975	DVL2	43.5		
ENSG00000005001	PRSS22	0.0		
ENSG00000005007	UPF1	38.7		
ENSG00000005020	SKAP2	26.9		
ENSG00000005022	SLC25A5	752.1		
ENSG00000005059	MCUB	24.1		
ENSG00000005073	HOXA11	16.3		
ENSG00000005075	POLR2J	89.8		
ENSG00000005100	DHX33	35.4		
ENSG00000005102	MEOX1	0.1		
ENSG00000005108	THSD7A	1.8		
ENSG00000005156	LIG3	43.9		
ENSG00000005175	RPAP3	40.7		
ENSG00000005187	ACSM3	0.2		
ENSG00000005189	REXO5	7.7		
ENSG00000005194	CIAPIN1	113.2		
ENSG00000005206	SPPL2B	3.6		
ENSG00000005238	FAM214B	2.4		
ENSG00000005243	COPZ2	0.0		
ENSG00000005249	PRKAR2B	7.1		
ENSG00000005302	MSL3	29.7		
ENSG00000005339	CREBBP	45.7		
ENSG00000005379	TSPOAP1	0.0		
ENSG00000005381	MPO	0.0		
ENSG00000005421	PON1	0.0		
ENSG00000005436	GCFC2	11.9		
ENSG00000005448	WDR54	27.8		
ENSG00000005469	CROT	2.3		
ENSG00000005471	ABCB4	0.1		
ENSG00000005483	KMT2E	27.1		
ENSG00000005486	RHBDD2	22.4		
ENSG00000005513	SOX8	5.0		
ENSG00000005700	IBTK	9.8		
ENSG00000005801	ZNF195	34.5		
ENSG00000005810	MYCBP2	22.4		
ENSG00000005812	FBXL3	21.4		
ENSG00000005844	ITGAL	0.0		
ENSG00000005882	PDK2	13.7		
ENSG00000005884	ITGA3	2.2		
ENSG00000005889	ZFX	19.4		
ENSG00000005893	LAMP2	56.7		
ENSG00000005961	ITGA2B	1.8		
ENSG00000005981	ASB4	0.0		
ENSG00000006007	GDE1	35.2		
ENSG00000006015	REX1BD	0.9		
ENSG00000006016	CRLF1	10.8		
ENSG00000006025	OSBPL7	1.7		
ENSG00000006042	TMEM98	74.2		
ENSG00000006047	YBX2	1.0		
ENSG00000006059	KRT33A	0.0		
ENSG00000006062	MAP3K14	1.5		
ENSG00000006071	ABCC8	0.0		
ENSG00000006116	CACNG3	0.0		
ENSG00000006118	TMEM132A	10.3		
ENSG00000006125	AP2B1	162.5		
ENSG00000006128	TAC1	0.0		
ENSG00000006194	ZNF263	38.6		
ENSG00000006210	CX3CL1	0.0		
ENSG00000006282	SPATA20	1.4		
ENSG00000006283	CACNA1G	1.1		
ENSG00000006327	TNFRSF12A	4.2		
ENSG00000006377	DLX6	15.3		
ENSG00000006432	MAP3K9	6.5		
ENSG00000006451	RALA	62.5		
ENSG00000006453	BAIAP2L1	15.6		
ENSG00000006459	KDM7A	3.7		
ENSG00000006468	ETV1	1.5		
ENSG00000006530	AGK	41.6		
ENSG00000006534	ALDH3B1	0.3		
ENSG00000006555	TTC22	0.0		
ENSG00000006576	PHTF2	30.1		
ENSG00000006606	CCL26	0.0		
ENSG00000006607	FARP2	35.0		
ENSG00000006611	USH1C	0.0		
ENSG00000006625	GGCT	84.1		
ENSG00000006634	DBF4	2.2		
ENSG00000006638	TBXA2R	0.7		
ENSG00000006652	IFRD1	21.5		
ENSG00000006659	LGALS14	0.0		
ENSG00000006695	COX10	16.6		
ENSG00000006704	GTF2IRD1	22.6		
ENSG00000006712	PAF1	81.3		
ENSG00000006715	VPS41	61.7		
ENSG00000006740	ARHGAP44	2.6		
ENSG00000006744	ELAC2	133.6		
ENSG00000006747	SCIN	0.1		
ENSG00000006756	ARSD	0.6		
ENSG00000006757	PNPLA4	0.0		
ENSG00000006788	MYH13	0.0		
ENSG00000006831	ADIPOR2	34.7		
ENSG00000006837	CDKL3	1.5		
ENSG00000007001	UPP2	0.0		
ENSG00000007038	PRSS21	0.0		
ENSG00000007047	MARK4	26.4		
ENSG00000007062	PROM1	7.3		
ENSG00000007080	CCDC124	60.0		
ENSG00000007129	CEACAM21	0.0		
ENSG00000007168	PAFAH1B1	74.4		
ENSG00000007171	NOS2	0.6		
ENSG00000007174	DNAH9	0.4		
ENSG00000007202	KIAA0100	91.4		
ENSG00000007216	SLC13A2	0.0		
ENSG00000007237	GAS7	0.0		
ENSG00000007255	TRAPPC6A	3.3		
ENSG00000007264	MATK	13.8		
ENSG00000007306	CEACAM7	0.0		
ENSG00000007312	CD79B	0.0		
ENSG00000007314	SCN4A	0.0		
ENSG00000007341	ST7L	10.2		
ENSG00000007350	TKTL1	0.0		
ENSG00000007372	PAX6	1.8		
ENSG00000007376	RPUSD1	18.1		
ENSG00000007384	RHBDF1	4.8		
ENSG00000007392	LUC7L	77.5		
ENSG00000007402	CACNA2D2	24.8		
ENSG00000007516	BAIAP3	0.0		
ENSG00000007520	TSR3	24.2		
ENSG00000007541	PIGQ	3.3		
ENSG00000007545	CRAMP1	18.7		
ENSG00000007866	TEAD3	5.3		
ENSG00000007908	SELE	0.0		
ENSG00000007923	DNAJC11	82.9		
ENSG00000007933	FMO3	0.0		
ENSG00000007944	MYLIP	13.0		
ENSG00000007952	NOX1	0.0		
ENSG00000007968	E2F2	12.9		
ENSG00000008018	PSMB1	446.0		
ENSG00000008056	SYN1	0.5		
ENSG00000008083	JARID2	8.0		
ENSG00000008086	CDKL5	3.2		
ENSG00000008118	CAMK1G	0.0		
ENSG00000008128	CDK11A	14.3		
ENSG00000008130	NADK	37.3		
ENSG00000008196	TFAP2B	0.0		
ENSG00000008197	TFAP2D	1.0		
ENSG00000008226	DLEC1	0.1		
ENSG00000008256	CYTH3	10.4		
ENSG00000008277	ADAM22	7.0		
ENSG00000008282	SYPL1	72.4		
ENSG00000008283	CYB561	20.3		
ENSG00000008294	SPAG9	48.5		
ENSG00000008300	CELSR3	1.9		
ENSG00000008311	AASS	33.5		
ENSG00000008323	PLEKHG6	0.0		
ENSG00000008324	SS18L2	33.9		
ENSG00000008382	MPND	9.8		
ENSG00000008394	MGST1	317.0		
ENSG00000008405	CRY1	26.8		
ENSG00000008438	PGLYRP1	0.0		
ENSG00000008441	NFIX	12.8		
ENSG00000008513	ST3GAL1	9.4		
ENSG00000008516	MMP25	0.7		
ENSG00000008517	IL32	1.0		
ENSG00000008710	PKD1	1.4		
ENSG00000008735	MAPK8IP2	6.6		
ENSG00000008838	MED24	89.7		
ENSG00000008853	RHOBTB2	5.0		
ENSG00000008869	HEATR5B	11.6		
ENSG00000008952	SEC62	92.3		
ENSG00000008988	RPS20	1731.7		
ENSG00000009307	CSDE1	442.4		
ENSG00000009335	UBE3C	52.6		
ENSG00000009413	REV3L	17.6		
ENSG00000009694	TENM1	0.3		
ENSG00000009709	PAX7	0.0		
ENSG00000009724	MASP2	0.0		
ENSG00000009765	IYD	0.0		
ENSG00000009780	FAM76A	11.2		
ENSG00000009790	TRAF3IP3	0.0		
ENSG00000009830	POMT2	8.8		
ENSG00000009844	VTA1	81.5		
ENSG00000009950	MLXIPL	0.0		
ENSG00000009954	BAZ1B	126.1		
ENSG00000010017	RANBP9	30.5		
ENSG00000010030	ETV7	0.4		
ENSG00000010072	SPRTN	15.2		
ENSG00000010165	EEF1AKNMT	51.3		
ENSG00000010219	DYRK4	3.0		
ENSG00000010244	ZNF207	282.1		
ENSG00000010256	UQCRC1	171.6		
ENSG00000010270	STARD3NL	51.4		
ENSG00000010278	CD9	92.7		
ENSG00000010282	HHATL	0.0		
ENSG00000010292	NCAPD2	188.0		
ENSG00000010295	IFFO1	4.6		
ENSG00000010310	GIPR	0.3		
ENSG00000010318	PHF7	1.2		
ENSG00000010319	SEMA3G	0.1		
ENSG00000010322	NISCH	26.1		
ENSG00000010327	STAB1	0.0		
ENSG00000010361	FUZ	2.7		
ENSG00000010379	SLC6A13	0.0		
ENSG00000010404	IDS	21.3		
ENSG00000010438	PRSS3	0.0		
ENSG00000010539	ZNF200	13.2		
ENSG00000010610	CD4	0.0		
ENSG00000010626	LRRC23	2.9		
ENSG00000010671	BTK	0.0		
ENSG00000010704	HFE	0.0		
ENSG00000010803	SCMH1	23.3		
ENSG00000010810	FYN	25.8		
ENSG00000010818	HIVEP2	2.3		
ENSG00000010932	FMO1	0.0		
ENSG00000011007	ELOA	83.0		
ENSG00000011009	LYPLA2	45.7		
ENSG00000011021	CLCN6	9.0		
ENSG00000011028	MRC2	4.0		
ENSG00000011052	NME1-NME2	25.1		
ENSG00000011083	SLC6A7	0.0		
ENSG00000011105	TSPAN9	9.5		
ENSG00000011114	BTBD7	4.6		
ENSG00000011132	APBA3	1.4		
ENSG00000011143	MKS1	14.8		
ENSG00000011198	ABHD5	16.5		
ENSG00000011201	ANOS1	0.0		
ENSG00000011243	AKAP8L	51.2		
ENSG00000011258	MBTD1	14.8		
ENSG00000011260	UTP18	89.7		
ENSG00000011275	RNF216	13.6		
ENSG00000011295	TTC19	9.9		
ENSG00000011304	PTBP1	342.7		
ENSG00000011332	DPF1	19.7		
ENSG00000011347	SYT7	0.9		
ENSG00000011376	LARS2	49.0		
ENSG00000011405	PIK3C2A	31.9		
ENSG00000011422	PLAUR	7.0		
ENSG00000011426	ANLN	63.4		
ENSG00000011451	WIZ	12.5		
ENSG00000011454	RABGAP1	25.6		
ENSG00000011465	DCN	0.8		
ENSG00000011478	QPCTL	10.0		
ENSG00000011485	PPP5C	86.2		
ENSG00000011523	CEP68	8.7		
ENSG00000011566	MAP4K3	39.0		
ENSG00000011590	ZBTB32	0.0		
ENSG00000011600	TYROBP	0.0		
ENSG00000011638	TMEM159	11.7		
ENSG00000011677	GABRA3	0.0		
ENSG00000012048	BRCA1	51.9		
ENSG00000012061	ERCC1	26.0		
ENSG00000012124	CD22	0.0		
ENSG00000012171	SEMA3B	0.4		
ENSG00000012174	MBTPS2	22.4		
ENSG00000012211	PRICKLE3	15.6		
ENSG00000012223	LTF	0.0		
ENSG00000012232	EXTL3	34.5		
ENSG00000012504	NR1H4	0.0		
ENSG00000012660	ELOVL5	168.0		
ENSG00000012779	ALOX5	0.3		
ENSG00000012817	KDM5D	0.0		
ENSG00000012822	CALCOCO1	8.2		
ENSG00000012963	UBR7	55.8		
ENSG00000012983	MAP4K5	34.3		
ENSG00000013016	EHD3	0.2		
ENSG00000013275	PSMC4	61.6		
ENSG00000013288	MAN2B2	1.0		
ENSG00000013293	SLC7A14	0.0		
ENSG00000013297	CLDN11	0.0		
ENSG00000013306	SLC25A39	147.2		
ENSG00000013364	MVP	0.8		
ENSG00000013374	NUB1	27.9		
ENSG00000013375	PGM3	38.4		
ENSG00000013392	RWDD2A	3.7		
ENSG00000013441	CLK1	27.9		
ENSG00000013503	POLR3B	19.5		
ENSG00000013523	ANGEL1	14.6		
ENSG00000013561	RNF14	55.6		
ENSG00000013563	DNASE1L1	7.6		
ENSG00000013573	DDX11	31.7		
ENSG00000013583	HEBP1	37.6		
ENSG00000013588	GPRC5A	1.0		
ENSG00000013619	MAMLD1	4.2		
ENSG00000013725	CD6	0.0		
ENSG00000013810	TACC3	142.5		
ENSG00000014123	UFL1	15.0		
ENSG00000014138	POLA2	38.8		
ENSG00000014164	ZC3H3	4.1		
ENSG00000014216	CAPN1	60.9		
ENSG00000014257	ACP3	0.0		
ENSG00000014641	MDH1	303.0		
ENSG00000014824	SLC30A9	17.3		
ENSG00000014914	MTMR11	0.3		
ENSG00000014919	COX15	44.2		
ENSG00000015133	CCDC88C	11.3		
ENSG00000015153	YAF2	15.0		
ENSG00000015171	ZMYND11	28.9		
ENSG00000015285	WAS	0.3		
ENSG00000015413	DPEP1	0.2		
ENSG00000015475	BID	14.5		
ENSG00000280987	MATR3	257.9		
ENSG00000015520	NPC1L1	0.0		
ENSG00000015532	XYLT2	2.4		
ENSG00000015568	RGPD5	14.3		
ENSG00000015592	STMN4	0.0		
ENSG00000015676	NUDCD3	4.8		
ENSG00000016082	ISL1	4.6		
ENSG00000016391	CHDH	7.4		
ENSG00000016402	IL20RA	1.2		
ENSG00000016490	CLCA1	0.0		
ENSG00000016602	CLCA4	0.0		
ENSG00000016864	GLT8D1	42.1		
ENSG00000017260	ATP2C1	95.1		
ENSG00000017427	IGF1	0.0		
ENSG00000017483	SLC38A5	164.4		
ENSG00000017797	RALBP1	48.1		
ENSG00000018189	RUFY3	10.3		
ENSG00000018236	CNTN1	6.0		
ENSG00000018280	SLC11A1	0.0		
ENSG00000018408	WWTR1	28.4		
ENSG00000018510	AGPS	64.4		
ENSG00000018610	CXorf56	40.1		
ENSG00000018625	ATP1A2	0.0		
ENSG00000018699	TTC27	22.4		
ENSG00000018869	ZNF582	0.9		
ENSG00000019102	VSIG2	0.0		
ENSG00000019144	PHLDB1	6.6		
ENSG00000019169	MARCO	0.0		
ENSG00000019186	CYP24A1	0.0		
ENSG00000019485	PRDM11	6.2		
ENSG00000019505	SYT13	0.2		
ENSG00000019549	SNAI2	0.4		
ENSG00000019582	CD74	0.0		
ENSG00000019991	HGF	0.0		
ENSG00000019995	ZRANB1	22.8		
ENSG00000020129	NCDN	16.6		
ENSG00000020181	ADGRA2	3.5		
ENSG00000020256	ZFP64	12.0		
ENSG00000020426	MNAT1	53.0		
ENSG00000020577	SAMD4A	6.6		
ENSG00000020633	RUNX3	11.1		
ENSG00000020922	MRE11	33.7		
ENSG00000021300	PLEKHB1	2.6		
ENSG00000021355	SERPINB1	4.8		
ENSG00000021461	CYP3A43	0.0		
ENSG00000021488	SLC7A9	0.0		
ENSG00000021574	SPAST	19.5		
ENSG00000021645	NRXN3	0.1		
ENSG00000021762	OSBPL5	1.3		
ENSG00000021776	AQR	14.8		
ENSG00000021826	CPS1	0.5		
ENSG00000021852	C8B	0.0		
ENSG00000022267	FHL1	119.2		
ENSG00000022277	RTF2	92.4		
ENSG00000022355	GABRA1	0.0		
ENSG00000022556	NLRP2	0.0		
ENSG00000022567	SLC45A4	2.1		
ENSG00000022840	RNF10	126.6		
ENSG00000022976	ZNF839	10.0		
ENSG00000023041	ZDHHC6	33.8		
ENSG00000023171	GRAMD1B	6.2		
ENSG00000023191	RNH1	20.6		
ENSG00000023228	NDUFS1	52.9		
ENSG00000023287	RB1CC1	31.4		
ENSG00000023318	ERP44	25.7		
ENSG00000023330	ALAS1	55.1		
ENSG00000023445	BIRC3	0.1		
ENSG00000023516	AKAP11	16.1		
ENSG00000023572	GLRX2	17.5		
ENSG00000023608	SNAPC1	10.6		
ENSG00000023697	DERA	43.4		
ENSG00000023734	STRAP	254.6		
ENSG00000023839	ABCC2	0.3		
ENSG00000023892	DEF6	0.0		
ENSG00000023902	PLEKHO1	23.3		
ENSG00000023909	GCLM	9.6		
ENSG00000024048	UBR2	15.1		
ENSG00000024422	EHD2	1.5		
ENSG00000024526	DEPDC1	58.6		
ENSG00000024862	CCDC28A	15.6		
ENSG00000025039	RRAGD	24.5		
ENSG00000025156	HSF2	30.1		
ENSG00000025293	PHF20	22.6		
ENSG00000025423	HSD17B6	6.1		
ENSG00000025434	NR1H3	7.6		
ENSG00000025708	TYMP	0.2		
ENSG00000025770	NCAPH2	49.0		
ENSG00000025772	TOMM34	98.8		
ENSG00000025796	SEC63	32.3		
ENSG00000025800	KPNA6	33.5		
ENSG00000026025	VIM	283.8		
ENSG00000026103	FAS	1.0		
ENSG00000026297	RNASET2	20.8		
ENSG00000026508	CD44	9.9		
ENSG00000026559	KCNG1	1.7		
ENSG00000026652	AGPAT4	4.8		
ENSG00000026751	SLAMF7	0.0		
ENSG00000026950	BTN3A1	3.0		
ENSG00000027001	MIPEP	18.1		
ENSG00000027075	PRKCH	0.6		
ENSG00000027644	INSRR	0.0		
ENSG00000027697	IFNGR1	24.1		
ENSG00000027847	B4GALT7	9.8		
ENSG00000027869	SH2D2A	0.4		
ENSG00000028116	VRK2	34.9		
ENSG00000028137	TNFRSF1B	0.8		
ENSG00000028203	VEZT	13.3		
ENSG00000028277	POU2F2	0.6		
ENSG00000028310	BRD9	20.4		
ENSG00000028528	SNX1	102.6		
ENSG00000028839	TBPL1	28.0		
ENSG00000029153	ARNTL2	12.3		
ENSG00000029363	BCLAF1	183.5		
ENSG00000029364	SLC39A9	30.9		
ENSG00000029534	ANK1	0.8		
ENSG00000029559	IBSP	0.0		
ENSG00000029639	TFB1M	5.6		
ENSG00000029725	RABEP1	87.8		
ENSG00000029993	HMGB3	324.4		
ENSG00000030066	NUP160	96.5		
ENSG00000030110	BAK1	41.0		
ENSG00000030304	MUSK	0.0		
ENSG00000030419	IKZF2	0.1		
ENSG00000030582	GRN	68.6		
ENSG00000031003	FAM13B	16.3		
ENSG00000031081	ARHGAP31	5.9		
ENSG00000031691	CENPQ	15.8		
ENSG00000031698	SARS1	241.1		
ENSG00000031823	RANBP3	38.2		
ENSG00000032219	ARID4A	8.6		
ENSG00000032389	EIPR1	20.9		
ENSG00000032444	PNPLA6	13.1		
ENSG00000032742	IFT88	11.1		
ENSG00000033011	ALG1	30.1		
ENSG00000033030	ZCCHC8	23.1		
ENSG00000033050	ABCF2	58.9		
ENSG00000033100	CHPF2	6.5		
ENSG00000033122	LRRC7	0.3		
ENSG00000033170	FUT8	29.9		
ENSG00000033178	UBA6	31.9		
ENSG00000033327	GAB2	21.2		
ENSG00000033627	ATP6V0A1	34.5		
ENSG00000033800	PIAS1	41.5		
ENSG00000033867	SLC4A7	20.2		
ENSG00000034053	APBA2	0.5		
ENSG00000034152	MAP2K3	31.0		
ENSG00000034239	EFCAB1	0.0		
ENSG00000034510	TMSB10	1269.9		
ENSG00000034533	ASTE1	9.1		
ENSG00000034677	RNF19A	11.6		
ENSG00000034693	PEX3	14.4		
ENSG00000034713	GABARAPL2	107.6		
ENSG00000034971	MYOC	0.0		
ENSG00000035115	SH3YL1	3.4		
ENSG00000035141	FAM136A	106.8		
ENSG00000035403	VCL	115.7		
ENSG00000035499	DEPDC1B	49.2		
ENSG00000035664	DAPK2	3.8		
ENSG00000035681	NSMAF	24.7		
ENSG00000035687	ADSS2	45.9		
ENSG00000035720	STAP1	0.0		
ENSG00000035862	TIMP2	29.1		
ENSG00000035928	RFC1	49.8		
ENSG00000036054	TBC1D23	64.5		
ENSG00000036257	CUL3	99.8		
ENSG00000036448	MYOM2	0.0		
ENSG00000036473	OTC	0.0		
ENSG00000036530	CYP46A1	0.0		
ENSG00000036549	ZZZ3	29.3		
ENSG00000036565	SLC18A1	0.0		
ENSG00000036672	USP2	7.9		
ENSG00000036828	CASR	0.0		
ENSG00000037042	TUBG2	0.0		
ENSG00000037241	RPL26L1	170.1		
ENSG00000037280	FLT4	3.4		
ENSG00000037474	NSUN2	102.1		
ENSG00000037637	FBXO42	19.8		
ENSG00000037749	MFAP3	32.5		
ENSG00000037757	MRI1	24.5		
ENSG00000037897	METTL1	27.4		
ENSG00000037965	HOXC8	3.9		
ENSG00000038002	AGA	11.3		
ENSG00000038210	PI4K2B	37.3		
ENSG00000038219	BOD1L1	18.7		
ENSG00000038274	MAT2B	84.8		
ENSG00000038295	TLL1	0.2		
ENSG00000038358	EDC4	43.1		
ENSG00000038382	TRIO	6.5		
ENSG00000038427	VCAN	0.4		
ENSG00000038532	CLEC16A	11.6		
ENSG00000038945	MSR1	0.7		
ENSG00000039068	CDH1	0.0		
ENSG00000039123	MTREX	76.8		
ENSG00000039139	DNAH5	0.0		
ENSG00000039319	ZFYVE16	17.2		
ENSG00000039523	RIPOR1	32.7		
ENSG00000039537	C6	0.0		
ENSG00000039560	RAI14	64.0		
ENSG00000039600	SOX30	0.0		
ENSG00000039650	PNKP	6.1		
ENSG00000039987	BEST2	0.0		
ENSG00000040199	PHLPP2	12.1		
ENSG00000040275	SPDL1	56.8		
ENSG00000040341	STAU2	44.5		
ENSG00000040487	SLC66A1	13.7		
ENSG00000040531	CTNS	19.8		
ENSG00000040608	RTN4R	1.4		
ENSG00000040633	PHF23	81.1		
ENSG00000040731	CDH10	4.6		
ENSG00000040933	INPP4A	12.6		
ENSG00000041353	RAB27B	0.2		
ENSG00000041357	PSMA4	669.1		
ENSG00000041515	MYO16	0.0		
ENSG00000041802	LSG1	68.2		
ENSG00000041880	PARP3	5.0		
ENSG00000041982	TNC	0.0		
ENSG00000041988	THAP3	17.9		
ENSG00000042062	RIPOR3	0.0		
ENSG00000042088	TDP1	18.2		
ENSG00000042286	AIFM2	12.7		
ENSG00000042317	SPATA7	2.5		
ENSG00000042429	MED17	2.5		
ENSG00000042445	RETSAT	22.9		
ENSG00000042493	CAPG	0.2		
ENSG00000042753	AP2S1	144.9		
ENSG00000042781	USH2A	0.0		
ENSG00000042813	ZPBP	0.0		
ENSG00000042832	TG	0.0		
ENSG00000042980	ADAM28	0.0		
ENSG00000043039	BARX2	0.0		
ENSG00000043093	DCUN1D1	27.6		
ENSG00000043143	JADE2	6.4		
ENSG00000043355	ZIC2	3.9		
ENSG00000043462	LCP2	0.0		
ENSG00000043514	TRIT1	29.4		
ENSG00000043591	ADRB1	0.1		
ENSG00000044012	GUCA2B	0.0		
ENSG00000044090	CUL7	9.9		
ENSG00000044115	CTNNA1	165.9		
ENSG00000044446	PHKA2	11.0		
ENSG00000044459	CNTLN	14.1		
ENSG00000044524	EPHA3	6.6		
ENSG00000044574	HSPA5	403.3		
ENSG00000046604	DSG2	54.7		
ENSG00000046647	GEMIN8	10.7		
ENSG00000046651	OFD1	7.5		
ENSG00000046653	GPM6B	7.6		
ENSG00000046774	MAGEC2	0.0		
ENSG00000046889	PREX2	4.0		
ENSG00000047056	WDR37	6.1		
ENSG00000047188	YTHDC2	22.0		
ENSG00000047230	CTPS2	28.9		
ENSG00000047249	ATP6V1H	52.6		
ENSG00000047315	POLR2B	140.5		
ENSG00000047346	FAM214A	5.0		
ENSG00000047365	ARAP2	1.3		
ENSG00000047410	TPR	51.9		
ENSG00000047457	CP	0.2		
ENSG00000047578	KATNIP	9.7		
ENSG00000047579	DTNBP1	21.8		
ENSG00000047597	XK	15.4		
ENSG00000047617	ANO2	0.0		
ENSG00000047621	C12orf4	19.0		
ENSG00000047634	SCML1	25.4		
ENSG00000047644	WWC3	5.3		
ENSG00000047648	ARHGAP6	0.9		
ENSG00000047662	FAM184B	0.0		
ENSG00000047849	MAP4	151.4		
ENSG00000047932	GOPC	37.2		
ENSG00000047936	ROS1	0.0		
ENSG00000048028	USP28	37.9		
ENSG00000048052	HDAC9	163.6		
ENSG00000048140	TSPAN17	15.9		
ENSG00000048162	NOP16	162.7		
ENSG00000048342	CC2D2A	13.1		
ENSG00000048392	RRM2B	15.1		
ENSG00000048405	ZNF800	15.7		
ENSG00000048462	TNFRSF17	0.0		
ENSG00000048471	SNX29	2.9		
ENSG00000048540	LMO3	4.8		
ENSG00000048544	MRPS10	60.3		
ENSG00000048545	GUCA1A	0.0		
ENSG00000048649	RSF1	36.8		
ENSG00000048707	VPS13D	10.1		
ENSG00000048740	CELF2	6.8		
ENSG00000048828	FAM120A	86.5		
ENSG00000048991	R3HDM1	55.6		
ENSG00000049089	COL9A2	0.1		
ENSG00000049130	KITLG	11.5		
ENSG00000049167	ERCC8	10.6		
ENSG00000049192	ADAMTS6	0.1		
ENSG00000049239	H6PD	1.8		
ENSG00000049245	VAMP3	75.2		
ENSG00000049246	PER3	22.1		
ENSG00000049247	UTS2	0.0		
ENSG00000049249	TNFRSF9	0.0		
ENSG00000049283	EPN3	0.0		
ENSG00000049323	LTBP1	0.7		
ENSG00000049449	RCN1	118.0		
ENSG00000049540	ELN	0.0		
ENSG00000049541	RFC2	53.3		
ENSG00000049618	ARID1B	25.2		
ENSG00000049656	CLPTM1L	53.7		
ENSG00000049759	NEDD4L	19.5		
ENSG00000049768	FOXP3	0.8		
ENSG00000049769	PPP1R3F	0.9		
ENSG00000049860	HEXB	43.2		
ENSG00000049883	PTCD2	9.5		
ENSG00000050030	NEXMIF	3.7		
ENSG00000050130	JKAMP	41.2		
ENSG00000050165	DKK3	1.5		
ENSG00000050327	ARHGEF5	0.0		
ENSG00000050344	NFE2L3	6.0		
ENSG00000050393	MCUR1	21.5		
ENSG00000050405	LIMA1	42.8		
ENSG00000050426	LETMD1	25.8		
ENSG00000050438	SLC4A8	4.7		
ENSG00000050555	LAMC3	0.3		
ENSG00000050628	PTGER3	20.9		
ENSG00000050730	TNIP3	0.0		
ENSG00000050748	MAPK9	38.4		
ENSG00000050767	COL23A1	0.0		
ENSG00000050820	BCAR1	6.1		
ENSG00000051009	FAM160A2	9.2		
ENSG00000051108	HERPUD1	51.0		
ENSG00000051128	HOMER3	18.4		
ENSG00000051180	RAD51	56.6		
ENSG00000051341	POLQ	12.2		
ENSG00000051382	PIK3CB	15.1		
ENSG00000051523	CYBA	21.4		
ENSG00000051596	THOC3	71.6		
ENSG00000051620	HEBP2	13.2		
ENSG00000051825	MPHOSPH9	30.3		
ENSG00000052126	PLEKHA5	30.8		
ENSG00000052344	PRSS8	0.1		
ENSG00000052723	SIKE1	24.3		
ENSG00000052749	RRP12	36.3		
ENSG00000052795	FNIP2	18.4		
ENSG00000052802	MSMO1	101.6		
ENSG00000052841	TTC17	22.3		
ENSG00000052850	ALX4	4.7		
ENSG00000053108	FSTL4	1.7		
ENSG00000053254	FOXN3	33.5		
ENSG00000053328	METTL24	0.0		
ENSG00000053371	AKR7A2	48.7		
ENSG00000053372	MRTO4	142.7		
ENSG00000053438	NNAT	0.0		
ENSG00000053501	USE1	9.7		
ENSG00000053524	MCF2L2	0.2		
ENSG00000053702	NRIP2	0.0		
ENSG00000053747	LAMA3	0.2		
ENSG00000053770	AP5M1	32.1		
ENSG00000053900	ANAPC4	22.9		
ENSG00000053918	KCNQ1	0.7		
ENSG00000054116	TRAPPC3	69.9		
ENSG00000054118	THRAP3	125.2		
ENSG00000054148	PHPT1	51.2		
ENSG00000054179	ENTPD2	0.5		
ENSG00000054219	LY75	0.0		
ENSG00000054267	ARID4B	16.4		
ENSG00000054277	OPN3	3.4		
ENSG00000054282	SDCCAG8	0.6		
ENSG00000054356	PTPRN	0.0		
ENSG00000054392	HHAT	0.5		
ENSG00000054523	KIF1B	58.9		
ENSG00000054598	FOXC1	8.8		
ENSG00000054611	TBC1D22A	7.0		
ENSG00000054654	SYNE2	6.2		
ENSG00000054690	PLEKHH1	3.6		
ENSG00000054793	ATP9A	22.9		
ENSG00000054796	SPO11	0.0		
ENSG00000054803	CBLN4	0.0		
ENSG00000054938	CHRDL2	0.0		
ENSG00000054965	FAM168A	19.4		
ENSG00000054967	RELT	4.4		
ENSG00000054983	GALC	0.0		
ENSG00000055044	NOP58	170.1		
ENSG00000055070	SZRD1	115.1		
ENSG00000055118	KCNH2	3.1		
ENSG00000055130	CUL1	87.0		
ENSG00000055147	FAM114A2	18.8		
ENSG00000055163	CYFIP2	38.0		
ENSG00000055208	TAB2	42.3		
ENSG00000055211	GINM1	20.1		
ENSG00000055332	EIF2AK2	24.2		
ENSG00000055483	USP36	34.5		
ENSG00000055609	KMT2C	14.3		
ENSG00000055732	MCOLN3	12.7		
ENSG00000055813	CCDC85A	0.0		
ENSG00000055917	PUM2	61.4		
ENSG00000055950	MRPL43	8.5		
ENSG00000055955	ITIH4	0.0		
ENSG00000055957	ITIH1	0.0		
ENSG00000056050	HPF1	49.5		
ENSG00000056097	ZFR	99.0		
ENSG00000056277	ZNF280C	7.5		
ENSG00000056291	NPFFR2	0.0		
ENSG00000056487	PHF21B	2.1		
ENSG00000056558	TRAF1	0.5		
ENSG00000056586	RC3H2	35.4		
ENSG00000056736	IL17RB	12.2		
ENSG00000056972	TRAF3IP2	8.0		
ENSG00000056998	GYG2	22.5		
ENSG00000057019	DCBLD2	24.1		
ENSG00000057149	SERPINB3	0.0		
ENSG00000057252	SOAT1	88.6		
ENSG00000057294	PKP2	6.8		
ENSG00000057468	MSH4	0.0		
ENSG00000057593	F7	0.0		
ENSG00000057608	GDI2	368.3		
ENSG00000057657	PRDM1	0.0		
ENSG00000057663	ATG5	15.2		
ENSG00000057704	TMCC3	10.7		
ENSG00000057757	PITHD1	89.4		
ENSG00000057935	MTA3	51.6		
ENSG00000058056	USP13	21.4		
ENSG00000058063	ATP11B	24.6		
ENSG00000058085	LAMC2	0.1		
ENSG00000058091	CDK14	1.8		
ENSG00000058262	SEC61A1	209.0		
ENSG00000058272	PPP1R12A	38.6		
ENSG00000058335	RASGRF1	0.0		
ENSG00000058404	CAMK2B	0.4		
ENSG00000058453	CROCC	0.7		
ENSG00000058600	POLR3E	35.6		
ENSG00000058668	ATP2B4	22.6		
ENSG00000058673	ZC3H11A	35.8		
ENSG00000058729	RIOK2	34.2		
ENSG00000058799	YIPF1	12.9		
ENSG00000058804	NDC1	73.2		
ENSG00000058866	DGKG	0.0		
ENSG00000059122	FLYWCH1	6.5		
ENSG00000059145	UNKL	3.6		
ENSG00000059377	TBXAS1	0.0		
ENSG00000059378	PARP12	5.4		
ENSG00000059573	ALDH18A1	117.1		
ENSG00000059588	TARBP1	9.7		
ENSG00000059691	GATB	34.5		
ENSG00000059728	MXD1	5.8		
ENSG00000059758	CDK17	19.8		
ENSG00000059769	DNAJC25	1.5		
ENSG00000059804	SLC2A3	2.4		
ENSG00000059915	PSD	0.1		
ENSG00000060069	CTDP1	6.6		
ENSG00000060138	YBX3	173.3		
ENSG00000060140	STYK1	1.6		
ENSG00000060237	WNK1	93.8		
ENSG00000060339	CCAR1	78.4		
ENSG00000060491	OGFR	20.2		
ENSG00000060558	GNA15	0.0		
ENSG00000060566	CREB3L3	0.0		
ENSG00000060642	PIGV	4.2		
ENSG00000060656	PTPRU	38.5		
ENSG00000060688	SNRNP40	145.7		
ENSG00000060709	RIMBP2	0.0		
ENSG00000060718	COL11A1	0.0		
ENSG00000060749	QSER1	30.9		
ENSG00000060762	MPC1	47.0		
ENSG00000060971	ACAA1	34.9		
ENSG00000060982	BCAT1	77.2		
ENSG00000061273	HDAC7	6.7		
ENSG00000061337	LZTS1	0.5		
ENSG00000061455	PRDM6	0.7		
ENSG00000061492	WNT8A	0.0		
ENSG00000061656	SPAG4	0.5		
ENSG00000061676	NCKAP1	84.6		
ENSG00000061794	MRPS35	88.0		
ENSG00000061918	GUCY1B1	13.6		
ENSG00000061936	SFSWAP	22.7		
ENSG00000061938	TNK2	14.9		
ENSG00000061987	MON2	15.0		
ENSG00000062038	CDH3	2.6		
ENSG00000062096	ARSF	0.0		
ENSG00000062194	GPBP1	71.9		
ENSG00000062282	DGAT2	1.8		
ENSG00000062370	ZNF112	4.5		
ENSG00000062485	CS	396.8		
ENSG00000062524	LTK	2.6		
ENSG00000062582	MRPS24	115.8		
ENSG00000062598	ELMO2	29.0		
ENSG00000062650	WAPL	38.3		
ENSG00000062716	VMP1	62.4		
ENSG00000062725	APPBP2	16.2		
ENSG00000062822	POLD1	27.4		
ENSG00000063015	SEZ6	0.0		
ENSG00000063046	EIF4B	420.0		
ENSG00000063127	SLC6A16	2.0		
ENSG00000063169	BICRA	7.7		
ENSG00000063176	SPHK2	7.5		
ENSG00000063177	RPL18	1211.2		
ENSG00000063180	CA11	9.4		
ENSG00000063241	ISOC2	39.7		
ENSG00000063244	U2AF2	299.3		
ENSG00000063245	EPN1	27.7		
ENSG00000063322	MED29	20.3		
ENSG00000063438	AHRR	0.9		
ENSG00000063515	GSC2	0.0		
ENSG00000063587	ZNF275	10.1		
ENSG00000063601	MTMR1	43.9		
ENSG00000063660	GPC1	11.7		
ENSG00000063761	ADCK1	27.0		
ENSG00000063854	HAGH	39.1		
ENSG00000063978	RNF4	63.5		
ENSG00000064012	CASP8	17.2		
ENSG00000064042	LIMCH1	23.1		
ENSG00000064102	INTS13	56.1		
ENSG00000064115	TM7SF3	85.9		
ENSG00000064195	DLX3	7.1		
ENSG00000064199	SPA17	4.9		
ENSG00000064201	TSPAN32	0.0		
ENSG00000064205	CCN5	0.0		
ENSG00000064218	DMRT3	1.0		
ENSG00000064225	ST3GAL6	3.9		
ENSG00000064270	ATP2C2	0.0		
ENSG00000064300	NGFR	1.5		
ENSG00000064309	CDON	7.1		
ENSG00000064313	TAF2	42.1		
ENSG00000064393	HIPK2	10.7		
ENSG00000064419	TNPO3	101.6		
ENSG00000064489	BORCS8-MEF2B	0.2		
ENSG00000064490	RFXANK	21.9		
ENSG00000064545	TMEM161A	20.6		
ENSG00000064547	LPAR2	5.6		
ENSG00000064601	CTSA	55.9		
ENSG00000064607	SUGP2	53.2		
ENSG00000064651	SLC12A2	12.7		
ENSG00000064652	SNX24	15.2		
ENSG00000064655	EYA2	0.3		
ENSG00000064666	CNN2	123.9		
ENSG00000064687	ABCA7	1.3		
ENSG00000064692	SNCAIP	2.1		
ENSG00000064703	DDX20	13.5		
ENSG00000064726	BTBD1	82.7		
ENSG00000064763	FAR2	13.4		
ENSG00000064787	BCAS1	0.0		
ENSG00000064835	POU1F1	0.0		
ENSG00000064886	CHI3L2	3.5		
ENSG00000064932	SBNO2	0.0		
ENSG00000064933	PMS1	29.9		
ENSG00000064961	HMG20B	20.3		
ENSG00000064989	CALCRL	0.0		
ENSG00000064995	TAF11	61.5		
ENSG00000064999	ANKS1A	17.4		
ENSG00000065000	AP3D1	99.2		
ENSG00000065029	ZNF76	17.5		
ENSG00000065054	SLC9A3R2	15.0		
ENSG00000065057	NTHL1	26.1		
ENSG00000065060	UHRF1BP1	29.2		
ENSG00000065135	GNAI3	30.0		
ENSG00000065150	IPO5	430.0		
ENSG00000065154	OAT	126.5		
ENSG00000065183	WDR3	55.0		
ENSG00000065243	PKN2	44.7		
ENSG00000065268	WDR18	45.4		
ENSG00000065308	TRAM2	14.9		
ENSG00000065320	NTN1	1.2		
ENSG00000065325	GLP2R	0.0		
ENSG00000065328	MCM10	69.0		
ENSG00000065357	DGKA	10.3		
ENSG00000065361	ERBB3	5.0		
ENSG00000065371	ROPN1	0.0		
ENSG00000065413	ANKRD44	1.0		
ENSG00000065427	KARS1	272.0		
ENSG00000065457	ADAT1	16.4		
ENSG00000065485	PDIA5	7.8		
ENSG00000065491	TBC1D22B	12.7		
ENSG00000065518	NDUFB4	191.3		
ENSG00000065526	SPEN	24.0		
ENSG00000065534	MYLK	5.2		
ENSG00000065548	ZC3H15	155.8		
ENSG00000065559	MAP2K4	29.7		
ENSG00000065600	PACC1	12.5		
ENSG00000065609	SNAP91	1.0		
ENSG00000065613	SLK	18.0		
ENSG00000065615	CYB5R4	6.1		
ENSG00000065618	COL17A1	0.7		
ENSG00000065621	GSTO2	0.5		
ENSG00000065665	SEC61A2	24.9		
ENSG00000065675	PRKCQ	3.3		
ENSG00000065717	TLE2	7.7		
ENSG00000065802	ASB1	21.1		
ENSG00000065809	FAM107B	16.1		
ENSG00000065833	ME1	43.4		
ENSG00000065882	TBC1D1	35.8		
ENSG00000065883	CDK13	23.4		
ENSG00000065911	MTHFD2	296.7		
ENSG00000065923	SLC9A7	7.4		
ENSG00000065970	FOXJ2	10.0		
ENSG00000065978	YBX1	1162.6		
ENSG00000065989	PDE4A	3.9		
ENSG00000066027	PPP2R5A	18.3		
ENSG00000066032	CTNNA2	0.0		
ENSG00000066044	ELAVL1	155.2		
ENSG00000066056	TIE1	0.0		
ENSG00000066084	DIP2B	28.8		
ENSG00000066117	SMARCD1	112.9		
ENSG00000066135	KDM4A	45.1		
ENSG00000066136	NFYC	54.6		
ENSG00000066185	ZMYND12	0.0		
ENSG00000066230	SLC9A3	6.1		
ENSG00000066248	NGEF	11.6		
ENSG00000066279	ASPM	33.6		
ENSG00000066294	CD84	0.0		
ENSG00000066322	ELOVL1	79.7		
ENSG00000066336	SPI1	0.0		
ENSG00000066379	POLR1H	37.4		
ENSG00000066382	MPPED2	12.2		
ENSG00000066405	CLDN18	0.0		
ENSG00000066422	ZBTB11	16.3		
ENSG00000066427	ATXN3	11.6		
ENSG00000066455	GOLGA5	23.1		
ENSG00000066468	FGFR2	63.7		
ENSG00000066557	LRRC40	100.0		
ENSG00000066583	ISOC1	46.5		
ENSG00000066629	EML1	26.7		
ENSG00000066651	TRMT11	26.1		
ENSG00000066654	THUMPD1	27.7		
ENSG00000066697	MSANTD3	19.8		
ENSG00000066735	KIF26A	3.1		
ENSG00000066739	ATG2B	8.0		
ENSG00000066777	ARFGEF1	23.5		
ENSG00000066813	ACSM2B	0.0		
ENSG00000066827	ZFAT	4.7		
ENSG00000066855	MTFR1	44.3		
ENSG00000066923	STAG3	0.0		
ENSG00000066926	FECH	4.2		
ENSG00000066933	MYO9A	19.2		
ENSG00000067048	DDX3Y	0.0		
ENSG00000067057	PFKP	141.7		
ENSG00000067064	IDI1	97.8		
ENSG00000067066	SP100	0.8		
ENSG00000067082	KLF6	17.0		
ENSG00000067113	PLPP1	25.2		
ENSG00000067141	NEO1	35.3		
ENSG00000067167	TRAM1	67.6		
ENSG00000067177	PHKA1	24.9		
ENSG00000067182	TNFRSF1A	12.9		
ENSG00000067191	CACNB1	3.2		
ENSG00000067208	EVI5	8.6		
ENSG00000067221	STOML1	6.1		
ENSG00000067225	PKM	2480.9		
ENSG00000067248	DHX29	34.0		
ENSG00000067334	DNTTIP2	11.9		
ENSG00000067365	METTL22	6.1		
ENSG00000067369	TP53BP1	46.3		
ENSG00000067445	TRO	0.3		
ENSG00000067533	RRP15	13.5		
ENSG00000067560	RHOA	560.4		
ENSG00000067596	DHX8	65.9		
ENSG00000067606	PRKCZ	20.5		
ENSG00000067646	ZFY	0.0		
ENSG00000067704	IARS2	99.0		
ENSG00000067715	SYT1	0.3		
ENSG00000067798	NAV3	7.8		
ENSG00000067829	IDH3G	72.6		
ENSG00000067836	ROGDI	9.9		
ENSG00000067840	PDZD4	4.5		
ENSG00000067842	ATP2B3	0.0		
ENSG00000067900	ROCK1	3.6		
ENSG00000067955	CBFB	30.7		
ENSG00000067992	PDK3	12.3		
ENSG00000068001	HYAL2	24.6		
ENSG00000068024	HDAC4	4.0		
ENSG00000068028	RASSF1	23.3		
ENSG00000068078	FGFR3	5.5		
ENSG00000068079	IFI35	1.6		
ENSG00000068097	HEATR6	5.6		
ENSG00000068120	COASY	66.1		
ENSG00000068137	PLEKHH3	4.1		
ENSG00000068305	MEF2A	17.1		
ENSG00000068308	OTUD5	54.2		
ENSG00000068323	TFE3	25.4		
ENSG00000068354	TBC1D25	12.8		
ENSG00000068366	ACSL4	22.4		
ENSG00000068383	INPP5A	24.8		
ENSG00000068394	GPKOW	27.9		
ENSG00000068400	GRIPAP1	38.5		
ENSG00000068438	FTSJ1	38.3		
ENSG00000068489	PRR11	67.0		
ENSG00000068615	REEP1	15.0		
ENSG00000068650	ATP11A	15.8		
ENSG00000068654	POLR1A	46.6		
ENSG00000068697	LAPTM4A	115.0		
ENSG00000068724	TTC7A	6.4		
ENSG00000068745	IP6K2	50.6		
ENSG00000068781	STON1-GTF2A1L	0.6		
ENSG00000068784	SRBD1	19.0		
ENSG00000068796	KIF2A	61.3		
ENSG00000068831	RASGRP2	5.4		
ENSG00000068878	PSME4	32.1		
ENSG00000068885	IFT80	13.1		
ENSG00000068903	SIRT2	14.6		
ENSG00000068912	ERLEC1	29.2		
ENSG00000068971	PPP2R5B	7.4		
ENSG00000068976	PYGM	0.2		
ENSG00000068985	PAGE1	0.0		
ENSG00000069011	PITX1	6.4		
ENSG00000069018	TRPC7	0.0		
ENSG00000069020	MAST4	11.8		
ENSG00000069122	ADGRF5	0.0		
ENSG00000069188	SDK2	0.0		
ENSG00000069206	ADAM7	0.0		
ENSG00000069248	NUP133	51.8		
ENSG00000069275	NUCKS1	272.6		
ENSG00000069329	VPS35	7.5		
ENSG00000069345	DNAJA2	43.0		
ENSG00000069399	BCL3	2.4		
ENSG00000069424	KCNAB2	2.7		
ENSG00000069431	ABCC9	0.0		
ENSG00000069482	GAL	0.0		
ENSG00000069493	CLEC2D	1.2		
ENSG00000069509	FUNDC1	60.4		
ENSG00000069535	MAOB	0.0		
ENSG00000069667	RORA	6.1		
ENSG00000069696	DRD4	0.0		
ENSG00000069702	TGFBR3	3.6		
ENSG00000069764	PLA2G10	0.0		
ENSG00000069812	HES2	1.0		
ENSG00000069849	ATP1B3	157.0		
ENSG00000069869	NEDD4	9.7		
ENSG00000069943	PIGB	3.3		
ENSG00000069956	MAPK6	53.8		
ENSG00000069966	GNB5	23.1		
ENSG00000069974	RAB27A	15.7		
ENSG00000069998	HDHD5	38.7		
ENSG00000070010	UFD1	131.5		
ENSG00000070018	LRP6	14.6		
ENSG00000070019	GUCY2C	0.0		
ENSG00000070031	SCT	0.0		
ENSG00000070047	PHRF1	0.2		
ENSG00000070061	ELP1	40.7		
ENSG00000070081	NUCB2	34.4		
ENSG00000070087	PFN2	187.0		
ENSG00000070159	PTPN3	3.7		
ENSG00000070182	SPTB	6.3		
ENSG00000070190	DAPP1	0.0		
ENSG00000070193	FGF10	0.0		
ENSG00000070214	SLC44A1	19.3		
ENSG00000070269	TMEM260	9.7		
ENSG00000070366	SMG6	23.5		
ENSG00000070367	EXOC5	16.3		
ENSG00000070371	CLTCL1	4.7		
ENSG00000070388	FGF22	0.0		
ENSG00000070404	FSTL3	4.1		
ENSG00000070413	DGCR2	24.2		
ENSG00000070423	RNF126	12.6		
ENSG00000070444	MNT	6.4		
ENSG00000070476	ZXDC	12.6		
ENSG00000070495	JMJD6	57.3		
ENSG00000070501	POLB	34.1		
ENSG00000070526	ST6GALNAC1	0.0		
ENSG00000070540	WIPI1	3.3		
ENSG00000070601	FRMPD1	0.9		
ENSG00000070610	GBA2	38.2		
ENSG00000070614	NDST1	25.1		
ENSG00000070669	ASNS	118.2		
ENSG00000070718	AP3M2	28.6		
ENSG00000070729	CNGB1	0.0		
ENSG00000070731	ST6GALNAC2	0.3		
ENSG00000070748	CHAT	0.0		
ENSG00000070756	PABPC1	554.6		
ENSG00000070759	TESK2	3.9		
ENSG00000070761	CFAP20	70.7		
ENSG00000070770	CSNK2A2	41.6		
ENSG00000070778	PTPN21	1.7		
ENSG00000070785	EIF2B3	65.3		
ENSG00000070808	CAMK2A	0.0		
ENSG00000070814	TCOF1	93.0		
ENSG00000070831	CDC42	241.1		
ENSG00000070882	OSBPL3	23.6		
ENSG00000070886	EPHA8	0.0		
ENSG00000070915	SLC12A3	4.0		
ENSG00000070950	RAD18	13.1		
ENSG00000070961	ATP2B1	40.3		
ENSG00000070985	TRPM5	0.0		
ENSG00000071051	NCK2	21.9		
ENSG00000071054	MAP4K4	56.0		
ENSG00000071073	MGAT4A	7.2		
ENSG00000071082	RPL31	2112.3		
ENSG00000071127	WDR1	237.3		
ENSG00000071189	SNX13	5.9		
ENSG00000071203	MS4A12	0.1		
ENSG00000071205	ARHGAP10	16.4		
ENSG00000071242	RPS6KA2	9.4		
ENSG00000071243	ING3	24.1		
ENSG00000071246	VASH1	7.3		
ENSG00000071282	LMCD1	4.9		
ENSG00000071462	BUD23	124.8		
ENSG00000071537	SEL1L	19.2		
ENSG00000071539	TRIP13	100.3		
ENSG00000071553	ATP6AP1	133.8		
ENSG00000071564	TCF3	87.9		
ENSG00000071575	TRIB2	10.3		
ENSG00000071626	DAZAP1	84.9		
ENSG00000071655	MBD3	37.8		
ENSG00000071677	PRLH	0.0		
ENSG00000071794	HLTF	60.1		
ENSG00000071859	FAM50A	113.4		
ENSG00000071889	FAM3A	16.2		
ENSG00000071894	CPSF1	14.9		
ENSG00000071909	MYO3B	0.3		
ENSG00000071967	CYBRD1	8.4		
ENSG00000071991	CDH19	0.0		
ENSG00000071994	PDCD2	116.5		
ENSG00000072041	SLC6A15	0.0		
ENSG00000072042	RDH11	104.0		
ENSG00000072062	PRKACA	26.7		
ENSG00000072071	ADGRL1	12.1		
ENSG00000072080	SPP2	0.0		
ENSG00000072110	ACTN1	126.8		
ENSG00000072121	ZFYVE26	10.1		
ENSG00000072133	RPS6KA6	6.4		
ENSG00000072134	EPN2	19.8		
ENSG00000072135	PTPN18	14.3		
ENSG00000072163	LIMS2	0.3		
ENSG00000072182	ASIC4	0.0		
ENSG00000072195	SPEG	2.5		
ENSG00000072201	LNX1	0.0		
ENSG00000072210	ALDH3A2	59.8		
ENSG00000072274	TFRC	243.3		
ENSG00000072310	SREBF1	16.7		
ENSG00000072315	TRPC5	0.0		
ENSG00000072364	AFF4	36.8		
ENSG00000072401	UBE2D1	36.6		
ENSG00000072415	MPP5	13.9		
ENSG00000072422	RHOBTB1	5.3		
ENSG00000072501	SMC1A	162.9		
ENSG00000072506	HSD17B10	316.1		
ENSG00000072518	MARK2	26.9		
ENSG00000072571	HMMR	112.4		
ENSG00000072609	CHFR	2.1		
ENSG00000072657	TRHDE	5.4		
ENSG00000072682	P4HA2	33.2		
ENSG00000072694	FCGR2B	0.0		
ENSG00000072736	NFATC3	29.0		
ENSG00000072756	TRNT1	24.6		
ENSG00000072778	ACADVL	43.8		
ENSG00000072786	STK10	5.7		
ENSG00000072803	FBXW11	37.6		
ENSG00000072818	ACAP1	0.0		
ENSG00000072832	CRMP1	117.2		
ENSG00000072840	EVC	5.4		
ENSG00000072849	DERL2	13.2		
ENSG00000072858	SIDT1	0.2		
ENSG00000072864	NDE1	25.3		
ENSG00000072952	IRAG1	0.0		
ENSG00000072954	TMEM38A	8.1		
ENSG00000072958	AP1M1	54.2		
ENSG00000073008	PVR	24.3		
ENSG00000073050	XRCC1	33.2		
ENSG00000073060	SCARB1	58.0		
ENSG00000073067	CYP2W1	0.0		
ENSG00000073111	MCM2	204.8		
ENSG00000073146	MOV10L1	0.0		
ENSG00000073150	PANX2	1.3		
ENSG00000073169	SELENOO	6.5		
ENSG00000073282	TP63	0.0		
ENSG00000073331	ALPK1	1.7		
ENSG00000073350	LLGL2	10.1		
ENSG00000073417	PDE8A	33.8		
ENSG00000073464	CLCN4	1.4		
ENSG00000073536	NLE1	26.8		
ENSG00000073578	SDHA	102.4		
ENSG00000073584	SMARCE1	106.1		
ENSG00000073598	FNDC8	0.0		
ENSG00000073605	GSDMB	1.6		
ENSG00000073614	KDM5A	19.2		
ENSG00000073670	ADAM11	3.3		
ENSG00000073711	PPP2R3A	4.3		
ENSG00000073712	FERMT2	80.1		
ENSG00000073734	ABCB11	0.0		
ENSG00000073737	DHRS9	0.0		
ENSG00000073754	CD5L	0.0		
ENSG00000073756	PTGS2	0.0		
ENSG00000073792	IGF2BP2	58.4		
ENSG00000073803	MAP3K13	0.8		
ENSG00000073849	ST6GAL1	132.7		
ENSG00000073861	TBX21	0.0		
ENSG00000073910	FRY	1.0		
ENSG00000073921	PICALM	129.4		
ENSG00000073969	NSF	18.9		
ENSG00000074047	GLI2	4.3		
ENSG00000074054	CLASP1	26.1		
ENSG00000074071	MRPS34	15.7		
ENSG00000074181	NOTCH3	12.1		
ENSG00000074201	CLNS1A	263.0		
ENSG00000074211	PPP2R2C	20.0		
ENSG00000074219	TEAD2	37.5		
ENSG00000074266	EED	48.7		
ENSG00000074276	CDHR2	0.0		
ENSG00000074317	SNCB	2.7		
ENSG00000074319	TSG101	74.0		
ENSG00000074356	NCBP3	10.8		
ENSG00000074370	ATP2A3	3.1		
ENSG00000074410	CA12	0.0		
ENSG00000074416	MGLL	0.4		
ENSG00000074527	NTN4	0.6		
ENSG00000074582	BCS1L	63.0		
ENSG00000074590	NUAK1	12.6		
ENSG00000074603	DPP8	30.6		
ENSG00000074621	SLC24A1	3.9		
ENSG00000074657	ZNF532	1.0		
ENSG00000074660	SCARF1	0.0		
ENSG00000074695	LMAN1	79.0		
ENSG00000074696	HACD3	344.4		
ENSG00000074706	IPCEF1	0.3		
ENSG00000074755	ZZEF1	14.4		
ENSG00000074771	NOX3	0.0		
ENSG00000074800	ENO1	2511.5		
ENSG00000074803	SLC12A1	0.0		
ENSG00000074842	MYDGF	88.6		
ENSG00000074855	ANO8	3.1		
ENSG00000074935	TUBE1	8.7		
ENSG00000074964	ARHGEF10L	1.6		
ENSG00000074966	TXK	0.0		
ENSG00000075035	WSCD2	0.0		
ENSG00000075043	KCNQ2	8.3		
ENSG00000075073	TACR2	0.0		
ENSG00000075089	ACTR6	36.5		
ENSG00000075131	TIPIN	94.2		
ENSG00000075142	SRI	237.6		
ENSG00000075151	EIF4G3	48.4		
ENSG00000075188	NUP37	113.5		
ENSG00000075213	SEMA3A	0.3		
ENSG00000075218	GTSE1	48.0		
ENSG00000075223	SEMA3C	0.7		
ENSG00000075234	TTC38	16.8		
ENSG00000075239	ACAT1	142.3		
ENSG00000075240	GRAMD4	10.0		
ENSG00000075275	CELSR1	7.5		
ENSG00000075290	WNT8B	0.0		
ENSG00000075292	ZNF638	72.1		
ENSG00000075303	SLC25A40	8.0		
ENSG00000075336	TIMM21	34.0		
ENSG00000075340	ADD2	33.9		
ENSG00000075388	FGF4	0.1		
ENSG00000075391	RASAL2	10.2		
ENSG00000075399	VPS9D1	0.9		
ENSG00000075407	ZNF37A	13.2		
ENSG00000075413	MARK3	58.3		
ENSG00000075415	SLC25A3	616.9		
ENSG00000075420	FNDC3B	12.4		
ENSG00000075426	FOSL2	2.5		
ENSG00000075429	CACNG5	0.0		
ENSG00000075461	CACNG4	0.1		
ENSG00000075539	FRYL	17.8		
ENSG00000075568	TMEM131	30.5		
ENSG00000075618	FSCN1	52.2		
ENSG00000075624	ACTB	3279.5		
ENSG00000075643	MOCOS	2.9		
ENSG00000075651	PLD1	0.6		
ENSG00000075673	ATP12A	0.0		
ENSG00000075702	WDR62	18.6		
ENSG00000075711	DLG1	39.3		
ENSG00000075785	RAB7A	175.2		
ENSG00000075790	BCAP29	13.7		
ENSG00000075826	SEC31B	1.1		
ENSG00000075856	SART3	68.2		
ENSG00000075884	ARHGAP15	0.2		
ENSG00000075886	TUBA3D	0.0		
ENSG00000075891	PAX2	1.2		
ENSG00000075914	EXOSC7	55.9		
ENSG00000075945	KIFAP3	37.7		
ENSG00000075975	MKRN2	38.4		
ENSG00000076003	MCM6	136.7		
ENSG00000076043	REXO2	74.1		
ENSG00000076053	RBM7	19.7		
ENSG00000076067	RBMS2	7.8		
ENSG00000076108	BAZ2A	70.6		
ENSG00000076201	PTPN23	14.3		
ENSG00000076242	MLH1	65.2		
ENSG00000076248	UNG	81.4		
ENSG00000076258	FMO4	0.7		
ENSG00000076321	KLHL20	11.2		
ENSG00000076344	RGS11	0.0		
ENSG00000076351	SLC46A1	8.4		
ENSG00000076356	PLXNA2	0.1		
ENSG00000076382	SPAG5	114.5		
ENSG00000076513	ANKRD13A	21.7		
ENSG00000076554	TPD52	52.7		
ENSG00000076555	ACACB	3.0		
ENSG00000076604	TRAF4	39.1		
ENSG00000076641	PAG1	0.1		
ENSG00000076650	GPATCH1	10.6		
ENSG00000076662	ICAM3	0.2		
ENSG00000076685	NT5C2	23.4		
ENSG00000076706	MCAM	38.3		
ENSG00000076716	GPC4	121.8		
ENSG00000076770	MBNL3	19.8		
ENSG00000076826	CAMSAP3	4.3		
ENSG00000076864	RAP1GAP	4.4		
ENSG00000076924	XAB2	30.2		
ENSG00000076928	ARHGEF1	20.3		
ENSG00000076944	STXBP2	4.1		
ENSG00000076984	MAP2K7	10.7		
ENSG00000077009	NMRK2	0.0		
ENSG00000077044	DGKD	2.4		
ENSG00000077063	CTTNBP2	8.3		
ENSG00000077080	ACTL6B	0.0		
ENSG00000077092	RARB	0.0		
ENSG00000077097	TOP2B	105.6		
ENSG00000077147	TM9SF3	97.6		
ENSG00000077150	NFKB2	20.5		
ENSG00000077152	UBE2T	154.1		
ENSG00000077157	PPP1R12B	5.0		
ENSG00000077232	DNAJC10	26.5		
ENSG00000077235	GTF3C1	55.4		
ENSG00000077238	IL4R	7.3		
ENSG00000077254	USP33	47.4		
ENSG00000077264	PAK3	9.9		
ENSG00000077274	CAPN6	3.4		
ENSG00000077279	DCX	0.1		
ENSG00000077312	SNRPA	162.0		
ENSG00000077327	SPAG6	0.1		
ENSG00000077348	EXOSC5	33.1		
ENSG00000077380	DYNC1I2	132.5		
ENSG00000077420	APBB1IP	0.0		
ENSG00000077454	LRCH4	5.5		
ENSG00000077458	FAM76B	13.1		
ENSG00000077463	SIRT6	4.6		
ENSG00000077498	TYR	0.0		
ENSG00000077514	POLD3	36.3		
ENSG00000077522	ACTN2	0.4		
ENSG00000077549	CAPZB	224.0		
ENSG00000077585	GPR137B	8.4		
ENSG00000077616	NAALAD2	1.3		
ENSG00000077684	JADE1	29.8		
ENSG00000077713	SLC25A43	18.2		
ENSG00000077721	UBE2A	86.3		
ENSG00000077782	FGFR1	90.0		
ENSG00000077800	FKBP6	0.0		
ENSG00000077935	SMC1B	0.0		
ENSG00000077942	FBLN1	78.0		
ENSG00000077943	ITGA8	0.0		
ENSG00000077984	CST7	0.0		
ENSG00000078018	MAP2	23.4		
ENSG00000078043	PIAS2	12.3		
ENSG00000078053	AMPH	0.0		
ENSG00000078061	ARAF	51.8		
ENSG00000078070	MCCC1	15.4		
ENSG00000078081	LAMP3	3.7		
ENSG00000078098	FAP	0.0		
ENSG00000078114	NEBL	0.2		
ENSG00000078124	ACER3	10.9		
ENSG00000078140	UBE2K	95.4		
ENSG00000078142	PIK3C3	22.1		
ENSG00000078177	N4BP2	7.7		
ENSG00000078237	TIGAR	5.8		
ENSG00000078246	TULP3	21.1		
ENSG00000078269	SYNJ2	10.1		
ENSG00000078295	ADCY2	0.0		
ENSG00000078304	PPP2R5C	103.6		
ENSG00000078328	RBFOX1	0.0		
ENSG00000078369	GNB1	405.5		
ENSG00000078399	HOXA9	23.5		
ENSG00000078401	EDN1	0.0		
ENSG00000078403	MLLT10	43.3		
ENSG00000078487	ZCWPW1	1.3		
ENSG00000078549	ADCYAP1R1	0.0		
ENSG00000078579	FGF20	0.2		
ENSG00000078589	P2RY10	0.0		
ENSG00000078596	ITM2A	216.6		
ENSG00000078618	NRDC	136.5		
ENSG00000078668	VDAC3	238.4		
ENSG00000078674	PCM1	64.8		
ENSG00000078687	TNRC6C	5.2		
ENSG00000078699	CBFA2T2	5.4		
ENSG00000078725	BRINP1	0.0		
ENSG00000078747	ITCH	54.9		
ENSG00000078795	PKD2L2	0.0		
ENSG00000078804	TP53INP2	20.8		
ENSG00000078808	SDF4	77.5		
ENSG00000078814	MYH7B	0.0		
ENSG00000078898	BPIFB2	0.0		
ENSG00000078900	TP73	2.7		
ENSG00000078902	TOLLIP	14.7		
ENSG00000078967	UBE2D4	3.1		
ENSG00000079101	CLUL1	0.0		
ENSG00000079102	RUNX1T1	4.0		
ENSG00000079112	CDH17	0.3		
ENSG00000079134	THOC1	43.0		
ENSG00000079150	FKBP7	7.1		
ENSG00000079156	OSBPL6	19.6		
ENSG00000079215	SLC1A3	16.9		
ENSG00000079246	XRCC5	425.2		
ENSG00000079257	LXN	8.1		
ENSG00000079263	SP140	0.0		
ENSG00000079277	MKNK1	23.8		
ENSG00000079308	TNS1	1.4		
ENSG00000079313	REXO1	9.0		
ENSG00000079332	SAR1A	94.5		
ENSG00000079335	CDC14A	5.6		
ENSG00000079337	RAPGEF3	0.8		
ENSG00000079385	CEACAM1	0.0		
ENSG00000079387	SENP1	28.0		
ENSG00000079393	DUSP13	0.0		
ENSG00000079432	CIC	14.6		
ENSG00000079435	LIPE	3.7		
ENSG00000079459	FDFT1	10.6		
ENSG00000079462	PAFAH1B3	58.9		
ENSG00000079482	OPHN1	3.1		
ENSG00000079557	AFM	0.0		
ENSG00000079616	KIF22	118.9		
ENSG00000079689	SCGN	0.0		
ENSG00000079691	CARMIL1	13.6		
ENSG00000079739	PGM1	24.0		
ENSG00000079785	DDX1	245.5		
ENSG00000079805	DNM2	92.6		
ENSG00000079819	EPB41L2	30.6		
ENSG00000079841	RIMS1	0.0		
ENSG00000079931	MOXD1	1.4		
ENSG00000079950	STX7	25.5		
ENSG00000079974	RABL2B	15.8		
ENSG00000079999	KEAP1	55.6		
ENSG00000080007	DDX43	0.0		
ENSG00000080031	PTPRH	0.0		
ENSG00000080166	DCT	0.0		
ENSG00000080189	SLC35C2	9.3		
ENSG00000080200	CRYBG3	7.0		
ENSG00000080224	EPHA6	2.4		
ENSG00000080293	SCTR	0.0		
ENSG00000080298	RFX3	6.5		
ENSG00000080345	RIF1	41.2		
ENSG00000080371	RAB21	8.5		
ENSG00000080493	SLC4A4	0.2		
ENSG00000080503	SMARCA2	12.9		
ENSG00000080511	RDH8	0.0		
ENSG00000080546	SESN1	7.0		
ENSG00000080561	MID2	4.1		
ENSG00000080572	DNAAF6	0.0		
ENSG00000080573	COL5A3	0.0		
ENSG00000080603	SRCAP	37.7		
ENSG00000080608	PUM3	85.8		
ENSG00000080618	CPB2	0.0		
ENSG00000080644	CHRNA3	8.8		
ENSG00000080709	KCNN2	2.3		
ENSG00000080802	CNOT4	18.3		
ENSG00000080815	PSEN1	43.2		
ENSG00000080819	CPOX	24.9		
ENSG00000080822	CLDND1	61.6		
ENSG00000080823	MOK	3.3		
ENSG00000080824	HSP90AA1	3319.0		
ENSG00000080839	RBL1	17.5		
ENSG00000080845	DLGAP4	14.3		
ENSG00000080854	IGSF9B	3.9		
ENSG00000080910	CFHR2	0.0		
ENSG00000080986	NDC80	98.2		
ENSG00000081014	AP4E1	9.0		
ENSG00000081019	RSBN1	9.8		
ENSG00000081026	MAGI3	9.1		
ENSG00000081041	CXCL2	0.3		
ENSG00000081051	AFP	0.0		
ENSG00000081052	COL4A4	3.1		
ENSG00000081059	TCF7	13.1		
ENSG00000081087	OSTM1	20.2		
ENSG00000081138	CDH7	0.0		
ENSG00000081148	IMPG2	0.0		
ENSG00000081154	PCNP	138.0		
ENSG00000081177	EXD2	11.5		
ENSG00000081181	ARG2	58.2		
ENSG00000081189	MEF2C	9.6		
ENSG00000081237	PTPRC	0.0		
ENSG00000081248	CACNA1S	0.0		
ENSG00000081277	PKP1	0.0		
ENSG00000081307	UBA5	41.6		
ENSG00000081320	STK17B	4.7		
ENSG00000081377	CDC14B	6.1		
ENSG00000081386	ZNF510	3.2		
ENSG00000081479	LRP2	0.4		
ENSG00000081665	ZNF506	6.2		
ENSG00000081692	JMJD4	5.8		
ENSG00000081721	DUSP12	26.0		
ENSG00000081760	AACS	21.0		
ENSG00000081791	DELE1	27.2		
ENSG00000081800	SLC13A1	0.0		
ENSG00000081803	CADPS2	0.4		
ENSG00000081818	PCDHB4	0.0		
ENSG00000081842	PCDHA6	0.0		
ENSG00000081853	PCDHGA2	0.0		
ENSG00000081870	HSPB11	62.2		
ENSG00000081913	PHLPP1	10.5		
ENSG00000081923	ATP8B1	0.2		
ENSG00000081985	IL12RB2	1.2		
ENSG00000082014	SMARCD3	15.7		
ENSG00000082068	WDR70	19.4		
ENSG00000082074	FYB1	0.0		
ENSG00000082126	MPP4	0.0		
ENSG00000082146	STRADB	35.8		
ENSG00000082153	BZW1	284.9		
ENSG00000082175	PGR	0.4		
ENSG00000082196	C1QTNF3	0.0		
ENSG00000082212	ME2	78.1		
ENSG00000082213	C5orf22	22.2		
ENSG00000082258	CCNT2	17.0		
ENSG00000082269	FAM135A	9.6		
ENSG00000082293	COL19A1	2.1		
ENSG00000082397	EPB41L3	38.6		
ENSG00000082438	COBLL1	26.2		
ENSG00000082458	DLG3	37.1		
ENSG00000082482	KCNK2	13.2		
ENSG00000082497	SERTAD4	0.2		
ENSG00000082512	TRAF5	15.1		
ENSG00000082515	MRPL22	83.2		
ENSG00000082516	GEMIN5	47.7		
ENSG00000082556	OPRK1	0.0		
ENSG00000082641	NFE2L1	122.5		
ENSG00000082684	SEMA5B	0.1		
ENSG00000082701	GSK3B	22.2		
ENSG00000082781	ITGB5	29.5		
ENSG00000082805	ERC1	22.1		
ENSG00000082898	XPO1	307.9		
ENSG00000082996	RNF13	37.5		
ENSG00000083067	TRPM3	17.2		
ENSG00000083093	PALB2	13.9		
ENSG00000083097	DOP1A	10.0		
ENSG00000083099	LYRM2	20.6		
ENSG00000083123	BCKDHB	10.6		
ENSG00000083168	KAT6A	27.3		
ENSG00000083223	TUT7	11.8		
ENSG00000083290	ULK2	0.0		
ENSG00000083307	GRHL2	0.0		
ENSG00000083312	TNPO1	126.3		
ENSG00000083444	PLOD1	75.6		
ENSG00000083454	P2RX5	18.8		
ENSG00000083457	ITGAE	0.0		
ENSG00000083520	DIS3	35.7		
ENSG00000083535	PIBF1	9.1		
ENSG00000083544	TDRD3	12.6		
ENSG00000083635	NUFIP1	17.9		
ENSG00000083642	PDS5B	23.9		
ENSG00000083720	OXCT1	77.5		
ENSG00000083750	RRAGB	9.1		
ENSG00000083782	EPYC	0.0		
ENSG00000083799	CYLD	11.3		
ENSG00000083807	SLC27A5	11.0		
ENSG00000083812	ZNF324	6.4		
ENSG00000083814	ZNF671	1.9		
ENSG00000083817	ZNF416	3.8		
ENSG00000083828	ZNF586	1.6		
ENSG00000083838	ZNF446	2.6		
ENSG00000083844	ZNF264	0.0		
ENSG00000083845	RPS5	1529.9		
ENSG00000083857	FAT1	32.0		
ENSG00000083896	YTHDC1	35.1		
ENSG00000083937	CHMP2B	31.6		
ENSG00000084070	SMAP2	41.1		
ENSG00000084072	PPIE	57.1		
ENSG00000084073	ZMPSTE24	78.4		
ENSG00000084090	STARD7	183.3		
ENSG00000084092	NOA1	24.2		
ENSG00000084093	REST	13.2		
ENSG00000084110	HAL	0.2		
ENSG00000084112	SSH1	4.9		
ENSG00000084207	GSTP1	2073.9		
ENSG00000084234	APLP2	229.1		
ENSG00000084444	FAM234B	13.9		
ENSG00000084453	SLCO1A2	0.3		
ENSG00000084463	WBP11	82.3		
ENSG00000084623	EIF3I	498.6		
ENSG00000084628	NKAIN1	5.3		
ENSG00000084636	COL16A1	0.0		
ENSG00000084652	TXLNA	53.0		
ENSG00000084674	APOB	0.0		
ENSG00000084676	NCOA1	10.7		
ENSG00000084693	AGBL5	44.8		
ENSG00000084710	EFR3B	7.5		
ENSG00000084731	KIF3C	15.2		
ENSG00000084733	RAB10	77.3		
ENSG00000084734	GCKR	0.2		
ENSG00000084754	HADHA	103.4		
ENSG00000084764	MAPRE3	7.6		
ENSG00000084774	CAD	85.7		
ENSG00000085063	CD59	141.0		
ENSG00000085117	CD82	4.6		
ENSG00000085185	BCORL1	44.2		
ENSG00000085224	ATRX	44.6		
ENSG00000085231	AK6	37.2		
ENSG00000085265	FCN1	0.0		
ENSG00000085274	MYNN	12.5		
ENSG00000085276	MECOM	10.2		
ENSG00000085365	SCAMP1	34.9		
ENSG00000085377	PREP	41.8		
ENSG00000085382	HACE1	2.8		
ENSG00000085415	SEH1L	72.8		
ENSG00000085433	WDR47	12.5		
ENSG00000085449	WDFY1	18.7		
ENSG00000085465	OVGP1	0.3		
ENSG00000085491	SLC25A24	7.9		
ENSG00000085511	MAP3K4	17.4		
ENSG00000085514	PILRA	0.2		
ENSG00000085552	IGSF9	1.8		
ENSG00000085563	ABCB1	4.8		
ENSG00000085644	ZNF213	2.2		
ENSG00000085662	AKR1B1	204.0		
ENSG00000085719	CPNE3	68.7		
ENSG00000085721	RRN3	40.5		
ENSG00000085733	CTTN	38.6		
ENSG00000085741	WNT11	1.1		
ENSG00000085760	MTIF2	55.2		
ENSG00000085788	DDHD2	33.9		
ENSG00000085831	TTC39A	3.8		
ENSG00000085832	EPS15	28.7		
ENSG00000085840	ORC1	48.9		
ENSG00000085871	MGST2	52.7		
ENSG00000085872	CHERP	30.1		
ENSG00000085978	ATG16L1	9.8		
ENSG00000085982	USP40	13.3		
ENSG00000085998	POMGNT1	34.2		
ENSG00000085999	RAD54L	44.6		
ENSG00000086015	MAST2	30.1		
ENSG00000086061	DNAJA1	515.7		
ENSG00000086062	B4GALT1	13.7		
ENSG00000086065	CHMP5	70.5		
ENSG00000086102	NFX1	38.8		
ENSG00000086159	AQP6	0.0		
ENSG00000086189	DIMT1	38.7		
ENSG00000086200	IPO11	47.3		
ENSG00000086205	FOLH1	2.3		
ENSG00000086232	EIF2AK1	93.1		
ENSG00000086288	NME8	0.0		
ENSG00000086289	EPDR1	1.8		
ENSG00000086300	SNX10	13.5		
ENSG00000086475	SEPHS1	195.2		
ENSG00000086504	MRPL28	107.8		
ENSG00000086506	HBQ1	1.5		
ENSG00000086544	ITPKC	7.3		
ENSG00000086548	CEACAM6	0.0		
ENSG00000086570	FAT2	0.0		
ENSG00000086589	RBM22	73.0		
ENSG00000086598	TMED2	181.8		
ENSG00000086619	ERO1B	1.8		
ENSG00000086666	ZFAND6	125.9		
ENSG00000086696	HSD17B2	0.0		
ENSG00000086712	TXLNG	54.9		
ENSG00000086717	PPEF1	0.4		
ENSG00000086730	LAT2	0.4		
ENSG00000086758	HUWE1	145.6		
ENSG00000086827	ZW10	36.7		
ENSG00000086848	ALG9	16.6		
ENSG00000086967	MYBPC2	0.0		
ENSG00000086991	NOX4	0.0		
ENSG00000087008	ACOX3	4.6		
ENSG00000087053	MTMR2	47.7		
ENSG00000087074	PPP1R15A	9.3		
ENSG00000087076	HSD17B14	1.3		
ENSG00000087077	TRIP6	38.0		
ENSG00000087085	ACHE	2.0		
ENSG00000087086	FTL	788.2		
ENSG00000087087	SRRT	149.6		
ENSG00000087088	BAX	78.0		
ENSG00000087095	NLK	19.6		
ENSG00000087111	PIGS	32.4		
ENSG00000087116	ADAMTS2	1.8		
ENSG00000087128	TMPRSS11E	0.0		
ENSG00000087152	ATXN7L3	57.7		
ENSG00000087157	PGS1	19.8		
ENSG00000087191	PSMC5	239.1		
ENSG00000087206	UIMC1	27.9		
ENSG00000087237	CETP	0.0		
ENSG00000087245	MMP2	1.2		
ENSG00000087250	MT3	0.0		
ENSG00000087253	LPCAT2	2.2		
ENSG00000087258	GNAO1	4.9		
ENSG00000087263	OGFOD1	57.2		
ENSG00000087266	SH3BP2	0.3		
ENSG00000087269	NOP14	71.1		
ENSG00000087274	ADD1	107.5		
ENSG00000087299	L2HGDH	20.6		
ENSG00000087301	TXNDC16	10.3		
ENSG00000087302	RTRAF	226.2		
ENSG00000087303	NID2	9.9		
ENSG00000087338	GMCL1	20.3		
ENSG00000087365	SF3B2	263.2		
ENSG00000087448	KLHL42	11.9		
ENSG00000087460	GNAS	1499.0		
ENSG00000087470	DNM1L	69.2		
ENSG00000087494	PTHLH	1.3		
ENSG00000087495	PHACTR3	0.3		
ENSG00000087502	ERGIC2	66.0		
ENSG00000087510	TFAP2C	27.3		
ENSG00000087586	AURKA	152.4		
ENSG00000087589	CASS4	0.1		
ENSG00000087842	PIR	52.8		
ENSG00000087884	AAMDC	56.4		
ENSG00000087903	RFX2	1.6		
ENSG00000087995	METTL2A	9.2		
ENSG00000088002	SULT2B1	0.1		
ENSG00000088035	ALG6	2.0		
ENSG00000088038	CNOT3	77.3		
ENSG00000088053	GP6	0.1		
ENSG00000088179	PTPN4	4.4		
ENSG00000088205	DDX18	120.3		
ENSG00000088247	KHSRP	203.5		
ENSG00000088256	GNA11	37.8		
ENSG00000088280	ASAP3	12.2		
ENSG00000088298	EDEM2	31.5		
ENSG00000088305	DNMT3B	17.6		
ENSG00000088320	REM1	0.0		
ENSG00000088325	TPX2	203.7		
ENSG00000088356	PDRG1	37.8		
ENSG00000088367	EPB41L1	26.7		
ENSG00000088386	SLC15A1	0.0		
ENSG00000088387	DOCK9	27.4		
ENSG00000088448	ANKRD10	29.2		
ENSG00000088451	TGDS	20.1		
ENSG00000088538	DOCK3	4.1		
ENSG00000088543	C3orf18	0.0		
ENSG00000088682	COQ9	52.8		
ENSG00000088726	TMEM40	0.0		
ENSG00000088727	KIF9	22.6		
ENSG00000088756	ARHGAP28	0.1		
ENSG00000088766	CRLS1	54.6		
ENSG00000088782	DEFB127	0.0		
ENSG00000088808	PPP1R13B	5.8		
ENSG00000088812	ATRN	15.0		
ENSG00000088826	SMOX	6.8		
ENSG00000088827	SIGLEC1	0.0		
ENSG00000088832	FKBP1A	255.1		
ENSG00000088833	NSFL1C	25.9		
ENSG00000088836	SLC4A11	8.3		
ENSG00000088854	C20orf194	3.7		
ENSG00000088876	ZNF343	13.8		
ENSG00000088881	EBF4	1.5		
ENSG00000088882	CPXM1	12.1		
ENSG00000088888	MAVS	17.3		
ENSG00000088899	LZTS3	2.6		
ENSG00000088926	F11	0.1		
ENSG00000088930	XRN2	131.0		
ENSG00000088970	KIZ	8.0		
ENSG00000088986	DYNLL1	949.3		
ENSG00000088992	TESC	8.1		
ENSG00000089006	SNX5	63.8		
ENSG00000089009	RPL6	2395.5		
ENSG00000089012	SIRPG	0.0		
ENSG00000089022	MAPKAPK5	53.1		
ENSG00000089041	P2RX7	0.0		
ENSG00000089048	ESF1	36.0		
ENSG00000089050	RBBP9	10.2		
ENSG00000089053	ANAPC5	131.5		
ENSG00000089057	SLC23A2	9.1		
ENSG00000089060	SLC8B1	9.8		
ENSG00000089063	TMEM230	104.5		
ENSG00000089091	DZANK1	5.5		
ENSG00000089094	KDM2B	34.3		
ENSG00000089101	CFAP61	0.1		
ENSG00000089116	LHX5	0.0		
ENSG00000089123	TASP1	4.9		
ENSG00000089127	OAS1	0.2		
ENSG00000089154	GCN1	82.1		
ENSG00000089157	RPLP0	4120.3		
ENSG00000089159	PXN	21.7		
ENSG00000089163	SIRT4	1.9		
ENSG00000089169	RPH3A	0.3		
ENSG00000089177	KIF16B	10.8		
ENSG00000089195	TRMT6	36.3		
ENSG00000089199	CHGB	0.0		
ENSG00000089220	PEBP1	495.0		
ENSG00000089225	TBX5	16.3		
ENSG00000089234	BRAP	23.8		
ENSG00000089248	ERP29	187.8		
ENSG00000089250	NOS1	0.0		
ENSG00000089280	FUS	563.6		
ENSG00000089289	IGBP1	73.8		
ENSG00000089327	FXYD5	132.5		
ENSG00000089335	ZNF302	16.3		
ENSG00000089351	GRAMD1A	22.2		
ENSG00000089356	FXYD3	0.1		
ENSG00000089472	HEPH	0.0		
ENSG00000089486	CDIP1	12.8		
ENSG00000089505	CMTM1	2.2		
ENSG00000089558	KCNH4	0.0		
ENSG00000089597	GANAB	375.2		
ENSG00000089639	GMIP	3.9		
ENSG00000089682	RBM41	12.3		
ENSG00000089685	BIRC5	113.6		
ENSG00000089692	LAG3	0.5		
ENSG00000089693	MLF2	220.1		
ENSG00000089723	OTUB2	3.2		
ENSG00000089737	DDX24	11.9		
ENSG00000089775	ZBTB25	5.7		
ENSG00000089818	NECAP1	35.2		
ENSG00000089820	ARHGAP4	4.6		
ENSG00000089847	ANKRD24	0.1		
ENSG00000089876	DHX32	11.5		
ENSG00000089902	RCOR1	26.2		
ENSG00000089916	GPATCH2L	23.4		
ENSG00000090006	LTBP4	10.6		
ENSG00000090013	BLVRB	30.4		
ENSG00000090020	SLC9A1	9.8		
ENSG00000090054	SPTLC1	49.7		
ENSG00000090060	PAPOLA	50.1		
ENSG00000090061	CCNK	64.3		
ENSG00000090097	PCBP4	43.4		
ENSG00000090104	RGS1	0.0		
ENSG00000090238	YPEL3	5.1		
ENSG00000090263	MRPS33	69.5		
ENSG00000090266	NDUFB2	167.0		
ENSG00000090273	NUDC	229.5		
ENSG00000090316	MAEA	46.1		
ENSG00000090339	ICAM1	1.7		
ENSG00000090372	STRN4	31.9		
ENSG00000090376	IRAK3	3.2		
ENSG00000090382	LYZ	0.0		
ENSG00000090402	SI	0.0		
ENSG00000090432	MUL1	32.9		
ENSG00000090447	TFAP4	23.6		
ENSG00000090470	PDCD7	63.9		
ENSG00000090487	SPG21	182.1		
ENSG00000090512	FETUB	0.0		
ENSG00000090520	DNAJB11	96.0		
ENSG00000090530	P3H2	0.1		
ENSG00000090534	THPO	0.3		
ENSG00000090539	CHRD	1.7		
ENSG00000090554	FLT3LG	1.6		
ENSG00000090565	RAB11FIP3	8.9		
ENSG00000090581	GNPTG	9.2		
ENSG00000090612	ZNF268	10.5		
ENSG00000090615	GOLGA3	16.3		
ENSG00000090621	PABPC4	161.2		
ENSG00000090659	CD209	0.0		
ENSG00000090661	CERS4	16.4		
ENSG00000090674	MCOLN1	9.5		
ENSG00000090686	USP48	59.0		
ENSG00000090776	EFNB1	40.0		
ENSG00000090857	PDPR	26.4		
ENSG00000090861	AARS1	160.5		
ENSG00000090863	GLG1	30.1		
ENSG00000090889	KIF4A	66.6		
ENSG00000090905	TNRC6A	20.1		
ENSG00000090924	PLEKHG2	11.1		
ENSG00000090932	DLL3	2.3		
ENSG00000090971	NAT14	20.8		
ENSG00000090975	PITPNM2	2.3		
ENSG00000090989	EXOC1	18.0		
ENSG00000091009	RBM27	23.1		
ENSG00000091010	POU4F3	0.0		
ENSG00000091039	OSBPL8	37.2		
ENSG00000091073	DTX2	5.3		
ENSG00000091106	NLRC4	0.0		
ENSG00000091127	PUS7	33.0		
ENSG00000091128	LAMB4	0.0		
ENSG00000091129	NRCAM	2.2		
ENSG00000091136	LAMB1	24.8		
ENSG00000091137	SLC26A4	0.2		
ENSG00000091138	SLC26A3	0.0		
ENSG00000091140	DLD	150.2		
ENSG00000091157	WDR7	8.8		
ENSG00000091164	TXNL1	94.4		
ENSG00000091181	IL5RA	0.0		
ENSG00000091262	ABCC6	0.7		
ENSG00000091317	CMTM6	47.0		
ENSG00000091409	ITGA6	17.7		
ENSG00000091428	RAPGEF4	2.8		
ENSG00000091436	MAP3K20	33.1		
ENSG00000091482	SMPX	0.0		
ENSG00000091483	FH	151.7		
ENSG00000091490	SEL1L3	12.4		
ENSG00000091513	TF	1.3		
ENSG00000091527	CDV3	213.5		
ENSG00000091536	MYO15A	0.0		
ENSG00000091542	ALKBH5	40.9		
ENSG00000091583	APOH	0.0		
ENSG00000091592	NLRP1	0.0		
ENSG00000091622	PITPNM3	0.3		
ENSG00000091640	SPAG7	59.3		
ENSG00000091651	ORC6	57.9		
ENSG00000091656	ZFHX4	7.8		
ENSG00000091664	SLC17A6	0.0		
ENSG00000091704	CPA1	0.0		
ENSG00000091732	ZC3HC1	40.1		
ENSG00000091831	ESR1	0.0		
ENSG00000091844	RGS17	2.0		
ENSG00000091879	ANGPT2	0.0		
ENSG00000091947	TMEM101	22.9		
ENSG00000091972	CD200	8.2		
ENSG00000091986	CCDC80	5.3		
ENSG00000092009	CMA1	0.0		
ENSG00000092010	PSME1	86.8		
ENSG00000092020	PPP2R3C	20.0		
ENSG00000092036	HAUS4	31.2		
ENSG00000092051	JPH4	0.0		
ENSG00000092054	MYH7	0.0		
ENSG00000092067	CEBPE	0.0		
ENSG00000092068	SLC7A8	8.5		
ENSG00000092094	OSGEP	17.9		
ENSG00000092096	SLC22A17	0.7		
ENSG00000092098	RNF31	5.4		
ENSG00000092108	SCFD1	41.3		
ENSG00000092140	G2E3	36.4		
ENSG00000092148	HECTD1	63.2		
ENSG00000092199	HNRNPC	1611.4		
ENSG00000092200	RPGRIP1	0.3		
ENSG00000092201	SUPT16H	237.2		
ENSG00000092203	TOX4	37.4		
ENSG00000092208	GEMIN2	45.6		
ENSG00000092295	TGM1	2.8		
ENSG00000092330	TINF2	13.2		
ENSG00000092345	DAZL	18.8		
ENSG00000092377	TBL1Y	0.0		
ENSG00000092421	SEMA6A	52.0		
ENSG00000092439	TRPM7	23.3		
ENSG00000092445	TYRO3	23.3		
ENSG00000092470	WDR76	42.4		
ENSG00000092529	CAPN3	0.4		
ENSG00000092531	SNAP23	63.2		
ENSG00000092607	TBX15	0.0		
ENSG00000092621	PHGDH	216.8		
ENSG00000092758	COL9A3	0.2		
ENSG00000092820	EZR	172.2		
ENSG00000092841	MYL6	1995.9		
ENSG00000092847	AGO1	30.4		
ENSG00000092850	TEKT2	0.0		
ENSG00000092853	CLSPN	37.1		
ENSG00000092871	RFFL	18.4		
ENSG00000092929	UNC13D	0.0		
ENSG00000092931	MFSD11	11.5		
ENSG00000092964	DPYSL2	106.6		
ENSG00000092969	TGFB2	1.2		
ENSG00000092978	GPATCH2	11.2		
ENSG00000093000	NUP50	83.4		
ENSG00000093009	CDC45	58.2		
ENSG00000093010	COMT	23.6		
ENSG00000093072	ADA2	0.2		
ENSG00000093134	VNN3	0.0		
ENSG00000093144	ECHDC1	0.1		
ENSG00000093167	LRRFIP2	25.8		
ENSG00000093183	SEC22C	24.1		
ENSG00000093217	XYLB	8.1		
ENSG00000094631	HDAC6	30.6		
ENSG00000094661	OR1I1	0.1		
ENSG00000094755	GABRP	6.4		
ENSG00000094796	KRT31	0.0		
ENSG00000094804	CDC6	112.2		
ENSG00000094841	UPRT	20.7		
ENSG00000094880	CDC23	67.5		
ENSG00000094914	AAAS	106.4		
ENSG00000094916	CBX5	106.1		
ENSG00000094963	FMO2	0.0		
ENSG00000094975	SUCO	16.3		
ENSG00000095002	MSH2	78.6		
ENSG00000095015	MAP3K1	10.1		
ENSG00000095059	DHPS	55.7		
ENSG00000095066	HOOK2	12.0		
ENSG00000095110	NXPE1	0.0		
ENSG00000095139	ARCN1	160.5		
ENSG00000095203	EPB41L4B	21.5		
ENSG00000095209	TMEM38B	28.4		
ENSG00000095261	PSMD5	0.0		
ENSG00000095303	PTGS1	0.4		
ENSG00000095319	NUP188	115.2		
ENSG00000095321	CRAT	2.2		
ENSG00000095370	SH2D3C	0.0		
ENSG00000095380	NANS	61.0		
ENSG00000095383	TBC1D2	0.7		
ENSG00000095397	WHRN	0.6		
ENSG00000095464	PDE6C	0.0		
ENSG00000095485	CWF19L1	42.2		
ENSG00000095539	SEMA4G	8.0		
ENSG00000095564	BTAF1	21.5		
ENSG00000095574	IKZF5	13.0		
ENSG00000095585	BLNK	0.1		
ENSG00000095587	TLL2	0.2		
ENSG00000095596	CYP26A1	0.2		
ENSG00000095627	TDRD1	0.0		
ENSG00000095637	SORBS1	2.4		
ENSG00000095713	CRTAC1	0.0		
ENSG00000095739	BAMBI	10.2		
ENSG00000095752	IL11	0.3		
ENSG00000095777	MYO3A	0.0		
ENSG00000095787	WAC	51.5		
ENSG00000095794	CREM	28.0		
ENSG00000095906	NUBP2	10.8		
ENSG00000095917	TPSD1	0.0		
ENSG00000095932	SMIM24	0.0		
ENSG00000095951	HIVEP1	7.4		
ENSG00000095970	TREM2	0.0		
ENSG00000095981	KCNK16	0.0		
ENSG00000096006	CRISP3	0.0		
ENSG00000096060	FKBP5	44.1		
ENSG00000096063	SRPK1	110.3		
ENSG00000096070	BRPF3	21.8		
ENSG00000096080	MRPS18A	64.3		
ENSG00000096088	PGC	0.0		
ENSG00000096092	TMEM14A	61.3		
ENSG00000096093	EFHC1	2.7		
ENSG00000096264	NCR2	0.0		
ENSG00000096384	HSP90AB1	3197.5		
ENSG00000096395	MLN	0.0		
ENSG00000096401	CDC5L	41.8		
ENSG00000096433	ITPR3	28.6		
ENSG00000096654	ZNF184	9.7		
ENSG00000096696	DSP	46.1		
ENSG00000096717	SIRT1	32.8		
ENSG00000096746	HNRNPH3	280.2		
ENSG00000096872	IFT74	18.6		
ENSG00000096968	JAK2	4.4		
ENSG00000096996	IL12RB1	0.0		
ENSG00000097007	ABL1	23.5		
ENSG00000097021	ACOT7	156.9		
ENSG00000097033	SH3GLB1	39.4		
ENSG00000097046	CDC7	39.8		
ENSG00000097096	SYDE2	7.3		
ENSG00000099139	PCSK5	2.4		
ENSG00000099194	SCD	433.7		
ENSG00000099203	TMED1	18.8		
ENSG00000099204	ABLIM1	41.1		
ENSG00000099219	ERMP1	9.6		
ENSG00000099246	RAB18	37.4		
ENSG00000099250	NRP1	13.8		
ENSG00000099256	PRTFDC1	34.7		
ENSG00000099260	PALMD	0.0		
ENSG00000099282	TSPAN15	7.2		
ENSG00000099284	MACROH2A2	15.3		
ENSG00000099290	WASHC2A	31.2		
ENSG00000099308	MAST3	3.4		
ENSG00000099326	MZF1	2.0		
ENSG00000099330	OCEL1	4.5		
ENSG00000099331	MYO9B	14.2		
ENSG00000099337	KCNK6	4.2		
ENSG00000099338	CATSPERG	0.1		
ENSG00000099341	PSMD8	341.7		
ENSG00000099364	FBXL19	35.9		
ENSG00000099365	STX1B	2.1		
ENSG00000099377	HSD3B7	2.2		
ENSG00000099381	SETD1A	15.0		
ENSG00000099385	BCL7C	22.9		
ENSG00000099399	MAGEB2	0.0		
ENSG00000099617	EFNA2	4.8		
ENSG00000099622	CIRBP	182.5		
ENSG00000099624	ATP5F1D	19.9		
ENSG00000099625	CBARP	0.4		
ENSG00000099715	PCDH11Y	0.0		
ENSG00000099721	AMELY	0.0		
ENSG00000099769	IGFALS	0.0		
ENSG00000099783	HNRNPM	603.3		
ENSG00000099785	MARCHF2	8.2		
ENSG00000099795	NDUFB7	62.6		
ENSG00000099797	TECR	158.1		
ENSG00000099800	TIMM13	75.2		
ENSG00000099804	CDC34	52.1		
ENSG00000099810	MTAP	24.4		
ENSG00000099812	MISP	0.0		
ENSG00000099814	CEP170B	4.2		
ENSG00000099817	POLR2E	79.1		
ENSG00000099821	POLRMT	35.5		
ENSG00000099822	HCN2	0.6		
ENSG00000099834	CDHR5	0.0		
ENSG00000099840	IZUMO4	0.0		
ENSG00000099849	RASSF7	7.3		
ENSG00000099860	GADD45B	3.2		
ENSG00000099864	PALM	8.0		
ENSG00000099866	MADCAM1	0.0		
ENSG00000099875	MKNK2	38.4		
ENSG00000099889	ARVCF	0.9		
ENSG00000099899	TRMT2A	4.5		
ENSG00000099901	RANBP1	449.4		
ENSG00000099904	ZDHHC8	15.5		
ENSG00000099910	KLHL22	25.6		
ENSG00000099917	MED15	22.1		
ENSG00000099937	SERPIND1	0.0		
ENSG00000099940	SNAP29	35.8		
ENSG00000099942	CRKL	67.2		
ENSG00000099949	LZTR1	9.3		
ENSG00000099953	MMP11	2.2		
ENSG00000099954	CECR2	14.4		
ENSG00000099956	SMARCB1	6.9		
ENSG00000099957	P2RX6	0.0		
ENSG00000099958	DERL3	1.1		
ENSG00000099960	SLC7A4	0.0		
ENSG00000099968	BCL2L13	12.6		
ENSG00000099974	DDTL	1.2		
ENSG00000099977	DDT	38.3		
ENSG00000099985	OSM	0.0		
ENSG00000099991	CABIN1	28.4		
ENSG00000099992	TBC1D10A	4.3		
ENSG00000099994	SUSD2	0.1		
ENSG00000099995	SF3A1	101.6		
ENSG00000099998	GGT5	0.1		
ENSG00000099999	RNF215	8.9		
ENSG00000100003	SEC14L2	3.0		
ENSG00000100012	SEC14L3	0.3		
ENSG00000100014	SPECC1L	39.2		
ENSG00000100023	PPIL2	28.6		
ENSG00000100024	UPB1	0.0		
ENSG00000100027	YPEL1	1.1		
ENSG00000100028	SNRPD3	252.1		
ENSG00000100029	PES1	163.9		
ENSG00000100030	MAPK1	73.9		
ENSG00000100031	GGT1	6.2		
ENSG00000100033	PRODH	3.9		
ENSG00000100034	PPM1F	8.3		
ENSG00000100036	SLC35E4	2.8		
ENSG00000100038	TOP3B	18.6		
ENSG00000100053	CRYBB3	0.8		
ENSG00000100055	CYTH4	0.0		
ENSG00000100056	ESS2	5.1		
ENSG00000100060	MFNG	45.1		
ENSG00000100065	CARD10	4.9		
ENSG00000100075	SLC25A1	82.9		
ENSG00000100077	GRK3	11.9		
ENSG00000100078	PLA2G3	0.1		
ENSG00000100079	LGALS2	0.0		
ENSG00000100083	GGA1	29.4		
ENSG00000100084	HIRA	46.4		
ENSG00000100092	SH3BP1	2.0		
ENSG00000100095	SEZ6L	0.0		
ENSG00000100097	LGALS1	58.8		
ENSG00000100099	HPS4	14.9		
ENSG00000100100	PIK3IP1	0.1		
ENSG00000100104	SRRD	16.6		
ENSG00000100105	PATZ1	32.0		
ENSG00000100106	TRIOBP	9.2		
ENSG00000100109	TFIP11	32.1		
ENSG00000100116	GCAT	11.9		
ENSG00000100121	GGTLC2	0.0		
ENSG00000100122	CRYBB1	0.0		
ENSG00000100124	ANKRD54	19.5		
ENSG00000100129	EIF3L	127.2		
ENSG00000100138	SNU13	183.6		
ENSG00000100139	MICALL1	9.1		
ENSG00000100142	POLR2F	166.9		
ENSG00000100146	SOX10	0.0		
ENSG00000100147	CCDC134	7.7		
ENSG00000100150	DEPDC5	6.3		
ENSG00000100151	PICK1	21.0		
ENSG00000100154	TTC28	11.1		
ENSG00000100156	SLC16A8	0.0		
ENSG00000100162	CENPM	32.9		
ENSG00000100167	SEPTIN3	14.0		
ENSG00000100170	SLC5A1	0.0		
ENSG00000100191	SLC5A4	0.0		
ENSG00000100196	KDELR3	8.9		
ENSG00000100197	CYP2D6	0.0		
ENSG00000100201	DDX17	212.5		
ENSG00000100206	DMC1	2.0		
ENSG00000100207	TCF20	3.9		
ENSG00000100209	HSCB	6.9		
ENSG00000100211	CBY1	32.1		
ENSG00000100216	TOMM22	81.8		
ENSG00000100218	RSPH14	0.1		
ENSG00000100219	XBP1	134.2		
ENSG00000100220	RTCB	144.7		
ENSG00000100221	JOSD1	49.2		
ENSG00000100225	FBXO7	103.3		
ENSG00000100226	GTPBP1	45.5		
ENSG00000100227	POLDIP3	101.0		
ENSG00000100228	RAB36	0.3		
ENSG00000100234	TIMP3	3.2		
ENSG00000100239	PPP6R2	16.9		
ENSG00000100241	SBF1	19.9		
ENSG00000100242	SUN2	13.4		
ENSG00000100243	CYB5R3	85.3		
ENSG00000100246	DNAL4	11.0		
ENSG00000100249	C22orf31	0.0		
ENSG00000100253	MIOX	0.2		
ENSG00000100258	LMF2	6.8		
ENSG00000100263	RHBDD3	2.5		
ENSG00000100266	PACSIN2	42.5		
ENSG00000100271	TTLL1	1.5		
ENSG00000100276	RASL10A	0.1		
ENSG00000100280	AP1B1	71.5		
ENSG00000100281	HMGXB4	14.9		
ENSG00000100284	TOM1	8.6		
ENSG00000100285	NEFH	0.0		
ENSG00000100288	CHKB	1.5		
ENSG00000100290	BIK	4.8		
ENSG00000100292	HMOX1	11.4		
ENSG00000100294	MCAT	24.1		
ENSG00000100296	THOC5	36.5		
ENSG00000100297	MCM5	116.0		
ENSG00000100298	APOBEC3H	0.0		
ENSG00000100299	ARSA	1.2		
ENSG00000100300	TSPO	27.9		
ENSG00000100302	RASD2	0.1		
ENSG00000100304	TTLL12	77.3		
ENSG00000100307	CBX7	0.9		
ENSG00000100311	PDGFB	0.5		
ENSG00000100312	ACR	0.0		
ENSG00000100314	CABP7	0.0		
ENSG00000100316	RPL3	2275.3		
ENSG00000100319	ZMAT5	16.5		
ENSG00000100320	RBFOX2	40.2		
ENSG00000100321	SYNGR1	11.8		
ENSG00000100324	TAB1	15.5		
ENSG00000100325	ASCC2	36.8		
ENSG00000100330	MTMR3	18.5		
ENSG00000100335	MIEF1	37.6		
ENSG00000100336	APOL4	0.0		
ENSG00000100341	PNPLA5	0.0		
ENSG00000100342	APOL1	0.0		
ENSG00000100344	PNPLA3	10.6		
ENSG00000100345	MYH9	125.2		
ENSG00000100346	CACNA1I	0.0		
ENSG00000100347	SAMM50	85.4		
ENSG00000100348	TXN2	151.7		
ENSG00000100350	FOXRED2	32.1		
ENSG00000100351	GRAP2	0.0		
ENSG00000100353	EIF3D	295.1		
ENSG00000100354	TNRC6B	11.8		
ENSG00000100359	SGSM3	29.2		
ENSG00000100360	IFT27	13.9		
ENSG00000100362	PVALB	0.0		
ENSG00000100364	KIAA0930	29.5		
ENSG00000100365	NCF4	0.0		
ENSG00000100368	CSF2RB	0.0		
ENSG00000100372	SLC25A17	30.6		
ENSG00000100373	UPK3A	0.0		
ENSG00000100376	FAM118A	14.3		
ENSG00000100379	KCTD17	10.0		
ENSG00000100380	ST13	387.7		
ENSG00000100385	IL2RB	0.0		
ENSG00000100387	RBX1	110.6		
ENSG00000100393	EP300	48.1		
ENSG00000100395	L3MBTL2	40.9		
ENSG00000100399	CHADL	0.0		
ENSG00000100401	RANGAP1	135.5		
ENSG00000100403	ZC3H7B	35.7		
ENSG00000100410	PHF5A	130.2		
ENSG00000100412	ACO2	108.8		
ENSG00000100413	POLR3H	39.8		
ENSG00000100416	TRMU	28.5		
ENSG00000100417	PMM1	25.8		
ENSG00000100418	DESI1	45.7		
ENSG00000100422	CERK	30.4		
ENSG00000100425	BRD1	14.7		
ENSG00000100426	ZBED4	17.4		
ENSG00000100427	MLC1	0.0		
ENSG00000100429	HDAC10	2.1		
ENSG00000100433	KCNK10	0.0		
ENSG00000100439	ABHD4	9.9		
ENSG00000100441	KHNYN	25.8		
ENSG00000100442	FKBP3	188.4		
ENSG00000100445	SDR39U1	22.8		
ENSG00000100448	CTSG	0.0		
ENSG00000100450	GZMH	0.0		
ENSG00000100453	GZMB	0.0		
ENSG00000100461	RBM23	98.3		
ENSG00000100462	PRMT5	246.4		
ENSG00000100473	COCH	22.2		
ENSG00000100478	AP4S1	7.6		
ENSG00000100479	POLE2	35.3		
ENSG00000100483	VCPKMT	4.9		
ENSG00000100485	SOS2	12.1		
ENSG00000100490	CDKL1	0.8		
ENSG00000100503	NIN	34.2		
ENSG00000100504	PYGL	107.0		
ENSG00000100505	TRIM9	23.0		
ENSG00000100519	PSMC6	173.9		
ENSG00000100522	GNPNAT1	59.2		
ENSG00000100523	DDHD1	15.8		
ENSG00000100526	CDKN3	114.6		
ENSG00000100528	CNIH1	208.3		
ENSG00000100532	CGRRF1	10.8		
ENSG00000100554	ATP6V1D	72.6		
ENSG00000100557	CCDC198	0.0		
ENSG00000100558	PLEK2	0.1		
ENSG00000100564	PIGH	26.3		
ENSG00000100565	LRRC74A	0.0		
ENSG00000100567	PSMA3	249.2		
ENSG00000100568	VTI1B	36.8		
ENSG00000100575	TIMM9	63.9		
ENSG00000100577	GSTZ1	18.9		
ENSG00000100578	KIAA0586	19.1		
ENSG00000100580	TMED8	10.4		
ENSG00000100583	SAMD15	0.9		
ENSG00000100591	AHSA1	386.2		
ENSG00000100592	DAAM1	11.8		
ENSG00000100593	ISM2	2.5		
ENSG00000100596	SPTLC2	38.1		
ENSG00000100599	RIN3	3.1		
ENSG00000100600	LGMN	0.0		
ENSG00000100601	ALKBH1	13.2		
ENSG00000100603	SNW1	81.8		
ENSG00000100604	CHGA	0.0		
ENSG00000100605	ITPK1	29.6		
ENSG00000100612	DHRS7	57.2		
ENSG00000100614	PPM1A	25.5		
ENSG00000100625	SIX4	8.4		
ENSG00000100626	GALNT16	3.0		
ENSG00000100628	ASB2	0.0		
ENSG00000100629	CEP128	7.4		
ENSG00000100632	ERH	563.4		
ENSG00000100644	HIF1A	71.0		
ENSG00000100647	SUSD6	4.0		
ENSG00000100650	SRSF5	242.5		
ENSG00000100652	SLC10A1	0.0		
ENSG00000100664	EIF5	220.9		
ENSG00000100665	SERPINA4	0.0		
ENSG00000100678	SLC8A3	0.0		
ENSG00000100697	DICER1	31.6		
ENSG00000100711	ZFYVE21	25.3		
ENSG00000100714	MTHFD1	177.6		
ENSG00000100721	TCL1A	0.0		
ENSG00000100722	ZC3H14	46.8		
ENSG00000100726	TELO2	6.3		
ENSG00000100731	PCNX1	18.8		
ENSG00000100739	BDKRB1	0.0		
ENSG00000100744	GSKIP	22.1		
ENSG00000100749	VRK1	75.5		
ENSG00000100764	PSMC1	182.2		
ENSG00000100767	PAPLN	2.7		
ENSG00000100784	RPS6KA5	2.2		
ENSG00000100796	PPP4R3A	36.6		
ENSG00000100802	C14orf93	5.4		
ENSG00000100804	PSMB5	428.4		
ENSG00000100811	YY1	72.6		
ENSG00000100813	ACIN1	167.4		
ENSG00000100814	CCNB1IP1	96.6		
ENSG00000100815	TRIP11	19.1		
ENSG00000100823	APEX1	317.5		
ENSG00000100836	PABPN1	337.7		
ENSG00000100842	EFS	0.9		
ENSG00000100852	ARHGAP5	46.0		
ENSG00000100865	CINP	52.0		
ENSG00000100867	DHRS2	0.7		
ENSG00000100883	SRP54	79.0		
ENSG00000100884	CPNE6	0.0		
ENSG00000100888	CHD8	54.9		
ENSG00000100889	PCK2	18.0		
ENSG00000100890	PRORP	43.8		
ENSG00000100897	DCAF11	15.8		
ENSG00000100902	PSMA6	306.6		
ENSG00000100906	NFKBIA	38.3		
ENSG00000100908	EMC9	7.4		
ENSG00000100911	PSME2	32.1		
ENSG00000100916	BRMS1L	13.7		
ENSG00000100918	REC8	0.3		
ENSG00000100926	TM9SF1	14.9		
ENSG00000100934	SEC23A	99.6		
ENSG00000100938	GMPR2	42.4		
ENSG00000100941	PNN	153.3		
ENSG00000100949	RABGGTA	7.0		
ENSG00000100968	NFATC4	7.1		
ENSG00000100979	PLTP	29.2		
ENSG00000100982	PCIF1	15.8		
ENSG00000100983	GSS	53.6		
ENSG00000100985	MMP9	0.0		
ENSG00000100987	VSX1	0.0		
ENSG00000100991	TRPC4AP	51.6		
ENSG00000100994	PYGB	44.5		
ENSG00000100997	ABHD12	44.4		
ENSG00000101000	PROCR	20.2		
ENSG00000101003	GINS1	40.9		
ENSG00000101004	NINL	3.4		
ENSG00000101017	CD40	2.3		
ENSG00000101019	UQCC1	60.0		
ENSG00000101040	ZMYND8	39.4		
ENSG00000101049	SGK2	0.0		
ENSG00000101052	IFT52	21.3		
ENSG00000101057	MYBL2	192.1		
ENSG00000101074	R3HDML	0.0		
ENSG00000101076	HNF4A	0.0		
ENSG00000101079	NDRG3	45.5		
ENSG00000101082	SLA2	0.0		
ENSG00000101084	RAB5IF	123.3		
ENSG00000101096	NFATC2	0.9		
ENSG00000101098	RIMS4	19.3		
ENSG00000101104	PABPC1L	0.5		
ENSG00000101109	STK4	24.3		
ENSG00000101115	SALL4	0.2		
ENSG00000101126	ADNP	86.6		
ENSG00000101132	PFDN4	13.3		
ENSG00000101134	DOK5	0.0		
ENSG00000101138	CSTF1	35.7		
ENSG00000101144	BMP7	5.2		
ENSG00000101146	RAE1	101.6		
ENSG00000101150	TPD52L2	111.5		
ENSG00000101152	DNAJC5	15.9		
ENSG00000101158	NELFCD	90.1		
ENSG00000101160	CTSZ	51.4		
ENSG00000101161	PRPF6	101.2		
ENSG00000101162	TUBB1	0.0		
ENSG00000101166	PRELID3B	106.2		
ENSG00000101180	HRH3	0.1		
ENSG00000101181	MTG2	8.8		
ENSG00000101182	PSMA7	371.9		
ENSG00000101187	SLCO4A1	16.4		
ENSG00000101188	NTSR1	0.0		
ENSG00000101189	MRGBP	18.5		
ENSG00000101190	TCFL5	15.1		
ENSG00000101191	DIDO1	33.8		
ENSG00000101193	GID8	33.9		
ENSG00000101194	SLC17A9	5.0		
ENSG00000101197	BIRC7	0.0		
ENSG00000101198	NKAIN4	0.0		
ENSG00000101199	ARFGAP1	23.5		
ENSG00000101200	AVP	0.0		
ENSG00000101203	COL20A1	0.0		
ENSG00000101204	CHRNA4	0.0		
ENSG00000101210	EEF1A2	240.0		
ENSG00000101213	PTK6	0.0		
ENSG00000101216	GMEB2	7.8		
ENSG00000101220	C20orf27	65.7		
ENSG00000101222	SPEF1	0.1		
ENSG00000101224	CDC25B	50.6		
ENSG00000101230	ISM1	0.0		
ENSG00000101236	RNF24	5.2		
ENSG00000101246	ARFRP1	11.0		
ENSG00000101247	NDUFAF5	13.9		
ENSG00000101251	SEL1L2	0.0		
ENSG00000101255	TRIB3	22.6		
ENSG00000101265	RASSF2	5.1		
ENSG00000101266	CSNK2A1	162.1		
ENSG00000101276	SLC52A3	0.0		
ENSG00000101280	ANGPT4	0.0		
ENSG00000101282	RSPO4	0.0		
ENSG00000101290	CDS2	23.1		
ENSG00000101292	PROKR2	0.0		
ENSG00000101294	HM13	74.9		
ENSG00000101298	SNPH	1.0		
ENSG00000101306	MYLK2	0.1		
ENSG00000101307	SIRPB1	0.1		
ENSG00000101310	SEC23B	88.5		
ENSG00000101311	FERMT1	36.8		
ENSG00000101323	HAO1	0.0		
ENSG00000101327	PDYN	0.0		
ENSG00000101331	CCM2L	0.1		
ENSG00000101333	PLCB4	2.3		
ENSG00000101335	MYL9	0.2		
ENSG00000101336	HCK	1.3		
ENSG00000101337	TM9SF4	52.4		
ENSG00000101342	TLDC2	0.0		
ENSG00000101343	CRNKL1	24.1		
ENSG00000101346	POFUT1	30.5		
ENSG00000101347	SAMHD1	34.7		
ENSG00000101349	PAK5	0.2		
ENSG00000101350	KIF3B	29.3		
ENSG00000101353	MROH8	0.5		
ENSG00000101361	NOP56	287.5		
ENSG00000101363	MANBAL	60.3		
ENSG00000101365	IDH3B	122.9		
ENSG00000101367	MAPRE1	213.1		
ENSG00000101384	JAG1	9.4		
ENSG00000101391	CDK5RAP1	31.8		
ENSG00000101400	SNTA1	8.4		
ENSG00000101405	OXT	0.0		
ENSG00000101407	TTI1	38.8		
ENSG00000101412	E2F1	25.3		
ENSG00000101413	RPRD1B	26.3		
ENSG00000101417	PXMP4	9.0		
ENSG00000101421	CHMP4B	83.2		
ENSG00000101425	BPI	0.0		
ENSG00000101435	CST9L	0.0		
ENSG00000101438	SLC32A1	0.0		
ENSG00000101439	CST3	69.6		
ENSG00000101440	ASIP	0.0		
ENSG00000101441	CST4	0.0		
ENSG00000101442	ACTR5	14.6		
ENSG00000101443	WFDC2	0.0		
ENSG00000101444	AHCY	340.7		
ENSG00000101445	PPP1R16B	1.0		
ENSG00000101446	SPINT3	0.0		
ENSG00000101447	FAM83D	71.8		
ENSG00000101448	EPPIN	0.1		
ENSG00000101452	DHX35	11.0		
ENSG00000101457	DNTTIP1	37.3		
ENSG00000101460	MAP1LC3A	0.1		
ENSG00000101463	SYNDIG1	0.0		
ENSG00000101464	PIGU	43.1		
ENSG00000101470	TNNC2	0.0		
ENSG00000101473	ACOT8	13.0		
ENSG00000101474	APMAP	85.0		
ENSG00000101489	CELF4	0.1		
ENSG00000101493	ZNF516	10.4		
ENSG00000101542	CDH20	0.0		
ENSG00000101544	ADNP2	35.4		
ENSG00000101546	RBFA	21.8		
ENSG00000101557	USP14	125.1		
ENSG00000101558	VAPA	39.8		
ENSG00000101574	METTL4	24.7		
ENSG00000101577	LPIN2	13.8		
ENSG00000101596	SMCHD1	29.1		
ENSG00000101605	MYOM1	13.5		
ENSG00000101608	MYL12A	360.9		
ENSG00000101624	CEP76	12.1		
ENSG00000101638	ST8SIA5	0.3		
ENSG00000101639	CEP192	16.7		
ENSG00000101654	RNMT	32.7		
ENSG00000101665	SMAD7	6.1		
ENSG00000101670	LIPG	8.1		
ENSG00000101680	LAMA1	0.0		
ENSG00000101695	RNF125	1.6		
ENSG00000101745	ANKRD12	6.8		
ENSG00000101746	NOL4	0.0		
ENSG00000101751	POLI	7.4		
ENSG00000101752	MIB1	21.4		
ENSG00000101773	RBBP8	41.2		
ENSG00000101782	RIOK3	25.9		
ENSG00000101811	CSTF2	64.2		
ENSG00000101812	H2BW2	0.2		
ENSG00000101825	MXRA5	0.0		
ENSG00000101842	VSIG1	0.0		
ENSG00000101843	PSMD10	109.8		
ENSG00000101844	ATG4A	11.9		
ENSG00000101846	STS	5.4		
ENSG00000101849	TBL1X	40.7		
ENSG00000101850	GPR143	0.2		
ENSG00000101856	PGRMC1	216.5		
ENSG00000101868	POLA1	59.7		
ENSG00000101871	MID1	11.0		
ENSG00000101882	NKAP	33.7		
ENSG00000101883	RHOXF1	0.0		
ENSG00000101888	NXT2	15.4		
ENSG00000101890	GUCY2F	0.0		
ENSG00000101892	ATP1B4	0.0		
ENSG00000101898	MCTS2P	0.1		
ENSG00000101901	ALG13	26.1		
ENSG00000101911	PRPS2	43.1		
ENSG00000101916	TLR8	0.0		
ENSG00000101928	MOSPD1	19.6		
ENSG00000101935	AMMECR1	22.7		
ENSG00000101938	CHRDL1	23.0		
ENSG00000101940	WDR13	14.6		
ENSG00000101945	SUV39H1	33.0		
ENSG00000101951	PAGE4	0.0		
ENSG00000101955	SRPX	2.0		
ENSG00000101958	GLRA2	0.0		
ENSG00000101966	XIAP	15.3		
ENSG00000101972	STAG2	173.6		
ENSG00000101974	ATP11C	34.6		
ENSG00000101977	MCF2	0.1		
ENSG00000101981	F9	0.0		
ENSG00000101986	ABCD1	1.6		
ENSG00000101997	CCDC22	10.6		
ENSG00000102001	CACNA1F	0.2		
ENSG00000102003	SYP	3.1		
ENSG00000102007	PLP2	260.5		
ENSG00000102010	BMX	0.0		
ENSG00000102021	LUZP4	0.0		
ENSG00000102024	PLS3	190.5		
ENSG00000102030	NAA10	57.9		
ENSG00000102032	RENBP	7.1		
ENSG00000102034	ELF4	20.5		
ENSG00000102038	SMARCA1	66.6		
ENSG00000102043	MTMR8	2.6		
ENSG00000102048	ASB9	0.0		
ENSG00000102053	ZC3H12B	0.5		
ENSG00000102054	RBBP7	291.5		
ENSG00000102055	PPP1R2C	0.0		
ENSG00000102057	KCND1	0.6		
ENSG00000102076	OPN1LW	0.0		
ENSG00000102078	SLC25A14	11.9		
ENSG00000102081	FMR1	65.8		
ENSG00000102096	PIM2	25.1		
ENSG00000102098	SCML2	32.7		
ENSG00000102100	SLC35A2	51.7		
ENSG00000102103	PQBP1	110.6		
ENSG00000102104	RS1	0.0		
ENSG00000102109	PCSK1N	0.0		
ENSG00000102119	EMD	55.8		
ENSG00000102125	TAZ	17.2		
ENSG00000102128	RAB40AL	0.2		
ENSG00000102144	PGK1	624.8		
ENSG00000102145	GATA1	0.0		
ENSG00000102158	MAGT1	88.4		
ENSG00000102172	SMS	265.5		
ENSG00000102174	PHEX	0.0		
ENSG00000102178	UBL4A	76.9		
ENSG00000102181	CD99L2	40.4		
ENSG00000102189	EEA1	16.0		
ENSG00000102195	GPR50	0.0		
ENSG00000102218	RP2	19.8		
ENSG00000102221	JADE3	21.1		
ENSG00000102225	CDK16	134.3		
ENSG00000102226	USP11	94.7		
ENSG00000102230	PCYT1B	4.2		
ENSG00000102239	BRS3	0.0		
ENSG00000102241	HTATSF1	120.5		
ENSG00000102243	VGLL1	0.0		
ENSG00000102245	CD40LG	0.0		
ENSG00000102265	TIMP1	82.9		
ENSG00000102271	KLHL4	0.1		
ENSG00000102287	GABRE	0.0		
ENSG00000102290	PCDH11X	0.1		
ENSG00000102302	FGD1	14.6		
ENSG00000102309	PIN4	38.6		
ENSG00000102312	PORCN	5.5		
ENSG00000102313	ITIH6	0.0		
ENSG00000102316	MAGED2	106.5		
ENSG00000102317	RBM3	153.2		
ENSG00000102349	KLF8	0.0		
ENSG00000102359	SRPX2	0.2		
ENSG00000102362	SYTL4	29.5		
ENSG00000102383	ZDHHC15	1.6		
ENSG00000102384	CENPI	54.2		
ENSG00000102385	DRP2	0.3		
ENSG00000102387	TAF7L	0.0		
ENSG00000102390	PBDC1	70.3		
ENSG00000102393	GLA	65.9		
ENSG00000102401	ARMCX3	34.9		
ENSG00000102409	BEX4	39.1		
ENSG00000102445	RUBCNL	0.1		
ENSG00000102452	NALCN	0.0		
ENSG00000102466	FGF14	0.0		
ENSG00000102468	HTR2A	0.0		
ENSG00000102471	NDFIP2	20.5		
ENSG00000102524	TNFSF13B	0.0		
ENSG00000102531	FNDC3A	28.4		
ENSG00000102539	MLNR	0.0		
ENSG00000102543	CDADC1	4.6		
ENSG00000102547	CAB39L	5.4		
ENSG00000102554	KLF5	39.0		
ENSG00000102572	STK24	80.2		
ENSG00000102575	ACP5	0.0		
ENSG00000102580	DNAJC3	18.7		
ENSG00000102595	UGGT2	7.0		
ENSG00000102606	ARHGEF7	26.5		
ENSG00000102678	FGF9	0.3		
ENSG00000102683	SGCG	0.1		
ENSG00000102699	PARP4	27.2		
ENSG00000102710	SUPT20H	32.6		
ENSG00000102738	MRPS31	37.4		
ENSG00000102743	SLC25A15	26.6		
ENSG00000102753	KPNA3	64.1		
ENSG00000102755	FLT1	6.7		
ENSG00000102760	RGCC	1.2		
ENSG00000102763	VWA8	7.1		
ENSG00000102780	DGKH	3.8		
ENSG00000102781	KATNAL1	11.8		
ENSG00000102786	INTS6	45.2		
ENSG00000102794	ACOD1	0.0		
ENSG00000102796	DHRS12	0.0		
ENSG00000102802	MEDAG	0.0		
ENSG00000102804	TSC22D1	25.1		
ENSG00000102805	CLN5	11.5		
ENSG00000102837	OLFM4	0.0		
ENSG00000102854	MSLN	0.0		
ENSG00000102858	MGRN1	26.0		
ENSG00000102870	ZNF629	11.7		
ENSG00000102871	TRADD	2.0		
ENSG00000102878	HSF4	0.4		
ENSG00000102879	CORO1A	5.2		
ENSG00000102882	MAPK3	53.3		
ENSG00000102886	GDPD3	1.6		
ENSG00000102890	ELMO3	2.2		
ENSG00000102891	MT4	0.0		
ENSG00000102893	PHKB	57.0		
ENSG00000102897	LYRM1	14.1		
ENSG00000102898	NUTF2	235.4		
ENSG00000102900	NUP93	143.3		
ENSG00000102901	CENPT	7.5		
ENSG00000102904	TSNAXIP1	0.3		
ENSG00000102908	NFAT5	3.9		
ENSG00000102910	LONP2	33.4		
ENSG00000102921	N4BP1	7.5		
ENSG00000102924	CBLN1	2.5		
ENSG00000102931	ARL2BP	60.3		
ENSG00000102934	PLLP	3.3		
ENSG00000102935	ZNF423	1.4		
ENSG00000102962	CCL22	0.1		
ENSG00000102967	DHODH	13.7		
ENSG00000102970	CCL17	0.0		
ENSG00000102974	CTCF	65.3		
ENSG00000102977	ACD	11.3		
ENSG00000102978	POLR2C	111.9		
ENSG00000102981	PARD6A	5.2		
ENSG00000102984	ZNF821	4.4		
ENSG00000102996	MMP15	5.1		
ENSG00000103005	USB1	58.2		
ENSG00000103018	CYB5B	224.4		
ENSG00000103021	CCDC113	0.7		
ENSG00000103023	PRSS54	0.0		
ENSG00000103024	NME3	1.3		
ENSG00000103034	NDRG4	1.2		
ENSG00000103035	PSMD7	135.0		
ENSG00000103037	SETD6	9.0		
ENSG00000103042	SLC38A7	10.2		
ENSG00000103043	VAC14	27.8		
ENSG00000103044	HAS3	2.9		
ENSG00000103047	TANGO6	10.6		
ENSG00000103051	COG4	60.8		
ENSG00000103056	SMPD3	0.0		
ENSG00000103061	SLC7A6OS	15.6		
ENSG00000103064	SLC7A6	32.0		
ENSG00000103066	PLA2G15	8.5		
ENSG00000103067	ESRP2	0.1		
ENSG00000103089	FA2H	48.6		
ENSG00000103091	WDR59	21.7		
ENSG00000103111	MON1B	15.7		
ENSG00000103121	CMC2	52.5		
ENSG00000103126	AXIN1	21.1		
ENSG00000103145	HCFC1R1	32.7		
ENSG00000103148	NPRL3	20.5		
ENSG00000103150	MLYCD	1.4		
ENSG00000103152	MPG	13.1		
ENSG00000103154	NECAB2	1.9		
ENSG00000103160	HSDL1	31.1		
ENSG00000103168	TAF1C	4.3		
ENSG00000103174	NAGPA	4.4		
ENSG00000103175	WFDC1	0.0		
ENSG00000103184	SEC14L5	0.0		
ENSG00000103187	COTL1	61.3		
ENSG00000103194	USP10	108.2		
ENSG00000103196	CRISPLD2	0.1		
ENSG00000103197	TSC2	17.5		
ENSG00000103199	ZNF500	4.5		
ENSG00000103202	NME4	145.0		
ENSG00000103222	ABCC1	3.4		
ENSG00000103226	NOMO3	2.7		
ENSG00000103227	LMF1	2.9		
ENSG00000103241	FOXF1	2.2		
ENSG00000103245	CIAO3	10.0		
ENSG00000103248	MTHFSD	15.8		
ENSG00000103249	CLCN7	18.4		
ENSG00000103253	HAGHL	0.9		
ENSG00000103254	ANTKMT	1.7		
ENSG00000103257	SLC7A5	142.5		
ENSG00000103260	METRN	2.1		
ENSG00000103264	FBXO31	8.3		
ENSG00000103266	STUB1	73.0		
ENSG00000103269	RHBDL1	0.1		
ENSG00000103274	NUBP1	34.9		
ENSG00000103275	UBE2I	193.2		
ENSG00000103310	ZP2	0.0		
ENSG00000103313	MEFV	0.0		
ENSG00000103316	CRYM	5.4		
ENSG00000103319	EEF2K	0.2		
ENSG00000103326	CAPN15	2.0		
ENSG00000103335	PIEZO1	13.9		
ENSG00000103342	GSPT1	297.8		
ENSG00000103343	ZNF174	12.4		
ENSG00000103351	CLUAP1	14.7		
ENSG00000103353	UBFD1	88.4		
ENSG00000103355	PRSS33	0.0		
ENSG00000103356	EARS2	9.6		
ENSG00000103363	ELOB	146.4		
ENSG00000103365	GGA2	49.1		
ENSG00000103375	AQP8	0.0		
ENSG00000103381	CPPED1	0.0		
ENSG00000103404	USP31	8.7		
ENSG00000103415	HMOX2	75.4		
ENSG00000103423	DNAJA3	55.7		
ENSG00000103426	CORO7-PAM16	0.0		
ENSG00000103429	BFAR	65.0		
ENSG00000103449	SALL1	18.6		
ENSG00000103460	TOX3	22.1		
ENSG00000103479	RBL2	17.9		
ENSG00000103485	QPRT	18.5		
ENSG00000103489	XYLT1	0.0		
ENSG00000103490	PYCARD	2.9		
ENSG00000103494	RPGRIP1L	9.4		
ENSG00000103495	MAZ	494.2		
ENSG00000103496	STX4	15.2		
ENSG00000103502	CDIPT	38.7		
ENSG00000103507	BCKDK	19.3		
ENSG00000103510	KAT8	53.6		
ENSG00000103512	NOMO1	8.8		
ENSG00000103522	IL21R	0.0		
ENSG00000103528	SYT17	0.7		
ENSG00000103534	TMC5	1.1		
ENSG00000103540	CCP110	25.6		
ENSG00000103544	VPS35L	27.5		
ENSG00000103546	SLC6A2	0.0		
ENSG00000103549	RNF40	99.2		
ENSG00000103550	KNOP1	38.9		
ENSG00000103569	AQP9	0.0		
ENSG00000103591	AAGAB	129.9		
ENSG00000103599	IQCH	2.6		
ENSG00000103642	LACTB	35.6		
ENSG00000103647	CORO2B	1.0		
ENSG00000103653	CSK	87.2		
ENSG00000103657	HERC1	31.2		
ENSG00000103671	TRIP4	38.3		
ENSG00000103707	MTFMT	3.3		
ENSG00000103710	RASL12	0.0		
ENSG00000103723	AP3B2	1.0		
ENSG00000103740	ACSBG1	0.0		
ENSG00000103742	IGDCC4	2.3		
ENSG00000103769	RAB11A	525.0		
ENSG00000103811	CTSH	5.2		
ENSG00000103852	TTC23	5.0		
ENSG00000103855	CD276	31.7		
ENSG00000103876	FAH	46.8		
ENSG00000103888	CEMIP	0.0		
ENSG00000103932	RPAP1	37.9		
ENSG00000103942	HOMER2	52.7		
ENSG00000103966	EHD4	13.9		
ENSG00000103978	TMEM87A	28.3		
ENSG00000103994	ZNF106	28.3		
ENSG00000103995	CEP152	13.6		
ENSG00000104043	ATP8B4	0.2		
ENSG00000104044	OCA2	0.6		
ENSG00000104047	DTWD1	15.6		
ENSG00000104055	TGM5	0.0		
ENSG00000104059	FAM189A1	0.0		
ENSG00000104064	GABPB1	37.2		
ENSG00000104067	TJP1	20.1		
ENSG00000104081	BMF	5.7		
ENSG00000104093	DMXL2	8.1		
ENSG00000104112	SCG3	0.1		
ENSG00000104129	DNAJC17	24.4		
ENSG00000104131	EIF3J	137.7		
ENSG00000104133	SPG11	15.1		
ENSG00000104140	RHOV	4.5		
ENSG00000104142	VPS18	23.4		
ENSG00000104147	OIP5	35.7		
ENSG00000104154	SLC30A4	2.0		
ENSG00000104164	BLOC1S6	41.7		
ENSG00000104177	MYEF2	43.1		
ENSG00000104205	SGK3	7.3		
ENSG00000104213	PDGFRL	11.6		
ENSG00000104218	CSPP1	11.4		
ENSG00000104219	ZDHHC2	32.2		
ENSG00000104221	BRF2	12.5		
ENSG00000104228	TRIM35	10.1		
ENSG00000104231	ZFAND1	35.9		
ENSG00000104237	RP1	0.7		
ENSG00000104267	CA2	37.4		
ENSG00000104290	FZD3	8.0		
ENSG00000104299	INTS9	39.2		
ENSG00000104312	RIPK2	8.9		
ENSG00000104313	EYA1	0.9		
ENSG00000104320	NBN	35.7		
ENSG00000104321	TRPA1	0.0		
ENSG00000104324	CPQ	2.4		
ENSG00000104325	DECR1	7.7		
ENSG00000104327	CALB1	46.0		
ENSG00000104331	BPNT2	31.8		
ENSG00000104332	SFRP1	10.8		
ENSG00000104341	LAPTM4B	208.8		
ENSG00000104343	UBE2W	11.2		
ENSG00000104356	POP1	40.3		
ENSG00000104361	NIPAL2	0.7		
ENSG00000104365	IKBKB	8.4		
ENSG00000104368	PLAT	0.3		
ENSG00000104369	JPH1	5.6		
ENSG00000104371	DKK4	0.0		
ENSG00000104375	STK3	11.4		
ENSG00000104381	GDAP1	12.4		
ENSG00000104388	RAB2A	55.4		
ENSG00000104408	EIF3E	421.1		
ENSG00000104412	EMC2	9.8		
ENSG00000104413	ESRP1	3.8		
ENSG00000104415	CCN4	0.0		
ENSG00000104419	NDRG1	1.7		
ENSG00000104427	ZC2HC1A	7.0		
ENSG00000104432	IL7	0.1		
ENSG00000104435	STMN2	0.0		
ENSG00000104442	ARMC1	61.9		
ENSG00000104447	TRPS1	22.9		
ENSG00000104450	SPAG1	5.9		
ENSG00000104472	CHRAC1	28.0		
ENSG00000104490	NCALD	1.0		
ENSG00000104497	SNX16	5.1		
ENSG00000104499	GML	0.0		
ENSG00000104517	UBR5	46.2		
ENSG00000104518	GSDMD	0.7		
ENSG00000104522	GFUS	47.8		
ENSG00000104524	PYCR3	2.0		
ENSG00000104529	EEF1D	295.3		
ENSG00000104537	ANXA13	0.0		
ENSG00000104549	SQLE	127.3		
ENSG00000104611	SH2D4A	2.7		
ENSG00000104613	INTS10	39.5		
ENSG00000104626	ERI1	15.1		
ENSG00000104635	SLC39A14	92.8		
ENSG00000104643	MTMR9	5.2		
ENSG00000104660	LEPROTL1	52.3		
ENSG00000104671	DCTN6	46.1		
ENSG00000104679	R3HCC1	38.9		
ENSG00000104687	GSR	62.3		
ENSG00000104689	TNFRSF10A	29.5		
ENSG00000104691	UBXN8	3.1		
ENSG00000104695	PPP2CB	84.4		
ENSG00000104714	ERICH1	21.7		
ENSG00000104722	NEFM	0.0		
ENSG00000104723	TUSC3	37.5		
ENSG00000104728	ARHGEF10	8.4		
ENSG00000104731	KLHDC4	23.1		
ENSG00000104738	MCM4	278.7		
ENSG00000104755	ADAM2	0.0		
ENSG00000104756	KCTD9	30.6		
ENSG00000104760	FGL1	0.0		
ENSG00000104763	ASAH1	15.0		
ENSG00000104765	BNIP3L	39.6		
ENSG00000104774	MAN2B1	13.6		
ENSG00000104783	KCNN4	0.0		
ENSG00000104804	TULP2	0.1		
ENSG00000104805	NUCB1	48.6		
ENSG00000104808	DHDH	0.5		
ENSG00000104812	GYS1	32.0		
ENSG00000104814	MAP4K1	0.1		
ENSG00000104818	CGB2	0.2		
ENSG00000104823	ECH1	70.9		
ENSG00000104824	HNRNPL	299.6		
ENSG00000104825	NFKBIB	6.2		
ENSG00000104826	LHB	0.0		
ENSG00000104827	CGB3	0.1		
ENSG00000104833	TUBB4A	58.3		
ENSG00000104835	SARS2	14.7		
ENSG00000104848	KCNA7	0.0		
ENSG00000104852	SNRNP70	176.6		
ENSG00000104853	CLPTM1	87.2		
ENSG00000104856	RELB	0.5		
ENSG00000104859	CLASRP	15.7		
ENSG00000104863	LIN7B	4.3		
ENSG00000104866	PPP1R37	6.3		
ENSG00000104870	FCGRT	1.2		
ENSG00000104872	PIH1D1	44.8		
ENSG00000104879	CKM	0.0		
ENSG00000104880	ARHGEF18	12.7		
ENSG00000104881	PPP1R13L	4.0		
ENSG00000104883	PEX11G	0.6		
ENSG00000104884	ERCC2	19.1		
ENSG00000104885	DOT1L	16.1		
ENSG00000104886	PLEKHJ1	65.4		
ENSG00000104888	SLC17A7	1.9		
ENSG00000104889	RNASEH2A	82.6		
ENSG00000104892	KLC3	2.2		
ENSG00000104894	CD37	0.0		
ENSG00000104897	SF3A2	57.8		
ENSG00000104899	AMH	0.0		
ENSG00000104901	DKKL1	0.1		
ENSG00000104903	LYL1	0.4		
ENSG00000104904	OAZ1	87.7		
ENSG00000104907	TRMT1	45.2		
ENSG00000104915	STX10	44.9		
ENSG00000104918	RETN	0.0		
ENSG00000104921	FCER2	0.0		
ENSG00000104936	DMPK	3.0		
ENSG00000104938	CLEC4M	0.0		
ENSG00000104941	RSPH6A	0.0		
ENSG00000104946	TBC1D17	7.0		
ENSG00000104951	IL4I1	0.4		
ENSG00000104953	TLE6	2.3		
ENSG00000104957	CCDC130	8.9		
ENSG00000104960	PTOV1	32.5		
ENSG00000104964	TLE5	122.9		
ENSG00000104967	NOVA2	1.3		
ENSG00000104969	SGTA	70.2		
ENSG00000104972	LILRB1	0.0		
ENSG00000104973	MED25	32.8		
ENSG00000104974	LILRA1	0.0		
ENSG00000104976	SNAPC2	7.7		
ENSG00000104979	C19orf53	111.6		
ENSG00000104980	TIMM44	75.7		
ENSG00000104983	CCDC61	5.7		
ENSG00000104998	IL27RA	5.1		
ENSG00000105011	ASF1B	41.8		
ENSG00000105048	TNNT1	24.0		
ENSG00000105053	VRK3	21.3		
ENSG00000105058	FAM32A	122.4		
ENSG00000105063	PPP6R1	10.3		
ENSG00000105072	C19orf44	3.9		
ENSG00000105085	MED26	5.9		
ENSG00000105088	OLFM2	9.8		
ENSG00000105122	RASAL3	0.0		
ENSG00000105127	AKAP8	5.1		
ENSG00000105131	EPHX3	0.0		
ENSG00000105135	ILVBL	20.9		
ENSG00000105136	ZNF419	4.9		
ENSG00000105137	SYDE1	7.0		
ENSG00000105141	CASP14	0.0		
ENSG00000105143	SLC1A6	7.4		
ENSG00000105146	AURKC	0.0		
ENSG00000105171	POP4	10.8		
ENSG00000105173	CCNE1	28.8		
ENSG00000105176	URI1	84.8		
ENSG00000105185	PDCD5	213.6		
ENSG00000105186	ANKRD27	29.6		
ENSG00000105193	RPS16	1562.2		
ENSG00000105197	TIMM50	100.9		
ENSG00000105198	LGALS13	0.0		
ENSG00000105202	FBL	308.2		
ENSG00000105204	DYRK1B	1.3		
ENSG00000105205	CLC	0.0		
ENSG00000105219	CCNP	0.0		
ENSG00000105220	GPI	337.7		
ENSG00000105221	AKT2	66.8		
ENSG00000105223	PLD3	39.9		
ENSG00000105227	PRX	1.0		
ENSG00000105229	PIAS4	10.0		
ENSG00000105245	NUMBL	7.1		
ENSG00000105246	EBI3	0.0		
ENSG00000105248	YJU2	26.1		
ENSG00000105251	SHD	0.0		
ENSG00000105254	TBCB	99.8		
ENSG00000105255	FSD1	17.0		
ENSG00000105258	POLR2I	60.4		
ENSG00000105261	OVOL3	0.0		
ENSG00000105270	CLIP3	0.6		
ENSG00000105278	ZFR2	1.3		
ENSG00000105281	SLC1A5	224.9		
ENSG00000105287	PRKD2	9.5		
ENSG00000105289	TJP3	0.6		
ENSG00000105290	APLP1	26.1		
ENSG00000105298	CACTIN	10.8		
ENSG00000105321	CCDC9	19.7		
ENSG00000105323	HNRNPUL1	208.1		
ENSG00000105325	FZR1	13.7		
ENSG00000105327	BBC3	1.3		
ENSG00000105329	TGFB1	17.8		
ENSG00000105339	DENND3	4.2		
ENSG00000105341	DMAC2	36.9		
ENSG00000105352	CEACAM4	0.0		
ENSG00000105355	PLIN3	25.1		
ENSG00000105357	MYH14	0.1		
ENSG00000105364	MRPL4	71.6		
ENSG00000105366	SIGLEC8	0.0		
ENSG00000105369	CD79A	0.2		
ENSG00000105370	LIM2	0.0		
ENSG00000105371	ICAM4	0.1		
ENSG00000105372	RPS19	2701.4		
ENSG00000105373	NOP53	52.9		
ENSG00000105374	NKG7	0.0		
ENSG00000105376	ICAM5	0.2		
ENSG00000105379	ETFB	83.3		
ENSG00000105383	CD33	0.0		
ENSG00000105388	CEACAM5	0.0		
ENSG00000105392	CRX	0.0		
ENSG00000105393	BABAM1	79.7		
ENSG00000105397	TYK2	29.4		
ENSG00000105398	SULT2A1	0.0		
ENSG00000105401	CDC37	130.6		
ENSG00000105402	NAPA	77.7		
ENSG00000105404	RABAC1	21.9		
ENSG00000105409	ATP1A3	16.2		
ENSG00000105419	MEIS3	8.1		
ENSG00000105426	PTPRS	15.1		
ENSG00000105427	CNFN	1.5		
ENSG00000105428	ZNRF4	0.0		
ENSG00000105429	MEGF8	16.2		
ENSG00000105438	KDELR1	211.1		
ENSG00000105443	CYTH2	21.1		
ENSG00000105447	GRWD1	62.7		
ENSG00000105464	GRIN2D	0.1		
ENSG00000105467	SYNGR4	0.0		
ENSG00000105472	CLEC11A	0.4		
ENSG00000105479	CCDC114	0.0		
ENSG00000105483	CARD8	16.9		
ENSG00000105486	LIG1	24.7		
ENSG00000105492	SIGLEC6	0.0		
ENSG00000105497	ZNF175	6.8		
ENSG00000105499	PLA2G4C	0.0		
ENSG00000105501	SIGLEC5	0.0		
ENSG00000105507	CABP5	0.0		
ENSG00000105509	HAS1	0.1		
ENSG00000105514	RAB3D	7.5		
ENSG00000105516	DBP	12.6		
ENSG00000105518	TMEM205	40.5		
ENSG00000105519	CAPS	0.1		
ENSG00000105520	PLPPR2	4.4		
ENSG00000105523	FAM83E	0.1		
ENSG00000105538	RASIP1	0.2		
ENSG00000105549	THEG	0.0		
ENSG00000105550	FGF21	0.0		
ENSG00000105552	BCAT2	29.8		
ENSG00000105556	MIER2	4.5		
ENSG00000105559	PLEKHA4	3.5		
ENSG00000105568	PPP2R1A	228.0		
ENSG00000105576	TNPO2	109.2		
ENSG00000105583	WDR83OS	242.7		
ENSG00000105605	CACNG7	5.0		
ENSG00000105607	GCDH	20.8		
ENSG00000105609	LILRB5	0.0		
ENSG00000105610	KLF1	0.0		
ENSG00000105612	DNASE2	30.7		
ENSG00000105613	MAST1	6.8		
ENSG00000105617	LENG1	0.1		
ENSG00000105618	PRPF31	64.6		
ENSG00000105619	TFPT	10.8		
ENSG00000105639	JAK3	0.0		
ENSG00000105640	RPL18A	1555.9		
ENSG00000105641	SLC5A5	0.0		
ENSG00000105642	KCNN1	5.3		
ENSG00000105643	ARRDC2	8.4		
ENSG00000105647	PIK3R2	15.6		
ENSG00000105649	RAB3A	16.6		
ENSG00000105650	PDE4C	0.0		
ENSG00000105655	ISYNA1	3.0		
ENSG00000105656	ELL	4.7		
ENSG00000105662	CRTC1	2.1		
ENSG00000105664	COMP	1.2		
ENSG00000105668	UPK1A	0.1		
ENSG00000105669	COPE	82.5		
ENSG00000105671	DDX49	42.9		
ENSG00000105672	ETV2	0.1		
ENSG00000105675	ATP4A	0.0		
ENSG00000105676	ARMC6	73.7		
ENSG00000105677	TMEM147	119.9		
ENSG00000105679	GAPDHS	0.0		
ENSG00000105695	MAG	0.0		
ENSG00000105696	TMEM59L	10.7		
ENSG00000105697	HAMP	0.3		
ENSG00000105698	USF2	88.6		
ENSG00000105699	LSR	44.3		
ENSG00000105700	KXD1	153.0		
ENSG00000105701	FKBP8	65.0		
ENSG00000105705	SUGP1	6.4		
ENSG00000105707	HPN	0.0		
ENSG00000105708	ZNF14	4.9		
ENSG00000105711	SCN1B	1.1		
ENSG00000105717	PBX4	1.4		
ENSG00000105722	ERF	42.1		
ENSG00000105723	GSK3A	49.5		
ENSG00000105726	ATP13A1	37.2		
ENSG00000105732	ZNF574	10.4		
ENSG00000105737	GRIK5	0.2		
ENSG00000105738	SIPA1L3	6.7		
ENSG00000105750	ZNF85	0.2		
ENSG00000105755	ETHE1	20.6		
ENSG00000105767	CADM4	15.1		
ENSG00000105771	SMG9	22.9		
ENSG00000105778	AVL9	16.7		
ENSG00000105784	RUNDC3B	0.6		
ENSG00000105792	CFAP69	1.1		
ENSG00000105793	GTPBP10	32.4		
ENSG00000105808	RASA4	0.6		
ENSG00000105810	CDK6	20.8		
ENSG00000105819	PMPCB	59.7		
ENSG00000105821	DNAJC2	57.5		
ENSG00000105825	TFPI2	1.1		
ENSG00000105829	BET1	18.9		
ENSG00000105835	NAMPT	38.8		
ENSG00000105849	POLR1F	30.9		
ENSG00000105851	PIK3CG	0.0		
ENSG00000105852	PON3	0.0		
ENSG00000105854	PON2	46.2		
ENSG00000105855	ITGB8	1.9		
ENSG00000105856	HBP1	7.7		
ENSG00000105865	DUS4L	1.7		
ENSG00000105866	SP4	10.0		
ENSG00000105875	WDR91	4.6		
ENSG00000105877	DNAH11	0.0		
ENSG00000105879	CBLL1	33.4		
ENSG00000105880	DLX5	27.2		
ENSG00000105887	MTPN	107.1		
ENSG00000105889	STEAP1B	12.3		
ENSG00000105894	PTN	0.0		
ENSG00000105926	MPP6	26.7		
ENSG00000105928	GSDME	5.8		
ENSG00000105929	ATP6V0A4	0.0		
ENSG00000105939	ZC3HAV1	33.2		
ENSG00000105948	TTC26	9.5		
ENSG00000105953	OGDH	85.7		
ENSG00000105954	NPVF	0.0		
ENSG00000105963	ADAP1	5.9		
ENSG00000105967	TFEC	0.0		
ENSG00000105968	H2AZ2	286.9		
ENSG00000105971	CAV2	2.9		
ENSG00000105974	CAV1	2.2		
ENSG00000105976	MET	19.7		
ENSG00000105982	RNF32	0.0		
ENSG00000105983	LMBR1	28.4		
ENSG00000105989	WNT2	0.0		
ENSG00000105991	HOXA1	4.6		
ENSG00000105993	DNAJB6	87.3		
ENSG00000105996	HOXA2	0.2		
ENSG00000105997	HOXA3	0.7		
ENSG00000106003	LFNG	2.9		
ENSG00000106004	HOXA5	5.3		
ENSG00000106006	HOXA6	1.5		
ENSG00000106009	BRAT1	8.8		
ENSG00000106012	IQCE	5.1		
ENSG00000106013	ANKRD7	0.0		
ENSG00000106018	VIPR2	0.0		
ENSG00000106025	TSPAN12	7.7		
ENSG00000106028	SSBP1	349.5		
ENSG00000106031	HOXA13	26.9		
ENSG00000106034	CPED1	0.4		
ENSG00000106038	EVX1	1.2		
ENSG00000106049	HIBADH	34.5		
ENSG00000106052	TAX1BP1	92.8		
ENSG00000106066	CPVL	51.8		
ENSG00000106069	CHN2	10.1		
ENSG00000106070	GRB10	53.5		
ENSG00000106077	ABHD11	3.2		
ENSG00000106078	COBL	12.0		
ENSG00000106080	FKBP14	8.1		
ENSG00000106086	PLEKHA8	18.2		
ENSG00000106089	STX1A	5.0		
ENSG00000106100	NOD1	3.5		
ENSG00000106105	GARS1	262.6		
ENSG00000106113	CRHR2	0.0		
ENSG00000106123	EPHB6	0.4		
ENSG00000106125	MINDY4	2.1		
ENSG00000106128	GHRHR	0.0		
ENSG00000106144	CASP2	29.4		
ENSG00000106153	CHCHD2	456.5		
ENSG00000106178	CCL24	0.2		
ENSG00000106211	HSPB1	359.0		
ENSG00000106236	NPTX2	0.9		
ENSG00000106244	PDAP1	66.3		
ENSG00000106245	BUD31	76.0		
ENSG00000106246	PTCD1	4.0		
ENSG00000106258	CYP3A5	0.0		
ENSG00000106261	ZKSCAN1	18.4		
ENSG00000106263	EIF3B	287.1		
ENSG00000106266	SNX8	13.6		
ENSG00000106268	NUDT1	63.8		
ENSG00000106278	PTPRZ1	0.0		
ENSG00000106290	TAF6	90.6		
ENSG00000106299	WASL	50.1		
ENSG00000106302	HYAL4	0.0		
ENSG00000106304	SPAM1	0.0		
ENSG00000106305	AIMP2	113.6		
ENSG00000106327	TFR2	0.0		
ENSG00000106328	FSCN3	0.0		
ENSG00000106330	MOSPD3	7.5		
ENSG00000106331	PAX4	0.0		
ENSG00000106333	PCOLCE	0.0		
ENSG00000106336	FBXO24	0.0		
ENSG00000106341	PPP1R17	0.0		
ENSG00000106344	RBM28	53.2		
ENSG00000106346	USP42	11.1		
ENSG00000106348	IMPDH1	78.6		
ENSG00000106351	AGFG2	2.4		
ENSG00000106355	LSM5	121.1		
ENSG00000106366	SERPINE1	0.4		
ENSG00000106367	AP1S1	35.3		
ENSG00000106384	MOGAT3	0.1		
ENSG00000106392	C1GALT1	14.0		
ENSG00000106397	PLOD3	50.0		
ENSG00000106399	RPA3	64.5		
ENSG00000106400	ZNHIT1	56.5		
ENSG00000106404	CLDN15	8.8		
ENSG00000106410	NOBOX	0.0		
ENSG00000106415	GLCCI1	7.7		
ENSG00000106436	MYL10	0.1		
ENSG00000106443	PHF14	42.4		
ENSG00000106459	NRF1	19.7		
ENSG00000106460	TMEM106B	11.9		
ENSG00000106462	EZH2	52.1		
ENSG00000106477	CEP41	17.6		
ENSG00000106479	ZNF862	2.3		
ENSG00000106483	SFRP4	0.0		
ENSG00000106484	MEST	2.9		
ENSG00000106511	MEOX2	0.0		
ENSG00000106524	ANKMY2	15.4		
ENSG00000106526	ACTR3C	0.0		
ENSG00000106536	POU6F2	0.3		
ENSG00000106537	TSPAN13	56.2		
ENSG00000106538	RARRES2	0.0		
ENSG00000106541	AGR2	0.0		
ENSG00000106546	AHR	1.6		
ENSG00000106554	CHCHD3	117.0		
ENSG00000106560	GIMAP2	0.0		
ENSG00000106565	TMEM176B	0.1		
ENSG00000106571	GLI3	8.7		
ENSG00000106588	PSMA2	254.3		
ENSG00000106591	MRPL32	98.6		
ENSG00000106603	COA1	88.9		
ENSG00000106605	BLVRA	82.1		
ENSG00000106608	URGCP	28.0		
ENSG00000106609	TMEM248	38.3		
ENSG00000106615	RHEB	126.3		
ENSG00000106617	PRKAG2	5.7		
ENSG00000106624	AEBP1	2.4		
ENSG00000106628	POLD2	188.9		
ENSG00000106631	MYL7	0.0		
ENSG00000106633	GCK	0.2		
ENSG00000106635	BCL7B	19.4		
ENSG00000106636	YKT6	83.1		
ENSG00000106638	TBL2	18.2		
ENSG00000106648	GALNTL5	0.0		
ENSG00000106665	CLIP2	3.6		
ENSG00000106682	EIF4H	280.5		
ENSG00000106683	LIMK1	10.1		
ENSG00000106686	SPATA6L	0.2		
ENSG00000106688	SLC1A1	3.6		
ENSG00000106689	LHX2	23.5		
ENSG00000106692	FKTN	7.9		
ENSG00000106701	FSD1L	3.6		
ENSG00000106714	CNTNAP3	1.9		
ENSG00000106723	SPIN1	40.6		
ENSG00000106733	NMRK1	3.8		
ENSG00000106771	TMEM245	39.1		
ENSG00000106772	PRUNE2	0.1		
ENSG00000106780	MEGF9	24.1		
ENSG00000106785	TRIM14	24.9		
ENSG00000106789	CORO2A	7.7		
ENSG00000106799	TGFBR1	39.6		
ENSG00000106803	SEC61B	171.9		
ENSG00000106804	C5	0.3		
ENSG00000106809	OGN	0.0		
ENSG00000106819	ASPN	0.0		
ENSG00000106823	ECM2	0.9		
ENSG00000106829	TLE4	5.0		
ENSG00000106852	LHX6	1.4		
ENSG00000106853	PTGR1	47.5		
ENSG00000106868	SUSD1	4.7		
ENSG00000106927	AMBP	0.0		
ENSG00000106948	AKNA	3.7		
ENSG00000106952	TNFSF8	0.0		
ENSG00000106976	DNM1	1.8		
ENSG00000106991	ENG	0.0		
ENSG00000106992	AK1	0.3		
ENSG00000106993	CDC37L1	8.8		
ENSG00000107014	RLN2	0.0		
ENSG00000107018	RLN1	0.0		
ENSG00000107020	PLGRKT	21.9		
ENSG00000107021	TBC1D13	14.2		
ENSG00000107036	RIC1	13.9		
ENSG00000107077	KDM4C	8.6		
ENSG00000107099	DOCK8	0.8		
ENSG00000107104	KANK1	15.7		
ENSG00000107105	ELAVL2	9.9		
ENSG00000107130	NCS1	42.5		
ENSG00000107140	TESK1	6.8		
ENSG00000107147	KCNT1	0.0		
ENSG00000107159	CA9	0.0		
ENSG00000107164	FUBP3	51.5		
ENSG00000107165	TYRP1	0.0		
ENSG00000107175	CREB3	25.0		
ENSG00000107185	RGP1	18.3		
ENSG00000107186	MPDZ	17.3		
ENSG00000107187	LHX3	0.0		
ENSG00000107201	DDX58	2.3		
ENSG00000107223	EDF1	277.0		
ENSG00000107242	PIP5K1B	0.4		
ENSG00000107249	GLIS3	2.0		
ENSG00000107262	BAG1	54.8		
ENSG00000107263	RAPGEF1	45.1		
ENSG00000107281	NPDC1	8.6		
ENSG00000107282	APBA1	17.2		
ENSG00000107290	SETX	22.8		
ENSG00000107295	SH3GL2	0.6		
ENSG00000107317	PTGDS	0.6		
ENSG00000107331	ABCA2	2.9		
ENSG00000107338	SHB	5.8		
ENSG00000107341	UBE2R2	41.5		
ENSG00000107362	ABHD17B	27.5		
ENSG00000107371	EXOSC3	28.3		
ENSG00000107372	ZFAND5	305.1		
ENSG00000107404	DVL1	13.2		
ENSG00000107438	PDLIM1	91.5		
ENSG00000107443	CCNJ	27.4		
ENSG00000107447	DNTT	0.0		
ENSG00000107485	GATA3	3.2		
ENSG00000107518	ATRNL1	1.6		
ENSG00000107521	HPS1	7.7		
ENSG00000107537	PHYH	20.5		
ENSG00000107551	RASSF4	2.6		
ENSG00000107554	DNMBP	21.6		
ENSG00000107560	RAB11FIP2	10.1		
ENSG00000107562	CXCL12	0.8		
ENSG00000107566	ERLIN1	42.6		
ENSG00000107581	EIF3A	202.5		
ENSG00000107593	PKD2L1	0.0		
ENSG00000107611	CUBN	0.0		
ENSG00000107614	TRDMT1	3.7		
ENSG00000107625	DDX50	53.4		
ENSG00000107643	MAPK8	10.2		
ENSG00000107651	SEC23IP	27.9		
ENSG00000107669	ATE1	14.5		
ENSG00000107672	NSMCE4A	32.5		
ENSG00000107679	PLEKHA1	22.3		
ENSG00000107719	PALD1	11.9		
ENSG00000107731	UNC5B	1.4		
ENSG00000107736	CDH23	1.3		
ENSG00000107738	VSIR	0.0		
ENSG00000107742	SPOCK2	0.0		
ENSG00000107745	MICU1	57.7		
ENSG00000107758	PPP3CB	41.6		
ENSG00000107771	CCSER2	11.5		
ENSG00000107779	BMPR1A	15.8		
ENSG00000107789	MINPP1	29.9		
ENSG00000107796	ACTA2	1.8		
ENSG00000107798	LIPA	13.8		
ENSG00000107807	TLX1	5.5		
ENSG00000107815	TWNK	52.2		
ENSG00000107816	LZTS2	21.5		
ENSG00000107819	SFXN3	7.9		
ENSG00000107821	KAZALD1	1.9		
ENSG00000107829	FBXW4	11.0		
ENSG00000107831	FGF8	0.3		
ENSG00000107833	NPM3	192.6		
ENSG00000107854	TNKS2	31.0		
ENSG00000107859	PITX3	0.0		
ENSG00000107862	GBF1	45.9		
ENSG00000107863	ARHGAP21	31.6		
ENSG00000107864	CPEB3	0.9		
ENSG00000107872	FBXL15	1.8		
ENSG00000107874	CUEDC2	65.0		
ENSG00000107882	SUFU	17.8		
ENSG00000107890	ANKRD26	9.6		
ENSG00000107897	ACBD5	23.2		
ENSG00000107902	LHPP	1.4		
ENSG00000107929	LARP4B	38.5		
ENSG00000107937	GTPBP4	77.4		
ENSG00000107938	EDRF1	22.6		
ENSG00000107949	BCCIP	219.3		
ENSG00000107951	MTPAP	31.1		
ENSG00000107954	NEURL1	0.4		
ENSG00000107957	SH3PXD2A	0.8		
ENSG00000107959	PITRM1	37.8		
ENSG00000107960	STN1	8.7		
ENSG00000107968	MAP3K8	8.4		
ENSG00000107984	DKK1	0.3		
ENSG00000108001	EBF3	13.6		
ENSG00000108010	GLRX3	170.8		
ENSG00000108018	SORCS1	0.0		
ENSG00000108021	TASOR2	57.5		
ENSG00000108039	XPNPEP1	41.7		
ENSG00000108055	SMC3	68.7		
ENSG00000108061	SHOC2	27.8		
ENSG00000108064	TFAM	97.6		
ENSG00000108091	CCDC6	37.7		
ENSG00000108094	CUL2	55.4		
ENSG00000108100	CCNY	26.3		
ENSG00000108106	UBE2S	243.6		
ENSG00000108107	RPL28	990.0		
ENSG00000108175	ZMIZ1	9.2		
ENSG00000108176	DNAJC12	0.9		
ENSG00000108179	PPIF	195.3		
ENSG00000108187	PBLD	3.3		
ENSG00000108219	TSPAN14	35.9		
ENSG00000108231	LGI1	0.0		
ENSG00000108239	TBC1D12	4.9		
ENSG00000108242	CYP2C18	0.0		
ENSG00000108244	KRT23	0.0		
ENSG00000108255	CRYBA1	0.0		
ENSG00000108256	NUFIP2	31.4		
ENSG00000108262	GIT1	41.6		
ENSG00000108298	RPL19	2807.4		
ENSG00000108306	FBXL20	9.4		
ENSG00000108309	RUNDC3A	0.0		
ENSG00000108312	UBTF	99.1		
ENSG00000108342	CSF3	0.0		
ENSG00000108344	PSMD3	238.6		
ENSG00000108349	CASC3	71.8		
ENSG00000108352	RAPGEFL1	2.7		
ENSG00000108370	RGS9	0.0		
ENSG00000108375	RNF43	0.6		
ENSG00000108379	WNT3	0.4		
ENSG00000108381	ASPA	0.3		
ENSG00000108384	RAD51C	59.5		
ENSG00000108387	SEPTIN4	1.8		
ENSG00000108389	MTMR4	37.2		
ENSG00000108395	TRIM37	31.5		
ENSG00000108405	P2RX1	0.0		
ENSG00000108406	DHX40	46.5		
ENSG00000108417	KRT37	0.0		
ENSG00000108423	TUBD1	17.4		
ENSG00000108424	KPNB1	607.2		
ENSG00000108433	GOSR2	43.4		
ENSG00000108439	PNPO	19.4		
ENSG00000108443	RPS6KB1	36.0		
ENSG00000108465	CDK5RAP3	41.6		
ENSG00000108468	CBX1	146.3		
ENSG00000108469	RECQL5	14.4		
ENSG00000108474	PIGL	14.7		
ENSG00000108479	GALK1	5.0		
ENSG00000108506	INTS2	14.3		
ENSG00000108509	CAMTA2	16.2		
ENSG00000108510	MED13	28.2		
ENSG00000108511	HOXB6	1.4		
ENSG00000108515	ENO3	3.8		
ENSG00000108518	PFN1	1383.6		
ENSG00000108523	RNF167	103.2		
ENSG00000108528	SLC25A11	88.1		
ENSG00000108551	RASD1	0.3		
ENSG00000108556	CHRNE	0.0		
ENSG00000108557	RAI1	8.5		
ENSG00000108559	NUP88	73.6		
ENSG00000108561	C1QBP	756.7		
ENSG00000108576	SLC6A4	0.0		
ENSG00000108578	BLMH	135.5		
ENSG00000108582	CPD	32.7		
ENSG00000108587	GOSR1	43.1		
ENSG00000108588	CCDC47	99.3		
ENSG00000108590	MED31	29.2		
ENSG00000108591	DRG2	28.5		
ENSG00000108592	FTSJ3	69.3		
ENSG00000108599	AKAP10	18.1		
ENSG00000108602	ALDH3A1	0.7		
ENSG00000108604	SMARCD2	65.7		
ENSG00000108622	ICAM2	1.2		
ENSG00000108639	SYNGR2	39.9		
ENSG00000108641	B9D1	11.2		
ENSG00000108651	UTP6	16.7		
ENSG00000108654	DDX5	361.6		
ENSG00000108666	C17orf75	32.8		
ENSG00000108669	CYTH1	8.1		
ENSG00000108671	PSMD11	114.5		
ENSG00000108679	LGALS3BP	53.6		
ENSG00000108684	ASIC2	0.0		
ENSG00000108688	CCL7	0.0		
ENSG00000108691	CCL2	4.3		
ENSG00000108700	CCL8	0.0		
ENSG00000108702	CCL1	0.0		
ENSG00000108733	PEX12	6.6		
ENSG00000108759	KRT32	0.0		
ENSG00000108771	DHX58	0.2		
ENSG00000108773	KAT2A	27.9		
ENSG00000108774	RAB5C	179.1		
ENSG00000108784	NAGLU	9.7		
ENSG00000108786	HSD17B1	0.7		
ENSG00000108788	MLX	59.4		
ENSG00000108797	CNTNAP1	6.4		
ENSG00000108798	ABI3	0.0		
ENSG00000108799	EZH1	8.1		
ENSG00000108813	DLX4	11.2		
ENSG00000108819	PPP1R9B	24.9		
ENSG00000108821	COL1A1	8.3		
ENSG00000108823	SGCA	0.0		
ENSG00000108825	PTGES3L-AARSD1	0.3		
ENSG00000108826	MRPL27	160.9		
ENSG00000108828	VAT1	94.1		
ENSG00000108829	LRRC59	205.2		
ENSG00000108830	RND2	12.1		
ENSG00000108839	ALOX12	0.0		
ENSG00000108840	HDAC5	17.6		
ENSG00000108846	ABCC3	0.0		
ENSG00000108848	LUC7L3	149.4		
ENSG00000108849	PPY	0.0		
ENSG00000108852	MPP2	15.1		
ENSG00000108854	SMURF2	16.0		
ENSG00000108861	DUSP3	33.7		
ENSG00000108878	CACNG1	0.0		
ENSG00000108883	EFTUD2	181.5		
ENSG00000108924	HLF	0.4		
ENSG00000108932	SLC16A6	2.5		
ENSG00000108946	PRKAR1A	168.8		
ENSG00000108947	EFNB3	13.9		
ENSG00000108950	FAM20A	0.2		
ENSG00000108953	YWHAE	859.2		
ENSG00000108960	MMD	18.8		
ENSG00000108961	RANGRF	77.7		
ENSG00000108963	DPH1	20.7		
ENSG00000108984	MAP2K6	6.1		
ENSG00000109016	DHRS7B	10.6		
ENSG00000109046	WSB1	40.0		
ENSG00000109047	RCVRN	0.0		
ENSG00000109061	MYH1	0.0		
ENSG00000109062	SLC9A3R1	69.8		
ENSG00000109063	MYH3	0.5		
ENSG00000109065	NAT9	25.6		
ENSG00000109066	TMEM104	13.8		
ENSG00000109072	VTN	0.0		
ENSG00000109079	TNFAIP1	22.3		
ENSG00000109083	IFT20	16.9		
ENSG00000109084	TMEM97	137.1		
ENSG00000109089	CDR2L	11.0		
ENSG00000109099	PMP22	74.0		
ENSG00000109101	FOXN1	0.0		
ENSG00000109103	UNC119	25.6		
ENSG00000109107	ALDOC	10.3		
ENSG00000109111	SUPT6H	73.6		
ENSG00000109113	RAB34	1.9		
ENSG00000109118	PHF12	21.5		
ENSG00000109132	PHOX2B	1.4		
ENSG00000109133	TMEM33	124.4		
ENSG00000109158	GABRA4	0.0		
ENSG00000109163	GNRHR	0.0		
ENSG00000109171	SLAIN2	91.5		
ENSG00000109180	OCIAD1	229.4		
ENSG00000109181	UGT2B10	0.0		
ENSG00000109182	CWH43	0.0		
ENSG00000109184	DCUN1D4	31.0		
ENSG00000109189	USP46	31.6		
ENSG00000109193	SULT1E1	0.0		
ENSG00000109205	ODAM	0.0		
ENSG00000109208	SMR3A	0.0		
ENSG00000109220	CHIC2	17.9		
ENSG00000109255	NMU	46.1		
ENSG00000109265	CRACD	9.6		
ENSG00000109270	LAMTOR3	26.1		
ENSG00000109272	PF4V1	0.0		
ENSG00000109320	NFKB1	22.0		
ENSG00000109321	AREG	0.1		
ENSG00000109323	MANBA	3.0		
ENSG00000109332	UBE2D3	294.7		
ENSG00000109339	MAPK10	1.8		
ENSG00000109381	ELF2	41.2		
ENSG00000109390	NDUFC1	38.6		
ENSG00000109424	UCP1	3.3		
ENSG00000109436	TBC1D9	13.7		
ENSG00000109445	ZNF330	52.6		
ENSG00000109452	INPP4B	0.0		
ENSG00000109458	GAB1	16.2		
ENSG00000109466	KLHL2	16.1		
ENSG00000109471	IL2	0.0		
ENSG00000109472	CPE	20.4		
ENSG00000109475	RPL34	1064.4		
ENSG00000109501	WFS1	6.8		
ENSG00000109511	ANXA10	0.0		
ENSG00000109519	GRPEL1	45.0		
ENSG00000109534	GAR1	68.8		
ENSG00000109536	FRG1	20.3		
ENSG00000109572	CLCN3	61.2		
ENSG00000109576	AADAT	11.3		
ENSG00000109586	GALNT7	15.0		
ENSG00000109606	DHX15	272.1		
ENSG00000109610	SOD3	0.0		
ENSG00000109618	SEPSECS	3.5		
ENSG00000109625	CPZ	0.0		
ENSG00000109654	TRIM2	24.7		
ENSG00000109667	SLC2A9	0.0		
ENSG00000109670	FBXW7	16.9		
ENSG00000109674	NEIL3	17.4		
ENSG00000109680	TBC1D19	4.8		
ENSG00000109684	CLNK	0.0		
ENSG00000109685	NSD2	114.4		
ENSG00000109686	SH3D19	12.8		
ENSG00000109689	STIM2	10.4		
ENSG00000109705	NKX3-2	4.3		
ENSG00000109736	MFSD10	12.1		
ENSG00000109738	GLRB	7.2		
ENSG00000109743	BST1	3.3		
ENSG00000109756	RAPGEF2	19.1		
ENSG00000109758	HGFAC	0.0		
ENSG00000109762	SNX25	8.9		
ENSG00000109771	LRP2BP	0.3		
ENSG00000109775	UFSP2	20.4		
ENSG00000109787	KLF3	14.9		
ENSG00000109790	KLHL5	50.7		
ENSG00000109794	FAM149A	5.3		
ENSG00000109805	NCAPG	54.5		
ENSG00000109814	UGDH	56.0		
ENSG00000109819	PPARGC1A	0.3		
ENSG00000109832	DDX25	1.2		
ENSG00000109846	CRYAB	1.8		
ENSG00000109851	DBX1	0.0		
ENSG00000109854	HTATIP2	0.0		
ENSG00000109861	CTSC	50.4		
ENSG00000109881	CCDC34	41.9		
ENSG00000109906	ZBTB16	0.0		
ENSG00000109911	ELP4	16.5		
ENSG00000109917	ZPR1	53.9		
ENSG00000109919	MTCH2	77.7		
ENSG00000109920	FNBP4	15.8		
ENSG00000109927	TECTA	0.2		
ENSG00000109929	SC5D	59.2		
ENSG00000109943	CRTAM	0.0		
ENSG00000109944	JHY	2.7		
ENSG00000109956	B3GAT1	1.6		
ENSG00000109971	HSPA8	4091.6		
ENSG00000109991	P2RX3	0.0		
ENSG00000110002	VWA5A	1.5		
ENSG00000110011	DNAJC4	13.5		
ENSG00000110013	SIAE	12.8		
ENSG00000110025	SNX15	16.8		
ENSG00000110031	LPXN	1.7		
ENSG00000110042	DTX4	9.5		
ENSG00000110046	ATG2A	4.5		
ENSG00000110047	EHD1	27.3		
ENSG00000110048	OSBP	45.4		
ENSG00000110057	UNC93B1	1.0		
ENSG00000110060	PUS3	37.6		
ENSG00000110063	DCPS	14.4		
ENSG00000110066	KMT5B	26.2		
ENSG00000110074	FOXRED1	51.7		
ENSG00000110075	PPP6R3	94.6		
ENSG00000110076	NRXN2	3.3		
ENSG00000110077	MS4A6A	0.0		
ENSG00000110079	MS4A4A	0.5		
ENSG00000110080	ST3GAL4	34.0		
ENSG00000110090	CPT1A	63.9		
ENSG00000110092	CCND1	6.5		
ENSG00000110104	CCDC86	94.2		
ENSG00000110107	PRPF19	229.2		
ENSG00000110108	TMEM109	73.2		
ENSG00000110148	CCKBR	8.4		
ENSG00000110169	HPX	0.0		
ENSG00000110171	TRIM3	5.1		
ENSG00000110172	CHORDC1	76.7		
ENSG00000110195	FOLR1	2.4		
ENSG00000110200	ANAPC15	133.4		
ENSG00000110203	FOLR3	0.0		
ENSG00000110218	PANX1	20.9		
ENSG00000110237	ARHGEF17	8.1		
ENSG00000110243	APOA5	0.0		
ENSG00000110244	APOA4	0.0		
ENSG00000110245	APOC3	0.0		
ENSG00000110274	CEP164	14.6		
ENSG00000110315	RNF141	15.3		
ENSG00000110318	CEP126	0.7		
ENSG00000110321	EIF4G2	1048.1		
ENSG00000110324	IL10RA	0.5		
ENSG00000110328	GALNT18	9.9		
ENSG00000110330	BIRC2	24.5		
ENSG00000110344	UBE4A	31.9		
ENSG00000110367	DDX6	88.8		
ENSG00000110375	UPK2	0.0		
ENSG00000110395	CBL	18.4		
ENSG00000110400	NECTIN1	32.5		
ENSG00000110422	HIPK3	10.2		
ENSG00000110427	KIAA1549L	0.9		
ENSG00000110429	FBXO3	34.8		
ENSG00000110435	PDHX	58.9		
ENSG00000110436	SLC1A2	0.0		
ENSG00000110442	COMMD9	64.0		
ENSG00000110446	SLC15A3	0.0		
ENSG00000110448	CD5	0.0		
ENSG00000110455	ACCS	2.4		
ENSG00000110484	SCGB2A2	0.0		
ENSG00000110492	MDK	431.8		
ENSG00000110497	AMBRA1	7.9		
ENSG00000110514	MADD	25.2		
ENSG00000110536	PTPMT1	16.9		
ENSG00000110583	NAA40	18.3		
ENSG00000110619	CARS1	58.3		
ENSG00000110628	SLC22A18	0.4		
ENSG00000110651	CD81	167.3		
ENSG00000110660	SLC35F2	37.3		
ENSG00000110665	C11orf21	0.0		
ENSG00000110675	ELMOD1	2.8		
ENSG00000110680	CALCA	0.0		
ENSG00000110693	SOX6	4.4		
ENSG00000110696	C11orf58	275.0		
ENSG00000110697	PITPNM1	14.5		
ENSG00000110700	RPS13	2213.2		
ENSG00000110711	AIP	59.2		
ENSG00000110713	NUP98	90.0		
ENSG00000110717	NDUFS8	108.8		
ENSG00000110719	TCIRG1	3.7		
ENSG00000110721	CHKA	34.4		
ENSG00000110723	EXPH5	5.7		
ENSG00000110756	HPS5	10.6		
ENSG00000110768	GTF2H1	19.1		
ENSG00000110777	POU2AF1	0.9		
ENSG00000110786	PTPN5	0.0		
ENSG00000110799	VWF	0.0		
ENSG00000110801	PSMD9	20.0		
ENSG00000110811	P3H3	4.4		
ENSG00000110841	PPFIBP1	16.3		
ENSG00000110844	PRPF40B	6.3		
ENSG00000110848	CD69	1.5		
ENSG00000110851	PRDM4	23.5		
ENSG00000110852	CLEC2B	8.0		
ENSG00000110871	COQ5	44.2		
ENSG00000110876	SELPLG	0.1		
ENSG00000110880	CORO1C	153.3		
ENSG00000110881	ASIC1	8.7		
ENSG00000110887	DAO	0.0		
ENSG00000110888	CAPRIN2	5.0		
ENSG00000110900	TSPAN11	0.3		
ENSG00000110906	KCTD10	30.7		
ENSG00000110911	SLC11A2	26.6		
ENSG00000110917	MLEC	140.4		
ENSG00000110921	MVK	31.6		
ENSG00000110925	CSRNP2	14.9		
ENSG00000110931	CAMKK2	20.0		
ENSG00000110934	BIN2	0.0		
ENSG00000110944	IL23A	0.0		
ENSG00000110955	ATP5F1B	1378.1		
ENSG00000110958	PTGES3	790.0		
ENSG00000110975	SYT10	0.0		
ENSG00000110987	BCL7A	22.7		
ENSG00000111011	RSRC2	25.9		
ENSG00000111012	CYP27B1	0.5		
ENSG00000111046	MYF6	0.0		
ENSG00000111049	MYF5	0.0		
ENSG00000111052	LIN7A	25.2		
ENSG00000111057	KRT18	79.1		
ENSG00000111058	ACSS3	0.0		
ENSG00000111077	TNS2	0.1		
ENSG00000111087	GLI1	1.8		
ENSG00000111110	PPM1H	8.7		
ENSG00000111142	METAP2	187.4		
ENSG00000111144	LTA4H	103.4		
ENSG00000111145	ELK3	3.3		
ENSG00000111181	SLC6A12	0.1		
ENSG00000111186	WNT5B	3.3		
ENSG00000111196	MAGOHB	50.2		
ENSG00000111199	TRPV4	1.0		
ENSG00000111203	ITFG2	18.5		
ENSG00000111206	FOXM1	153.1		
ENSG00000111215	PRR4	0.3		
ENSG00000111218	PRMT8	0.1		
ENSG00000111224	PARP11	4.8		
ENSG00000111229	ARPC3	343.9		
ENSG00000111231	GPN3	54.2		
ENSG00000111237	VPS29	123.1		
ENSG00000111241	FGF6	0.0		
ENSG00000111245	MYL2	0.0		
ENSG00000111247	RAD51AP1	31.8		
ENSG00000111249	CUX2	1.3		
ENSG00000111252	SH2B3	5.5		
ENSG00000111254	AKAP3	1.5		
ENSG00000111261	MANSC1	7.1		
ENSG00000111262	KCNA1	0.0		
ENSG00000111266	DUSP16	14.1		
ENSG00000111269	CREBL2	20.7		
ENSG00000111271	ACAD10	7.4		
ENSG00000111275	ALDH2	0.1		
ENSG00000111276	CDKN1B	44.9		
ENSG00000111291	GPRC5D	0.0		
ENSG00000111300	NAA25	32.8		
ENSG00000111305	GSG1	0.1		
ENSG00000111319	SCNN1A	0.0		
ENSG00000111321	LTBR	0.5		
ENSG00000111325	OGFOD2	5.5		
ENSG00000111328	CDK2AP1	484.0		
ENSG00000111331	OAS3	3.3		
ENSG00000111335	OAS2	0.8		
ENSG00000111339	ART4	0.0		
ENSG00000111341	MGP	0.2		
ENSG00000111344	RASAL1	0.3		
ENSG00000111348	ARHGDIB	0.0		
ENSG00000111358	GTF2H3	46.2		
ENSG00000111361	EIF2B1	79.0		
ENSG00000111364	DDX55	32.8		
ENSG00000111371	SLC38A1	94.8		
ENSG00000111404	RERGL	0.0		
ENSG00000111405	ENDOU	0.0		
ENSG00000111412	SPRING1	21.3		
ENSG00000111424	VDR	0.5		
ENSG00000111432	FZD10	1.0		
ENSG00000111445	RFC5	66.9		
ENSG00000111450	STX2	24.4		
ENSG00000111452	ADGRD1	0.0		
ENSG00000111481	COPZ1	265.0		
ENSG00000111490	TBC1D30	5.3		
ENSG00000111530	CAND1	101.1		
ENSG00000111536	IL26	0.0		
ENSG00000111537	IFNG	0.0		
ENSG00000111540	RAB5B	51.4		
ENSG00000111554	MDM1	9.0		
ENSG00000111581	NUP107	88.4		
ENSG00000111596	CNOT2	50.2		
ENSG00000111602	TIMELESS	82.0		
ENSG00000111605	CPSF6	114.5		
ENSG00000111615	KRR1	39.1		
ENSG00000111639	MRPL51	272.4		
ENSG00000111640	GAPDH	3372.7		
ENSG00000111641	NOP2	113.9		
ENSG00000111642	CHD4	179.1		
ENSG00000111644	ACRBP	0.4		
ENSG00000111647	UHRF1BP1L	20.4		
ENSG00000111652	COPS7A	45.7		
ENSG00000111653	ING4	17.8		
ENSG00000111664	GNB3	9.2		
ENSG00000111665	CDCA3	53.3		
ENSG00000111666	CHPT1	83.8		
ENSG00000111667	USP5	98.6		
ENSG00000111669	TPI1	1671.0		
ENSG00000111670	GNPTAB	29.8		
ENSG00000111671	SPSB2	10.3		
ENSG00000111674	ENO2	173.0		
ENSG00000111676	ATN1	46.2		
ENSG00000111678	C12orf57	111.2		
ENSG00000111679	PTPN6	0.3		
ENSG00000111684	LPCAT3	19.2		
ENSG00000111696	NT5DC3	5.2		
ENSG00000111700	SLCO1B3	0.0		
ENSG00000111701	APOBEC1	0.0		
ENSG00000111704	NANOG	0.0		
ENSG00000111707	SUDS3	35.3		
ENSG00000111711	GOLT1B	23.4		
ENSG00000111713	GYS2	0.0		
ENSG00000111716	LDHB	2031.4		
ENSG00000111725	PRKAB1	22.6		
ENSG00000111726	CMAS	35.8		
ENSG00000111727	HCFC2	2.9		
ENSG00000111728	ST8SIA1	0.0		
ENSG00000111729	CLEC4A	0.9		
ENSG00000111731	C2CD5	25.2		
ENSG00000111732	AICDA	0.0		
ENSG00000111737	RAB35	45.9		
ENSG00000111752	PHC1	12.9		
ENSG00000111775	COX6A1	624.6		
ENSG00000111780	AL021546.1	0.0		
ENSG00000111783	RFX4	3.4		
ENSG00000111785	RIC8B	7.5		
ENSG00000111786	SRSF9	312.0		
ENSG00000111790	FGFR1OP2	21.3		
ENSG00000111796	KLRB1	0.4		
ENSG00000111799	COL12A1	0.5		
ENSG00000111801	BTN3A3	2.6		
ENSG00000111802	TDP2	51.2		
ENSG00000111816	FRK	0.2		
ENSG00000111817	DSE	3.3		
ENSG00000111832	RWDD1	52.6		
ENSG00000111834	RSPH4A	0.1		
ENSG00000111837	MAK	0.1		
ENSG00000111843	TMEM14C	30.1		
ENSG00000111845	PAK1IP1	35.8		
ENSG00000111846	GCNT2	0.4		
ENSG00000111850	SMIM8	7.6		
ENSG00000111859	NEDD9	36.0		
ENSG00000111860	CEP85L	2.9		
ENSG00000111863	ADTRP	0.0		
ENSG00000111875	ASF1A	27.2		
ENSG00000111877	MCM9	7.1		
ENSG00000111879	FAM184A	3.4		
ENSG00000111880	RNGTT	24.7		
ENSG00000111885	MAN1A1	7.6		
ENSG00000111886	GABRR2	0.0		
ENSG00000111897	SERINC1	72.6		
ENSG00000111906	HDDC2	53.1		
ENSG00000111907	TPD52L1	8.4		
ENSG00000111911	HINT3	18.2		
ENSG00000111912	NCOA7	12.6		
ENSG00000111913	RIPOR2	0.0		
ENSG00000111961	SASH1	7.3		
ENSG00000111962	UST	13.0		
ENSG00000111981	ULBP1	29.3		
ENSG00000112029	FBXO5	56.4		
ENSG00000112031	MTRF1L	21.3		
ENSG00000112033	PPARD	13.0		
ENSG00000112038	OPRM1	0.4		
ENSG00000112039	FANCE	13.7		
ENSG00000112041	TULP1	0.0		
ENSG00000112053	SLC26A8	0.0		
ENSG00000112062	MAPK14	47.2		
ENSG00000112077	RHAG	0.0		
ENSG00000112078	KCTD20	62.3		
ENSG00000112079	STK38	26.9		
ENSG00000112081	SRSF3	533.1		
ENSG00000112096	SOD2	39.1		
ENSG00000112110	MRPL18	205.1		
ENSG00000112115	IL17A	0.0		
ENSG00000112116	IL17F	0.0		
ENSG00000112118	MCM3	277.4		
ENSG00000112130	RNF8	24.4		
ENSG00000112137	PHACTR1	0.0		
ENSG00000112139	MDGA1	0.5		
ENSG00000112144	CILK1	17.6		
ENSG00000112146	FBXO9	58.2		
ENSG00000112149	CD83	4.8		
ENSG00000112159	MDN1	10.7		
ENSG00000112164	GLP1R	0.3		
ENSG00000112167	SAYSD1	7.3		
ENSG00000112175	BMP5	0.0		
ENSG00000112182	BACH2	0.8		
ENSG00000112183	RBM24	11.5		
ENSG00000112186	CAP2	21.3		
ENSG00000112195	TREML2	0.0		
ENSG00000112200	ZNF451	22.6		
ENSG00000112208	BAG2	22.5		
ENSG00000112210	RAB23	22.7		
ENSG00000112212	TSPO2	0.0		
ENSG00000112214	FHL5	0.0		
ENSG00000112218	GPR63	5.4		
ENSG00000112232	KHDRBS2	0.0		
ENSG00000112234	FBXL4	8.8		
ENSG00000112237	CCNC	72.2		
ENSG00000112238	PRDM13	0.0		
ENSG00000112242	E2F3	37.8		
ENSG00000112245	PTP4A1	97.0		
ENSG00000112246	SIM1	0.0		
ENSG00000112249	ASCC3	26.2		
ENSG00000112273	HDGFL1	0.0		
ENSG00000112276	BVES	3.3		
ENSG00000112280	COL9A1	0.0		
ENSG00000112282	MED23	9.9		
ENSG00000112290	WASF1	94.7		
ENSG00000112293	GPLD1	1.2		
ENSG00000112294	ALDH5A1	10.5		
ENSG00000112297	CRYBG1	0.2		
ENSG00000112299	VNN1	0.0		
ENSG00000112303	VNN2	0.0		
ENSG00000112304	ACOT13	6.7		
ENSG00000112305	SMAP1	27.4		
ENSG00000112306	RPS12	2613.1		
ENSG00000112308	C6orf62	103.7		
ENSG00000112309	B3GAT2	0.1		
ENSG00000112312	GMNN	139.4		
ENSG00000112319	EYA4	15.4		
ENSG00000112320	SOBP	7.0		
ENSG00000112333	NR2E1	0.0		
ENSG00000112335	SNX3	212.5		
ENSG00000112337	SLC17A2	0.0		
ENSG00000112339	HBS1L	121.1		
ENSG00000112343	TRIM38	3.6		
ENSG00000112357	PEX7	3.3		
ENSG00000112365	ZBTB24	10.9		
ENSG00000112367	FIG4	12.6		
ENSG00000112378	PERP	15.6		
ENSG00000112379	ARFGEF3	3.8		
ENSG00000112394	SLC16A10	49.4		
ENSG00000112406	HECA	5.6		
ENSG00000112414	ADGRG6	2.6		
ENSG00000112419	PHACTR2	2.0		
ENSG00000112425	EPM2A	1.3		
ENSG00000112462	OR12D3	0.0		
ENSG00000112473	SLC39A7	8.3		
ENSG00000112486	CCR6	0.2		
ENSG00000112494	UNC93A	0.0		
ENSG00000112499	SLC22A2	0.0		
ENSG00000112511	PHF1	0.9		
ENSG00000112514	CUTA	154.5		
ENSG00000112530	PACRG	0.8		
ENSG00000112531	QKI	134.4		
ENSG00000112539	C6orf118	0.0		
ENSG00000112541	PDE10A	2.2		
ENSG00000112559	MDFI	13.8		
ENSG00000112561	TFEB	2.4		
ENSG00000112562	SMOC2	0.0		
ENSG00000112576	CCND3	65.8		
ENSG00000112578	BYSL	91.6		
ENSG00000112584	FAM120B	11.0		
ENSG00000112592	TBP	31.6		
ENSG00000112599	GUCA1B	1.4		
ENSG00000112619	PRPH2	0.0		
ENSG00000112624	BICRAL	4.2		
ENSG00000112640	PPP2R5D	108.6		
ENSG00000112651	MRPL2	50.5		
ENSG00000112655	PTK7	38.0		
ENSG00000112658	SRF	35.0		
ENSG00000112659	CUL9	2.7		
ENSG00000112667	DNPH1	16.2		
ENSG00000112679	DUSP22	21.9		
ENSG00000112685	EXOC2	29.2		
ENSG00000112695	COX7A2	236.1		
ENSG00000112697	TMEM30A	41.5		
ENSG00000112699	GMDS	22.9		
ENSG00000112701	SENP6	51.6		
ENSG00000112706	IMPG1	0.0		
ENSG00000112715	VEGFA	34.0		
ENSG00000112739	PRPF4B	10.1		
ENSG00000112742	TTK	60.7		
ENSG00000112759	SLC29A1	105.2		
ENSG00000112761	CCN6	0.0		
ENSG00000112763	BTN2A1	22.1		
ENSG00000112769	LAMA4	4.0		
ENSG00000112773	TENT5A	2.4		
ENSG00000112782	CLIC5	0.0		
ENSG00000112787	FBRSL1	9.3		
ENSG00000112796	ENPP5	0.6		
ENSG00000112799	LY86	0.0		
ENSG00000112812	PRSS16	2.7		
ENSG00000112818	MEP1A	0.0		
ENSG00000112837	TBX18	0.0		
ENSG00000112851	ERBIN	26.5		
ENSG00000112852	PCDHB2	1.2		
ENSG00000112855	HARS2	27.3		
ENSG00000112874	NUDT12	13.8		
ENSG00000112877	CEP72	7.5		
ENSG00000112893	MAN2A1	14.5		
ENSG00000112902	SEMA5A	0.0		
ENSG00000112936	C7	0.0		
ENSG00000112941	TENT4A	20.7		
ENSG00000112964	GHR	0.3		
ENSG00000112972	HMGCS1	199.7		
ENSG00000112977	DAP	58.3		
ENSG00000112981	NME5	0.0		
ENSG00000112983	BRD8	67.4		
ENSG00000112984	KIF20A	121.7		
ENSG00000112992	NNT	120.5		
ENSG00000112996	MRPS30	37.7		
ENSG00000113013	HSPA9	334.0		
ENSG00000113048	MRPS27	111.8		
ENSG00000113068	PFDN1	102.0		
ENSG00000113070	HBEGF	4.2		
ENSG00000113073	SLC4A9	0.0		
ENSG00000113083	LOX	4.5		
ENSG00000113088	GZMK	0.0		
ENSG00000113100	CDH9	0.1		
ENSG00000113108	APBB3	0.0		
ENSG00000113119	TMCO6	4.2		
ENSG00000113140	SPARC	153.4		
ENSG00000113141	IK	168.2		
ENSG00000113161	HMGCR	136.4		
ENSG00000113163	CERT1	33.4		
ENSG00000113194	FAF2	57.8		
ENSG00000113196	HAND1	0.4		
ENSG00000113205	PCDHB3	3.5		
ENSG00000113209	PCDHB5	9.8		
ENSG00000113211	PCDHB6	0.1		
ENSG00000113212	PCDHB7	0.0		
ENSG00000113231	PDE8B	0.2		
ENSG00000113240	CLK4	8.9		
ENSG00000113248	PCDHB15	0.2		
ENSG00000113249	HAVCR1	0.0		
ENSG00000113262	GRM6	0.0		
ENSG00000113263	ITK	0.0		
ENSG00000113269	RNF130	81.5		
ENSG00000113272	THG1L	9.0		
ENSG00000113273	ARSB	7.0		
ENSG00000113282	CLINT1	87.1		
ENSG00000113296	THBS4	0.1		
ENSG00000113300	CNOT6	50.0		
ENSG00000113302	IL12B	0.0		
ENSG00000113303	BTNL8	0.0		
ENSG00000113312	TTC1	83.5		
ENSG00000113318	MSH3	15.6		
ENSG00000113319	RASGRF2	0.0		
ENSG00000113327	GABRG2	1.6		
ENSG00000113328	CCNG1	137.2		
ENSG00000113356	POLR3G	20.8		
ENSG00000113360	DROSHA	63.5		
ENSG00000113361	CDH6	49.6		
ENSG00000113368	LMNB1	90.9		
ENSG00000113369	ARRDC3	13.4		
ENSG00000113384	GOLPH3	75.1		
ENSG00000113387	SUB1	266.9		
ENSG00000113389	NPR3	4.9		
ENSG00000113391	FAM172A	6.3		
ENSG00000113396	SLC27A6	1.6		
ENSG00000113407	TARS1	261.1		
ENSG00000113430	IRX4	0.0		
ENSG00000113441	LNPEP	6.8		
ENSG00000113448	PDE4D	0.0		
ENSG00000113456	RAD1	12.6		
ENSG00000113460	BRIX1	108.5		
ENSG00000113492	AGXT2	0.0		
ENSG00000113494	PRLR	4.3		
ENSG00000113504	SLC12A7	4.6		
ENSG00000113520	IL4	0.0		
ENSG00000113522	RAD50	17.6		
ENSG00000113525	IL5	0.0		
ENSG00000113532	ST8SIA4	1.0		
ENSG00000113552	GNPDA1	109.9		
ENSG00000113555	PCDH12	0.0		
ENSG00000113558	SKP1	738.2		
ENSG00000113569	NUP155	57.5		
ENSG00000113575	PPP2CA	175.6		
ENSG00000113578	FGF1	0.0		
ENSG00000113580	NR3C1	0.3		
ENSG00000113583	C5orf15	57.7		
ENSG00000113593	PPWD1	38.4		
ENSG00000113594	LIFR	5.5		
ENSG00000113595	TRIM23	11.7		
ENSG00000113597	TRAPPC13	24.0		
ENSG00000113600	C9	0.0		
ENSG00000113615	SEC24A	28.2		
ENSG00000113621	TXNDC15	33.0		
ENSG00000113638	TTC33	5.2		
ENSG00000113643	RARS1	111.0		
ENSG00000113645	WWC1	18.9		
ENSG00000113648	MACROH2A1	239.2		
ENSG00000113649	TCERG1	70.1		
ENSG00000113657	DPYSL3	13.1		
ENSG00000113658	SMAD5	42.0		
ENSG00000113712	CSNK1A1	101.2		
ENSG00000113716	HMGXB3	36.9		
ENSG00000113719	ERGIC1	68.5		
ENSG00000113721	PDGFRB	0.1		
ENSG00000113722	CDX1	0.0		
ENSG00000113732	ATP6V0E1	173.4		
ENSG00000113734	BNIP1	24.4		
ENSG00000113739	STC2	33.8		
ENSG00000113742	CPEB4	7.4		
ENSG00000113749	HRH2	0.8		
ENSG00000113758	DBN1	80.9		
ENSG00000113761	ZNF346	17.7		
ENSG00000113763	UNC5A	0.1		
ENSG00000113790	EHHADH	0.0		
ENSG00000113805	CNTN3	0.4		
ENSG00000113810	SMC4	183.0		
ENSG00000113811	SELENOK	40.7		
ENSG00000113812	ACTR8	21.0		
ENSG00000113838	TBCCD1	21.3		
ENSG00000113845	TIMMDC1	30.8		
ENSG00000113851	CRBN	19.9		
ENSG00000113889	KNG1	0.0		
ENSG00000113905	HRG	0.0		
ENSG00000113916	BCL6	4.4		
ENSG00000113924	HGD	0.1		
ENSG00000113946	CLDN16	0.0		
ENSG00000113966	ARL6	6.1		
ENSG00000113971	NPHP3	5.1		
ENSG00000114013	CD86	0.0		
ENSG00000114019	AMOTL2	19.4		
ENSG00000114021	NIT2	5.4		
ENSG00000114023	FAM162A	73.5		
ENSG00000114026	OGG1	12.1		
ENSG00000114030	KPNA1	58.2		
ENSG00000114054	PCCB	50.3		
ENSG00000114062	UBE3A	106.8		
ENSG00000114098	ARMC8	37.1		
ENSG00000114107	CEP70	23.2		
ENSG00000114113	RBP2	0.3		
ENSG00000114115	RBP1	38.2		
ENSG00000114120	SLC25A36	40.1		
ENSG00000114124	GRK7	0.0		
ENSG00000114125	RNF7	61.5		
ENSG00000114126	TFDP2	15.8		
ENSG00000114127	XRN1	8.6		
ENSG00000114166	KAT2B	9.4		
ENSG00000114200	BCHE	5.7		
ENSG00000114204	SERPINI2	0.0		
ENSG00000114209	PDCD10	73.1		
ENSG00000114248	LRRC31	1.4		
ENSG00000114251	WNT5A	10.0		
ENSG00000114268	PFKFB4	3.6		
ENSG00000114270	COL7A1	0.0		
ENSG00000114279	FGF12	0.0		
ENSG00000114302	PRKAR2A	61.0		
ENSG00000114315	HES1	3.9		
ENSG00000114316	USP4	28.6		
ENSG00000114331	ACAP2	16.5		
ENSG00000114346	ECT2	84.2		
ENSG00000114349	GNAT1	0.0		
ENSG00000114353	GNAI2	132.8		
ENSG00000114354	TFG	143.4		
ENSG00000114374	USP9Y	0.0		
ENSG00000114378	HYAL1	0.2		
ENSG00000114383	TUSC2	33.9		
ENSG00000114388	NPRL2	18.1		
ENSG00000114391	RPL24	1967.8		
ENSG00000114395	CYB561D2	12.8		
ENSG00000114405	C3orf14	0.0		
ENSG00000114416	FXR1	113.3		
ENSG00000114423	CBLB	1.5		
ENSG00000114439	BBX	34.4		
ENSG00000114446	IFT57	11.5		
ENSG00000114450	GNB4	36.4		
ENSG00000114455	HHLA2	0.6		
ENSG00000114473	IQCG	5.4		
ENSG00000114480	GBE1	9.9		
ENSG00000114487	MORC1	0.0		
ENSG00000114491	UMPS	7.1		
ENSG00000114503	NCBP2	136.1		
ENSG00000114520	SNX4	32.4		
ENSG00000114529	C3orf52	6.1		
ENSG00000114541	FRMD4B	4.9		
ENSG00000114544	SLC41A3	10.8		
ENSG00000114547	ROPN1B	0.0		
ENSG00000114554	PLXNA1	11.7		
ENSG00000114573	ATP6V1A	77.5		
ENSG00000114626	ABTB1	0.2		
ENSG00000114631	PODXL2	30.9		
ENSG00000114638	UPK1B	0.0		
ENSG00000114646	CSPG5	2.7		
ENSG00000114648	KLHL18	33.7		
ENSG00000114650	SCAP	41.1		
ENSG00000114654	EFCC1	0.0		
ENSG00000114656	CFAP92	2.3		
ENSG00000114670	NEK11	0.4		
ENSG00000114686	MRPL3	205.9		
ENSG00000114698	PLSCR4	2.4		
ENSG00000114735	HEMK1	8.0		
ENSG00000114737	CISH	4.7		
ENSG00000114738	MAPKAPK3	85.9		
ENSG00000114739	ACVR2B	8.1		
ENSG00000114742	WDR48	30.3		
ENSG00000114744	COMMD2	24.4		
ENSG00000114745	GORASP1	20.7		
ENSG00000114757	PEX5L	0.1		
ENSG00000114767	RRP9	81.9		
ENSG00000114770	ABCC5	32.1		
ENSG00000114771	AADAC	0.0		
ENSG00000114779	ABHD14B	23.5		
ENSG00000114784	EIF1B	75.9		
ENSG00000114786	ABHD14A-ACY1	0.0		
ENSG00000114790	ARHGEF26	6.7		
ENSG00000114796	KLHL24	5.7		
ENSG00000114805	PLCH1	7.0		
ENSG00000114812	VIPR1	0.0		
ENSG00000114841	DNAH1	0.0		
ENSG00000114850	SSR3	192.5		
ENSG00000114853	ZBTB47	0.9		
ENSG00000114854	TNNC1	0.1		
ENSG00000114857	NKTR	16.1		
ENSG00000114859	CLCN2	3.6		
ENSG00000114861	FOXP1	31.0		
ENSG00000114867	EIF4G1	322.6		
ENSG00000114902	SPCS1	109.9		
ENSG00000114904	NEK4	25.2		
ENSG00000114923	SLC4A3	1.2		
ENSG00000114933	INO80D	1.7		
ENSG00000114942	EEF1B2	520.1		
ENSG00000114948	ADAM23	14.5		
ENSG00000114956	DGUOK	85.4		
ENSG00000114978	MOB1A	69.6		
ENSG00000114982	KANSL3	18.8		
ENSG00000114988	LMAN2L	36.9		
ENSG00000114993	RTKN	7.3		
ENSG00000114999	TTL	4.8		
ENSG00000115008	IL1A	0.0		
ENSG00000115009	CCL20	0.2		
ENSG00000115020	PIKFYVE	16.1		
ENSG00000115041	KCNIP3	4.0		
ENSG00000115042	FAHD2A	22.8		
ENSG00000115053	NCL	1614.4		
ENSG00000115073	ACTR1B	21.9		
ENSG00000115084	SLC35F5	12.2		
ENSG00000115085	ZAP70	0.0		
ENSG00000115091	ACTR3	262.3		
ENSG00000115107	STEAP3	11.1		
ENSG00000115109	EPB41L5	32.4		
ENSG00000115112	TFCP2L1	4.4		
ENSG00000115128	SF3B6	245.2		
ENSG00000115129	TP53I3	13.1		
ENSG00000115137	DNAJC27	1.9		
ENSG00000115138	POMC	0.0		
ENSG00000115145	STAM2	8.0		
ENSG00000115155	OTOF	0.0		
ENSG00000115159	GPD2	28.9		
ENSG00000115163	CENPA	28.9		
ENSG00000115165	CYTIP	0.0		
ENSG00000115170	ACVR1	10.5		
ENSG00000115183	TANC1	5.9		
ENSG00000115194	SLC30A3	11.2		
ENSG00000115204	MPV17	64.1		
ENSG00000115207	GTF3C2	93.2		
ENSG00000115211	EIF2B4	62.5		
ENSG00000115216	NRBP1	98.4		
ENSG00000115221	ITGB6	0.0		
ENSG00000115226	FNDC4	13.3		
ENSG00000115232	ITGA4	14.0		
ENSG00000115233	PSMD14	176.8		
ENSG00000115234	SNX17	42.4		
ENSG00000115239	ASB3	19.6		
ENSG00000115241	PPM1G	296.4		
ENSG00000115252	PDE1A	0.0		
ENSG00000115255	REEP6	9.8		
ENSG00000115257	PCSK4	0.0		
ENSG00000115263	GCG	0.0		
ENSG00000115266	APC2	0.1		
ENSG00000115267	IFIH1	1.1		
ENSG00000115268	RPS15	825.1		
ENSG00000115271	GCA	4.1		
ENSG00000115274	INO80B	9.1		
ENSG00000115275	MOGS	40.2		
ENSG00000115282	TTC31	9.5		
ENSG00000115286	NDUFS7	17.3		
ENSG00000115289	PCGF1	20.7		
ENSG00000115290	GRB14	0.8		
ENSG00000115295	CLIP4	3.6		
ENSG00000115297	TLX2	0.0		
ENSG00000115306	SPTBN1	85.1		
ENSG00000115307	AUP1	140.4		
ENSG00000115310	RTN4	181.5		
ENSG00000115317	HTRA2	12.0		
ENSG00000115318	LOXL3	2.8		
ENSG00000115325	DOK1	6.1		
ENSG00000115339	GALNT3	0.0		
ENSG00000115350	POLE4	15.6		
ENSG00000115353	TACR1	0.0		
ENSG00000115355	CCDC88A	28.9		
ENSG00000115361	ACADL	0.8		
ENSG00000115363	EVA1A	1.7		
ENSG00000115364	MRPL19	83.7		
ENSG00000115365	LANCL1	30.2		
ENSG00000115368	WDR75	81.9		
ENSG00000115380	EFEMP1	1.6		
ENSG00000115386	REG1A	0.0		
ENSG00000115392	FANCL	39.0		
ENSG00000115414	FN1	17.4		
ENSG00000115415	STAT1	29.8		
ENSG00000115419	GLS	58.0		
ENSG00000115421	PAPOLG	3.7		
ENSG00000115423	DNAH6	0.0		
ENSG00000115425	PECR	7.5		
ENSG00000115446	UNC50	45.9		
ENSG00000115457	IGFBP2	145.4		
ENSG00000115459	ELMOD3	9.7		
ENSG00000115461	IGFBP5	26.2		
ENSG00000115464	USP34	30.9		
ENSG00000115468	EFHD1	19.0		
ENSG00000115474	KCNJ13	0.0		
ENSG00000115484	CCT4	405.8		
ENSG00000115486	GGCX	13.7		
ENSG00000115488	NEU2	0.0		
ENSG00000115504	EHBP1	35.1		
ENSG00000115507	OTX1	2.7		
ENSG00000115514	TXNDC9	55.2		
ENSG00000115520	COQ10B	15.3		
ENSG00000115523	GNLY	0.0		
ENSG00000115524	SF3B1	273.4		
ENSG00000115525	ST3GAL5	3.6		
ENSG00000115526	CHST10	20.2		
ENSG00000115539	PDCL3	76.0		
ENSG00000115540	MOB4	56.0		
ENSG00000115541	HSPE1	1895.0		
ENSG00000115548	KDM3A	23.7		
ENSG00000115556	PLCD4	0.0		
ENSG00000115561	CHMP3	33.3		
ENSG00000115568	ZNF142	17.6		
ENSG00000115590	IL1R2	0.0		
ENSG00000115592	PRKAG3	0.0		
ENSG00000115593	SMYD1	0.0		
ENSG00000115594	IL1R1	0.2		
ENSG00000115596	WNT6	0.0		
ENSG00000115598	IL1RL2	0.0		
ENSG00000115602	IL1RL1	0.2		
ENSG00000115604	IL18R1	0.0		
ENSG00000115607	IL18RAP	0.0		
ENSG00000115616	SLC9A2	0.0		
ENSG00000115641	FHL2	31.4		
ENSG00000115648	MLPH	0.1		
ENSG00000115649	CNPPD1	42.0		
ENSG00000115652	UXS1	22.6		
ENSG00000115657	ABCB6	0.6		
ENSG00000115661	STK16	18.5		
ENSG00000115665	SLC5A7	0.0		
ENSG00000115677	HDLBP	356.9		
ENSG00000115685	PPP1R7	127.9		
ENSG00000115687	PASK	15.1		
ENSG00000115694	STK25	130.2		
ENSG00000115705	TPO	0.0		
ENSG00000115718	PROC	0.0		
ENSG00000115738	ID2	36.0		
ENSG00000115750	TAF1B	26.9		
ENSG00000115756	HPCAL1	16.7		
ENSG00000115758	ODC1	549.1		
ENSG00000115760	BIRC6	22.9		
ENSG00000115761	NOL10	43.8		
ENSG00000115762	PLEKHB2	89.0		
ENSG00000115806	GORASP2	82.3		
ENSG00000115808	STRN	21.4		
ENSG00000115816	CEBPZ	122.8		
ENSG00000115825	PRKD3	31.1		
ENSG00000115827	DCAF17	9.1		
ENSG00000115828	QPCT	2.7		
ENSG00000115839	RAB3GAP1	37.4		
ENSG00000115840	SLC25A12	7.9		
ENSG00000115841	RMDN2	0.8		
ENSG00000115844	DLX2	2.6		
ENSG00000115850	LCT	0.0		
ENSG00000115866	DARS1	94.9		
ENSG00000115875	SRSF7	385.7		
ENSG00000115884	SDC1	19.0		
ENSG00000115896	PLCL1	0.0		
ENSG00000115902	SLC1A4	13.7		
ENSG00000115904	SOS1	26.9		
ENSG00000115919	KYNU	0.1		
ENSG00000115935	WIPF1	2.8		
ENSG00000115942	ORC2	30.6		
ENSG00000115944	COX7A2L	65.5		
ENSG00000115946	PNO1	60.6		
ENSG00000115947	ORC4	43.4		
ENSG00000115956	PLEK	0.0		
ENSG00000115963	RND3	1.9		
ENSG00000115966	ATF2	26.9		
ENSG00000115970	THADA	15.7		
ENSG00000115977	AAK1	11.7		
ENSG00000115993	TRAK2	20.0		
ENSG00000115998	C2orf42	9.4		
ENSG00000116001	TIA1	57.5		
ENSG00000116005	PCYOX1	31.7		
ENSG00000116014	KISS1R	1.0		
ENSG00000116016	EPAS1	0.6		
ENSG00000116017	ARID3A	7.0		
ENSG00000116030	SUMO1	242.2		
ENSG00000116031	CD207	2.2		
ENSG00000116032	GRIN3B	0.0		
ENSG00000116035	VAX2	1.8		
ENSG00000116039	ATP6V1B1	0.7		
ENSG00000116044	NFE2L2	65.1		
ENSG00000116062	MSH6	130.3		
ENSG00000116095	PLEKHA3	2.9		
ENSG00000116096	SPR	58.1		
ENSG00000116106	EPHA4	12.3		
ENSG00000116117	PARD3B	0.8		
ENSG00000116120	FARSB	39.7		
ENSG00000116127	ALMS1	12.3		
ENSG00000116128	BCL9	23.3		
ENSG00000116132	PRRX1	18.5		
ENSG00000116133	DHCR24	250.5		
ENSG00000116138	DNAJC16	8.3		
ENSG00000116141	MARK1	11.3		
ENSG00000116147	TNR	0.0		
ENSG00000116151	MORN1	1.1		
ENSG00000116157	GPX7	29.0		
ENSG00000116161	CACYBP	155.0		
ENSG00000116171	SCP2	59.6		
ENSG00000116176	TPSG1	0.0		
ENSG00000116183	PAPPA2	0.0		
ENSG00000116191	RALGPS2	17.2		
ENSG00000116194	ANGPTL1	0.0		
ENSG00000116198	CEP104	20.3		
ENSG00000116199	FAM20B	29.0		
ENSG00000116205	TCEANC2	6.6		
ENSG00000116209	TMEM59	166.2		
ENSG00000116212	LRRC42	57.0		
ENSG00000116213	WRAP73	50.0		
ENSG00000116218	NPHS2	0.0		
ENSG00000116221	MRPL37	168.2		
ENSG00000116237	ICMT	50.5		
ENSG00000116251	RPL22	636.9		
ENSG00000116254	CHD5	0.1		
ENSG00000116260	QSOX1	17.6		
ENSG00000116266	STXBP3	20.9		
ENSG00000116273	PHF13	17.1		
ENSG00000116285	ERRFI1	5.8		
ENSG00000116288	PARK7	483.2		
ENSG00000116299	ELAPOR1	0.1		
ENSG00000116329	OPRD1	0.0		
ENSG00000116337	AMPD2	15.8		
ENSG00000116350	SRSF4	99.7		
ENSG00000116353	MECR	5.4		
ENSG00000116396	KCNC4	1.7		
ENSG00000116406	EDEM3	14.6		
ENSG00000116455	WDR77	101.2		
ENSG00000116459	ATP5PB	69.4		
ENSG00000116473	RAP1A	56.5		
ENSG00000116478	HDAC1	178.1		
ENSG00000116489	CAPZA1	199.9		
ENSG00000116497	S100PBP	31.7		
ENSG00000116514	RNF19B	14.3		
ENSG00000116521	SCAMP3	9.0		
ENSG00000116525	TRIM62	5.0		
ENSG00000116539	ASH1L	13.6		
ENSG00000116544	DLGAP3	1.3		
ENSG00000116560	SFPQ	276.1		
ENSG00000116574	RHOU	2.9		
ENSG00000116580	GON4L	15.9		
ENSG00000116584	ARHGEF2	26.7		
ENSG00000116586	LAMTOR2	67.7		
ENSG00000116604	MEF2D	8.2		
ENSG00000116641	DOCK7	23.7		
ENSG00000116649	SRM	222.6		
ENSG00000116661	FBXO2	3.6		
ENSG00000116663	FBXO6	6.8		
ENSG00000116667	C1orf21	1.6		
ENSG00000116668	SWT1	3.1		
ENSG00000116670	MAD2L2	115.1		
ENSG00000116675	DNAJC6	14.6		
ENSG00000116678	LEPR	2.2		
ENSG00000116679	IVNS1ABP	29.0		
ENSG00000116685	KIAA2013	27.8		
ENSG00000116688	MFN2	101.7		
ENSG00000116690	PRG4	0.0		
ENSG00000116691	MIIP	7.9		
ENSG00000116698	SMG7	64.5		
ENSG00000116701	NCF2	0.1		
ENSG00000116703	PDC	0.0		
ENSG00000116704	SLC35D1	9.9		
ENSG00000116711	PLA2G4A	24.6		
ENSG00000116717	GADD45A	3.0		
ENSG00000116721	PRAMEF1	0.0		
ENSG00000116726	PRAMEF12	0.0		
ENSG00000116729	WLS	89.3		
ENSG00000116731	PRDM2	22.8		
ENSG00000116741	RGS2	16.7		
ENSG00000116745	RPE65	0.0		
ENSG00000116747	RO60	19.0		
ENSG00000116748	AMPD1	0.0		
ENSG00000116750	UCHL5	84.1		
ENSG00000116752	BCAS2	85.5		
ENSG00000116754	SRSF11	151.5		
ENSG00000116761	CTH	27.3		
ENSG00000116771	AGMAT	0.0		
ENSG00000116774	OLFML3	3.2		
ENSG00000116783	TNNI3K	0.0		
ENSG00000116785	CFHR3	0.0		
ENSG00000116786	PLEKHM2	19.0		
ENSG00000116791	CRYZ	47.2		
ENSG00000116793	PHTF1	15.6		
ENSG00000116809	ZBTB17	6.6		
ENSG00000116815	CD58	11.0		
ENSG00000116819	TFAP2E	0.0		
ENSG00000116824	CD2	0.0		
ENSG00000116830	TTF2	35.2		
ENSG00000116833	NR5A2	14.9		
ENSG00000116852	KIF21B	1.2		
ENSG00000116857	TMEM9	76.5		
ENSG00000116863	ADPRS	33.4		
ENSG00000116871	MAP7D1	38.3		
ENSG00000116874	WARS2	13.9		
ENSG00000116882	HAO2	0.0		
ENSG00000116885	OSCP1	0.2		
ENSG00000116898	MRPS15	139.5		
ENSG00000116903	EXOC8	7.9		
ENSG00000116906	GNPAT	40.6		
ENSG00000116918	TSNAX	29.3		
ENSG00000116922	C1orf109	31.5		
ENSG00000116954	RRAGC	40.1		
ENSG00000116962	NID1	36.3		
ENSG00000116977	LGALS8	11.0		
ENSG00000116981	NT5C1A	0.5		
ENSG00000116983	HPCAL4	1.4		
ENSG00000116984	MTR	18.4		
ENSG00000116985	BMP8B	4.2		
ENSG00000116990	MYCL	10.4		
ENSG00000116991	SIPA1L2	13.8		
ENSG00000116996	ZP4	0.0		
ENSG00000117000	RLF	16.9		
ENSG00000117009	KMO	0.0		
ENSG00000117010	ZNF684	3.6		
ENSG00000117013	KCNQ4	1.8		
ENSG00000117016	RIMS3	3.8		
ENSG00000117020	AKT3	16.3		
ENSG00000117036	ETV3	12.8		
ENSG00000117054	ACADM	54.9		
ENSG00000117069	ST6GALNAC5	0.0		
ENSG00000117090	SLAMF1	0.0		
ENSG00000117091	CD48	0.1		
ENSG00000117114	ADGRL2	20.3		
ENSG00000117115	PADI2	0.4		
ENSG00000117118	SDHB	290.7		
ENSG00000117122	MFAP2	7.2		
ENSG00000117133	RPF1	54.3		
ENSG00000117139	KDM5B	9.0		
ENSG00000117143	UAP1	44.7		
ENSG00000117148	ACTL8	1.5		
ENSG00000117151	CTBS	0.0		
ENSG00000117152	RGS4	0.0		
ENSG00000117153	KLHL12	40.5		
ENSG00000117154	IGSF21	0.0		
ENSG00000117155	SSX2IP	27.0		
ENSG00000117174	ZNHIT6	15.9		
ENSG00000117215	PLA2G2D	0.0		
ENSG00000117222	RBBP5	26.9		
ENSG00000117226	GBP3	0.0		
ENSG00000117228	GBP1	0.0		
ENSG00000117245	KIF17	0.6		
ENSG00000117262	GPR89A	19.9		
ENSG00000117266	CDK18	4.9		
ENSG00000117280	RAB29	32.8		
ENSG00000117281	CD160	0.0		
ENSG00000117298	ECE1	32.6		
ENSG00000117305	HMGCL	21.3		
ENSG00000117308	GALE	24.5		
ENSG00000117318	ID3	77.7		
ENSG00000117322	CR2	0.0		
ENSG00000117335	CD46	50.0		
ENSG00000117360	PRPF3	86.1		
ENSG00000117362	APH1A	98.8		
ENSG00000117385	P3H1	20.9		
ENSG00000117394	SLC2A1	12.5		
ENSG00000117395	EBNA1BP2	144.5		
ENSG00000117399	CDC20	225.3		
ENSG00000117400	MPL	0.0		
ENSG00000117407	ARTN	0.0		
ENSG00000117408	IPO13	31.7		
ENSG00000117410	ATP6V0B	233.4		
ENSG00000117411	B4GALT2	36.8		
ENSG00000117419	ERI3	62.6		
ENSG00000117425	PTCH2	1.1		
ENSG00000117448	AKR1A1	94.0		
ENSG00000117450	PRDX1	1640.2		
ENSG00000117461	PIK3R3	16.9		
ENSG00000117472	TSPAN1	0.0		
ENSG00000117475	BLZF1	16.6		
ENSG00000117477	CCDC181	0.3		
ENSG00000117479	SLC19A2	13.9		
ENSG00000117480	FAAH	0.7		
ENSG00000117481	NSUN4	5.7		
ENSG00000117500	TMED5	24.3		
ENSG00000117501	MROH9	0.0		
ENSG00000117505	DR1	56.7		
ENSG00000117519	CNN3	307.2		
ENSG00000117523	PRRC2C	96.5		
ENSG00000117525	F3	13.2		
ENSG00000117528	ABCD3	43.7		
ENSG00000117533	VAMP4	3.3		
ENSG00000117543	DPH5	47.5		
ENSG00000117560	FASLG	0.0		
ENSG00000117569	PTBP2	17.8		
ENSG00000117586	TNFSF4	0.1		
ENSG00000117592	PRDX6	272.0		
ENSG00000117593	DARS2	86.6		
ENSG00000117594	HSD11B1	0.0		
ENSG00000117595	IRF6	0.0		
ENSG00000117597	UTP25	10.6		
ENSG00000117598	PLPPR5	1.7		
ENSG00000117600	PLPPR4	0.0		
ENSG00000117601	SERPINC1	0.0		
ENSG00000117602	RCAN3	12.0		
ENSG00000117614	SYF2	47.6		
ENSG00000117616	RSRP1	14.7		
ENSG00000117620	SLC35A3	12.7		
ENSG00000117625	RCOR3	20.6		
ENSG00000117632	STMN1	618.6		
ENSG00000117640	MTFR1L	44.1		
ENSG00000117643	MAN1C1	3.0		
ENSG00000117650	NEK2	39.9		
ENSG00000117676	RPS6KA1	16.9		
ENSG00000117682	DHDDS	25.4		
ENSG00000117691	NENF	55.1		
ENSG00000117697	NSL1	35.6		
ENSG00000117707	PROX1	2.3		
ENSG00000117713	ARID1A	60.3		
ENSG00000117724	CENPF	89.9		
ENSG00000117748	RPA2	126.5		
ENSG00000117751	PPP1R8	101.3		
ENSG00000117758	STX12	19.2		
ENSG00000117791	MTARC2	0.0		
ENSG00000117834	SLC5A9	0.0		
ENSG00000117859	OSBPL9	59.2		
ENSG00000117862	TXNDC12	134.5		
ENSG00000117868	ESYT2	27.8		
ENSG00000117877	POLR1G	46.4		
ENSG00000117899	MESD	54.1		
ENSG00000117906	RCN2	217.4		
ENSG00000117971	CHRNB4	0.3		
ENSG00000117983	MUC5B	0.0		
ENSG00000117984	CTSD	63.7		
ENSG00000118004	COLEC11	0.1		
ENSG00000118007	STAG1	31.6		
ENSG00000118017	A4GNT	0.0		
ENSG00000118046	STK11	20.1		
ENSG00000118058	KMT2A	22.9		
ENSG00000118094	TREH	0.0		
ENSG00000118096	IFT46	26.7		
ENSG00000118113	MMP8	0.0		
ENSG00000118137	APOA1	0.0		
ENSG00000118156	ZNF541	0.0		
ENSG00000118160	SLC8A2	0.0		
ENSG00000118162	KPTN	11.0		
ENSG00000118181	RPS25	951.4		
ENSG00000118193	KIF14	21.6		
ENSG00000118194	TNNT2	0.0		
ENSG00000118197	DDX59	13.0		
ENSG00000118200	CAMSAP2	31.1		
ENSG00000118217	ATF6	15.1		
ENSG00000118231	CRYGD	0.5		
ENSG00000118242	MREG	17.9		
ENSG00000118245	TNP1	0.0		
ENSG00000118246	FASTKD2	30.7		
ENSG00000118257	NRP2	1.5		
ENSG00000118260	CREB1	34.8		
ENSG00000118263	KLF7	13.9		
ENSG00000118271	TTR	0.0		
ENSG00000118276	B4GALT6	12.7		
ENSG00000118292	C1orf54	0.2		
ENSG00000118298	CA14	0.2		
ENSG00000118307	CFAP94	0.0		
ENSG00000118308	IRAG2	0.0		
ENSG00000118322	ATP10B	0.0		
ENSG00000118363	SPCS2	187.3		
ENSG00000118369	USP35	3.8		
ENSG00000118402	ELOVL4	14.1		
ENSG00000118407	FILIP1	0.1		
ENSG00000118412	CASP8AP2	2.5		
ENSG00000118418	HMGN3	203.6		
ENSG00000118420	UBE3D	7.5		
ENSG00000118432	CNR1	6.0		
ENSG00000118434	SPACA1	0.0		
ENSG00000118454	ANKRD13C	13.8		
ENSG00000118473	SGIP1	0.0		
ENSG00000118482	PHF3	27.7		
ENSG00000118491	ZC2HC1B	0.0		
ENSG00000118492	ADGB	0.0		
ENSG00000118495	PLAGL1	0.8		
ENSG00000118496	FBXO30	8.4		
ENSG00000118503	TNFAIP3	1.1		
ENSG00000118507	AKAP7	2.3		
ENSG00000118508	RAB32	2.4		
ENSG00000118513	MYB	5.6		
ENSG00000118514	ALDH8A1	0.6		
ENSG00000118515	SGK1	6.8		
ENSG00000118518	RNF146	18.1		
ENSG00000118520	ARG1	0.0		
ENSG00000118523	CCN2	4.2		
ENSG00000118526	TCF21	0.0		
ENSG00000118557	PMFBP1	1.0		
ENSG00000118564	FBXL5	21.9		
ENSG00000118579	MED28	14.1		
ENSG00000118596	SLC16A7	1.0		
ENSG00000118600	RXYLT1	17.5		
ENSG00000118620	ZNF430	0.3		
ENSG00000118640	VAMP8	2.4		
ENSG00000118655	DCLRE1B	13.7		
ENSG00000118680	MYL12B	424.3		
ENSG00000118689	FOXO3	12.1		
ENSG00000118690	ARMC2	5.6		
ENSG00000118702	GHRH	0.0		
ENSG00000118705	RPN2	318.8		
ENSG00000118707	TGIF2	36.1		
ENSG00000118729	CASQ2	0.0		
ENSG00000118733	OLFM3	3.9		
ENSG00000118762	PKD2	8.1		
ENSG00000118777	ABCG2	0.4		
ENSG00000118785	SPP1	0.0		
ENSG00000118804	STBD1	9.6		
ENSG00000118816	CCNI	211.7		
ENSG00000118849	RARRES1	0.0		
ENSG00000118855	MFSD1	22.0		
ENSG00000118873	RAB3GAP2	19.8		
ENSG00000118894	EEF2KMT	14.5		
ENSG00000118898	PPL	1.3		
ENSG00000118900	UBN1	38.2		
ENSG00000118922	KLF12	3.6		
ENSG00000118939	UCHL3	64.1		
ENSG00000118946	PCDH17	1.7		
ENSG00000118960	HS1BP3	23.1		
ENSG00000118961	LDAH	34.8		
ENSG00000118965	WDR35	10.6		
ENSG00000118971	CCND2	0.1		
ENSG00000118972	FGF23	0.2		
ENSG00000118985	ELL2	10.0		
ENSG00000118997	DNAH7	0.0		
ENSG00000119004	CYP20A1	1.9		
ENSG00000119013	NDUFB3	209.6		
ENSG00000119041	GTF3C3	24.4		
ENSG00000119042	SATB2	14.0		
ENSG00000119048	UBE2B	45.8		
ENSG00000119121	TRPM6	0.2		
ENSG00000119125	GDA	0.2		
ENSG00000119138	KLF9	11.9		
ENSG00000119139	TJP2	33.2		
ENSG00000119147	ECRG4	0.0		
ENSG00000119185	ITGB1BP1	66.3		
ENSG00000119203	CPSF3	96.0		
ENSG00000119227	PIGZ	0.1		
ENSG00000119231	SENP5	18.9		
ENSG00000119242	CCDC92	3.0		
ENSG00000119280	C1orf198	23.5		
ENSG00000119283	TRIM67	0.0		
ENSG00000119285	HEATR1	48.7		
ENSG00000119314	PTBP3	34.0		
ENSG00000119318	RAD23B	221.0		
ENSG00000119321	FKBP15	10.4		
ENSG00000119326	CTNNAL1	78.7		
ENSG00000119328	ABITRAM	17.2		
ENSG00000119333	DYNC2I2	47.5		
ENSG00000119335	SET	1358.8		
ENSG00000119383	PTPA	110.9		
ENSG00000119392	GLE1	45.9		
ENSG00000119396	RAB14	48.1		
ENSG00000119397	CNTRL	7.6		
ENSG00000119401	TRIM32	17.5		
ENSG00000119402	FBXW2	39.9		
ENSG00000119403	PHF19	104.2		
ENSG00000119408	NEK6	24.7		
ENSG00000119411	BSPRY	0.4		
ENSG00000119414	PPP6C	56.8		
ENSG00000119421	NDUFA8	191.3		
ENSG00000119431	HDHD3	7.0		
ENSG00000119446	RBM18	17.6		
ENSG00000119457	SLC46A2	0.0		
ENSG00000119471	HSDL2	31.9		
ENSG00000119487	MAPKAP1	99.5		
ENSG00000119508	NR4A3	0.5		
ENSG00000119509	INVS	8.8		
ENSG00000119514	GALNT12	2.9		
ENSG00000119522	DENND1A	12.6		
ENSG00000119523	ALG2	37.9		
ENSG00000119535	CSF3R	0.0		
ENSG00000119537	KDSR	8.7		
ENSG00000119541	VPS4B	26.8		
ENSG00000119547	ONECUT2	3.4		
ENSG00000119559	C19orf25	17.9		
ENSG00000119574	ZBTB45	4.2		
ENSG00000119596	YLPM1	28.6		
ENSG00000119599	DCAF4	16.0		
ENSG00000119608	PROX2	0.1		
ENSG00000119614	VSX2	0.1		
ENSG00000119616	FCF1	94.1		
ENSG00000119630	PGF	1.8		
ENSG00000119632	IFI27L2	8.8		
ENSG00000119636	BBOF1	1.8		
ENSG00000119638	NEK9	45.0		
ENSG00000119640	ACYP1	39.9		
ENSG00000119650	IFT43	26.7		
ENSG00000119655	NPC2	170.0		
ENSG00000119661	DNAL1	12.8		
ENSG00000119669	IRF2BPL	5.6		
ENSG00000119673	ACOT2	0.0		
ENSG00000119681	LTBP2	0.2		
ENSG00000119682	AREL1	26.9		
ENSG00000119684	MLH3	0.2		
ENSG00000119685	TTLL5	12.3		
ENSG00000119686	FLVCR2	9.8		
ENSG00000119688	ABCD4	6.0		
ENSG00000119689	DLST	109.0		
ENSG00000119698	PPP4R4	4.5		
ENSG00000119699	TGFB3	2.9		
ENSG00000119703	ZC2HC1C	0.0		
ENSG00000119705	SLIRP	645.4		
ENSG00000119707	RBM25	100.9		
ENSG00000119711	ALDH6A1	24.9		
ENSG00000119714	GPR68	0.0		
ENSG00000119715	ESRRB	0.0		
ENSG00000119718	EIF2B2	8.8		
ENSG00000119720	NRDE2	1.1		
ENSG00000119723	COQ6	16.6		
ENSG00000119725	ZNF410	42.9		
ENSG00000119729	RHOQ	20.6		
ENSG00000119737	GPR75	2.9		
ENSG00000119760	SUPT7L	37.3		
ENSG00000119771	KLHL29	1.7		
ENSG00000119772	DNMT3A	3.8		
ENSG00000119777	TMEM214	39.3		
ENSG00000119778	ATAD2B	8.6		
ENSG00000119782	FKBP1B	25.7		
ENSG00000119787	ATL2	64.7		
ENSG00000119801	YPEL5	9.9		
ENSG00000119812	FAM98A	84.8		
ENSG00000119820	YIPF4	9.2		
ENSG00000119844	AFTPH	24.6		
ENSG00000119862	LGALSL	72.8		
ENSG00000119865	CNRIP1	0.7		
ENSG00000119866	BCL11A	15.4		
ENSG00000119878	CRIPT	2.3		
ENSG00000119888	EPCAM	4.6		
ENSG00000119899	SLC17A5	13.7		
ENSG00000119900	OGFRL1	7.8		
ENSG00000119906	SLF2	20.4		
ENSG00000119912	IDE	14.6		
ENSG00000119913	TECTB	0.0		
ENSG00000119915	ELOVL3	5.9		
ENSG00000119917	IFIT3	0.6		
ENSG00000119919	NKX2-3	0.7		
ENSG00000119922	IFIT2	0.6		
ENSG00000119927	GPAM	15.5		
ENSG00000119929	CUTC	40.8		
ENSG00000119938	PPP1R3C	0.7		
ENSG00000119943	PYROXD2	1.5		
ENSG00000119946	CNNM1	8.7		
ENSG00000119950	MXI1	23.5		
ENSG00000119953	SMNDC1	57.8		
ENSG00000119965	C10orf88	8.5		
ENSG00000119969	HELLS	40.9		
ENSG00000119973	PRLHR	0.0		
ENSG00000119977	TCTN3	43.9		
ENSG00000119979	DENND10	25.7		
ENSG00000119986	AVPI1	7.6		
ENSG00000120008	WDR11	29.1		
ENSG00000120029	ARMH3	20.4		
ENSG00000120049	KCNIP2	0.9		
ENSG00000120051	CFAP58	0.0		
ENSG00000120053	GOT1	107.1		
ENSG00000120054	CPN1	0.0		
ENSG00000120055	C10orf95	0.0		
ENSG00000120057	SFRP5	0.0		
ENSG00000120063	GNA13	35.0		
ENSG00000120068	HOXB8	0.1		
ENSG00000120071	KANSL1	22.6		
ENSG00000120075	HOXB5	0.3		
ENSG00000120088	CRHR1	0.0		
ENSG00000120093	HOXB3	2.0		
ENSG00000120094	HOXB1	0.0		
ENSG00000120129	DUSP1	8.1		
ENSG00000120137	PANK3	44.2		
ENSG00000120149	MSX2	17.6		
ENSG00000120156	TEK	0.0		
ENSG00000120158	RCL1	48.0		
ENSG00000120159	CAAP1	25.3		
ENSG00000120160	EQTN	0.2		
ENSG00000120162	MOB3B	16.7		
ENSG00000120210	INSL6	0.0		
ENSG00000120211	INSL4	0.0		
ENSG00000120215	MLANA	0.0		
ENSG00000120217	CD274	0.0		
ENSG00000120235	IFNA6	0.0		
ENSG00000120242	IFNA8	0.0		
ENSG00000120251	GRIA2	1.2		
ENSG00000120253	NUP43	54.6		
ENSG00000120254	MTHFD1L	72.4		
ENSG00000120256	LRP11	19.2		
ENSG00000120262	CCDC170	0.0		
ENSG00000120265	PCMT1	123.9		
ENSG00000120278	PLEKHG1	26.4		
ENSG00000120279	MYCT1	0.0		
ENSG00000120280	TASL	0.0		
ENSG00000120289	MAGEB4	0.0		
ENSG00000120306	CYSTM1	55.7		
ENSG00000120314	WDR55	11.5		
ENSG00000120318	ARAP3	5.0		
ENSG00000120322	PCDHB8	1.4		
ENSG00000120324	PCDHB10	0.7		
ENSG00000120327	PCDHB14	0.7		
ENSG00000120328	PCDHB12	0.0		
ENSG00000120329	SLC25A2	0.0		
ENSG00000120332	TNN	0.0		
ENSG00000120333	MRPS14	18.5		
ENSG00000120334	CENPL	14.6		
ENSG00000120337	TNFSF18	0.0		
ENSG00000120341	SEC16B	0.4		
ENSG00000120370	GORAB	6.4		
ENSG00000120436	GPR31	0.0		
ENSG00000120437	ACAT2	174.8		
ENSG00000120438	TCP1	793.5		
ENSG00000120440	TTLL2	0.0		
ENSG00000120451	SNX19	3.2		
ENSG00000120457	KCNJ5	0.3		
ENSG00000120458	MSANTD2	4.5		
ENSG00000120471	TP53AIP1	0.0		
ENSG00000120498	TEX11	0.0		
ENSG00000120500	ARR3	0.0		
ENSG00000120509	PDZD11	92.4		
ENSG00000120519	SLC10A7	7.2		
ENSG00000120526	NUDCD1	36.3		
ENSG00000120533	ENY2	96.8		
ENSG00000120539	MASTL	27.9		
ENSG00000120549	KIAA1217	4.7		
ENSG00000120563	LYZL1	0.0		
ENSG00000120594	PLXDC2	2.2		
ENSG00000120616	EPC1	12.1		
ENSG00000120645	IQSEC3	0.0		
ENSG00000120647	CCDC77	20.5		
ENSG00000120656	TAF12	45.7		
ENSG00000120658	ENOX1	0.7		
ENSG00000120659	TNFSF11	0.0		
ENSG00000120662	MTRF1	21.7		
ENSG00000120669	SOHLH2	0.2		
ENSG00000120675	DNAJC15	1.2		
ENSG00000120685	PROSER1	40.5		
ENSG00000120686	UFM1	44.9		
ENSG00000120688	WBP4	10.2		
ENSG00000120690	ELF1	2.9		
ENSG00000120693	SMAD9	9.3		
ENSG00000120694	HSPH1	411.7		
ENSG00000120696	KBTBD7	6.9		
ENSG00000120697	ALG5	41.9		
ENSG00000120699	EXOSC8	92.7		
ENSG00000120705	ETF1	218.0		
ENSG00000120708	TGFBI	1.0		
ENSG00000120709	FAM53C	46.8		
ENSG00000120725	SIL1	12.0		
ENSG00000120727	PAIP2	173.5		
ENSG00000120729	MYOT	0.0		
ENSG00000120733	KDM3B	53.2		
ENSG00000120738	EGR1	2.6		
ENSG00000120742	SERP1	113.6		
ENSG00000120756	PLS1	18.8		
ENSG00000120784	ZFP30	12.9		
ENSG00000120798	NR2C1	10.7		
ENSG00000120800	UTP20	33.0		
ENSG00000120802	TMPO	240.8		
ENSG00000120805	ARL1	67.1		
ENSG00000120820	GLT8D2	0.4		
ENSG00000120832	MTERF2	11.1		
ENSG00000120833	SOCS2	88.6		
ENSG00000120837	NFYB	46.5		
ENSG00000120860	WASHC3	21.4		
ENSG00000120868	APAF1	20.2		
ENSG00000120875	DUSP4	0.7		
ENSG00000120885	CLU	318.4		
ENSG00000120889	TNFRSF10B	39.3		
ENSG00000120896	SORBS3	82.5		
ENSG00000120899	PTK2B	1.1		
ENSG00000120903	CHRNA2	0.0		
ENSG00000120907	ADRA1A	0.2		
ENSG00000120910	PPP3CC	17.9		
ENSG00000120913	PDLIM2	20.5		
ENSG00000120915	EPHX2	1.1		
ENSG00000120925	RNF170	9.6		
ENSG00000120937	NPPB	0.1		
ENSG00000120942	UBIAD1	28.1		
ENSG00000120948	TARDBP	333.1		
ENSG00000120949	TNFRSF8	0.0		
ENSG00000120952	PRAMEF2	0.0		
ENSG00000120963	ZNF706	113.3		
ENSG00000120992	LYPLA1	122.8		
ENSG00000121005	CRISPLD1	11.3		
ENSG00000121022	COPS5	109.2		
ENSG00000121039	RDH10	19.6		
ENSG00000121053	EPX	0.0		
ENSG00000121057	AKAP1	50.1		
ENSG00000121058	COIL	25.6		
ENSG00000121060	TRIM25	44.5		
ENSG00000121064	SCPEP1	22.0		
ENSG00000121067	SPOP	49.3		
ENSG00000121068	TBX2	2.4		
ENSG00000121073	SLC35B1	87.1		
ENSG00000121075	TBX4	0.0		
ENSG00000121101	TEX14	0.2		
ENSG00000121104	FAM117A	9.0		
ENSG00000121152	NCAPH	100.2		
ENSG00000121207	LRAT	0.0		
ENSG00000121210	TMEM131L	12.1		
ENSG00000121211	MND1	52.3		
ENSG00000121236	TRIM6	7.5		
ENSG00000121270	ABCC11	0.0		
ENSG00000121274	TENT4B	3.9		
ENSG00000121281	ADCY7	22.3		
ENSG00000121289	CEP89	16.9		
ENSG00000121297	TSHZ3	2.7		
ENSG00000121310	ECHDC2	0.0		
ENSG00000121314	TAS2R8	0.0		
ENSG00000121316	PLBD1	0.0		
ENSG00000121318	TAS2R10	0.0		
ENSG00000121335	PRB2	0.0		
ENSG00000121350	PYROXD1	5.8		
ENSG00000121351	IAPP	0.0		
ENSG00000121361	KCNJ8	0.0		
ENSG00000121377	TAS2R7	0.0		
ENSG00000121380	BCL2L14	0.1		
ENSG00000121381	TAS2R9	0.0		
ENSG00000121390	PSPC1	54.7		
ENSG00000121406	ZNF549	2.5		
ENSG00000121410	A1BG	0.0		
ENSG00000121413	ZSCAN18	1.2		
ENSG00000121417	ZNF211	6.4		
ENSG00000121440	PDZRN3	0.0		
ENSG00000121446	RGSL1	0.0		
ENSG00000121454	LHX4	2.1		
ENSG00000121481	RNF2	43.7		
ENSG00000121486	TRMT1L	25.7		
ENSG00000121542	SEC22A	16.0		
ENSG00000121552	CSTA	0.0		
ENSG00000121570	DPPA4	89.7		
ENSG00000121577	POPDC2	0.3		
ENSG00000121578	B4GALT4	20.7		
ENSG00000121579	NAA50	238.0		
ENSG00000121594	CD80	0.0		
ENSG00000121621	KIF18A	23.4		
ENSG00000121634	GJA8	0.0		
ENSG00000121644	DESI2	58.1		
ENSG00000121653	MAPK8IP1	10.2		
ENSG00000121671	CRY2	6.0		
ENSG00000121680	PEX16	6.9		
ENSG00000121690	DEPDC7	10.8		
ENSG00000121691	CAT	42.3		
ENSG00000121716	PILRB	32.3		
ENSG00000121741	ZMYM2	38.2		
ENSG00000121742	GJB6	3.5		
ENSG00000121743	GJA3	2.5		
ENSG00000121749	TBC1D15	22.3		
ENSG00000121753	ADGRB2	3.1		
ENSG00000121764	HCRTR1	0.0		
ENSG00000121766	ZCCHC17	67.9		
ENSG00000121769	FABP3	2.5		
ENSG00000121774	KHDRBS1	221.9		
ENSG00000121775	TMEM39B	3.4		
ENSG00000121797	CCRL2	0.0		
ENSG00000121807	CCR2	0.0		
ENSG00000121851	POLR3GL	14.1		
ENSG00000121853	GHSR	0.0		
ENSG00000121858	TNFSF10	0.3		
ENSG00000121864	ZNF639	55.2		
ENSG00000121871	SLITRK3	2.2		
ENSG00000121879	PIK3CA	8.4		
ENSG00000121892	PDS5A	86.9		
ENSG00000121895	TMEM156	0.2		
ENSG00000121897	LIAS	15.9		
ENSG00000121898	CPXM2	0.0		
ENSG00000121900	TMEM54	28.6		
ENSG00000121903	ZSCAN20	3.3		
ENSG00000121904	CSMD2	0.0		
ENSG00000121905	HPCA	0.4		
ENSG00000121931	LRIF1	12.9		
ENSG00000121933	TMIGD3	0.1		
ENSG00000121940	CLCC1	23.9		
ENSG00000121957	GPSM2	25.3		
ENSG00000121964	GTDC1	4.0		
ENSG00000121966	CXCR4	1.7		
ENSG00000121988	ZRANB3	2.4		
ENSG00000121989	ACVR2A	12.0		
ENSG00000122008	POLK	3.8		
ENSG00000122012	SV2C	0.0		
ENSG00000122025	FLT3	0.0		
ENSG00000122026	RPL21	1552.8		
ENSG00000122033	MTIF3	27.2		
ENSG00000122034	GTF3A	136.6		
ENSG00000122035	RASL11A	2.5		
ENSG00000122042	UBL3	11.0		
ENSG00000122068	FYTTD1	55.5		
ENSG00000122085	MTERF4	41.0		
ENSG00000122121	XPNPEP2	0.0		
ENSG00000122122	SASH3	0.0		
ENSG00000122126	OCRL	30.5		
ENSG00000122133	PAEP	0.0		
ENSG00000122136	OBP2A	0.0		
ENSG00000122140	MRPS2	88.9		
ENSG00000122145	TBX22	0.0		
ENSG00000122176	FMOD	0.0		
ENSG00000122180	MYOG	0.0		
ENSG00000122188	LAX1	0.0		
ENSG00000122194	PLG	0.0		
ENSG00000122203	KIAA1191	67.6		
ENSG00000122218	COPA	92.0		
ENSG00000122223	CD244	0.0		
ENSG00000122224	LY9	0.0		
ENSG00000122254	HS3ST2	0.0		
ENSG00000122257	RBBP6	46.2		
ENSG00000122299	ZC3H7A	33.1		
ENSG00000122304	PRM2	0.0		
ENSG00000122335	SERAC1	9.1		
ENSG00000122359	ANXA11	44.6		
ENSG00000122367	LDB3	0.0		
ENSG00000122375	OPN4	0.0		
ENSG00000122376	SHLD2	37.2		
ENSG00000122378	PRXL2A	9.5		
ENSG00000122386	ZNF205	10.8		
ENSG00000122390	NAA60	40.1		
ENSG00000122406	RPL5	1871.2		
ENSG00000122417	ODF2L	8.1		
ENSG00000122420	PTGFR	0.0		
ENSG00000122432	SPATA1	0.0		
ENSG00000122435	TRMT13	30.6		
ENSG00000122477	LRRC39	0.2		
ENSG00000122481	RWDD3	7.5		
ENSG00000122482	ZNF644	31.6		
ENSG00000122483	CCDC18	8.2		
ENSG00000122484	RPAP2	3.4		
ENSG00000122490	SLC66A2	16.2		
ENSG00000122507	BBS9	3.1		
ENSG00000122512	PMS2	19.2		
ENSG00000122515	ZMIZ2	10.6		
ENSG00000122543	OCM	0.0		
ENSG00000122545	SEPTIN7	166.3		
ENSG00000122547	EEPD1	2.4		
ENSG00000122550	KLHL7	21.5		
ENSG00000122557	HERPUD2	12.7		
ENSG00000122565	CBX3	275.7		
ENSG00000122566	HNRNPA2B1	196.3		
ENSG00000122574	WIPF3	18.1		
ENSG00000122584	NXPH1	0.4		
ENSG00000122585	NPY	0.0		
ENSG00000122591	FAM126A	44.3		
ENSG00000122592	HOXA7	36.9		
ENSG00000122641	INHBA	0.0		
ENSG00000122642	FKBP9	40.8		
ENSG00000122643	NT5C3A	28.3		
ENSG00000122644	ARL4A	27.3		
ENSG00000122674	CCZ1	16.6		
ENSG00000122678	POLM	2.7		
ENSG00000122679	RAMP3	0.0		
ENSG00000122687	MRM2	49.3		
ENSG00000122691	TWIST1	3.7		
ENSG00000122692	SMU1	31.1		
ENSG00000122694	GLIPR2	7.9		
ENSG00000122696	SLC25A51	19.6		
ENSG00000122705	CLTA	238.8		
ENSG00000122707	RECK	1.8		
ENSG00000122711	SPINK4	0.0		
ENSG00000122728	TAF1L	0.0		
ENSG00000122729	ACO1	51.3		
ENSG00000122733	PHF24	0.0		
ENSG00000122735	DNAI1	0.0		
ENSG00000122741	DCAF10	6.7		
ENSG00000122756	CNTFR	3.8		
ENSG00000122778	KIAA1549	5.7		
ENSG00000122779	TRIM24	71.9		
ENSG00000122783	CYREN	42.2		
ENSG00000122786	CALD1	106.0		
ENSG00000122787	AKR1D1	0.0		
ENSG00000122824	NUDT10	14.2		
ENSG00000122852	SFTPA1	0.0		
ENSG00000122859	NEUROG3	0.0		
ENSG00000122861	PLAU	0.9		
ENSG00000122862	SRGN	0.0		
ENSG00000122863	CHST3	7.4		
ENSG00000122870	BICC1	6.1		
ENSG00000122873	CISD1	21.7		
ENSG00000122877	EGR2	0.2		
ENSG00000122882	ECD	34.6		
ENSG00000122884	P4HA1	38.3		
ENSG00000122912	SLC25A16	10.2		
ENSG00000122952	ZWINT	153.2		
ENSG00000122958	VPS26A	73.1		
ENSG00000122965	RBM19	35.4		
ENSG00000122966	CIT	14.4		
ENSG00000122970	IFT81	19.7		
ENSG00000122971	ACADS	6.6		
ENSG00000122986	HVCN1	3.3		
ENSG00000123064	DDX54	55.0		
ENSG00000123066	MED13L	20.4		
ENSG00000123080	CDKN2C	71.4		
ENSG00000123091	RNF11	36.6		
ENSG00000123094	RASSF8	7.2		
ENSG00000123095	BHLHE41	0.4		
ENSG00000123096	SSPN	0.0		
ENSG00000123104	ITPR2	15.1		
ENSG00000123106	CCDC91	12.3		
ENSG00000123119	NECAB1	0.7		
ENSG00000123124	WWP1	26.4		
ENSG00000123130	ACOT9	29.6		
ENSG00000123131	PRDX4	279.8		
ENSG00000123136	DDX39A	215.7		
ENSG00000123143	PKN1	52.1		
ENSG00000123144	TRIR	185.5		
ENSG00000123146	ADGRE5	21.0		
ENSG00000123154	WDR83	7.3		
ENSG00000123159	GIPC1	38.7		
ENSG00000123165	ACTRT1	0.0		
ENSG00000123171	CCDC70	0.0		
ENSG00000123178	SPRYD7	12.1		
ENSG00000123179	EBPL	38.3		
ENSG00000123191	ATP7B	4.0		
ENSG00000123200	ZC3H13	32.1		
ENSG00000123213	NLN	9.5		
ENSG00000123219	CENPK	33.3		
ENSG00000123240	OPTN	17.3		
ENSG00000123243	ITIH5	0.0		
ENSG00000123268	ATF1	24.9		
ENSG00000123297	TSFM	60.1		
ENSG00000123307	NEUROD4	0.0		
ENSG00000123329	ARHGAP9	0.4		
ENSG00000123338	NCKAP1L	0.0		
ENSG00000123342	MMP19	0.0		
ENSG00000123349	PFDN5	416.7		
ENSG00000123352	SPATS2	28.9		
ENSG00000123353	ORMDL2	34.6		
ENSG00000123358	NR4A1	16.9		
ENSG00000123360	PDE1B	2.1		
ENSG00000123364	HOXC13	8.0		
ENSG00000123374	CDK2	73.4		
ENSG00000123384	LRP1	5.3		
ENSG00000123388	HOXC11	6.6		
ENSG00000123395	ATG101	44.6		
ENSG00000123405	NFE2	0.0		
ENSG00000123407	HOXC12	0.0		
ENSG00000123411	IKZF4	1.5		
ENSG00000123415	SMUG1	15.7		
ENSG00000123416	TUBA1B	3993.2		
ENSG00000123427	EEF1AKMT3	3.7		
ENSG00000123444	KBTBD4	7.5		
ENSG00000123453	SARDH	0.0		
ENSG00000123454	DBH	0.0		
ENSG00000123472	ATPAF1	97.3		
ENSG00000123473	STIL	29.4		
ENSG00000123485	HJURP	54.9		
ENSG00000123496	IL13RA2	0.0		
ENSG00000123500	COL10A1	0.0		
ENSG00000123505	AMD1	163.9		
ENSG00000123545	NDUFAF4	24.7		
ENSG00000123552	USP45	12.1		
ENSG00000123560	PLP1	0.0		
ENSG00000123561	SERPINA7	0.0		
ENSG00000123562	MORF4L2	477.1		
ENSG00000123569	H2BW1	0.0		
ENSG00000123570	RAB9B	0.5		
ENSG00000123572	NRK	0.1		
ENSG00000123575	FAM199X	23.9		
ENSG00000123576	ESX1	0.2		
ENSG00000123584	MAGEA9	0.0		
ENSG00000123594	ATXN3L	0.0		
ENSG00000123595	RAB9A	34.4		
ENSG00000123600	METTL8	17.7		
ENSG00000123607	TTC21B	8.2		
ENSG00000123609	NMI	5.6		
ENSG00000123610	TNFAIP6	0.0		
ENSG00000123612	ACVR1C	0.1		
ENSG00000123636	BAZ2B	19.4		
ENSG00000123643	SLC36A1	15.1		
ENSG00000123684	LPGAT1	33.2		
ENSG00000123685	BATF3	7.0		
ENSG00000123689	G0S2	0.0		
ENSG00000123700	KCNJ2	0.1		
ENSG00000123728	RAP2C	23.0		
ENSG00000123737	EXOSC9	83.1		
ENSG00000123739	PLA2G12A	14.9		
ENSG00000123810	B9D2	3.9		
ENSG00000123815	COQ8B	7.0		
ENSG00000123836	PFKFB2	3.1		
ENSG00000123838	C4BPA	0.0		
ENSG00000123843	C4BPB	0.0		
ENSG00000123892	RAB38	5.7		
ENSG00000123901	GPR83	0.1		
ENSG00000123908	AGO2	26.2		
ENSG00000123933	MXD4	3.7		
ENSG00000123975	CKS2	415.5		
ENSG00000123977	DAW1	0.0		
ENSG00000123983	ACSL3	20.4		
ENSG00000123989	CHPF	6.3		
ENSG00000123992	DNPEP	18.6		
ENSG00000123999	INHA	0.2		
ENSG00000124003	MOGAT1	0.0		
ENSG00000124006	OBSL1	31.9		
ENSG00000124019	FAM124B	0.5		
ENSG00000124067	SLC12A4	6.2		
ENSG00000124074	ENKD1	4.5		
ENSG00000124089	MC3R	0.0		
ENSG00000124091	GCNT7	0.0		
ENSG00000124092	CTCFL	0.2		
ENSG00000124098	FAM210B	15.9		
ENSG00000124102	PI3	0.0		
ENSG00000124103	FAM209A	0.2		
ENSG00000124104	SNX21	0.2		
ENSG00000124107	SLPI	0.0		
ENSG00000124116	WFDC3	0.0		
ENSG00000124120	TTPAL	10.5		
ENSG00000124126	PREX1	4.1		
ENSG00000124134	KCNS1	0.0		
ENSG00000124140	SLC12A5	4.3		
ENSG00000124143	ARHGAP40	0.0		
ENSG00000124145	SDC4	8.2		
ENSG00000124151	NCOA3	12.2		
ENSG00000124155	PIGT	43.6		
ENSG00000124157	SEMG2	0.0		
ENSG00000124159	MATN4	0.0		
ENSG00000124160	NCOA5	39.6		
ENSG00000124164	VAPB	27.1		
ENSG00000124171	PARD6B	2.6		
ENSG00000124172	ATP5F1E	70.3		
ENSG00000124177	CHD6	12.9		
ENSG00000124181	PLCG1	42.7		
ENSG00000124191	TOX2	3.2		
ENSG00000124193	SRSF6	91.7		
ENSG00000124194	GDAP1L1	0.0		
ENSG00000124196	GTSF1L	0.0		
ENSG00000124198	ARFGEF2	18.6		
ENSG00000124201	ZNFX1	10.8		
ENSG00000124203	ZNF831	0.0		
ENSG00000124205	EDN3	0.0		
ENSG00000124207	CSE1L	270.7		
ENSG00000124208	PEDS1-UBE2V1	3.6		
ENSG00000124209	RAB22A	4.5		
ENSG00000124212	PTGIS	0.0		
ENSG00000124214	STAU1	122.4		
ENSG00000124215	CDH26	0.0		
ENSG00000124216	SNAI1	1.6		
ENSG00000124217	MOCS3	3.8		
ENSG00000124222	STX16	25.5		
ENSG00000124225	PMEPA1	1.6		
ENSG00000124226	RNF114	62.5		
ENSG00000124227	ANKRD60	0.0		
ENSG00000124228	DDX27	79.1		
ENSG00000124232	RBPJL	0.0		
ENSG00000124233	SEMG1	0.0		
ENSG00000124237	C20orf85	0.0		
ENSG00000124243	BCAS4	10.8		
ENSG00000124249	KCNK15	0.0		
ENSG00000124251	TP53TG5	0.0		
ENSG00000124253	PCK1	0.0		
ENSG00000124256	ZBP1	0.0		
ENSG00000124257	NEURL2	1.6		
ENSG00000124260	MAGEA10	0.0		
ENSG00000124275	MTRR	17.0		
ENSG00000124279	FASTKD3	21.5		
ENSG00000124299	PEPD	39.5		
ENSG00000124302	CHST8	0.1		
ENSG00000124313	IQSEC2	1.7		
ENSG00000124333	VAMP7	47.6		
ENSG00000124334	IL9R	0.1		
ENSG00000124343	XG	0.0		
ENSG00000124356	STAMBP	36.6		
ENSG00000124357	NAGK	22.4		
ENSG00000124370	MCEE	12.4		
ENSG00000124374	PAIP2B	6.1		
ENSG00000124380	SNRNP27	34.9		
ENSG00000124383	MPHOSPH10	54.8		
ENSG00000124391	IL17C	0.0		
ENSG00000124406	ATP8A1	6.5		
ENSG00000124422	USP22	176.7		
ENSG00000124429	POF1B	5.1		
ENSG00000124440	HIF3A	0.0		
ENSG00000124444	ZNF576	13.0		
ENSG00000124449	IRGC	0.0		
ENSG00000124459	ZNF45	12.9		
ENSG00000124466	LYPD3	0.2		
ENSG00000124467	PSG8	0.0		
ENSG00000124469	CEACAM8	0.0		
ENSG00000124479	NDP	0.0		
ENSG00000124486	USP9X	67.1		
ENSG00000124490	CRISP2	0.0		
ENSG00000124491	F13A1	0.0		
ENSG00000124493	GRM4	0.1		
ENSG00000124496	TRERF1	13.2		
ENSG00000124507	PACSIN1	1.4		
ENSG00000124508	BTN2A2	10.7		
ENSG00000124523	SIRT5	7.4		
ENSG00000124532	MRS2	25.6		
ENSG00000124535	WRNIP1	70.2		
ENSG00000124541	RRP36	127.7		
ENSG00000124557	BTN1A1	0.0		
ENSG00000124562	SNRPC	398.7		
ENSG00000124564	SLC17A3	0.0		
ENSG00000124568	SLC17A1	0.0		
ENSG00000124570	SERPINB6	90.3		
ENSG00000124571	XPO5	78.4		
ENSG00000124574	ABCC10	5.8		
ENSG00000124575	H1-3	0.2		
ENSG00000124587	PEX6	28.7		
ENSG00000124588	NQO2	45.4		
ENSG00000124596	OARD1	38.1		
ENSG00000124602	UNC5CL	0.1		
ENSG00000124608	AARS2	14.7		
ENSG00000124610	H1-1	0.0		
ENSG00000124613	ZNF391	5.8		
ENSG00000124614	RPS10	2814.8		
ENSG00000124615	MOCS1	8.2		
ENSG00000124635	H2BC11	6.5		
ENSG00000124641	MED20	39.7		
ENSG00000124657	OR2B6	0.3		
ENSG00000124659	TBCC	22.9		
ENSG00000124664	SPDEF	0.0		
ENSG00000124678	TCP11	0.0		
ENSG00000124688	MAD2L1BP	59.2		
ENSG00000124701	APOBEC2	0.0		
ENSG00000124702	KLHDC3	126.1		
ENSG00000124713	GNMT	0.2		
ENSG00000124721	DNAH8	0.0		
ENSG00000124731	TREM1	0.0		
ENSG00000124733	MEA1	128.8		
ENSG00000124743	KLHL31	0.2		
ENSG00000124749	COL21A1	0.0		
ENSG00000124762	CDKN1A	3.7		
ENSG00000124766	SOX4	32.0		
ENSG00000124767	GLO1	222.5		
ENSG00000124772	CPNE5	0.1		
ENSG00000124780	KCNK17	0.0		
ENSG00000124782	RREB1	14.7		
ENSG00000124783	SSR1	112.0		
ENSG00000124784	RIOK1	45.7		
ENSG00000124785	NRN1	43.3		
ENSG00000124786	SLC35B3	11.5		
ENSG00000124787	RPP40	13.7		
ENSG00000124788	ATXN1	0.3		
ENSG00000124789	NUP153	68.1		
ENSG00000124795	DEK	260.7		
ENSG00000124802	EEF1E1	122.3		
ENSG00000124812	CRISP1	0.0		
ENSG00000124813	RUNX2	0.0		
ENSG00000124818	OPN5	0.0		
ENSG00000124827	GCM2	0.0		
ENSG00000124831	LRRFIP1	54.0		
ENSG00000124839	RAB17	0.0		
ENSG00000124875	CXCL6	0.0		
ENSG00000124882	EREG	0.0		
ENSG00000124900	TRIM51	0.0		
ENSG00000124920	MYRF	1.3		
ENSG00000124935	SCGB1D2	0.0		
ENSG00000124939	SCGB2A1	0.4		
ENSG00000124942	AHNAK	41.2		
ENSG00000125037	EMC3	64.2		
ENSG00000125046	SSUH2	0.0		
ENSG00000125084	WNT1	0.0		
ENSG00000125089	SH3TC1	0.0		
ENSG00000125107	CNOT1	177.9		
ENSG00000125124	BBS2	11.7		
ENSG00000125144	MT1G	0.2		
ENSG00000125148	MT2A	394.4		
ENSG00000125149	C16orf70	23.7		
ENSG00000125166	GOT2	203.2		
ENSG00000125170	DOK4	9.2		
ENSG00000125207	PIWIL1	0.0		
ENSG00000125245	GPR18	0.0		
ENSG00000125246	CLYBL	1.5		
ENSG00000125247	TMTC4	13.5		
ENSG00000125249	RAP2A	16.6		
ENSG00000125255	SLC10A2	0.4		
ENSG00000125257	ABCC4	7.9		
ENSG00000125266	EFNB2	2.9		
ENSG00000125285	SOX21	12.1		
ENSG00000125304	TM9SF2	81.1		
ENSG00000125319	HROB	10.9		
ENSG00000125337	KIF25	0.0		
ENSG00000125347	IRF1	7.4		
ENSG00000125351	UPF3B	45.9		
ENSG00000125352	RNF113A	24.4		
ENSG00000125354	SEPTIN6	60.2		
ENSG00000125355	TMEM255A	1.9		
ENSG00000125356	NDUFA1	555.7		
ENSG00000125363	AMELX	0.0		
ENSG00000125375	DMAC2L	2.3		
ENSG00000125378	BMP4	8.6		
ENSG00000125384	PTGER2	0.0		
ENSG00000125386	FAM193A	14.0		
ENSG00000125388	GRK4	3.6		
ENSG00000125398	SOX9	0.0		
ENSG00000125409	TEKT3	0.0		
ENSG00000125414	MYH2	0.0		
ENSG00000125430	HS3ST3B1	0.5		
ENSG00000125434	SLC25A35	2.8		
ENSG00000125445	MRPS7	122.3		
ENSG00000125447	GGA3	13.8		
ENSG00000125449	ARMC7	14.6		
ENSG00000125450	NUP85	88.8		
ENSG00000125454	SLC25A19	43.5		
ENSG00000125457	MIF4GD	13.6		
ENSG00000125458	NT5C	18.1		
ENSG00000125459	MSTO1	40.2		
ENSG00000125482	TTF1	18.5		
ENSG00000125484	GTF3C4	39.8		
ENSG00000125485	DDX31	32.8		
ENSG00000125492	BARHL1	0.0		
ENSG00000125498	KIR2DL1	0.0		
ENSG00000125503	PPP1R12C	12.6		
ENSG00000125505	MBOAT7	0.3		
ENSG00000125508	SRMS	0.0		
ENSG00000125510	OPRL1	0.1		
ENSG00000125520	SLC2A4RG	6.1		
ENSG00000125522	NPBWR2	0.0		
ENSG00000125531	FNDC11	0.1		
ENSG00000125533	BHLHE23	0.0		
ENSG00000125534	PPDPF	29.5		
ENSG00000125538	IL1B	0.0		
ENSG00000125551	PLGLB2	0.2		
ENSG00000125571	IL37	0.1		
ENSG00000125611	CHCHD5	8.9		
ENSG00000125618	PAX8	1.6		
ENSG00000125629	INSIG2	8.0		
ENSG00000125630	POLR1B	56.1		
ENSG00000125633	CCDC93	12.8		
ENSG00000125637	PSD4	0.0		
ENSG00000125648	SLC25A23	66.3		
ENSG00000125650	PSPN	1.5		
ENSG00000125651	GTF2F1	69.3		
ENSG00000125652	ALKBH7	9.6		
ENSG00000125656	CLPP	63.5		
ENSG00000125657	TNFSF9	5.4		
ENSG00000125675	GRIA3	0.2		
ENSG00000125676	THOC2	74.6		
ENSG00000125686	MED1	38.0		
ENSG00000125691	RPL23	2131.0		
ENSG00000125703	ATG4C	16.1		
ENSG00000125726	CD70	46.5		
ENSG00000125730	C3	0.2		
ENSG00000125731	SH2D3A	2.3		
ENSG00000125733	TRIP10	38.8		
ENSG00000125734	GPR108	24.7		
ENSG00000125735	TNFSF14	0.0		
ENSG00000125740	FOSB	0.5		
ENSG00000125741	OPA3	12.5		
ENSG00000125743	SNRPD2	1180.4		
ENSG00000125744	RTN2	5.6		
ENSG00000125746	EML2	6.0		
ENSG00000125753	VASP	6.2		
ENSG00000125755	SYMPK	55.1		
ENSG00000125772	GPCPD1	10.1		
ENSG00000125775	SDCBP2	0.5		
ENSG00000125779	PANK2	34.7		
ENSG00000125780	TGM3	0.0		
ENSG00000125787	GNRH2	0.5		
ENSG00000125788	DEFB126	0.0		
ENSG00000125798	FOXA2	0.0		
ENSG00000125810	CD93	0.0		
ENSG00000125812	GZF1	10.3		
ENSG00000125813	PAX1	0.0		
ENSG00000125814	NAPB	7.8		
ENSG00000125815	CST8	0.0		
ENSG00000125816	NKX2-4	2.5		
ENSG00000125817	CENPB	21.7		
ENSG00000125818	PSMF1	78.9		
ENSG00000125820	NKX2-2	4.1		
ENSG00000125821	DTD1	13.1		
ENSG00000125823	CSTL1	0.0		
ENSG00000125826	RBCK1	29.4		
ENSG00000125827	TMX4	10.1		
ENSG00000125831	CST11	0.0		
ENSG00000125834	STK35	17.6		
ENSG00000125835	SNRPB	370.7		
ENSG00000125841	NRSN2	33.5		
ENSG00000125843	AP5S1	3.9		
ENSG00000125844	RRBP1	38.7		
ENSG00000125845	BMP2	6.2		
ENSG00000125846	ZNF133	8.1		
ENSG00000125848	FLRT3	0.0		
ENSG00000125850	OVOL2	1.0		
ENSG00000125851	PCSK2	0.0		
ENSG00000125861	GFRA4	0.0		
ENSG00000125863	MKKS	27.6		
ENSG00000125864	BFSP1	2.8		
ENSG00000125868	DSTN	149.4		
ENSG00000125869	LAMP5	0.2		
ENSG00000125870	SNRPB2	74.9		
ENSG00000125871	MGME1	43.1		
ENSG00000125872	LRRN4	0.0		
ENSG00000125875	TBC1D20	18.8		
ENSG00000125877	ITPA	62.3		
ENSG00000125878	TCF15	1.5		
ENSG00000125879	OTOR	0.0		
ENSG00000125885	MCM8	46.1		
ENSG00000125888	BANF2	0.0		
ENSG00000125895	TMEM74B	3.4		
ENSG00000125898	FAM110A	3.3		
ENSG00000125900	SIRPD	0.0		
ENSG00000125901	MRPS26	69.6		
ENSG00000125903	DEFB129	0.0		
ENSG00000125910	S1PR4	0.0		
ENSG00000125912	NCLN	24.7		
ENSG00000125931	CITED1	20.5		
ENSG00000125944	HNRNPR	211.0		
ENSG00000125945	ZNF436	15.0		
ENSG00000125952	MAX	63.4		
ENSG00000125954	CHURC1-FNTB	0.3		
ENSG00000125962	ARMCX5	32.8		
ENSG00000125965	GDF5	0.0		
ENSG00000125966	MMP24	8.5		
ENSG00000125967	NECAB3	5.3		
ENSG00000125968	ID1	40.1		
ENSG00000125970	RALY	135.8		
ENSG00000125971	DYNLRB1	282.2		
ENSG00000125975	C20orf173	0.0		
ENSG00000125977	EIF2S2	169.7		
ENSG00000125991	ERGIC3	137.7		
ENSG00000125995	ROMO1	88.5		
ENSG00000125998	FAM83C	0.0		
ENSG00000125999	BPIFB1	0.0		
ENSG00000126001	CEP250	20.0		
ENSG00000126003	PLAGL2	35.7		
ENSG00000126005	MMP24OS	5.9		
ENSG00000126010	GRPR	0.0		
ENSG00000126012	KDM5C	72.6		
ENSG00000126016	AMOT	25.1		
ENSG00000126062	TMEM115	24.7		
ENSG00000126067	PSMB2	59.3		
ENSG00000126070	AGO3	5.9		
ENSG00000126088	UROD	127.2		
ENSG00000126091	ST3GAL3	2.8		
ENSG00000126106	TMEM53	3.6		
ENSG00000126107	HECTD3	29.7		
ENSG00000126214	KLC1	85.8		
ENSG00000126215	XRCC3	34.6		
ENSG00000126216	TUBGCP3	27.8		
ENSG00000126217	MCF2L	3.8		
ENSG00000126218	F10	0.0		
ENSG00000126226	PCID2	62.9		
ENSG00000126231	PROZ	0.0		
ENSG00000126233	SLURP1	0.0		
ENSG00000126243	LRFN3	2.3		
ENSG00000126246	IGFLR1	2.0		
ENSG00000126247	CAPNS1	291.3		
ENSG00000126249	PDCD2L	17.4		
ENSG00000126251	GPR42	0.0		
ENSG00000126254	RBM42	44.8		
ENSG00000126259	KIRREL2	2.9		
ENSG00000126261	UBA2	188.8		
ENSG00000126262	FFAR2	0.0		
ENSG00000126264	HCST	0.0		
ENSG00000126266	FFAR1	0.0		
ENSG00000126267	COX6B1	836.5		
ENSG00000126337	KRT36	0.0		
ENSG00000126351	THRA	22.6		
ENSG00000126353	CCR7	0.0		
ENSG00000126368	NR1D1	4.1		
ENSG00000126391	FRMD8	11.3		
ENSG00000126432	PRDX5	253.3		
ENSG00000126453	BCL2L12	46.3		
ENSG00000126456	IRF3	32.5		
ENSG00000126457	PRMT1	337.3		
ENSG00000126458	RRAS	7.3		
ENSG00000126460	PRRG2	0.3		
ENSG00000126461	SCAF1	28.0		
ENSG00000126464	PRR12	5.8		
ENSG00000126467	TSKS	0.0		
ENSG00000126500	FLRT1	0.0		
ENSG00000126522	ASL	7.1		
ENSG00000126524	SBDS	101.7		
ENSG00000126545	CSN1S1	0.0		
ENSG00000126549	STATH	0.0		
ENSG00000126550	HTN1	0.1		
ENSG00000126561	STAT5A	0.8		
ENSG00000126562	WNK4	0.2		
ENSG00000126581	BECN1	48.9		
ENSG00000126583	PRKCG	1.0		
ENSG00000126602	TRAP1	223.0		
ENSG00000126603	GLIS2	1.2		
ENSG00000126653	NSRP1	41.1		
ENSG00000126698	DNAJC8	88.4		
ENSG00000126705	AHDC1	1.4		
ENSG00000126709	IFI6	5.5		
ENSG00000126733	DACH2	6.7		
ENSG00000126746	ZNF384	59.8		
ENSG00000126749	EMG1	18.9		
ENSG00000126752	SSX1	0.0		
ENSG00000126756	UXT	123.5		
ENSG00000126759	CFP	0.1		
ENSG00000126767	ELK1	37.6		
ENSG00000126768	TIMM17B	125.1		
ENSG00000126773	PCNX4	16.6		
ENSG00000126775	ATG14	5.6		
ENSG00000126777	KTN1	122.5		
ENSG00000126778	SIX1	10.3		
ENSG00000126785	RHOJ	0.0		
ENSG00000126787	DLGAP5	91.5		
ENSG00000126790	L3HYPDH	11.1		
ENSG00000126803	HSPA2	0.0		
ENSG00000126804	ZBTB1	19.9		
ENSG00000126814	TRMT5	22.9		
ENSG00000126821	SGPP1	4.8		
ENSG00000126822	PLEKHG3	20.3		
ENSG00000126838	PZP	0.0		
ENSG00000126856	PRDM7	0.0		
ENSG00000126858	RHOT1	34.3		
ENSG00000126860	EVI2A	0.0		
ENSG00000126861	OMG	0.7		
ENSG00000126870	DYNC2I1	4.8		
ENSG00000126878	AIF1L	21.2		
ENSG00000126882	FAM78A	16.0		
ENSG00000126883	NUP214	35.2		
ENSG00000126890	CTAG2	0.0		
ENSG00000126895	AVPR2	0.0		
ENSG00000126903	SLC10A3	24.4		
ENSG00000126934	MAP2K2	74.2		
ENSG00000126945	HNRNPH2	160.6		
ENSG00000126947	ARMCX1	0.0		
ENSG00000126950	TMEM35A	3.4		
ENSG00000126953	TIMM8A	46.2		
ENSG00000126970	ZC4H2	10.4		
ENSG00000127022	CANX	120.2		
ENSG00000127054	INTS11	46.3		
ENSG00000127074	RGS13	0.0		
ENSG00000127080	IPPK	16.4		
ENSG00000127081	ZNF484	3.5		
ENSG00000127083	OMD	0.0		
ENSG00000127084	FGD3	0.6		
ENSG00000127124	HIVEP3	0.4		
ENSG00000127125	PPCS	11.5		
ENSG00000127129	EDN2	0.0		
ENSG00000127152	BCL11B	1.7		
ENSG00000127184	COX7C	539.3		
ENSG00000127191	TRAF2	27.9		
ENSG00000127220	ABHD8	3.2		
ENSG00000127241	MASP1	0.0		
ENSG00000127249	ATP13A4	0.0		
ENSG00000127252	PLAAT1	12.9		
ENSG00000127311	HELB	0.5		
ENSG00000127314	RAP1B	146.5		
ENSG00000127318	IL22	0.0		
ENSG00000127324	TSPAN8	0.0		
ENSG00000127325	BEST3	0.0		
ENSG00000127328	RAB3IP	14.7		
ENSG00000127329	PTPRB	0.2		
ENSG00000127334	DYRK2	16.0		
ENSG00000127337	YEATS4	41.6		
ENSG00000127362	TAS2R3	0.3		
ENSG00000127364	TAS2R4	0.3		
ENSG00000127366	TAS2R5	0.8		
ENSG00000127377	CRYGN	0.0		
ENSG00000127399	LRRC61	0.0		
ENSG00000127412	TRPV5	0.0		
ENSG00000127415	IDUA	0.1		
ENSG00000127418	FGFRL1	21.8		
ENSG00000127419	TMEM175	4.7		
ENSG00000127423	AUNIP	23.9		
ENSG00000127445	PIN1	52.2		
ENSG00000127452	FBXL12	16.0		
ENSG00000127463	EMC1	56.7		
ENSG00000127472	PLA2G5	0.0		
ENSG00000127481	UBR4	42.3		
ENSG00000127483	HP1BP3	136.7		
ENSG00000127507	ADGRE2	0.3		
ENSG00000127511	SIN3B	20.4		
ENSG00000127515	OR7A10	0.0		
ENSG00000127526	SLC35E1	19.7		
ENSG00000127527	EPS15L1	36.3		
ENSG00000127528	KLF2	0.5		
ENSG00000127529	OR7C2	0.0		
ENSG00000127530	OR7C1	0.0		
ENSG00000127533	F2RL3	0.2		
ENSG00000127540	UQCR11	55.5		
ENSG00000127554	GFER	27.3		
ENSG00000127561	SYNGR3	4.1		
ENSG00000127564	PKMYT1	15.7		
ENSG00000127578	WFIKKN1	0.0		
ENSG00000127580	WDR24	6.1		
ENSG00000127585	FBXL16	1.4		
ENSG00000127586	CHTF18	1.2		
ENSG00000127588	GNG13	0.0		
ENSG00000127603	MACF1	12.5		
ENSG00000127616	SMARCA4	123.6		
ENSG00000127663	KDM4B	7.8		
ENSG00000127666	TICAM1	3.2		
ENSG00000127720	METTL25	7.5		
ENSG00000127743	IL17B	0.0		
ENSG00000127774	EMC6	44.5		
ENSG00000127780	OR1E2	0.0		
ENSG00000127804	METTL16	30.2		
ENSG00000127824	TUBA4A	49.3		
ENSG00000127831	VIL1	0.3		
ENSG00000127837	AAMP	150.7		
ENSG00000127838	PNKD	95.4		
ENSG00000127863	TNFRSF19	3.3		
ENSG00000127870	RNF6	30.2		
ENSG00000127884	ECHS1	160.2		
ENSG00000127903	ZNF835	0.0		
ENSG00000127914	AKAP9	10.5		
ENSG00000127920	GNG11	0.5		
ENSG00000127922	SEM1	379.5		
ENSG00000127928	GNGT1	0.1		
ENSG00000127946	HIP1	38.1		
ENSG00000127947	PTPN12	34.2		
ENSG00000127948	POR	76.0		
ENSG00000127951	FGL2	0.0		
ENSG00000127952	STYXL1	33.3		
ENSG00000127954	STEAP4	0.1		
ENSG00000127955	GNAI1	7.0		
ENSG00000127980	PEX1	11.0		
ENSG00000127989	MTERF1	21.3		
ENSG00000127990	SGCE	60.0		
ENSG00000127993	RBM48	6.6		
ENSG00000127995	CASD1	8.8		
ENSG00000128000	ZNF780B	3.2		
ENSG00000128011	LRFN1	2.1		
ENSG00000128016	ZFP36	1.0		
ENSG00000128039	SRD5A3	5.3		
ENSG00000128040	SPINK2	1.2		
ENSG00000128045	RASL11B	0.7		
ENSG00000128050	PAICS	565.5		
ENSG00000128052	KDR	0.0		
ENSG00000128059	PPAT	74.0		
ENSG00000128159	TUBGCP6	6.3		
ENSG00000128165	ADM2	2.0		
ENSG00000128185	DGCR6L	19.3		
ENSG00000128191	DGCR8	18.4		
ENSG00000128203	ASPHD2	4.5		
ENSG00000128218	VPREB3	0.5		
ENSG00000128228	SDF2L1	29.8		
ENSG00000128242	GAL3ST1	0.0		
ENSG00000128245	YWHAH	208.7		
ENSG00000128250	RFPL1	0.0		
ENSG00000128253	RFPL2	0.0		
ENSG00000128266	GNAZ	8.4		
ENSG00000128268	MGAT3	5.4		
ENSG00000128271	ADORA2A	2.4		
ENSG00000128272	ATF4	676.3		
ENSG00000128274	A4GALT	12.9		
ENSG00000128276	RFPL3	0.0		
ENSG00000128283	CDC42EP1	17.8		
ENSG00000128284	APOL3	0.0		
ENSG00000128285	MCHR1	0.0		
ENSG00000128294	TPST2	8.8		
ENSG00000128298	BAIAP2L2	0.0		
ENSG00000128309	MPST	20.9		
ENSG00000128310	GALR3	0.0		
ENSG00000128311	TST	7.9		
ENSG00000128313	APOL5	0.0		
ENSG00000128322	IGLL1	0.0		
ENSG00000128335	APOL2	18.3		
ENSG00000128340	RAC2	1.0		
ENSG00000128342	LIF	1.1		
ENSG00000128346	C22orf23	0.4		
ENSG00000128383	APOBEC3A	0.1		
ENSG00000128394	APOBEC3F	1.7		
ENSG00000128408	RIBC2	0.0		
ENSG00000128422	KRT17	0.1		
ENSG00000128463	EMC4	107.0		
ENSG00000128482	RNF112	0.0		
ENSG00000128487	SPECC1	10.7		
ENSG00000128510	CPA4	0.0		
ENSG00000128512	DOCK4	1.5		
ENSG00000128513	POT1	14.8		
ENSG00000128519	TAS2R16	0.0		
ENSG00000128524	ATP6V1F	224.5		
ENSG00000128534	LSM8	23.1		
ENSG00000128536	CDHR3	1.4		
ENSG00000128563	PRKRIP1	9.0		
ENSG00000128564	VGF	0.5		
ENSG00000128567	PODXL	34.3		
ENSG00000128573	FOXP2	0.8		
ENSG00000128578	STRIP2	6.4		
ENSG00000128581	IFT22	12.2		
ENSG00000128585	MKLN1	14.4		
ENSG00000128590	DNAJB9	16.0		
ENSG00000128591	FLNC	23.7		
ENSG00000128594	LRRC4	0.0		
ENSG00000128595	CALU	258.2		
ENSG00000128596	CCDC136	7.8		
ENSG00000128602	SMO	27.4		
ENSG00000128604	IRF5	3.4		
ENSG00000128606	LRRC17	0.0		
ENSG00000128607	KLHDC10	24.6		
ENSG00000128609	NDUFA5	83.9		
ENSG00000128610	FEZF1	11.1		
ENSG00000128617	OPN1SW	0.0		
ENSG00000128626	MRPS12	28.3		
ENSG00000128641	MYO1B	27.4		
ENSG00000128645	HOXD1	0.0		
ENSG00000128652	HOXD3	0.4		
ENSG00000128654	MTX2	67.1		
ENSG00000284741	PDE11A	0.0		
ENSG00000128656	CHN1	68.0		
ENSG00000128683	GAD1	2.3		
ENSG00000128694	OSGEPL1	15.0		
ENSG00000128699	ORMDL1	43.4		
ENSG00000128708	HAT1	116.7		
ENSG00000128709	HOXD9	0.1		
ENSG00000128710	HOXD10	0.0		
ENSG00000128713	HOXD11	0.0		
ENSG00000128714	HOXD13	18.4		
ENSG00000128731	HERC2	12.0		
ENSG00000128739	SNRPN	0.0		
ENSG00000128789	PSMG2	93.7		
ENSG00000128791	TWSG1	57.1		
ENSG00000128805	ARHGAP22	0.4		
ENSG00000128815	WDFY4	0.0		
ENSG00000128829	EIF2AK4	41.1		
ENSG00000128833	MYO5C	5.3		
ENSG00000128849	CGNL1	6.2		
ENSG00000128872	TMOD2	10.2		
ENSG00000128881	TTBK2	8.1		
ENSG00000128886	ELL3	1.3		
ENSG00000128891	CCDC32	13.8		
ENSG00000128908	INO80	19.5		
ENSG00000128915	ICE2	28.3		
ENSG00000128917	DLL4	0.8		
ENSG00000128918	ALDH1A2	11.8		
ENSG00000128923	MINDY2	13.4		
ENSG00000128928	IVD	45.9		
ENSG00000128944	KNSTRN	100.0		
ENSG00000128951	DUT	152.4		
ENSG00000128965	CHAC1	12.0		
ENSG00000128973	CLN6	69.8		
ENSG00000128989	ARPP19	126.1		
ENSG00000129003	VPS13C	18.8		
ENSG00000129007	CALML4	18.2		
ENSG00000129009	ISLR	0.0		
ENSG00000129028	THAP10	3.3		
ENSG00000129038	LOXL1	0.3		
ENSG00000129048	ACKR4	0.0		
ENSG00000129055	ANAPC13	82.6		
ENSG00000129071	MBD4	25.2		
ENSG00000129083	COPB1	134.6		
ENSG00000129084	PSMA1	259.3		
ENSG00000129103	SUMF2	27.4		
ENSG00000129116	PALLD	54.1		
ENSG00000129128	SPCS3	55.3		
ENSG00000129151	BBOX1	0.0		
ENSG00000129152	MYOD1	0.0		
ENSG00000129158	SERGEF	37.3		
ENSG00000129159	KCNC1	0.9		
ENSG00000129167	TPH1	0.1		
ENSG00000129170	CSRP3	0.0		
ENSG00000129173	E2F8	17.2		
ENSG00000129187	DCTD	65.5		
ENSG00000129194	SOX15	0.1		
ENSG00000129195	PIMREG	82.6		
ENSG00000129197	RPAIN	75.1		
ENSG00000129204	USP6	0.0		
ENSG00000129214	SHBG	0.1		
ENSG00000129219	PLD2	13.9		
ENSG00000129221	AIPL1	0.0		
ENSG00000129226	CD68	1.2		
ENSG00000129235	TXNDC17	67.6		
ENSG00000129244	ATP1B2	2.9		
ENSG00000129245	FXR2	58.2		
ENSG00000129250	KIF1C	58.4		
ENSG00000129255	MPDU1	102.2		
ENSG00000129292	PHF20L1	22.5		
ENSG00000129295	LRRC6	0.6		
ENSG00000129315	CCNT1	35.6		
ENSG00000129317	PUS7L	10.5		
ENSG00000129347	KRI1	30.3		
ENSG00000129351	ILF3	392.5		
ENSG00000129353	SLC44A2	10.7		
ENSG00000129354	AP1M2	0.1		
ENSG00000129355	CDKN2D	5.2		
ENSG00000129422	MTUS1	30.8		
ENSG00000129437	KLK14	0.1		
ENSG00000129450	SIGLEC9	0.0		
ENSG00000129451	KLK10	0.0		
ENSG00000129455	KLK8	0.0		
ENSG00000129460	NGDN	109.0		
ENSG00000129465	RIPK3	0.0		
ENSG00000129467	ADCY4	0.0		
ENSG00000129472	RAB2B	12.9		
ENSG00000129473	BCL2L2	15.9		
ENSG00000129474	AJUBA	54.9		
ENSG00000129480	DTD2	13.0		
ENSG00000129484	PARP2	78.3		
ENSG00000129493	HEATR5A	23.2		
ENSG00000129514	FOXA1	13.2		
ENSG00000129515	SNX6	81.1		
ENSG00000129518	EAPP	30.8		
ENSG00000129521	EGLN3	15.0		
ENSG00000129534	MIS18BP1	23.9		
ENSG00000129535	NRL	0.6		
ENSG00000129538	RNASE1	0.0		
ENSG00000129559	NEDD8	230.8		
ENSG00000129562	DAD1	291.1		
ENSG00000129566	TEP1	3.5		
ENSG00000129595	EPB41L4A	1.1		
ENSG00000129596	CDO1	17.1		
ENSG00000129625	REEP5	66.8		
ENSG00000129636	ITFG1	21.6		
ENSG00000129646	QRICH2	4.0		
ENSG00000129654	FOXJ1	0.0		
ENSG00000129657	SEC14L1	36.0		
ENSG00000129667	RHBDF2	7.3		
ENSG00000129673	AANAT	0.0		
ENSG00000129675	ARHGEF6	6.1		
ENSG00000129680	MAP7D3	25.6		
ENSG00000129682	FGF13	39.8		
ENSG00000129691	ASH2L	49.0		
ENSG00000129696	TTI2	31.2		
ENSG00000129744	ART1	0.0		
ENSG00000129749	CHRNA10	0.5		
ENSG00000129757	CDKN1C	0.3		
ENSG00000129810	SGO1	28.7		
ENSG00000129824	RPS4Y1	0.0		
ENSG00000129862	VCY1B	0.0		
ENSG00000129864	VCY	0.0		
ENSG00000129873	CDY2B	0.0		
ENSG00000129910	CDH15	0.0		
ENSG00000129911	KLF16	11.9		
ENSG00000129925	PGAP6	8.4		
ENSG00000129932	DOHH	4.6		
ENSG00000129933	MAU2	15.5		
ENSG00000129946	SHC2	1.1		
ENSG00000129951	PLPPR3	2.3		
ENSG00000129965	INS-IGF2	0.0		
ENSG00000129968	ABHD17A	3.0		
ENSG00000129988	LBP	0.0		
ENSG00000129990	SYT5	0.0		
ENSG00000129991	TNNI3	1.2		
ENSG00000129993	CBFA2T3	0.0		
ENSG00000130005	GAMT	39.8		
ENSG00000130021	PUDP	31.7		
ENSG00000130023	ERMARD	4.0		
ENSG00000130024	PHF10	92.5		
ENSG00000130032	PRRG3	0.0		
ENSG00000130035	GALNT8	0.3		
ENSG00000130037	KCNA5	0.0		
ENSG00000130038	CRACR2A	14.7		
ENSG00000130045	NXNL2	0.4		
ENSG00000130052	STARD8	0.8		
ENSG00000130054	FAM155B	16.2		
ENSG00000130055	GDPD2	0.0		
ENSG00000130066	SAT1	16.4		
ENSG00000130119	GNL3L	34.6		
ENSG00000130147	SH3BP4	22.6		
ENSG00000130150	MOSPD2	12.6		
ENSG00000130158	DOCK6	4.3		
ENSG00000130159	ECSIT	51.6		
ENSG00000130164	LDLR	31.1		
ENSG00000130165	ELOF1	78.2		
ENSG00000130167	TSPAN16	0.0		
ENSG00000130173	ANGPTL8	0.0		
ENSG00000130175	PRKCSH	226.3		
ENSG00000130176	CNN1	0.0		
ENSG00000130177	CDC16	56.6		
ENSG00000130182	ZSCAN10	0.0		
ENSG00000130193	THEM6	10.2		
ENSG00000130202	NECTIN2	106.6		
ENSG00000130203	APOE	12.6		
ENSG00000130204	TOMM40	228.9		
ENSG00000130208	APOC1	15.6		
ENSG00000130222	GADD45G	5.3		
ENSG00000130224	LRCH2	21.4		
ENSG00000130226	DPP6	0.0		
ENSG00000130227	XPO7	87.9		
ENSG00000130234	ACE2	0.0		
ENSG00000130244	FAM98C	3.7		
ENSG00000130254	SAFB2	47.2		
ENSG00000130255	RPL36	516.6		
ENSG00000130270	ATP8B3	0.5		
ENSG00000130283	GDF1	0.0		
ENSG00000130287	NCAN	0.0		
ENSG00000130294	KIF1A	146.0		
ENSG00000130299	GTPBP3	13.5		
ENSG00000130300	PLVAP	0.0		
ENSG00000130303	BST2	212.9		
ENSG00000130304	SLC27A1	0.4		
ENSG00000130305	NSUN5	23.7		
ENSG00000130307	USHBP1	0.1		
ENSG00000130309	COLGALT1	58.4		
ENSG00000130311	DDA1	7.5		
ENSG00000130312	MRPL34	57.1		
ENSG00000130313	PGLS	21.9		
ENSG00000130332	LSM7	161.1		
ENSG00000130338	TULP4	4.9		
ENSG00000130340	SNX9	22.7		
ENSG00000130347	RTN4IP1	13.0		
ENSG00000130348	QRSL1	18.6		
ENSG00000130349	MTRES1	15.4		
ENSG00000130363	RSPH3	1.4		
ENSG00000130368	MAS1	0.0		
ENSG00000130377	ACSBG2	0.0		
ENSG00000130382	MLLT1	22.9		
ENSG00000130383	FUT5	0.0		
ENSG00000130385	BMP15	0.0		
ENSG00000130396	AFDN	59.2		
ENSG00000130402	ACTN4	57.4		
ENSG00000130413	STK33	6.9		
ENSG00000130414	NDUFA10	109.8		
ENSG00000130427	EPO	0.0		
ENSG00000130429	ARPC1B	22.4		
ENSG00000130433	CACNG6	0.0		
ENSG00000130449	ZSWIM6	7.9		
ENSG00000130475	FCHO1	3.7		
ENSG00000130477	UNC13A	0.0		
ENSG00000130479	MAP1S	10.5		
ENSG00000130487	KLHDC7B	0.0		
ENSG00000130508	PXDN	0.3		
ENSG00000130511	SSBP4	7.1		
ENSG00000130513	GDF15	0.0		
ENSG00000130517	PGPEP1	4.4		
ENSG00000130518	IQCN	0.0		
ENSG00000130520	LSM4	276.4		
ENSG00000130522	JUND	8.2		
ENSG00000130528	HRC	0.0		
ENSG00000130529	TRPM4	1.3		
ENSG00000130538	OR11H1	0.0		
ENSG00000130540	SULT4A1	0.0		
ENSG00000130544	ZNF557	4.0		
ENSG00000130545	CRB3	0.4		
ENSG00000130558	OLFM1	2.6		
ENSG00000130559	CAMSAP1	19.0		
ENSG00000130560	UBAC1	41.9		
ENSG00000130561	SAG	0.0		
ENSG00000130584	ZBTB46	0.4		
ENSG00000130589	HELZ2	0.7		
ENSG00000130590	SAMD10	2.6		
ENSG00000130592	LSP1	0.0		
ENSG00000130595	TNNT3	0.0		
ENSG00000130598	TNNI2	0.0		
ENSG00000130635	COL5A1	0.0		
ENSG00000130638	ATXN10	114.3		
ENSG00000130640	TUBGCP2	35.8		
ENSG00000130643	CALY	0.0		
ENSG00000130649	CYP2E1	0.0		
ENSG00000130653	PNPLA7	0.1		
ENSG00000130656	HBZ	0.2		
ENSG00000130669	PAK4	12.6		
ENSG00000130675	MNX1	3.0		
ENSG00000130684	ZNF337	9.3		
ENSG00000130695	CEP85	41.0		
ENSG00000130699	TAF4	3.2		
ENSG00000130700	GATA5	0.1		
ENSG00000130701	RBBP8NL	0.0		
ENSG00000130702	LAMA5	3.1		
ENSG00000130703	OSBPL2	18.9		
ENSG00000130706	ADRM1	84.3		
ENSG00000130707	ASS1	59.9		
ENSG00000130711	PRDM12	0.1		
ENSG00000130713	EXOSC2	75.8		
ENSG00000130714	POMT1	17.3		
ENSG00000130717	UCK1	31.9		
ENSG00000130720	FIBCD1	0.0		
ENSG00000130724	CHMP2A	76.1		
ENSG00000130725	UBE2M	130.1		
ENSG00000130726	TRIM28	590.5		
ENSG00000130731	METTL26	28.7		
ENSG00000130733	YIPF2	11.9		
ENSG00000130734	ATG4D	7.3		
ENSG00000130741	EIF2S3	344.7		
ENSG00000130748	TMEM160	5.1		
ENSG00000130749	ZC3H4	5.9		
ENSG00000130751	NPAS1	2.1		
ENSG00000130755	GMFG	0.0		
ENSG00000130758	MAP3K10	0.8		
ENSG00000130762	ARHGEF16	3.0		
ENSG00000130764	LRRC47	18.1		
ENSG00000130766	SESN2	8.3		
ENSG00000130768	SMPDL3B	3.8		
ENSG00000130770	ATP5IF1	91.2		
ENSG00000130772	MED18	9.7		
ENSG00000130775	THEMIS2	5.2		
ENSG00000130779	CLIP1	29.7		
ENSG00000130783	CCDC62	0.2		
ENSG00000130787	HIP1R	9.7		
ENSG00000130803	ZNF317	25.7		
ENSG00000130810	PPAN	42.0		
ENSG00000130811	EIF3G	159.7		
ENSG00000130812	ANGPTL6	0.0		
ENSG00000130813	SHFL	3.9		
ENSG00000130816	DNMT1	68.4		
ENSG00000130818	ZNF426	11.7		
ENSG00000130821	SLC6A8	85.3		
ENSG00000130822	PNCK	0.5		
ENSG00000130826	DKC1	239.6		
ENSG00000130827	PLXNA3	6.4		
ENSG00000130829	DUSP9	39.9		
ENSG00000130830	MPP1	21.6		
ENSG00000130844	ZNF331	16.4		
ENSG00000130856	ZNF236	3.0		
ENSG00000130876	SLC7A10	0.4		
ENSG00000130881	LRP3	12.6		
ENSG00000130921	C12orf65	25.7		
ENSG00000130935	NOL11	112.9		
ENSG00000130939	UBE4B	37.2		
ENSG00000130940	CASZ1	2.3		
ENSG00000130943	PKDREJ	0.0		
ENSG00000130948	HSD17B3	0.1		
ENSG00000130950	NUTM2F	0.0		
ENSG00000130956	HABP4	17.4		
ENSG00000130957	FBP2	0.0		
ENSG00000130958	SLC35D2	22.2		
ENSG00000130962	PRRG1	15.6		
ENSG00000130985	UBA1	392.9		
ENSG00000130988	RGN	0.0		
ENSG00000130997	POLN	0.5		
ENSG00000131013	PPIL4	31.5		
ENSG00000131015	ULBP2	7.6		
ENSG00000131016	AKAP12	102.2		
ENSG00000131018	SYNE1	1.6		
ENSG00000131019	ULBP3	17.7		
ENSG00000131023	LATS1	18.3		
ENSG00000131037	EPS8L1	0.4		
ENSG00000131042	LILRB2	0.0		
ENSG00000131043	AAR2	46.6		
ENSG00000131044	TTLL9	0.0		
ENSG00000131050	BPIFA2	0.0		
ENSG00000131051	RBM39	122.3		
ENSG00000131055	COX4I2	0.0		
ENSG00000131059	BPIFA3	0.0		
ENSG00000131061	ZNF341	2.4		
ENSG00000131067	GGT7	16.8		
ENSG00000131068	DEFB118	0.0		
ENSG00000131069	ACSS2	20.1		
ENSG00000131080	EDA2R	0.0		
ENSG00000131089	ARHGEF9	8.4		
ENSG00000131094	C1QL1	2.8		
ENSG00000131095	GFAP	1.4		
ENSG00000131096	PYY	0.4		
ENSG00000131097	HIGD1B	0.0		
ENSG00000131100	ATP6V1E1	152.8		
ENSG00000131115	ZNF227	18.2		
ENSG00000131116	ZNF428	21.7		
ENSG00000131126	TEX101	0.1		
ENSG00000131127	ZNF141	0.0		
ENSG00000131142	CCL25	0.0		
ENSG00000131143	COX4I1	657.2		
ENSG00000131148	EMC8	32.0		
ENSG00000131149	GSE1	35.1		
ENSG00000131152	AC010531.1	0.4		
ENSG00000131153	GINS2	73.7		
ENSG00000131165	CHMP1A	52.6		
ENSG00000131171	SH3BGRL	95.9		
ENSG00000131174	COX7B	298.7		
ENSG00000131183	SLC34A1	0.0		
ENSG00000131187	F12	0.5		
ENSG00000131188	PRR7	0.7		
ENSG00000131196	NFATC1	9.9		
ENSG00000131203	IDO1	0.0		
ENSG00000131233	GJA9	0.0		
ENSG00000131236	CAP1	265.8		
ENSG00000131238	PPT1	154.9		
ENSG00000131242	RAB11FIP4	12.2		
ENSG00000131263	RLIM	45.9		
ENSG00000131264	CDX4	0.0		
ENSG00000131269	ABCB7	25.6		
ENSG00000131323	TRAF3	20.4		
ENSG00000131351	HAUS8	29.2		
ENSG00000131355	ADGRE3	0.0		
ENSG00000131368	MRPS25	30.5		
ENSG00000131370	SH3BP5	2.9		
ENSG00000131373	HACL1	18.7		
ENSG00000131374	TBC1D5	20.6		
ENSG00000131375	CAPN7	22.5		
ENSG00000131378	RFTN1	0.1		
ENSG00000131379	C3orf20	0.1		
ENSG00000131381	RBSN	16.5		
ENSG00000131386	GALNT15	0.5		
ENSG00000131389	SLC6A6	4.5		
ENSG00000131398	KCNC3	0.2		
ENSG00000131400	NAPSA	0.1		
ENSG00000131408	NR1H2	7.8		
ENSG00000131409	LRRC4B	0.1		
ENSG00000131435	PDLIM4	0.0		
ENSG00000131437	KIF3A	9.6		
ENSG00000131446	MGAT1	17.0		
ENSG00000131459	GFPT2	11.8		
ENSG00000131462	TUBG1	124.2		
ENSG00000131467	PSME3	186.2		
ENSG00000131469	RPL27	2000.9		
ENSG00000131470	PSMC3IP	36.9		
ENSG00000131471	AOC3	0.8		
ENSG00000131473	ACLY	253.9		
ENSG00000131475	VPS25	142.2		
ENSG00000131477	RAMP2	4.6		
ENSG00000131480	AOC2	2.2		
ENSG00000131482	G6PC	0.0		
ENSG00000131495	NDUFA2	88.4		
ENSG00000131503	ANKHD1	67.4		
ENSG00000131504	DIAPH1	116.9		
ENSG00000131507	NDFIP1	39.6		
ENSG00000131508	UBE2D2	192.6		
ENSG00000131558	EXOC4	23.7		
ENSG00000131584	ACAP3	4.7		
ENSG00000131591	C1orf159	2.5		
ENSG00000131620	ANO1	0.0		
ENSG00000131626	PPFIA1	30.7		
ENSG00000131634	TMEM204	0.0		
ENSG00000131650	KREMEN2	1.3		
ENSG00000131652	THOC6	46.3		
ENSG00000131653	TRAF7	38.1		
ENSG00000131668	BARX1	0.2		
ENSG00000131669	NINJ1	14.7		
ENSG00000131686	CA6	0.1		
ENSG00000131697	NPHP4	2.7		
ENSG00000131711	MAP1B	73.2		
ENSG00000131721	RHOXF2	0.0		
ENSG00000131724	IL13RA1	19.0		
ENSG00000131725	WDR44	19.7		
ENSG00000131730	CKMT2	0.0		
ENSG00000131732	ZCCHC9	35.6		
ENSG00000131737	KRT34	0.0		
ENSG00000131738	KRT33B	0.0		
ENSG00000131746	TNS4	0.0		
ENSG00000131747	TOP2A	266.8		
ENSG00000131748	STARD3	11.3		
ENSG00000131759	RARA	14.2		
ENSG00000131771	PPP1R1B	0.0		
ENSG00000131773	KHDRBS3	19.5		
ENSG00000131778	CHD1L	31.2		
ENSG00000131779	PEX11B	18.6		
ENSG00000131781	FMO5	0.0		
ENSG00000131788	PIAS3	12.4		
ENSG00000131791	PRKAB2	13.1		
ENSG00000131808	FSHB	0.0		
ENSG00000131828	PDHA1	334.2		
ENSG00000131831	RAI2	0.1		
ENSG00000131844	MCCC2	37.8		
ENSG00000131845	ZNF304	4.4		
ENSG00000131848	ZSCAN5A	9.2		
ENSG00000131849	ZNF132	0.0		
ENSG00000131864	USP29	0.0		
ENSG00000131871	SELENOS	66.6		
ENSG00000131873	CHSY1	24.5		
ENSG00000131876	SNRPA1	170.2		
ENSG00000131899	LLGL1	8.6		
ENSG00000131910	NR0B2	0.0		
ENSG00000131914	LIN28A	11.6		
ENSG00000131931	THAP1	5.9		
ENSG00000131941	RHPN2	15.9		
ENSG00000131943	C19orf12	15.7		
ENSG00000131944	FAAP24	11.7		
ENSG00000131951	LRRC9	0.0		
ENSG00000131966	ACTR10	6.2		
ENSG00000131969	ABHD12B	0.0		
ENSG00000131979	GCH1	4.9		
ENSG00000131981	LGALS3	6.1		
ENSG00000132000	PODNL1	0.1		
ENSG00000132002	DNAJB1	169.1		
ENSG00000132003	ZSWIM4	0.8		
ENSG00000132004	FBXW9	6.9		
ENSG00000132005	RFX1	1.2		
ENSG00000132010	ZNF20	1.6		
ENSG00000132016	BRME1	1.3		
ENSG00000132017	DCAF15	18.9		
ENSG00000132024	CC2D1A	5.3		
ENSG00000132026	RTBDN	0.3		
ENSG00000132031	MATN3	0.4		
ENSG00000132109	TRIM21	13.6		
ENSG00000132122	SPATA6	0.9		
ENSG00000132128	LRRC41	50.5		
ENSG00000132141	CCT6B	0.1		
ENSG00000132153	DHX30	73.7		
ENSG00000132155	RAF1	93.4		
ENSG00000132164	SLC6A11	0.0		
ENSG00000132170	PPARG	14.4		
ENSG00000132182	NUP210	77.5		
ENSG00000132185	FCRLA	0.0		
ENSG00000132196	HSD17B7	30.6		
ENSG00000132199	ENOSF1	8.0		
ENSG00000132205	EMILIN2	1.0		
ENSG00000132207	SLX1A	12.8		
ENSG00000132254	ARFIP2	49.4		
ENSG00000132256	TRIM5	18.4		
ENSG00000132259	CNGA4	0.0		
ENSG00000132274	TRIM22	34.0		
ENSG00000132275	RRP8	13.6		
ENSG00000132286	TIMM10B	23.8		
ENSG00000132294	EFR3A	23.9		
ENSG00000132297	HHLA1	0.0		
ENSG00000132300	PTCD3	44.7		
ENSG00000132305	IMMT	128.9		
ENSG00000132313	MRPL35	109.3		
ENSG00000132321	IQCA1	0.0		
ENSG00000132323	ILKAP	48.1		
ENSG00000132326	PER2	2.4		
ENSG00000132329	RAMP1	7.6		
ENSG00000132330	SCLY	44.1		
ENSG00000132334	PTPRE	2.1		
ENSG00000132341	RAN	2327.1		
ENSG00000132356	PRKAA1	21.3		
ENSG00000132357	CARD6	0.3		
ENSG00000132359	RAP1GAP2	6.4		
ENSG00000132361	CLUH	45.3		
ENSG00000132376	INPP5K	22.1		
ENSG00000132382	MYBBP1A	50.1		
ENSG00000132383	RPA1	93.4		
ENSG00000132386	SERPINF1	86.0		
ENSG00000132388	UBE2G1	66.3		
ENSG00000132394	EEFSEC	0.4		
ENSG00000132405	TBC1D14	68.4		
ENSG00000132406	TMEM128	21.1		
ENSG00000132423	COQ3	22.7		
ENSG00000132424	PNISR	49.3		
ENSG00000132429	POPDC3	1.7		
ENSG00000132432	SEC61G	285.5		
ENSG00000132434	LANCL2	5.2		
ENSG00000132436	FIGNL1	35.3		
ENSG00000132437	DDC	0.0		
ENSG00000132446	FTHL17	0.0		
ENSG00000132463	GRSF1	161.3		
ENSG00000132464	ENAM	0.0		
ENSG00000132465	JCHAIN	0.0		
ENSG00000132466	ANKRD17	54.4		
ENSG00000132467	UTP3	62.7		
ENSG00000132470	ITGB4	1.0		
ENSG00000132471	WBP2	45.2		
ENSG00000132475	H3-3B	390.5		
ENSG00000132478	UNK	8.1		
ENSG00000132481	TRIM47	3.7		
ENSG00000132485	ZRANB2	111.1		
ENSG00000132507	EIF5A	610.0		
ENSG00000132510	KDM6B	5.8		
ENSG00000132514	CLEC10A	0.0		
ENSG00000132517	SLC52A1	0.0		
ENSG00000132518	GUCY2D	0.0		
ENSG00000132522	GPS2	25.4		
ENSG00000132530	XAF1	0.0		
ENSG00000132535	DLG4	1.1		
ENSG00000132541	RIDA	65.4		
ENSG00000132549	VPS13B	5.0		
ENSG00000132554	RGS22	0.0		
ENSG00000132561	MATN2	2.3		
ENSG00000132563	REEP2	26.1		
ENSG00000132570	PCBD2	5.6		
ENSG00000132581	SDF2	24.7		
ENSG00000132589	FLOT2	76.5		
ENSG00000132591	ERAL1	102.0		
ENSG00000132600	PRMT7	20.4		
ENSG00000132603	NIP7	63.7		
ENSG00000132604	TERF2	37.8		
ENSG00000132612	VPS4A	23.9		
ENSG00000132613	MTSS2	42.5		
ENSG00000132622	HSPA12B	0.1		
ENSG00000132623	ANKEF1	2.3		
ENSG00000132631	SCP2D1	0.0		
ENSG00000132635	PCED1A	9.3		
ENSG00000132639	SNAP25	0.6		
ENSG00000132640	BTBD3	27.2		
ENSG00000132646	PCNA	350.7		
ENSG00000132661	NXT1	35.6		
ENSG00000132664	POLR3F	20.8		
ENSG00000132669	RIN2	0.1		
ENSG00000132670	PTPRA	51.0		
ENSG00000132671	SSTR4	0.0		
ENSG00000132676	DAP3	110.3		
ENSG00000132677	RHBG	0.0		
ENSG00000132680	KHDC4	40.0		
ENSG00000132681	ATP1A4	0.0		
ENSG00000132688	NES	63.9		
ENSG00000132692	BCAN	0.3		
ENSG00000132693	CRP	0.0		
ENSG00000132694	ARHGEF11	15.0		
ENSG00000132698	RAB25	0.0		
ENSG00000132702	HAPLN2	0.0		
ENSG00000132703	APCS	0.0		
ENSG00000132704	FCRL2	0.0		
ENSG00000132716	DCAF8	34.6		
ENSG00000132718	SYT11	4.0		
ENSG00000132740	IGHMBP2	5.8		
ENSG00000132744	ACY3	0.0		
ENSG00000132746	ALDH3B2	0.0		
ENSG00000132749	TESMIN	1.0		
ENSG00000132763	MMACHC	12.3		
ENSG00000132768	DPH2	41.7		
ENSG00000132773	TOE1	21.0		
ENSG00000132780	NASP	351.9		
ENSG00000132781	MUTYH	8.7		
ENSG00000132792	CTNNBL1	77.1		
ENSG00000132793	LPIN3	3.6		
ENSG00000132801	ZSWIM3	5.9		
ENSG00000132819	RBM38	8.0		
ENSG00000132821	VSTM2L	0.1		
ENSG00000132823	OSER1	31.8		
ENSG00000132824	SERINC3	41.9		
ENSG00000132825	PPP1R3D	4.3		
ENSG00000132837	DMGDH	0.0		
ENSG00000132840	BHMT2	0.0		
ENSG00000132842	AP3B1	45.0		
ENSG00000132846	ZBED3	2.9		
ENSG00000132849	PATJ	5.1		
ENSG00000132854	KANK4	0.1		
ENSG00000132855	ANGPTL3	0.0		
ENSG00000132872	SYT4	0.0		
ENSG00000132874	SLC14A2	0.0		
ENSG00000132879	FBXO44	16.5		
ENSG00000132881	CPLANE2	6.6		
ENSG00000132906	CASP9	10.5		
ENSG00000132911	NMUR2	0.0		
ENSG00000132912	DCTN4	67.3		
ENSG00000132915	PDE6A	0.0		
ENSG00000132932	ATP8A2	1.5		
ENSG00000132938	MTUS2	0.4		
ENSG00000132950	ZMYM5	7.1		
ENSG00000132952	USPL1	16.2		
ENSG00000132953	XPO4	28.0		
ENSG00000132958	TPTE2	0.0		
ENSG00000132963	POMP	170.7		
ENSG00000132964	CDK8	18.7		
ENSG00000132965	ALOX5AP	0.0		
ENSG00000132970	WASF3	10.7		
ENSG00000132972	RNF17	0.0		
ENSG00000132975	GPR12	0.0		
ENSG00000133019	CHRM3	0.6		
ENSG00000133020	MYH8	0.0		
ENSG00000133026	MYH10	108.7		
ENSG00000133027	PEMT	24.6		
ENSG00000133028	SCO1	38.0		
ENSG00000133030	MPRIP	133.4		
ENSG00000133048	CHI3L1	0.0		
ENSG00000133055	MYBPH	0.0		
ENSG00000133056	PIK3C2B	7.7		
ENSG00000133059	DSTYK	7.3		
ENSG00000133063	CHIT1	0.0		
ENSG00000133065	SLC41A1	9.5		
ENSG00000133067	LGR6	0.0		
ENSG00000133069	TMCC2	1.1		
ENSG00000133083	DCLK1	17.9		
ENSG00000133101	CCNA1	12.9		
ENSG00000133103	COG6	11.5		
ENSG00000133104	SPART	81.4		
ENSG00000133105	RXFP2	0.0		
ENSG00000133106	EPSTI1	0.2		
ENSG00000133107	TRPC4	0.1		
ENSG00000133110	POSTN	0.7		
ENSG00000133111	RFXAP	10.8		
ENSG00000133112	TPT1	2281.2		
ENSG00000133114	GPALPP1	6.6		
ENSG00000133115	STOML3	0.0		
ENSG00000133116	KL	0.3		
ENSG00000133119	RFC3	111.6		
ENSG00000133121	STARD13	1.5		
ENSG00000133124	IRS4	0.3		
ENSG00000133131	MORC4	39.8		
ENSG00000133134	BEX2	0.1		
ENSG00000133135	RNF128	0.1		
ENSG00000133138	TBC1D8B	5.9		
ENSG00000133142	TCEAL4	107.3		
ENSG00000133169	BEX1	0.0		
ENSG00000133193	FAM104A	21.4		
ENSG00000133195	SLC39A11	6.2		
ENSG00000133216	EPHB2	10.8		
ENSG00000133226	SRRM1	82.1		
ENSG00000133243	BTBD2	31.8		
ENSG00000133246	PRAM1	0.0		
ENSG00000133247	KMT5C	2.8		
ENSG00000133250	ZNF414	1.4		
ENSG00000133256	PDE6B	2.5		
ENSG00000133265	HSPBP1	33.1		
ENSG00000133275	CSNK1G2	27.6		
ENSG00000133302	SLF1	7.8		
ENSG00000133313	CNDP2	92.7		
ENSG00000133315	MACROD1	1.9		
ENSG00000133316	WDR74	88.8		
ENSG00000133317	LGALS12	0.0		
ENSG00000133318	RTN3	194.0		
ENSG00000133321	PLAAT4	5.2		
ENSG00000133328	PLAAT2	0.6		
ENSG00000133392	MYH11	0.0		
ENSG00000133393	CEP20	39.8		
ENSG00000133398	MED10	40.7		
ENSG00000133401	PDZD2	1.7		
ENSG00000133422	MORC2	17.7		
ENSG00000133424	LARGE1	11.6		
ENSG00000133433	GSTT2B	0.0		
ENSG00000133454	MYO18B	0.0		
ENSG00000133460	SLC2A11	2.4		
ENSG00000133466	C1QTNF6	0.4		
ENSG00000133475	GGT2	0.0		
ENSG00000133477	FAM83F	0.0		
ENSG00000133488	SEC14L4	0.0		
ENSG00000133561	GIMAP6	0.0		
ENSG00000133574	GIMAP4	0.0		
ENSG00000133597	ADCK2	27.5		
ENSG00000133606	MKRN1	63.2		
ENSG00000133612	AGAP3	21.8		
ENSG00000133619	KRBA1	7.2		
ENSG00000133627	ACTR3B	17.0		
ENSG00000133636	NTS	0.0		
ENSG00000133639	BTG1	1.6		
ENSG00000133640	LRRIQ1	0.6		
ENSG00000133641	C12orf29	15.5		
ENSG00000133657	ATP13A3	37.5		
ENSG00000133661	SFTPD	0.1		
ENSG00000133665	DYDC2	0.1		
ENSG00000133678	TMEM254	8.9		
ENSG00000133687	TMTC1	0.5		
ENSG00000133703	KRAS	44.9		
ENSG00000133704	IPO8	49.7		
ENSG00000133706	LARS1	107.2		
ENSG00000133710	SPINK5	0.0		
ENSG00000133731	IMPA1	27.1		
ENSG00000133739	LRRCC1	16.0		
ENSG00000133740	E2F5	51.0		
ENSG00000133742	CA1	0.0		
ENSG00000133773	CCDC59	95.3		
ENSG00000133789	SWAP70	37.9		
ENSG00000133794	ARNTL	5.3		
ENSG00000133800	LYVE1	0.0		
ENSG00000133805	AMPD3	0.2		
ENSG00000133812	SBF2	12.5		
ENSG00000133816	MICAL2	4.0		
ENSG00000133818	RRAS2	61.0		
ENSG00000133835	HSD17B4	77.0		
ENSG00000133858	ZFC3H1	15.3		
ENSG00000133863	TEX15	8.4		
ENSG00000133872	SARAF	100.8		
ENSG00000133874	RNF122	4.9		
ENSG00000133878	DUSP26	1.0		
ENSG00000133884	DPF2	52.2		
ENSG00000133895	MEN1	36.4		
ENSG00000133935	ERG28	38.5		
ENSG00000133937	GSC	0.3		
ENSG00000133943	DGLUCY	23.0		
ENSG00000133958	UNC79	0.2		
ENSG00000133961	NUMB	39.8		
ENSG00000133962	CATSPERB	0.0		
ENSG00000133980	VRTN	0.0		
ENSG00000133983	COX16	27.6		
ENSG00000133985	TTC9	5.0		
ENSG00000133997	MED6	67.5		
ENSG00000134001	EIF2S1	139.1		
ENSG00000134007	ADAM20	0.0		
ENSG00000134013	LOXL2	2.1		
ENSG00000134014	ELP3	26.3		
ENSG00000134020	PEBP4	0.0		
ENSG00000134028	ADAMDEC1	0.0		
ENSG00000134030	CTIF	3.3		
ENSG00000134042	MRO	0.2		
ENSG00000134046	MBD2	20.1		
ENSG00000134049	IER3IP1	21.8		
ENSG00000134056	MRPS36	32.1		
ENSG00000134057	CCNB1	432.4		
ENSG00000134058	CDK7	10.8		
ENSG00000134061	CD180	0.0		
ENSG00000134070	IRAK2	0.8		
ENSG00000134072	CAMK1	0.0		
ENSG00000134077	THUMPD3	66.4		
ENSG00000134086	VHL	37.2		
ENSG00000134107	BHLHE40	6.6		
ENSG00000134108	ARL8B	61.9		
ENSG00000134109	EDEM1	12.1		
ENSG00000134115	CNTN6	0.0		
ENSG00000134121	CHL1	0.4		
ENSG00000134138	MEIS2	26.9		
ENSG00000134146	DPH6	17.2		
ENSG00000134152	KATNBL1	24.9		
ENSG00000134153	EMC7	94.7		
ENSG00000134160	TRPM1	0.0		
ENSG00000134183	GNAT2	1.8		
ENSG00000134184	GSTM1	0.1		
ENSG00000134186	PRPF38B	48.5		
ENSG00000134193	REG4	0.0		
ENSG00000134198	TSPAN2	1.9		
ENSG00000134200	TSHB	0.0		
ENSG00000134201	GSTM5	0.0		
ENSG00000134202	GSTM3	10.0		
ENSG00000134207	SYT6	2.6		
ENSG00000134215	VAV3	0.6		
ENSG00000134216	CHIA	0.9		
ENSG00000134222	PSRC1	61.4		
ENSG00000134240	HMGCS2	0.0		
ENSG00000134242	PTPN22	0.0		
ENSG00000134243	SORT1	44.7		
ENSG00000134245	WNT2B	0.7		
ENSG00000134247	PTGFRN	41.4		
ENSG00000134248	LAMTOR5	203.4		
ENSG00000134249	ADAM30	0.0		
ENSG00000134250	NOTCH2	42.8		
ENSG00000134253	TRIM45	3.7		
ENSG00000134255	CEPT1	16.7		
ENSG00000134256	CD101	2.1		
ENSG00000134258	VTCN1	0.0		
ENSG00000134259	NGF	0.0		
ENSG00000134262	AP4B1	11.3		
ENSG00000134265	NAPG	12.7		
ENSG00000134278	SPIRE1	24.0		
ENSG00000134283	PPHLN1	66.2		
ENSG00000134285	FKBP11	31.6		
ENSG00000134287	ARF3	182.9		
ENSG00000134291	TMEM106C	239.2		
ENSG00000134294	SLC38A2	107.9		
ENSG00000134308	YWHAQ	462.8		
ENSG00000134313	KIDINS220	37.9		
ENSG00000134317	GRHL1	13.0		
ENSG00000134318	ROCK2	24.7		
ENSG00000134321	RSAD2	0.0		
ENSG00000134323	MYCN	1.9		
ENSG00000134324	LPIN1	17.4		
ENSG00000134326	CMPK2	0.0		
ENSG00000134330	IAH1	15.4		
ENSG00000134333	LDHA	716.1		
ENSG00000134339	SAA2	0.0		
ENSG00000134343	ANO3	0.0		
ENSG00000134352	IL6ST	9.8		
ENSG00000134363	FST	0.0		
ENSG00000134365	CFHR4	0.0		
ENSG00000134369	NAV1	22.0		
ENSG00000134371	CDC73	16.8		
ENSG00000134375	TIMM17A	145.3		
ENSG00000134376	CRB1	0.0		
ENSG00000134389	CFHR5	0.0		
ENSG00000134398	ERN2	0.0		
ENSG00000134419	RPS15A	2367.9		
ENSG00000134438	RAX	0.4		
ENSG00000134440	NARS1	211.0		
ENSG00000134443	GRP	0.0		
ENSG00000134444	RELCH	14.9		
ENSG00000134452	FBH1	42.6		
ENSG00000134453	RBM17	130.3		
ENSG00000134460	IL2RA	0.0		
ENSG00000134461	ANKRD16	5.5		
ENSG00000134463	ECHDC3	11.9		
ENSG00000134470	IL15RA	2.0		
ENSG00000134480	CCNH	32.5		
ENSG00000134489	HRH4	0.0		
ENSG00000134490	TMEM241	2.9		
ENSG00000134504	KCTD1	20.5		
ENSG00000134508	CABLES1	9.0		
ENSG00000134516	DOCK2	0.1		
ENSG00000134531	EMP1	10.8		
ENSG00000134532	SOX5	9.9		
ENSG00000134533	RERG	0.2		
ENSG00000134538	SLCO1B1	0.0		
ENSG00000134539	KLRD1	0.0		
ENSG00000134545	KLRC1	0.3		
ENSG00000134548	SPX	0.0		
ENSG00000134551	PRH2	0.0		
ENSG00000134569	LRP4	12.0		
ENSG00000134571	MYBPC3	0.0		
ENSG00000134574	DDB2	14.6		
ENSG00000134575	ACP2	16.9		
ENSG00000134588	USP26	0.0		
ENSG00000134590	RTL8C	72.1		
ENSG00000134594	RAB33A	9.4		
ENSG00000134595	SOX3	0.0		
ENSG00000134597	RBMX2	37.2		
ENSG00000134602	STK26	80.8		
ENSG00000134627	PIWIL4	0.9		
ENSG00000134640	MTNR1B	0.0		
ENSG00000134644	PUM1	58.3		
ENSG00000134668	SPOCD1	0.0		
ENSG00000134684	YARS1	269.0		
ENSG00000134686	PHC2	29.2		
ENSG00000134690	CDCA8	97.8		
ENSG00000134697	GNL2	105.1		
ENSG00000134698	AGO4	4.9		
ENSG00000134709	HOOK1	3.6		
ENSG00000134716	CYP2J2	0.0		
ENSG00000134717	BTF3L4	111.1		
ENSG00000134744	TUT4	41.6		
ENSG00000134748	PRPF38A	42.6		
ENSG00000134755	DSC2	11.8		
ENSG00000134757	DSG3	0.0		
ENSG00000134758	RNF138	35.1		
ENSG00000134759	ELP2	39.7		
ENSG00000134760	DSG1	0.0		
ENSG00000134762	DSC3	0.0		
ENSG00000134765	DSC1	0.0		
ENSG00000134769	DTNA	2.1		
ENSG00000134775	FHOD3	11.4		
ENSG00000134779	TPGS2	173.9		
ENSG00000134780	DAGLA	0.8		
ENSG00000134802	SLC43A3	47.0		
ENSG00000134809	TIMM10	114.0		
ENSG00000134812	CBLIF	0.0		
ENSG00000134815	DHX34	9.3		
ENSG00000134817	APLNR	0.0		
ENSG00000134824	FADS2	436.4		
ENSG00000134825	TMEM258	186.7		
ENSG00000134827	TCN1	0.0		
ENSG00000134830	C5AR2	0.0		
ENSG00000134851	TMEM165	50.0		
ENSG00000134852	CLOCK	9.5		
ENSG00000134853	PDGFRA	19.6		
ENSG00000134864	GGACT	1.8		
ENSG00000134871	COL4A2	0.1		
ENSG00000134873	CLDN10	0.0		
ENSG00000134874	DZIP1	11.7		
ENSG00000134882	UBAC2	28.8		
ENSG00000134884	ARGLU1	17.4		
ENSG00000134897	BIVM	17.9		
ENSG00000134899	ERCC5	14.3		
ENSG00000134900	TPP2	30.5		
ENSG00000134901	POGLUT2	26.6		
ENSG00000134905	CARS2	36.6		
ENSG00000134909	ARHGAP32	9.0		
ENSG00000134910	STT3A	173.5		
ENSG00000134917	ADAMTS8	0.1		
ENSG00000134940	ACRV1	0.0		
ENSG00000134954	ETS1	7.0		
ENSG00000134955	SLC37A2	0.4		
ENSG00000134962	KLB	0.0		
ENSG00000134970	TMED7	41.3		
ENSG00000134982	APC	17.4		
ENSG00000134986	NREP	91.0		
ENSG00000134987	WDR36	26.8		
ENSG00000134996	OSTF1	12.9		
ENSG00000135002	RFK	19.3		
ENSG00000135018	UBQLN1	141.8		
ENSG00000135040	NAA35	15.0		
ENSG00000135045	C9orf40	12.9		
ENSG00000135046	ANXA1	142.6		
ENSG00000135047	CTSL	49.8		
ENSG00000135048	CEMIP2	38.6		
ENSG00000135049	AGTPBP1	13.0		
ENSG00000135052	GOLM1	63.7		
ENSG00000135063	FAM189A2	0.7		
ENSG00000135069	PSAT1	209.1		
ENSG00000135070	ISCA1	42.7		
ENSG00000135074	ADAM19	1.8		
ENSG00000135077	HAVCR2	0.0		
ENSG00000135083	CCNJL	2.3		
ENSG00000135090	TAOK3	11.2		
ENSG00000135093	USP30	9.4		
ENSG00000135094	SDS	0.0		
ENSG00000135097	MSI1	55.3		
ENSG00000135100	HNF1A	0.0		
ENSG00000135108	FBXO21	34.7		
ENSG00000135111	TBX3	8.4		
ENSG00000135114	OASL	0.1		
ENSG00000135116	HRK	2.4		
ENSG00000135119	RNFT2	7.8		
ENSG00000135124	P2RX4	4.7		
ENSG00000135127	BICDL1	1.3		
ENSG00000135144	DTX1	0.0		
ENSG00000135148	TRAFD1	42.0		
ENSG00000135164	DMTF1	40.2		
ENSG00000135175	OCM2	0.0		
ENSG00000135185	TMEM243	19.8		
ENSG00000135205	CCDC146	0.4		
ENSG00000135211	TMEM60	44.0		
ENSG00000135218	CD36	4.3		
ENSG00000135220	UGT2A3	0.0		
ENSG00000135222	CSN2	0.0		
ENSG00000135226	UGT2B28	0.0		
ENSG00000135241	PNPLA8	37.9		
ENSG00000135245	HILPDA	19.4		
ENSG00000135248	FAM71F1	0.1		
ENSG00000135249	RINT1	22.5		
ENSG00000135250	SRPK2	38.3		
ENSG00000135253	KCP	0.0		
ENSG00000135269	TES	14.4		
ENSG00000135272	MDFIC	5.7		
ENSG00000135297	MTO1	18.6		
ENSG00000135298	ADGRB3	0.6		
ENSG00000135299	ANKRD6	15.2		
ENSG00000135312	HTR1B	0.5		
ENSG00000135314	KHDC1	6.4		
ENSG00000135315	CEP162	4.2		
ENSG00000135316	SYNCRIP	331.1		
ENSG00000135317	SNX14	30.5		
ENSG00000135318	NT5E	0.1		
ENSG00000135324	MRAP2	1.7		
ENSG00000135333	EPHA7	2.0		
ENSG00000135334	AKIRIN2	39.1		
ENSG00000135336	ORC3	45.1		
ENSG00000135338	LCA5	2.9		
ENSG00000135341	MAP3K7	26.3		
ENSG00000135346	CGA	0.0		
ENSG00000135355	GJA10	0.2		
ENSG00000135362	PRR5L	2.1		
ENSG00000135363	LMO2	0.0		
ENSG00000135365	PHF21A	22.0		
ENSG00000135372	NAT10	110.5		
ENSG00000135373	EHF	0.0		
ENSG00000135374	ELF5	0.0		
ENSG00000135378	PRRG4	1.3		
ENSG00000135387	CAPRIN1	311.9		
ENSG00000135390	ATP5MC2	914.6		
ENSG00000135392	DNAJC14	28.7		
ENSG00000135404	CD63	301.7		
ENSG00000135406	PRPH	0.4		
ENSG00000135407	AVIL	0.1		
ENSG00000135409	AMHR2	0.0		
ENSG00000135413	LACRT	0.0		
ENSG00000135414	GDF11	25.0		
ENSG00000135423	GLS2	0.0		
ENSG00000135424	ITGA7	5.1		
ENSG00000135426	TESPA1	0.7		
ENSG00000135436	FAM186B	0.2		
ENSG00000135437	RDH5	0.3		
ENSG00000135439	AGAP2	0.1		
ENSG00000135441	BLOC1S1	70.8		
ENSG00000135443	KRT85	0.0		
ENSG00000135446	CDK4	396.3		
ENSG00000135447	PPP1R1A	5.4		
ENSG00000135451	TROAP	70.4		
ENSG00000135452	TSPAN31	5.7		
ENSG00000135454	B4GALNT1	15.3		
ENSG00000135457	TFCP2	56.0		
ENSG00000135469	COQ10A	16.8		
ENSG00000135472	FAIM2	1.5		
ENSG00000135473	PAN2	18.6		
ENSG00000135476	ESPL1	32.6		
ENSG00000135480	KRT7	0.2		
ENSG00000135482	ZC3H10	2.4		
ENSG00000135486	HNRNPA1	1486.5		
ENSG00000135503	ACVR1B	17.8		
ENSG00000135506	OS9	81.3		
ENSG00000135517	MIP	0.0		
ENSG00000135519	KCNH3	0.6		
ENSG00000135521	LTV1	76.3		
ENSG00000135525	MAP7	11.1		
ENSG00000135535	CD164	136.9		
ENSG00000135537	AFG1L	4.4		
ENSG00000135540	NHSL1	20.0		
ENSG00000135541	AHI1	6.3		
ENSG00000135547	HEY2	0.2		
ENSG00000135549	PKIB	0.0		
ENSG00000135569	TAAR5	0.0		
ENSG00000135577	NMBR	0.0		
ENSG00000135587	SMPD2	7.8		
ENSG00000135596	MICAL1	9.6		
ENSG00000135597	REPS1	48.7		
ENSG00000135604	STX11	0.0		
ENSG00000135605	TEC	1.1		
ENSG00000135617	PRADC1	25.8		
ENSG00000135622	SEMA4F	6.7		
ENSG00000135624	CCT7	816.6		
ENSG00000135625	EGR4	0.0		
ENSG00000135631	RAB11FIP5	4.1		
ENSG00000135632	SMYD5	42.2		
ENSG00000135636	DYSF	0.0		
ENSG00000135637	CCDC142	2.8		
ENSG00000135638	EMX1	0.1		
ENSG00000135643	KCNMB4	5.3		
ENSG00000135655	USP15	18.4		
ENSG00000135677	GNS	49.1		
ENSG00000135678	CPM	1.4		
ENSG00000135679	MDM2	31.4		
ENSG00000135686	KLHL36	5.5		
ENSG00000135697	BCO1	3.3		
ENSG00000135698	MPHOSPH6	76.2		
ENSG00000135702	CHST5	0.0		
ENSG00000135709	KIAA0513	4.4		
ENSG00000135720	DYNC1LI2	61.2		
ENSG00000135722	FBXL8	2.9		
ENSG00000135723	FHOD1	13.5		
ENSG00000135736	CCDC102A	1.5		
ENSG00000135740	SLC9A5	0.6		
ENSG00000135744	AGT	0.0		
ENSG00000135749	PCNX2	2.9		
ENSG00000135750	KCNK1	8.9		
ENSG00000135763	URB2	32.0		
ENSG00000135766	EGLN1	26.8		
ENSG00000135773	CAPN9	0.2		
ENSG00000135775	COG2	20.1		
ENSG00000135776	ABCB10	25.8		
ENSG00000135778	NTPCR	3.7		
ENSG00000135801	TAF5L	26.4		
ENSG00000135821	GLUL	51.8		
ENSG00000135823	STX6	16.5		
ENSG00000135824	RGS8	0.0		
ENSG00000135828	RNASEL	3.6		
ENSG00000135829	DHX9	342.6		
ENSG00000135835	KIAA1614	0.3		
ENSG00000135837	CEP350	16.1		
ENSG00000135838	NPL	1.9		
ENSG00000135842	NIBAN1	2.4		
ENSG00000135845	PIGC	24.6		
ENSG00000135862	LAMC1	51.7		
ENSG00000135870	RC3H1	7.5		
ENSG00000135898	GPR55	0.0		
ENSG00000135899	SP110	9.0		
ENSG00000135900	MRPL44	54.5		
ENSG00000135902	CHRND	0.0		
ENSG00000135903	PAX3	0.0		
ENSG00000135905	DOCK10	0.0		
ENSG00000135912	TTLL4	34.3		
ENSG00000135913	USP37	15.7		
ENSG00000135914	HTR2B	0.0		
ENSG00000135916	ITM2C	127.2		
ENSG00000135917	SLC19A3	0.6		
ENSG00000135919	SERPINE2	3.5		
ENSG00000135924	DNAJB2	27.9		
ENSG00000135925	WNT10A	0.0		
ENSG00000135926	TMBIM1	59.8		
ENSG00000135929	CYP27A1	0.0		
ENSG00000135930	EIF4E2	128.2		
ENSG00000135931	ARMC9	24.8		
ENSG00000135932	CAB39	44.8		
ENSG00000135940	COX5B	117.5		
ENSG00000135945	REV1	9.3		
ENSG00000135951	TSGA10	0.2		
ENSG00000135953	MFSD9	4.8		
ENSG00000135956	TMEM127	23.1		
ENSG00000135960	EDAR	0.0		
ENSG00000135966	TGFBRAP1	22.4		
ENSG00000135968	GCC2	10.0		
ENSG00000135972	MRPS9	118.0		
ENSG00000135973	GPR45	0.0		
ENSG00000135974	C2orf49	23.9		
ENSG00000135976	ANKRD36	1.4		
ENSG00000135999	EPC2	20.7		
ENSG00000136002	ARHGEF4	2.4		
ENSG00000136003	ISCU	76.2		
ENSG00000136010	ALDH1L2	0.1		
ENSG00000136011	STAB2	0.0		
ENSG00000136014	USP44	0.0		
ENSG00000136021	SCYL2	36.4		
ENSG00000136026	CKAP4	93.5		
ENSG00000136040	PLXNC1	33.3		
ENSG00000136044	APPL2	19.2		
ENSG00000136045	PWP1	70.8		
ENSG00000136048	DRAM1	1.9		
ENSG00000136051	WASHC4	21.5		
ENSG00000136052	SLC41A2	5.7		
ENSG00000136059	VILL	1.8		
ENSG00000136068	FLNB	42.1		
ENSG00000136098	NEK3	0.4		
ENSG00000136099	PCDH8	0.0		
ENSG00000136100	VPS36	16.6		
ENSG00000136104	RNASEH2B	55.8		
ENSG00000136108	CKAP2	107.6		
ENSG00000136110	CNMD	0.0		
ENSG00000136111	TBC1D4	23.4		
ENSG00000136114	THSD1	0.0		
ENSG00000136122	BORA	17.1		
ENSG00000136141	LRCH1	7.1		
ENSG00000136143	SUCLA2	81.9		
ENSG00000136144	RCBTB1	20.8		
ENSG00000136146	MED4	63.1		
ENSG00000136147	PHF11	10.4		
ENSG00000136152	COG3	11.6		
ENSG00000136153	LMO7	18.9		
ENSG00000136155	SCEL	0.0		
ENSG00000136156	ITM2B	61.3		
ENSG00000136158	SPRY2	4.8		
ENSG00000136159	NUDT15	51.3		
ENSG00000136160	EDNRB	0.0		
ENSG00000136161	RCBTB2	3.2		
ENSG00000136167	LCP1	0.1		
ENSG00000136169	SETDB2	6.4		
ENSG00000136193	SCRN1	137.7		
ENSG00000136197	C7orf25	1.7		
ENSG00000136205	TNS3	25.9		
ENSG00000136206	SPDYE1	0.0		
ENSG00000136213	CHST12	1.6		
ENSG00000136231	IGF2BP3	45.8		
ENSG00000136235	GPNMB	0.7		
ENSG00000136237	RAPGEF5	2.8		
ENSG00000136238	RAC1	251.5		
ENSG00000136240	KDELR2	169.9		
ENSG00000136243	NUP42	37.9		
ENSG00000136244	IL6	0.0		
ENSG00000136247	ZDHHC4	40.8		
ENSG00000136250	AOAH	0.0		
ENSG00000136261	BZW2	164.8		
ENSG00000136267	DGKB	0.0		
ENSG00000136270	TBRG4	82.6		
ENSG00000136271	DDX56	70.9		
ENSG00000136273	HUS1	11.9		
ENSG00000136274	NACAD	2.2		
ENSG00000136279	DBNL	35.6		
ENSG00000136280	CCM2	15.3		
ENSG00000136286	MYO1G	0.0		
ENSG00000136295	TTYH3	12.7		
ENSG00000136297	MMD2	0.0		
ENSG00000136305	CIDEB	0.0		
ENSG00000136319	TTC5	6.4		
ENSG00000136327	NKX2-8	0.0		
ENSG00000136352	NKX2-1	1.2		
ENSG00000136367	ZFHX2	1.2		
ENSG00000136371	MTHFS	31.9		
ENSG00000136378	ADAMTS7	0.4		
ENSG00000136379	ABHD17C	44.1		
ENSG00000136381	IREB2	124.7		
ENSG00000136383	ALPK3	0.0		
ENSG00000136404	TM6SF1	3.7		
ENSG00000136425	CIB2	38.6		
ENSG00000136436	CALCOCO2	81.4		
ENSG00000136444	RSAD1	23.2		
ENSG00000136448	NMT1	94.5		
ENSG00000136449	MYCBPAP	0.1		
ENSG00000136450	SRSF1	298.4		
ENSG00000136451	VEZF1	38.1		
ENSG00000136457	CHAD	0.0		
ENSG00000136463	TACO1	43.0		
ENSG00000136478	TEX2	17.0		
ENSG00000136485	DCAF7	67.0		
ENSG00000136487	GH2	0.0		
ENSG00000136488	CSH1	0.0		
ENSG00000136490	LIMD2	20.4		
ENSG00000136492	BRIP1	12.8		
ENSG00000136504	KAT7	23.0		
ENSG00000136514	RTP4	0.0		
ENSG00000136518	ACTL6A	126.3		
ENSG00000136521	NDUFB5	48.9		
ENSG00000136522	MRPL47	103.5		
ENSG00000136527	TRA2B	140.9		
ENSG00000136531	SCN2A	0.0		
ENSG00000136535	TBR1	0.2		
ENSG00000136536	MARCHF7	55.4		
ENSG00000136541	ERMN	25.3		
ENSG00000136542	GALNT5	0.9		
ENSG00000136546	SCN7A	0.1		
ENSG00000136560	TANK	19.2		
ENSG00000136573	BLK	0.0		
ENSG00000136574	GATA4	0.0		
ENSG00000136603	SKIL	9.9		
ENSG00000136628	EPRS1	140.9		
ENSG00000136630	HLX	0.5		
ENSG00000136631	VPS45	42.4		
ENSG00000136634	IL10	0.0		
ENSG00000136636	KCTD3	44.1		
ENSG00000136643	RPS6KC1	18.3		
ENSG00000136682	CBWD2	10.8		
ENSG00000136688	IL36G	0.0		
ENSG00000136689	IL1RN	0.0		
ENSG00000136694	IL36A	0.0		
ENSG00000136695	IL36RN	0.0		
ENSG00000136696	IL36B	0.0		
ENSG00000136697	IL1F10	0.0		
ENSG00000136698	CFC1	0.0		
ENSG00000136699	SMPD4	64.0		
ENSG00000136709	WDR33	43.6		
ENSG00000136710	CCDC115	10.8		
ENSG00000136715	SAP130	39.3		
ENSG00000136717	BIN1	14.6		
ENSG00000136718	IMP4	64.5		
ENSG00000136720	HS6ST1	17.5		
ENSG00000136731	UGGT1	16.8		
ENSG00000136732	GYPC	85.7		
ENSG00000136738	STAM	27.6		
ENSG00000136750	GAD2	0.0		
ENSG00000136754	ABI1	28.0		
ENSG00000136758	YME1L1	152.8		
ENSG00000136770	DNAJC1	12.3		
ENSG00000136783	NIPSNAP3A	30.5		
ENSG00000136802	LRRC8A	19.9		
ENSG00000136807	CDK9	16.5		
ENSG00000136810	TXN	351.0		
ENSG00000136811	ODF2	62.9		
ENSG00000136813	ECPAS	45.1		
ENSG00000136816	TOR1B	11.9		
ENSG00000136819	C9orf78	52.8		
ENSG00000136824	SMC2	72.3		
ENSG00000136826	KLF4	6.1		
ENSG00000136827	TOR1A	34.7		
ENSG00000136828	RALGPS1	2.5		
ENSG00000136830	NIBAN2	25.9		
ENSG00000136834	OR1J1	0.0		
ENSG00000136839	OR13C9	0.0		
ENSG00000136840	ST6GALNAC4	8.2		
ENSG00000136842	TMOD1	1.6		
ENSG00000136848	DAB2IP	16.3		
ENSG00000136854	STXBP1	22.6		
ENSG00000136856	SLC2A8	10.1		
ENSG00000136859	ANGPTL2	1.7		
ENSG00000136861	CDK5RAP2	36.5		
ENSG00000136866	ZFP37	0.0		
ENSG00000136867	SLC31A2	5.1		
ENSG00000136868	SLC31A1	35.8		
ENSG00000136869	TLR4	0.0		
ENSG00000136870	ZNF189	9.6		
ENSG00000136872	ALDOB	0.0		
ENSG00000136874	STX17	9.6		
ENSG00000136875	PRPF4	84.9		
ENSG00000136877	FPGS	17.7		
ENSG00000136878	USP20	6.0		
ENSG00000136881	BAAT	0.0		
ENSG00000136883	KIF12	0.2		
ENSG00000136888	ATP6V1G1	105.6		
ENSG00000136891	TEX10	52.9		
ENSG00000136895	GARNL3	1.8		
ENSG00000136897	MRPL50	23.0		
ENSG00000136908	DPM2	47.3		
ENSG00000136918	WDR38	0.0		
ENSG00000136925	TSTD2	15.3		
ENSG00000136928	GABBR2	0.1		
ENSG00000136929	HEMGN	0.0		
ENSG00000136930	PSMB7	346.7		
ENSG00000136931	NR5A1	0.0		
ENSG00000136932	TRMO	10.6		
ENSG00000136933	RABEPK	54.2		
ENSG00000136935	GOLGA1	7.1		
ENSG00000136936	XPA	9.6		
ENSG00000136937	NCBP1	72.3		
ENSG00000136938	ANP32B	516.1		
ENSG00000136939	OR1L4	0.0		
ENSG00000136940	PDCL	24.1		
ENSG00000136942	RPL35	2097.6		
ENSG00000136943	CTSV	58.8		
ENSG00000136944	LMX1B	3.5		
ENSG00000136950	ARPC5L	60.4		
ENSG00000136960	ENPP2	2.3		
ENSG00000136982	DSCC1	36.7		
ENSG00000136986	DERL1	51.8		
ENSG00000136997	MYC	383.8		
ENSG00000136999	CCN3	0.6		
ENSG00000137033	IL33	0.0		
ENSG00000137038	DMAC1	21.2		
ENSG00000137040	RANBP6	24.2		
ENSG00000137054	POLR1E	71.5		
ENSG00000137055	PLAA	45.8		
ENSG00000137070	IL11RA	3.4		
ENSG00000137073	UBAP2	43.9		
ENSG00000137074	APTX	33.7		
ENSG00000137075	RNF38	19.6		
ENSG00000137076	TLN1	74.2		
ENSG00000137077	CCL21	0.0		
ENSG00000137078	SIT1	0.0		
ENSG00000137080	IFNA21	0.0		
ENSG00000137090	DMRT1	0.0		
ENSG00000137094	DNAJB5	9.1		
ENSG00000137098	SPAG8	0.1		
ENSG00000137100	DCTN3	101.0		
ENSG00000137101	CD72	0.0		
ENSG00000137103	TMEM8B	3.1		
ENSG00000137106	GRHPR	51.7		
ENSG00000137124	ALDH1B1	66.0		
ENSG00000137133	HINT2	21.2		
ENSG00000137135	ARHGEF39	3.7		
ENSG00000137142	IGFBPL1	44.0		
ENSG00000137145	DENND4C	13.7		
ENSG00000137154	RPS6	2274.1		
ENSG00000137161	CNPY3	54.7		
ENSG00000137166	FOXP4	11.4		
ENSG00000137168	PPIL1	135.1		
ENSG00000137171	KLC4	15.8		
ENSG00000137177	KIF13A	16.3		
ENSG00000137185	ZSCAN9	12.3		
ENSG00000137193	PIM1	12.7		
ENSG00000137198	GMPR	6.7		
ENSG00000137200	CMTR1	39.7		
ENSG00000137203	TFAP2A	4.3		
ENSG00000137204	SLC22A7	0.0		
ENSG00000137207	YIPF3	71.0		
ENSG00000137210	TMEM14B	65.5		
ENSG00000137216	TMEM63B	25.6		
ENSG00000137218	FRS3	2.2		
ENSG00000137221	TJAP1	22.9		
ENSG00000137225	CAPN11	0.0		
ENSG00000137251	TINAG	0.0		
ENSG00000137252	HCRTR2	0.0		
ENSG00000137261	KIAA0319	0.3		
ENSG00000137265	IRF4	0.0		
ENSG00000137266	SLC22A23	4.2		
ENSG00000137267	TUBB2A	86.6		
ENSG00000137269	LRRC1	47.9		
ENSG00000137270	GCM1	0.0		
ENSG00000137273	FOXF2	12.2		
ENSG00000137274	BPHL	11.7		
ENSG00000137275	RIPK1	17.9		
ENSG00000137285	TUBB2B	212.8		
ENSG00000137288	UQCC2	111.7		
ENSG00000137309	HMGA1	326.2		
ENSG00000137310	TCF19	0.0		
ENSG00000137312	FLOT1	35.0		
ENSG00000137331	IER3	0.0		
ENSG00000137337	MDC1	63.0		
ENSG00000137338	PGBD1	11.9		
ENSG00000137343	ATAT1	2.5		
ENSG00000137364	TPMT	11.3		
ENSG00000137392	CLPS	0.0		
ENSG00000137393	RNF144B	0.1		
ENSG00000137404	NRM	2.9		
ENSG00000137409	MTCH1	189.2		
ENSG00000137411	VARS2	21.3		
ENSG00000137413	TAF8	24.5		
ENSG00000137414	FAM8A1	20.5		
ENSG00000137434	C6orf52	1.8		
ENSG00000137440	FGFBP1	0.0		
ENSG00000137441	FGFBP2	0.0		
ENSG00000137449	CPEB2	3.9		
ENSG00000137460	FHDC1	0.3		
ENSG00000137462	TLR2	0.6		
ENSG00000137463	MGARP	4.4		
ENSG00000137473	TTC29	0.0		
ENSG00000137474	MYO7A	0.0		
ENSG00000137478	FCHSD2	15.3		
ENSG00000137486	ARRB1	9.5		
ENSG00000137491	SLCO2B1	0.0		
ENSG00000137492	THAP12	14.4		
ENSG00000137494	ANKRD42	5.0		
ENSG00000137496	IL18BP	2.5		
ENSG00000137497	NUMA1	89.7		
ENSG00000137500	CCDC90B	20.1		
ENSG00000137501	SYTL2	0.8		
ENSG00000137502	RAB30	8.3		
ENSG00000137504	CREBZF	12.7		
ENSG00000137507	LRRC32	0.2		
ENSG00000137509	PRCP	53.7		
ENSG00000137513	NARS2	39.9		
ENSG00000137522	RNF121	22.7		
ENSG00000137547	MRPL15	206.2		
ENSG00000137558	PI15	1.1		
ENSG00000137561	TTPA	1.5		
ENSG00000137563	GGH	97.2		
ENSG00000137571	SLCO5A1	5.5		
ENSG00000137573	SULF1	0.8		
ENSG00000137574	TGS1	24.3		
ENSG00000137575	SDCBP	106.0		
ENSG00000137601	NEK1	9.7		
ENSG00000137628	DDX60	0.5		
ENSG00000137634	NXPE4	0.0		
ENSG00000137642	SORL1	9.1		
ENSG00000137648	TMPRSS4	0.0		
ENSG00000137656	BUD13	27.2		
ENSG00000137672	TRPC6	0.0		
ENSG00000137673	MMP7	0.0		
ENSG00000137674	MMP20	0.0		
ENSG00000137675	MMP27	0.0		
ENSG00000137691	CFAP300	2.1		
ENSG00000137692	DCUN1D5	24.3		
ENSG00000137693	YAP1	71.0		
ENSG00000137699	TRIM29	0.0		
ENSG00000137700	SLC37A4	2.3		
ENSG00000137707	BTG4	0.0		
ENSG00000137709	POU2F3	0.0		
ENSG00000137710	RDX	77.3		
ENSG00000137713	PPP2R1B	53.4		
ENSG00000137714	FDX1	12.4		
ENSG00000137720	C11orf1	16.5		
ENSG00000137726	FXYD6	92.9		
ENSG00000137727	ARHGAP20	0.0		
ENSG00000137731	FXYD2	0.2		
ENSG00000137745	MMP13	0.0		
ENSG00000137747	TMPRSS13	0.0		
ENSG00000137752	CASP1	0.0		
ENSG00000137757	CASP5	0.0		
ENSG00000137760	ALKBH8	9.9		
ENSG00000137764	MAP2K5	23.8		
ENSG00000137766	UNC13C	0.3		
ENSG00000137767	SQOR	2.0		
ENSG00000137770	CTDSPL2	33.4		
ENSG00000137776	SLTM	72.3		
ENSG00000137801	THBS1	2.2		
ENSG00000137802	MAPKBP1	9.8		
ENSG00000137804	NUSAP1	104.2		
ENSG00000137806	NDUFAF1	20.1		
ENSG00000137807	KIF23	121.6		
ENSG00000137809	ITGA11	0.0		
ENSG00000137812	KNL1	17.6		
ENSG00000137814	HAUS2	23.7		
ENSG00000137815	RTF1	38.9		
ENSG00000137817	PARP6	32.4		
ENSG00000137818	RPLP1	1296.6		
ENSG00000137819	PAQR5	10.9		
ENSG00000137821	LRRC49	8.4		
ENSG00000137822	TUBGCP4	28.3		
ENSG00000137824	RMDN3	26.9		
ENSG00000137825	ITPKA	3.4		
ENSG00000137831	UACA	34.4		
ENSG00000137834	SMAD6	2.2		
ENSG00000137841	PLCB2	0.0		
ENSG00000137842	TMEM62	14.8		
ENSG00000137843	PAK6	4.5		
ENSG00000137845	ADAM10	16.8		
ENSG00000137857	DUOX1	0.0		
ENSG00000137860	SLC28A2	0.0		
ENSG00000137868	STRA6	1.8		
ENSG00000137869	CYP19A1	0.0		
ENSG00000137871	ZNF280D	6.7		
ENSG00000137872	SEMA6D	3.4		
ENSG00000137875	BCL2L10	0.1		
ENSG00000137876	RSL24D1	165.3		
ENSG00000137877	SPTBN5	0.0		
ENSG00000137878	GCOM1	0.0		
ENSG00000137880	GCHFR	16.4		
ENSG00000137936	BCAR3	1.3		
ENSG00000137941	TTLL7	5.0		
ENSG00000137942	FNBP1L	20.3		
ENSG00000137944	KYAT3	15.6		
ENSG00000137947	GTF2B	36.8		
ENSG00000137948	BRDT	0.0		
ENSG00000137955	RABGGTB	178.3		
ENSG00000137959	IFI44L	0.0		
ENSG00000137960	GIPC2	0.0		
ENSG00000137962	ARHGAP29	0.2		
ENSG00000137965	IFI44	0.0		
ENSG00000137968	SLC44A5	0.9		
ENSG00000137975	CLCA2	0.0		
ENSG00000137976	DNASE2B	0.0		
ENSG00000137992	DBT	20.3		
ENSG00000137996	RTCA	34.3		
ENSG00000138002	IFT172	13.4		
ENSG00000138018	SELENOI	32.4		
ENSG00000138028	CGREF1	1.4		
ENSG00000138029	HADHB	95.2		
ENSG00000138030	KHK	9.4		
ENSG00000138031	ADCY3	43.1		
ENSG00000138032	PPM1B	47.6		
ENSG00000138035	PNPT1	8.3		
ENSG00000138036	DYNC2LI1	9.9		
ENSG00000138039	LHCGR	0.0		
ENSG00000138050	THUMPD2	9.7		
ENSG00000138061	CYP1B1	0.3		
ENSG00000138068	SULT6B1	0.0		
ENSG00000138069	RAB1A	173.7		
ENSG00000138071	ACTR2	179.8		
ENSG00000138073	PREB	70.3		
ENSG00000138074	SLC5A6	108.3		
ENSG00000138075	ABCG5	0.0		
ENSG00000138078	PREPL	50.6		
ENSG00000138079	SLC3A1	0.0		
ENSG00000138080	EMILIN1	0.2		
ENSG00000138081	FBXO11	42.5		
ENSG00000138083	SIX3	11.7		
ENSG00000138085	ATRAID	75.9		
ENSG00000138092	CENPO	40.6		
ENSG00000138095	LRPPRC	118.8		
ENSG00000138100	TRIM54	7.3		
ENSG00000138101	DTNB	4.6		
ENSG00000138107	ACTR1A	109.9		
ENSG00000138109	CYP2C9	0.0		
ENSG00000138111	MFSD13A	7.4		
ENSG00000138115	CYP2C8	0.0		
ENSG00000138119	MYOF	1.8		
ENSG00000138131	LOXL4	0.1		
ENSG00000138134	STAMBPL1	4.1		
ENSG00000138135	CH25H	0.0		
ENSG00000138136	LBX1	0.4		
ENSG00000138138	ATAD1	18.9		
ENSG00000138152	BTBD16	0.0		
ENSG00000138160	KIF11	72.1		
ENSG00000138161	CUZD1	0.0		
ENSG00000138162	TACC2	8.5		
ENSG00000138166	DUSP5	2.8		
ENSG00000138172	CALHM2	3.8		
ENSG00000138175	ARL3	12.7		
ENSG00000138180	CEP55	64.8		
ENSG00000138182	KIF20B	27.3		
ENSG00000138185	ENTPD1	0.0		
ENSG00000138190	EXOC6	20.8		
ENSG00000138193	PLCE1	2.2		
ENSG00000138207	RBP4	0.0		
ENSG00000138231	DBR1	20.6		
ENSG00000138246	DNAJC13	22.1		
ENSG00000138271	GPR87	0.0		
ENSG00000138279	ANXA7	73.2		
ENSG00000138286	FAM149B1	12.6		
ENSG00000138303	ASCC1	21.1		
ENSG00000138308	PLA2G12B	0.0		
ENSG00000138311	ZNF365	0.0		
ENSG00000138315	OIT3	0.0		
ENSG00000138316	ADAMTS14	0.0		
ENSG00000138326	RPS24	3847.7		
ENSG00000138336	TET1	20.4		
ENSG00000138346	DNA2	16.8		
ENSG00000138347	MYPN	0.0		
ENSG00000138356	AOX1	0.1		
ENSG00000138363	ATIC	187.8		
ENSG00000138375	SMARCAL1	19.1		
ENSG00000138376	BARD1	16.5		
ENSG00000138378	STAT4	0.0		
ENSG00000138379	MSTN	0.0		
ENSG00000138380	CARF	3.2		
ENSG00000138381	ASNSD1	60.2		
ENSG00000138382	METTL5	103.0		
ENSG00000138385	SSB	315.3		
ENSG00000138386	NAB1	37.4		
ENSG00000138395	CDK15	0.0		
ENSG00000138398	PPIG	56.6		
ENSG00000138399	FASTKD1	43.9		
ENSG00000138400	MDH1B	0.0		
ENSG00000138411	HECW2	0.9		
ENSG00000138413	IDH1	112.4		
ENSG00000138430	OLA1	165.3		
ENSG00000138433	CIR1	22.1		
ENSG00000138434	ITPRID2	14.5		
ENSG00000138435	CHRNA1	0.0		
ENSG00000138439	FAM117B	9.0		
ENSG00000138442	WDR12	18.2		
ENSG00000138443	ABI2	47.1		
ENSG00000138448	ITGAV	19.3		
ENSG00000138449	SLC40A1	2.4		
ENSG00000138459	SLC35A5	22.4		
ENSG00000138463	SLC49A4	4.3		
ENSG00000138468	SENP7	9.4		
ENSG00000138472	GUCA1C	0.0		
ENSG00000138483	CCDC54	0.0		
ENSG00000138495	COX17	138.5		
ENSG00000138496	PARP9	6.6		
ENSG00000138587	MNS1	4.7		
ENSG00000138592	USP8	28.8		
ENSG00000138593	SECISBP2L	26.2		
ENSG00000138594	TMOD3	20.7		
ENSG00000138600	SPPL2A	45.2		
ENSG00000138604	GLCE	12.1		
ENSG00000138606	SHF	9.2		
ENSG00000138613	APH1B	15.8		
ENSG00000138614	INTS14	99.4		
ENSG00000138615	CILP	0.2		
ENSG00000138617	PARP16	30.3		
ENSG00000138621	PPCDC	19.2		
ENSG00000138622	HCN4	0.0		
ENSG00000138623	SEMA7A	1.5		
ENSG00000138629	UBL7	88.4		
ENSG00000138639	ARHGAP24	0.2		
ENSG00000138640	FAM13A	14.5		
ENSG00000287542	HERC3	0.0		
ENSG00000138642	HERC6	10.9		
ENSG00000138646	HERC5	13.7		
ENSG00000138650	PCDH10	0.0		
ENSG00000138653	NDST4	0.0		
ENSG00000138658	ZGRF1	12.7		
ENSG00000138660	AP1AR	24.4		
ENSG00000138663	COPS4	80.6		
ENSG00000138668	HNRNPD	863.8		
ENSG00000138669	PRKG2	0.3		
ENSG00000138670	RASGEF1B	1.1		
ENSG00000138674	SEC31A	183.3		
ENSG00000138675	FGF5	0.1		
ENSG00000138678	GPAT3	14.3		
ENSG00000138684	IL21	0.0		
ENSG00000138685	FGF2	8.1		
ENSG00000138686	BBS7	15.5		
ENSG00000138688	KIAA1109	13.7		
ENSG00000138696	BMPR1B	3.6		
ENSG00000138698	RAP1GDS1	47.0		
ENSG00000138709	LARP1B	32.7		
ENSG00000138722	MMRN1	0.0		
ENSG00000138735	PDE5A	3.5		
ENSG00000138738	PRDM5	0.0		
ENSG00000138741	TRPC3	0.4		
ENSG00000138744	NAAA	34.8		
ENSG00000138750	NUP54	57.0		
ENSG00000138755	CXCL9	0.0		
ENSG00000138756	BMP2K	6.7		
ENSG00000138757	G3BP2	170.1		
ENSG00000138758	SEPTIN11	109.8		
ENSG00000138759	FRAS1	3.8		
ENSG00000138760	SCARB2	28.3		
ENSG00000138764	CCNG2	17.6		
ENSG00000138767	CNOT6L	17.5		
ENSG00000138768	USO1	74.9		
ENSG00000138769	CDKL2	0.0		
ENSG00000138771	SHROOM3	5.1		
ENSG00000138772	ANXA3	0.1		
ENSG00000138777	PPA2	39.2		
ENSG00000138778	CENPE	30.3		
ENSG00000138780	GSTCD	25.8		
ENSG00000138785	INTS12	31.7		
ENSG00000138792	ENPEP	0.1		
ENSG00000138794	CASP6	19.7		
ENSG00000138795	LEF1	7.9		
ENSG00000138796	HADH	85.5		
ENSG00000138798	EGF	0.3		
ENSG00000138801	PAPSS1	46.8		
ENSG00000138802	SEC24B	33.2		
ENSG00000138813	C4orf17	0.0		
ENSG00000138814	PPP3CA	33.3		
ENSG00000138821	SLC39A8	13.5		
ENSG00000138823	MTTP	0.1		
ENSG00000138829	FBN2	37.6		
ENSG00000138834	MAPK8IP3	3.1		
ENSG00000138835	RGS3	0.6		
ENSG00000138867	GUCD1	35.2		
ENSG00000138892	TTLL8	0.0		
ENSG00000138942	RNF185	25.3		
ENSG00000138944	SHISAL1	5.0		
ENSG00000138964	PARVG	0.0		
ENSG00000139044	B4GALNT3	8.0		
ENSG00000139053	PDE6H	0.0		
ENSG00000139055	ERP27	0.0		
ENSG00000139083	ETV6	3.0		
ENSG00000139112	GABARAPL1	32.0		
ENSG00000139116	KIF21A	18.5		
ENSG00000139117	CPNE8	10.8		
ENSG00000139131	YARS2	26.7		
ENSG00000139132	FGD4	5.3		
ENSG00000139133	ALG10	7.9		
ENSG00000139144	PIK3C2G	0.0		
ENSG00000139146	SINHCAF	105.4		
ENSG00000139151	PLCZ1	0.0		
ENSG00000139154	AEBP2	93.7		
ENSG00000139155	SLCO1C1	0.0		
ENSG00000139160	ETFBKMT	1.0		
ENSG00000139163	ETNK1	27.1		
ENSG00000139168	ZCRB1	46.6		
ENSG00000139173	TMEM117	2.6		
ENSG00000139174	PRICKLE1	12.5		
ENSG00000139178	C1RL	2.1		
ENSG00000139180	NDUFA9	37.1		
ENSG00000139182	CLSTN3	6.7		
ENSG00000139187	KLRG1	3.3		
ENSG00000139190	VAMP1	7.2		
ENSG00000139192	TAPBPL	0.0		
ENSG00000139193	CD27	0.0		
ENSG00000139194	RBP5	0.1		
ENSG00000139197	PEX5	22.1		
ENSG00000139200	PIANP	9.8		
ENSG00000139209	SLC38A4	0.0		
ENSG00000139211	AMIGO2	0.0		
ENSG00000139218	SCAF11	62.4		
ENSG00000139219	COL2A1	98.9		
ENSG00000139220	PPFIA2	29.8		
ENSG00000139223	ANP32D	0.0		
ENSG00000139233	LLPH	57.2		
ENSG00000139263	LRIG3	5.1		
ENSG00000139266	MARCHF9	19.1		
ENSG00000139269	INHBE	1.8		
ENSG00000139278	GLIPR1	0.2		
ENSG00000139287	TPH2	0.0		
ENSG00000139289	PHLDA1	1.5		
ENSG00000139291	TMEM19	27.1		
ENSG00000139292	LGR5	0.0		
ENSG00000139304	PTPRQ	0.0		
ENSG00000139318	DUSP6	0.5		
ENSG00000139323	POC1B	10.6		
ENSG00000139324	TMTC3	13.5		
ENSG00000139329	LUM	0.0		
ENSG00000139330	KERA	0.0		
ENSG00000139343	SNRPF	116.9		
ENSG00000139344	AMDHD1	0.3		
ENSG00000139350	NEDD1	29.5		
ENSG00000139351	SYCP3	0.0		
ENSG00000139352	ASCL1	1.9		
ENSG00000139354	GAS2L3	12.0		
ENSG00000139364	TMEM132B	0.0		
ENSG00000139370	SLC15A4	13.5		
ENSG00000139372	TDG	76.8		
ENSG00000139405	RITA1	20.0		
ENSG00000139410	SDSL	2.2		
ENSG00000139428	MMAB	14.6		
ENSG00000139433	GLTP	24.2		
ENSG00000139436	GIT2	14.5		
ENSG00000139437	TCHP	14.0		
ENSG00000139438	FAM222A	1.9		
ENSG00000139445	FOXN4	0.8		
ENSG00000139496	NUP58	61.6		
ENSG00000139505	MTMR6	13.1		
ENSG00000139508	SLC46A3	3.5		
ENSG00000139514	SLC7A1	50.4		
ENSG00000139515	PDX1	0.0		
ENSG00000139517	LNX2	11.8		
ENSG00000139531	SUOX	13.7		
ENSG00000139537	CCDC65	0.0		
ENSG00000139540	SLC39A5	0.0		
ENSG00000139546	TARBP2	32.8		
ENSG00000139547	RDH16	0.0		
ENSG00000139549	DHH	0.0		
ENSG00000139567	ACVRL1	0.0		
ENSG00000139572	GPR84	0.0		
ENSG00000139574	NPFF	0.2		
ENSG00000139579	NABP2	66.5		
ENSG00000139597	N4BP2L1	3.7		
ENSG00000139610	CELA1	0.0		
ENSG00000139613	SMARCC2	49.9		
ENSG00000139618	BRCA2	5.5		
ENSG00000139620	KANSL2	37.1		
ENSG00000139624	CERS5	6.1		
ENSG00000139625	MAP3K12	4.3		
ENSG00000139626	ITGB7	0.0		
ENSG00000139629	GALNT6	1.5		
ENSG00000139631	CSAD	7.1		
ENSG00000139636	LMBR1L	9.8		
ENSG00000139637	MYG1	46.8		
ENSG00000139641	ESYT1	73.7		
ENSG00000139644	TMBIM6	363.7		
ENSG00000139645	ANKRD52	29.0		
ENSG00000139648	KRT71	0.0		
ENSG00000139651	ZNF740	9.5		
ENSG00000139656	SMIM2	0.0		
ENSG00000139668	WDFY2	6.3		
ENSG00000139675	HNRNPA1L2	11.0		
ENSG00000139679	LPAR6	0.6		
ENSG00000139684	ESD	256.8		
ENSG00000139687	RB1	53.7		
ENSG00000139697	SBNO1	22.3		
ENSG00000139714	MORN3	0.1		
ENSG00000139718	SETD1B	8.6		
ENSG00000139719	VPS33A	31.6		
ENSG00000139722	VPS37B	29.1		
ENSG00000139725	RHOF	23.2		
ENSG00000139726	DENR	93.8		
ENSG00000139734	DIAPH3	26.0		
ENSG00000139737	SLAIN1	39.3		
ENSG00000139746	RBM26	53.0		
ENSG00000139767	SRRM4	0.0		
ENSG00000139780	METTL21C	0.0		
ENSG00000139793	MBNL2	6.1		
ENSG00000139797	RNF113B	0.0		
ENSG00000139800	ZIC5	4.5		
ENSG00000139826	ABHD13	7.9		
ENSG00000139832	RAB20	3.8		
ENSG00000139835	GRTP1	6.6		
ENSG00000139842	CUL4A	76.9		
ENSG00000139865	TTC6	1.3		
ENSG00000139874	SSTR1	0.0		
ENSG00000139880	CDH24	8.0		
ENSG00000139890	REM2	0.0		
ENSG00000139899	CBLN3	0.8		
ENSG00000139908	TSSK4	0.0		
ENSG00000139910	NOVA1	23.7		
ENSG00000139914	FITM1	0.2		
ENSG00000139915	MDGA2	0.0		
ENSG00000139921	TMX1	60.3		
ENSG00000139926	FRMD6	5.7		
ENSG00000139946	PELI2	6.9		
ENSG00000139970	RTN1	0.9		
ENSG00000139971	ARMH4	2.9		
ENSG00000139973	SYT16	0.0		
ENSG00000139974	SLC38A6	6.8		
ENSG00000139977	NAA30	18.5		
ENSG00000139985	ADAM21	0.1		
ENSG00000139988	RDH12	0.0		
ENSG00000139990	DCAF5	24.7		
ENSG00000139998	RAB15	128.1		
ENSG00000140006	WDR89	22.8		
ENSG00000140009	ESR2	0.8		
ENSG00000140015	KCNH5	0.8		
ENSG00000140022	STON2	16.5		
ENSG00000140025	EFCAB11	9.3		
ENSG00000140030	GPR65	0.0		
ENSG00000140043	PTGR2	8.7		
ENSG00000140044	JDP2	16.7		
ENSG00000140057	AK7	4.7		
ENSG00000140067	FAM181A	0.0		
ENSG00000140090	SLC24A4	0.0		
ENSG00000140092	FBLN5	9.8		
ENSG00000140093	SERPINA10	2.2		
ENSG00000140104	CLBA1	1.0		
ENSG00000140105	WARS1	158.8		
ENSG00000140107	SLC25A47	0.0		
ENSG00000140153	WDR20	21.6		
ENSG00000140157	NIPA2	99.9		
ENSG00000140199	SLC12A6	7.9		
ENSG00000140254	DUOXA1	0.0		
ENSG00000140259	MFAP1	62.5		
ENSG00000140262	TCF12	84.3		
ENSG00000140263	SORD	19.9		
ENSG00000140264	SERF2	454.6		
ENSG00000140265	ZSCAN29	21.5		
ENSG00000140274	DUOXA2	0.0		
ENSG00000140279	DUOX2	0.0		
ENSG00000140280	LYSMD2	11.0		
ENSG00000140284	SLC27A2	22.8		
ENSG00000140285	FGF7	0.0		
ENSG00000140287	HDC	0.0		
ENSG00000140297	GCNT3	0.0		
ENSG00000140299	BNIP2	48.9		
ENSG00000140307	GTF2A2	138.7		
ENSG00000140319	SRP14	322.8		
ENSG00000140320	BAHD1	24.2		
ENSG00000140323	DISP2	0.2		
ENSG00000140326	CDAN1	7.7		
ENSG00000140332	TLE3	32.3		
ENSG00000140350	ANP32A	709.5		
ENSG00000140365	COMMD4	175.2		
ENSG00000140367	UBE2Q2	58.5		
ENSG00000140368	PSTPIP1	0.0		
ENSG00000140374	ETFA	502.7		
ENSG00000140379	BCL2A1	0.0		
ENSG00000140382	HMG20A	76.6		
ENSG00000140386	SCAPER	18.5		
ENSG00000140391	TSPAN3	271.2		
ENSG00000140395	WDR61	165.8		
ENSG00000140396	NCOA2	22.5		
ENSG00000140398	NEIL1	1.4		
ENSG00000140400	MAN2C1	11.7		
ENSG00000140403	DNAJA4	0.0		
ENSG00000140406	TLNRD1	5.8		
ENSG00000140416	TPM1	361.8		
ENSG00000140443	IGF1R	10.9		
ENSG00000140450	ARRDC4	3.7		
ENSG00000140451	PIF1	21.8		
ENSG00000140455	USP3	11.6		
ENSG00000140459	CYP11A1	0.0		
ENSG00000140463	BBS4	9.1		
ENSG00000140464	PML	16.3		
ENSG00000140465	CYP1A1	0.7		
ENSG00000140470	ADAMTS17	1.2		
ENSG00000140471	LINS1	7.8		
ENSG00000140474	ULK3	23.1		
ENSG00000140478	GOLGA6D	0.0		
ENSG00000140479	PCSK6	12.5		
ENSG00000140481	CCDC33	0.0		
ENSG00000140488	CELF6	0.2		
ENSG00000140497	SCAMP2	72.3		
ENSG00000140505	CYP1A2	0.0		
ENSG00000140506	LMAN1L	0.0		
ENSG00000140511	HAPLN3	14.7		
ENSG00000140519	RHCG	0.1		
ENSG00000140521	POLG	14.3		
ENSG00000140522	RLBP1	0.0		
ENSG00000140525	FANCI	196.8		
ENSG00000140526	ABHD2	32.4		
ENSG00000140527	WDR93	0.0		
ENSG00000140534	TICRR	26.3		
ENSG00000140538	NTRK3	0.0		
ENSG00000140543	DET1	8.7		
ENSG00000140545	MFGE8	27.6		
ENSG00000140548	ZNF710	5.1		
ENSG00000140553	UNC45A	52.9		
ENSG00000140557	ST8SIA2	2.3		
ENSG00000140563	MCTP2	0.1		
ENSG00000140564	FURIN	14.0		
ENSG00000140575	IQGAP1	80.6		
ENSG00000140577	CRTC3	15.1		
ENSG00000140598	EFL1	47.5		
ENSG00000140600	SH3GL3	35.8		
ENSG00000140612	SEC11A	409.1		
ENSG00000140623	SEPTIN12	0.0		
ENSG00000140632	GLYR1	96.4		
ENSG00000140650	PMM2	25.3		
ENSG00000140675	SLC5A2	0.0		
ENSG00000140678	ITGAX	0.0		
ENSG00000140682	TGFB1I1	6.0		
ENSG00000140688	RUSF1	22.9		
ENSG00000140691	ARMC5	3.9		
ENSG00000140694	PARN	46.7		
ENSG00000140718	FTO	32.4		
ENSG00000140740	UQCRC2	222.3		
ENSG00000140743	CDR2	49.2		
ENSG00000140749	IGSF6	0.0		
ENSG00000140750	ARHGAP17	21.8		
ENSG00000140795	MYLK3	0.0		
ENSG00000140798	ABCC12	0.0		
ENSG00000140807	NKD1	2.2		
ENSG00000140829	DHX38	46.3		
ENSG00000140830	TXNL4B	20.1		
ENSG00000140832	MARVELD3	1.9		
ENSG00000140835	CHST4	0.0		
ENSG00000140836	ZFHX3	9.4		
ENSG00000140839	CLEC18B	0.4		
ENSG00000140848	CPNE2	27.1		
ENSG00000140853	NLRC5	2.4		
ENSG00000140854	KATNB1	25.8		
ENSG00000140859	KIFC3	1.8		
ENSG00000140873	ADAMTS18	0.0		
ENSG00000140876	NUDT7	4.7		
ENSG00000140905	GCSH	64.5		
ENSG00000140931	CMTM3	63.7		
ENSG00000140932	CMTM2	0.0		
ENSG00000140937	CDH11	0.1		
ENSG00000140939	NOL3	5.4		
ENSG00000140941	MAP1LC3B	95.2		
ENSG00000140943	MBTPS1	50.2		
ENSG00000140945	CDH13	1.0		
ENSG00000140948	ZCCHC14	14.4		
ENSG00000140950	MEAK7	4.9		
ENSG00000140955	ADAD2	0.0		
ENSG00000140961	OSGIN1	3.2		
ENSG00000140968	IRF8	1.4		
ENSG00000140983	RHOT2	17.7		
ENSG00000140986	RPL3L	0.1		
ENSG00000140987	ZSCAN32	10.6		
ENSG00000140988	RPS2	2553.6		
ENSG00000140990	NDUFB10	161.5		
ENSG00000140992	PDPK1	24.3		
ENSG00000140993	TIGD7	1.8		
ENSG00000140995	DEF8	55.4		
ENSG00000141002	TCF25	45.7		
ENSG00000141012	GALNS	9.0		
ENSG00000141013	GAS8	5.9		
ENSG00000141026	MED9	16.3		
ENSG00000141027	NCOR1	96.4		
ENSG00000141030	COPS3	138.9		
ENSG00000141034	GID4	9.8		
ENSG00000141040	ZNF287	3.7		
ENSG00000141052	MYOCD	0.0		
ENSG00000141068	KSR1	11.0		
ENSG00000141076	UTP4	130.8		
ENSG00000141084	RANBP10	13.4		
ENSG00000141086	CTRL	4.1		
ENSG00000141096	DPEP3	0.0		
ENSG00000141098	GFOD2	15.6		
ENSG00000141101	NOB1	80.3		
ENSG00000141127	PRPSAP2	75.0		
ENSG00000141161	UNC45B	0.0		
ENSG00000141179	PCTP	8.2		
ENSG00000141194	OR4D1	0.0		
ENSG00000141198	TOM1L1	47.9		
ENSG00000141200	KIF2B	0.0		
ENSG00000141219	C17orf80	39.4		
ENSG00000141232	TOB1	19.5		
ENSG00000141252	VPS53	16.5		
ENSG00000141255	SPATA22	0.6		
ENSG00000141258	SGSM2	17.2		
ENSG00000141279	NPEPPS	83.7		
ENSG00000141293	SKAP1	0.0		
ENSG00000141294	LRRC46	0.3		
ENSG00000141295	SCRN2	3.9		
ENSG00000141298	SSH2	14.8		
ENSG00000141314	RHBDL3	1.2		
ENSG00000141316	SPACA3	0.0		
ENSG00000141337	ARSG	2.2		
ENSG00000141338	ABCA8	0.0		
ENSG00000141349	G6PC3	53.5		
ENSG00000141367	CLTC	313.6		
ENSG00000141371	C17orf64	0.0		
ENSG00000141376	BCAS3	4.5		
ENSG00000141378	PTRH2	98.4		
ENSG00000141380	SS18	50.1		
ENSG00000141384	TAF4B	3.7		
ENSG00000141385	AFG3L2	101.4		
ENSG00000141391	PRELID3A	12.1		
ENSG00000141401	IMPA2	13.2		
ENSG00000141404	GNAL	9.7		
ENSG00000141424	SLC39A6	112.4		
ENSG00000141425	RPRD1A	64.1		
ENSG00000141428	C18orf21	28.2		
ENSG00000141429	GALNT1	20.2		
ENSG00000141431	ASXL3	0.1		
ENSG00000141433	ADCYAP1	0.0		
ENSG00000141434	MEP1B	0.0		
ENSG00000141437	SLC25A52	0.0		
ENSG00000141441	GAREM1	2.7		
ENSG00000141446	ESCO1	11.6		
ENSG00000141447	OSBPL1A	10.4		
ENSG00000141448	GATA6	0.4		
ENSG00000141449	GREB1L	19.4		
ENSG00000141452	RMC1	27.1		
ENSG00000141456	PELP1	65.1		
ENSG00000141458	NPC1	22.6		
ENSG00000141469	SLC14A1	0.0		
ENSG00000141480	ARRB2	58.0		
ENSG00000141485	SLC13A5	0.0		
ENSG00000141497	ZMYND15	0.4		
ENSG00000141499	WRAP53	33.8		
ENSG00000141503	MINK1	15.5		
ENSG00000141504	SAT2	15.4		
ENSG00000141505	ASGR1	0.3		
ENSG00000141506	PIK3R5	0.0		
ENSG00000141510	TP53	119.7		
ENSG00000141519	CCDC40	1.6		
ENSG00000141522	ARHGDIA	160.3		
ENSG00000141524	TMC6	1.0		
ENSG00000141526	SLC16A3	15.6		
ENSG00000141527	CARD14	0.0		
ENSG00000141540	TTYH2	8.9		
ENSG00000141542	RAB40B	6.8		
ENSG00000141543	EIF4A3	194.9		
ENSG00000141551	CSNK1D	37.4		
ENSG00000141552	ANAPC11	58.1		
ENSG00000141556	TBCD	144.6		
ENSG00000141560	FN3KRP	30.1		
ENSG00000141562	NARF	23.8		
ENSG00000141564	RPTOR	10.5		
ENSG00000141568	FOXK2	49.7		
ENSG00000141569	TRIM65	16.8		
ENSG00000141570	CBX8	8.5		
ENSG00000141574	SECTM1	0.0		
ENSG00000141576	RNF157	26.0		
ENSG00000141577	CEP131	3.1		
ENSG00000141579	ZNF750	0.0		
ENSG00000141580	WDR45B	52.8		
ENSG00000141582	CBX4	9.3		
ENSG00000141622	RNF165	0.5		
ENSG00000141627	DYM	48.1		
ENSG00000141639	MAPK4	2.3		
ENSG00000141642	ELAC1	5.0		
ENSG00000141644	MBD1	36.3		
ENSG00000141646	SMAD4	33.6		
ENSG00000141655	TNFRSF11A	8.3		
ENSG00000141664	ZCCHC2	18.6		
ENSG00000141665	FBXO15	0.0		
ENSG00000141668	CBLN2	0.0		
ENSG00000141682	PMAIP1	21.0		
ENSG00000141696	P3H4	23.6		
ENSG00000141698	NT5C3B	8.2		
ENSG00000141699	RETREG3	20.5		
ENSG00000141736	ERBB2	2.8		
ENSG00000141738	GRB7	0.0		
ENSG00000141741	MIEN1	15.6		
ENSG00000141744	PNMT	0.1		
ENSG00000141748	ARL5C	0.0		
ENSG00000141750	STAC2	3.9		
ENSG00000141753	IGFBP4	22.6		
ENSG00000141756	FKBP10	66.7		
ENSG00000141759	TXNL4A	137.1		
ENSG00000141837	CACNA1A	0.0		
ENSG00000141854	MISP3	0.8		
ENSG00000141858	SAMD1	51.5		
ENSG00000141867	BRD4	30.8		
ENSG00000141873	SLC39A3	50.2		
ENSG00000141905	NFIC	15.4		
ENSG00000141933	TPGS1	0.0		
ENSG00000141934	PLPP2	0.0		
ENSG00000141946	ZIM3	0.0		
ENSG00000141956	PRDM15	3.9		
ENSG00000141959	PFKL	30.3		
ENSG00000141965	FEM1A	10.1		
ENSG00000141968	VAV1	0.0		
ENSG00000141971	MVB12A	19.5		
ENSG00000141977	CIB3	0.0		
ENSG00000141985	SH3GL1	35.6		
ENSG00000141994	DUS3L	7.3		
ENSG00000142002	DPP9	35.9		
ENSG00000142025	DMRTC2	0.0		
ENSG00000142039	CCDC97	38.8		
ENSG00000142046	TMEM91	1.3		
ENSG00000142065	ZFP14	2.1		
ENSG00000142082	SIRT3	8.2		
ENSG00000142089	IFITM3	1.1		
ENSG00000142102	PGGHG	0.9		
ENSG00000142149	HUNK	7.7		
ENSG00000142156	COL6A1	13.5		
ENSG00000142166	IFNAR1	23.3		
ENSG00000142168	SOD1	453.3		
ENSG00000142173	COL6A2	8.1		
ENSG00000142178	SIK1	3.5		
ENSG00000142182	DNMT3L	0.5		
ENSG00000142185	TRPM2	0.0		
ENSG00000142186	SCYL1	38.7		
ENSG00000142188	TMEM50B	14.2		
ENSG00000142192	APP	326.4		
ENSG00000142197	DOP1B	7.8		
ENSG00000142207	URB1	19.9		
ENSG00000142208	AKT1	89.5		
ENSG00000142224	IL19	0.0		
ENSG00000142227	EMP3	45.5		
ENSG00000142230	SAE1	179.6		
ENSG00000142233	NTN5	0.0		
ENSG00000142235	LMTK3	0.8		
ENSG00000142252	GEMIN7	52.6		
ENSG00000142273	CBLC	0.0		
ENSG00000142279	WTIP	19.2		
ENSG00000142303	ADAMTS10	0.0		
ENSG00000142319	SLC6A3	0.0		
ENSG00000142327	RNPEPL1	5.5		
ENSG00000142330	CAPN10	3.0		
ENSG00000142347	MYO1F	0.0		
ENSG00000142396	ERVK3-1	64.7		
ENSG00000142405	NLRP12	0.0		
ENSG00000142408	CACNG8	0.0		
ENSG00000142409	ZNF787	5.7		
ENSG00000142444	TIMM29	3.3		
ENSG00000142449	FBN3	0.6		
ENSG00000142453	CARM1	65.4		
ENSG00000142459	EVI5L	3.8		
ENSG00000142484	TM4SF5	0.0		
ENSG00000142494	SLC47A1	7.4		
ENSG00000142507	PSMB6	388.0		
ENSG00000142511	GPR32	0.0		
ENSG00000142512	SIGLEC10	0.0		
ENSG00000142513	ACP4	0.0		
ENSG00000142515	KLK3	0.0		
ENSG00000142528	ZNF473	18.4		
ENSG00000142530	FAM71E1	0.0		
ENSG00000142534	RPS11	4003.2		
ENSG00000142538	PTH2	0.0		
ENSG00000142539	AC020909.1	0.0		
ENSG00000142541	RPL13A	1978.2		
ENSG00000142544	CTU1	4.2		
ENSG00000142546	NOSIP	47.8		
ENSG00000142549	IGLON5	0.4		
ENSG00000142552	RCN3	6.8		
ENSG00000142556	ZNF614	13.3		
ENSG00000142583	SLC2A5	1.7		
ENSG00000142599	RERE	16.3		
ENSG00000142606	MMEL1	0.0		
ENSG00000142609	CFAP74	0.0		
ENSG00000142611	PRDM16	1.3		
ENSG00000142615	CELA2A	0.0		
ENSG00000142619	PADI3	0.0		
ENSG00000142621	FHAD1	0.2		
ENSG00000142623	PADI1	0.0		
ENSG00000142627	EPHA2	9.9		
ENSG00000142632	ARHGEF19	1.0		
ENSG00000142634	EFHD2	24.5		
ENSG00000142655	PEX14	17.9		
ENSG00000142657	PGD	225.6		
ENSG00000142661	MYOM3	0.0		
ENSG00000142669	SH3BGRL3	108.9		
ENSG00000142675	CNKSR1	0.5		
ENSG00000142676	RPL11	1611.2		
ENSG00000142677	IL22RA1	0.6		
ENSG00000142684	ZNF593	47.2		
ENSG00000142686	C1orf216	24.1		
ENSG00000142687	KIAA0319L	29.7		
ENSG00000142694	EVA1B	0.2		
ENSG00000142698	C1orf94	0.0		
ENSG00000142700	DMRTA2	0.9		
ENSG00000142731	PLK4	31.6		
ENSG00000142733	MAP3K6	2.0		
ENSG00000142748	FCN3	0.0		
ENSG00000142751	GPN2	43.7		
ENSG00000142765	SYTL1	0.0		
ENSG00000142784	WDTC1	13.0		
ENSG00000142789	CELA3A	0.0		
ENSG00000142794	NBPF3	2.2		
ENSG00000142798	HSPG2	3.1		
ENSG00000142856	ITGB3BP	28.2		
ENSG00000142864	SERBP1	435.2		
ENSG00000142867	BCL10	12.8		
ENSG00000142871	CCN1	15.9		
ENSG00000142875	PRKACB	12.6		
ENSG00000142892	PIGK	14.8		
ENSG00000142910	TINAGL1	0.2		
ENSG00000142920	AZIN2	0.9		
ENSG00000142937	RPS8	2474.1		
ENSG00000142945	KIF2C	102.8		
ENSG00000142949	PTPRF	57.5		
ENSG00000142959	BEST4	0.1		
ENSG00000142961	MOB3C	2.2		
ENSG00000142973	CYP4B1	0.0		
ENSG00000143001	TMEM61	0.0		
ENSG00000143006	DMRTB1	0.0		
ENSG00000143013	LMO4	13.1		
ENSG00000143028	SYPL2	11.8		
ENSG00000143032	BARHL2	1.0		
ENSG00000143033	MTF2	31.1		
ENSG00000143036	SLC44A3	3.5		
ENSG00000143061	IGSF3	12.6		
ENSG00000143067	ZNF697	3.8		
ENSG00000143079	CTTNBP2NL	16.9		
ENSG00000143093	STRIP1	18.4		
ENSG00000143105	KCNA10	0.0		
ENSG00000143106	PSMA5	13.8		
ENSG00000143107	FNDC7	0.0		
ENSG00000143110	C1orf162	0.8		
ENSG00000143119	CD53	0.0		
ENSG00000143125	PROK1	0.0		
ENSG00000143126	CELSR2	12.5		
ENSG00000143127	ITGA10	0.4		
ENSG00000143147	GPR161	6.9		
ENSG00000143149	ALDH9A1	40.0		
ENSG00000143153	ATP1B1	38.1		
ENSG00000143155	TIPRL	34.5		
ENSG00000143156	NME7	15.6		
ENSG00000143157	POGK	37.1		
ENSG00000143158	MPC2	17.0		
ENSG00000143162	CREG1	24.3		
ENSG00000143164	DCAF6	25.8		
ENSG00000143167	GPA33	0.0		
ENSG00000143171	RXRG	0.0		
ENSG00000143178	TBX19	0.4		
ENSG00000143179	UCK2	88.6		
ENSG00000143183	TMCO1	171.8		
ENSG00000143184	XCL1	0.0		
ENSG00000143185	XCL2	0.0		
ENSG00000143190	POU2F1	8.8		
ENSG00000143194	MAEL	0.0		
ENSG00000143195	ILDR2	0.0		
ENSG00000143196	DPT	0.0		
ENSG00000143198	MGST3	36.2		
ENSG00000143199	ADCY10	0.3		
ENSG00000143207	COP1	16.9		
ENSG00000143217	NECTIN4	0.0		
ENSG00000143222	UFC1	89.1		
ENSG00000143224	PPOX	9.8		
ENSG00000143226	FCGR2A	0.0		
ENSG00000143228	NUF2	49.6		
ENSG00000143248	RGS5	0.8		
ENSG00000143252	SDHC	244.3		
ENSG00000143256	PFDN2	241.6		
ENSG00000143257	NR1I3	0.0		
ENSG00000143258	USP21	17.6		
ENSG00000143278	F13B	0.0		
ENSG00000143294	PRCC	74.7		
ENSG00000143297	FCRL5	0.0		
ENSG00000143303	RRNAD1	28.9		
ENSG00000143314	MRPL24	121.8		
ENSG00000143315	PIGM	6.9		
ENSG00000143318	CASQ1	0.0		
ENSG00000143319	ISG20L2	47.0		
ENSG00000143320	CRABP2	28.1		
ENSG00000143321	HDGF	408.9		
ENSG00000143322	ABL2	12.6		
ENSG00000143324	XPR1	22.0		
ENSG00000143333	RGS16	11.9		
ENSG00000143337	TOR1AIP1	23.6		
ENSG00000143340	FAM163A	0.1		
ENSG00000143341	HMCN1	0.1		
ENSG00000143344	RGL1	1.8		
ENSG00000143353	LYPLAL1	8.6		
ENSG00000143355	LHX9	6.7		
ENSG00000143363	PRUNE1	19.9		
ENSG00000143365	RORC	0.0		
ENSG00000143367	TUFT1	17.6		
ENSG00000143368	SF3B4	150.9		
ENSG00000143369	ECM1	0.2		
ENSG00000143373	ZNF687	18.1		
ENSG00000143374	TARS2	44.2		
ENSG00000143375	CGN	8.6		
ENSG00000143376	SNX27	19.1		
ENSG00000143379	SETDB1	35.0		
ENSG00000143382	ADAMTSL4	0.8		
ENSG00000143384	MCL1	101.7		
ENSG00000143387	CTSK	0.3		
ENSG00000143390	RFX5	24.9		
ENSG00000143393	PI4KB	57.3		
ENSG00000143398	PIP5K1A	75.7		
ENSG00000143401	ANP32E	164.9		
ENSG00000143409	MINDY1	6.1		
ENSG00000143412	ANXA9	0.0		
ENSG00000143416	SELENBP1	0.0		
ENSG00000143418	CERS2	195.5		
ENSG00000143420	ENSA	198.5		
ENSG00000143434	SEMA6C	1.3		
ENSG00000143436	MRPL9	111.8		
ENSG00000143437	ARNT	24.2		
ENSG00000143442	POGZ	40.9		
ENSG00000143443	C1orf56	1.5		
ENSG00000143450	OAZ3	1.0		
ENSG00000143452	HORMAD1	0.0		
ENSG00000143457	GOLPH3L	20.8		
ENSG00000143458	GABPB2	4.8		
ENSG00000143469	SYT14	0.0		
ENSG00000143473	KCNH1	0.0		
ENSG00000143476	DTL	62.5		
ENSG00000143479	DYRK3	8.6		
ENSG00000143486	EIF2D	50.3		
ENSG00000143493	INTS7	32.2		
ENSG00000143494	VASH2	9.9		
ENSG00000143498	TAF1A	13.1		
ENSG00000143499	SMYD2	21.3		
ENSG00000143502	SUSD4	0.2		
ENSG00000143507	DUSP10	2.2		
ENSG00000143512	HHIPL2	0.1		
ENSG00000143514	TP53BP2	33.9		
ENSG00000143515	ATP8B2	23.0		
ENSG00000143520	FLG2	0.0		
ENSG00000143536	CRNN	0.0		
ENSG00000143537	ADAM15	34.5		
ENSG00000143543	JTB	151.0		
ENSG00000143545	RAB13	86.9		
ENSG00000143546	S100A8	0.0		
ENSG00000143549	TPM3	320.0		
ENSG00000143552	NUP210L	0.0		
ENSG00000143553	SNAPIN	42.5		
ENSG00000143554	SLC27A3	3.0		
ENSG00000143556	S100A7	0.0		
ENSG00000143569	UBAP2L	224.3		
ENSG00000143570	SLC39A1	114.8		
ENSG00000143575	HAX1	190.7		
ENSG00000143578	CREB3L4	14.5		
ENSG00000143590	EFNA3	18.4		
ENSG00000143595	AQP10	0.0		
ENSG00000143603	KCNN3	0.9		
ENSG00000143612	C1orf43	218.5		
ENSG00000143614	GATAD2B	18.1		
ENSG00000143621	ILF2	508.8		
ENSG00000143622	RIT1	32.0		
ENSG00000143624	INTS3	28.0		
ENSG00000143627	PKLR	0.0		
ENSG00000143630	HCN3	0.3		
ENSG00000143631	FLG	0.0		
ENSG00000143632	ACTA1	0.0		
ENSG00000143633	C1orf131	32.7		
ENSG00000143641	GALNT2	39.9		
ENSG00000143643	TTC13	8.0		
ENSG00000143653	SCCPDH	32.4		
ENSG00000143669	LYST	1.2		
ENSG00000143674	MAP3K21	14.4		
ENSG00000143702	CEP170	23.1		
ENSG00000143727	ACP1	169.4		
ENSG00000143740	SNAP47	33.6		
ENSG00000143742	SRP9	450.8		
ENSG00000143748	NVL	37.3		
ENSG00000143751	SDE2	18.9		
ENSG00000143753	DEGS1	76.5		
ENSG00000143756	FBXO28	24.2		
ENSG00000143761	ARF1	316.4		
ENSG00000143768	LEFTY2	0.1		
ENSG00000143771	CNIH4	95.4		
ENSG00000143772	ITPKB	10.1		
ENSG00000143774	GUK1	45.7		
ENSG00000143776	CDC42BPA	16.3		
ENSG00000143786	CNIH3	0.0		
ENSG00000143793	C1orf35	16.0		
ENSG00000143797	MBOAT2	11.4		
ENSG00000143799	PARP1	411.6		
ENSG00000143801	PSEN2	12.1		
ENSG00000143811	PYCR2	50.5		
ENSG00000143815	LBR	114.2		
ENSG00000143816	WNT9A	0.4		
ENSG00000143819	EPHX1	32.7		
ENSG00000143839	REN	0.0		
ENSG00000143842	SOX13	12.6		
ENSG00000143845	ETNK2	19.7		
ENSG00000143847	PPFIA4	0.6		
ENSG00000143850	PLEKHA6	0.3		
ENSG00000143851	PTPN7	0.0		
ENSG00000143858	SYT2	1.1		
ENSG00000143862	ARL8A	17.6		
ENSG00000143867	OSR1	3.0		
ENSG00000143869	GDF7	1.7		
ENSG00000143870	PDIA6	324.1		
ENSG00000143878	RHOB	1.3		
ENSG00000143882	ATP6V1C2	1.3		
ENSG00000143889	HNRNPLL	30.7		
ENSG00000143891	GALM	11.7		
ENSG00000143919	CAMKMT	10.6		
ENSG00000143921	ABCG8	0.0		
ENSG00000143924	EML4	38.0		
ENSG00000143933	CALM2	878.3		
ENSG00000143942	CHAC2	31.1		
ENSG00000143947	RPS27A	2061.7		
ENSG00000143951	WDPCP	2.3		
ENSG00000143952	VPS54	22.1		
ENSG00000143954	REG3G	0.0		
ENSG00000143970	ASXL2	21.1		
ENSG00000143971	ETAA1	8.9		
ENSG00000143977	SNRPG	415.1		
ENSG00000143994	ABHD1	0.1		
ENSG00000143995	MEIS1	7.7		
ENSG00000144010	TRIM43B	0.0		
ENSG00000144015	TRIM43	0.0		
ENSG00000144021	CIAO1	40.8		
ENSG00000144026	ZNF514	8.6		
ENSG00000144028	SNRNP200	264.4		
ENSG00000144029	MRPS5	14.0		
ENSG00000144031	ANKRD53	0.1		
ENSG00000144034	TPRKB	60.6		
ENSG00000144035	NAT8	0.0		
ENSG00000144036	EXOC6B	12.4		
ENSG00000144040	SFXN5	10.8		
ENSG00000144043	TEX261	75.3		
ENSG00000144045	DQX1	0.1		
ENSG00000144048	DUSP11	22.0		
ENSG00000144057	ST6GAL2	0.0		
ENSG00000144061	NPHP1	2.8		
ENSG00000144063	MALL	0.0		
ENSG00000144115	THNSL2	0.0		
ENSG00000144118	RALB	22.5		
ENSG00000144119	C1QL2	0.0		
ENSG00000144120	TMEM177	27.9		
ENSG00000144130	NT5DC4	0.0		
ENSG00000144134	RABL2A	2.5		
ENSG00000144136	SLC20A1	78.8		
ENSG00000144152	FBLN7	0.0		
ENSG00000144161	ZC3H8	19.4		
ENSG00000144182	LIPT1	6.6		
ENSG00000144191	CNGA3	0.0		
ENSG00000144199	FAHD2B	12.0		
ENSG00000144214	LYG1	2.3		
ENSG00000144218	AFF3	0.5		
ENSG00000144224	UBXN4	50.7		
ENSG00000144227	NXPH2	0.0		
ENSG00000144228	SPOPL	9.5		
ENSG00000144229	THSD7B	1.8		
ENSG00000144230	GPR17	0.0		
ENSG00000144231	POLR2D	107.0		
ENSG00000144233	AMMECR1L	17.2		
ENSG00000144278	GALNT13	5.5		
ENSG00000144283	PKP4	35.2		
ENSG00000144285	SCN1A	0.0		
ENSG00000144290	SLC4A10	0.0		
ENSG00000144306	SCRN3	19.3		
ENSG00000144320	LNPK	26.9		
ENSG00000144331	ZNF385B	31.9		
ENSG00000144339	TMEFF2	2.3		
ENSG00000144354	CDCA7	122.4		
ENSG00000144355	DLX1	7.4		
ENSG00000144357	UBR3	15.5		
ENSG00000144362	PHOSPHO2	6.2		
ENSG00000144366	GULP1	20.0		
ENSG00000144369	FAM171B	9.9		
ENSG00000144381	HSPD1	2232.9		
ENSG00000144395	CCDC150	1.7		
ENSG00000144401	METTL21A	39.6		
ENSG00000144406	UNC80	0.0		
ENSG00000144407	PTH2R	0.0		
ENSG00000144410	CPO	0.0		
ENSG00000144426	NBEAL1	3.2		
ENSG00000144445	KANSL1L	3.4		
ENSG00000144451	SPAG16	13.4		
ENSG00000144452	ABCA12	0.0		
ENSG00000144455	SUMF1	5.0		
ENSG00000144460	NYAP2	0.0		
ENSG00000144468	RHBDD1	0.1		
ENSG00000144476	ACKR3	0.2		
ENSG00000144481	TRPM8	0.0		
ENSG00000144485	HES6	24.1		
ENSG00000144488	ESPNL	0.0		
ENSG00000144504	ANKMY1	6.2		
ENSG00000144524	COPS7B	45.6		
ENSG00000144535	DIS3L2	11.7		
ENSG00000144550	CPNE9	0.0		
ENSG00000144554	FANCD2	48.8		
ENSG00000144559	TAMM41	22.9		
ENSG00000144560	VGLL4	20.4		
ENSG00000144566	RAB5A	29.0		
ENSG00000144567	RETREG2	37.1		
ENSG00000144579	CTDSP1	32.4		
ENSG00000144580	CNOT9	88.1		
ENSG00000144583	MARCHF4	0.0		
ENSG00000144589	STK11IP	7.7		
ENSG00000144591	GMPPA	39.7		
ENSG00000144596	GRIP2	0.7		
ENSG00000144597	EAF1	22.5		
ENSG00000144619	CNTN4	0.0		
ENSG00000144635	DYNC1LI1	65.4		
ENSG00000144642	RBMS3	0.5		
ENSG00000144644	GADL1	4.7		
ENSG00000144645	OSBPL10	8.9		
ENSG00000144647	POMGNT2	14.0		
ENSG00000144648	ACKR2	0.0		
ENSG00000144649	GASK1A	0.3		
ENSG00000144655	CSRNP1	3.0		
ENSG00000144659	SLC25A38	55.2		
ENSG00000144668	ITGA9	3.8		
ENSG00000144671	SLC22A14	0.0		
ENSG00000144674	GOLGA4	34.4		
ENSG00000144677	CTDSPL	19.2		
ENSG00000144681	STAC	2.4		
ENSG00000144711	IQSEC1	9.0		
ENSG00000144712	CAND2	6.4		
ENSG00000144713	RPL32	1718.2		
ENSG00000144724	PTPRG	13.4		
ENSG00000144730	IL17RD	4.8		
ENSG00000144736	SHQ1	24.9		
ENSG00000144741	SLC25A26	7.3		
ENSG00000144744	UBA3	59.1		
ENSG00000144746	ARL6IP5	59.2		
ENSG00000144747	TMF1	10.2		
ENSG00000144749	LRIG1	5.5		
ENSG00000144771	LRTM1	0.0		
ENSG00000144785	AC073896.1	9.9		
ENSG00000144791	LIMD1	18.8		
ENSG00000144792	ZNF660	1.1		
ENSG00000144802	NFKBIZ	2.5		
ENSG00000144810	COL8A1	0.4		
ENSG00000144815	NXPE3	28.3		
ENSG00000144820	ADGRG7	0.0		
ENSG00000144821	MYH15	0.1		
ENSG00000144824	PHLDB2	0.9		
ENSG00000144827	ABHD10	16.3		
ENSG00000144834	TAGLN3	0.1		
ENSG00000144837	PLA1A	0.0		
ENSG00000144840	RABL3	14.0		
ENSG00000144843	ADPRH	2.0		
ENSG00000144847	IGSF11	2.7		
ENSG00000144848	ATG3	84.9		
ENSG00000144852	NR1I2	0.0		
ENSG00000144857	BOC	5.6		
ENSG00000144867	SRPRB	69.8		
ENSG00000144868	TMEM108	0.2		
ENSG00000144891	AGTR1	0.0		
ENSG00000144893	MED12L	3.8		
ENSG00000144895	EIF2A	149.9		
ENSG00000144908	ALDH1L1	0.6		
ENSG00000144909	OSBPL11	22.7		
ENSG00000144935	TRPC1	3.0		
ENSG00000144959	NCEH1	2.0		
ENSG00000144962	SPATA16	0.0		
ENSG00000145002	FAM86B2	0.9		
ENSG00000145012	LPP	5.2		
ENSG00000145014	TMEM44	4.5		
ENSG00000145016	RUBCN	15.0		
ENSG00000145020	AMT	0.1		
ENSG00000145022	TCTA	19.3		
ENSG00000145029	NICN1	6.4		
ENSG00000145040	UCN2	0.0		
ENSG00000145041	DCAF1	43.3		
ENSG00000145050	MANF	201.4		
ENSG00000145087	STXBP5L	0.0		
ENSG00000145088	EAF2	5.0		
ENSG00000145103	ILDR1	0.0		
ENSG00000145107	TM4SF19	0.0		
ENSG00000145113	MUC4	0.0		
ENSG00000145147	SLIT2	15.7		
ENSG00000145191	EIF2B5	56.6		
ENSG00000145192	AHSG	0.0		
ENSG00000145194	ECE2	0.0		
ENSG00000145198	VWA5B2	0.3		
ENSG00000145214	DGKQ	2.2		
ENSG00000145216	FIP1L1	55.6		
ENSG00000145217	SLC26A1	0.1		
ENSG00000145220	LYAR	100.6		
ENSG00000145241	CENPC	2.2		
ENSG00000145242	EPHA5	0.0		
ENSG00000145244	CORIN	0.1		
ENSG00000145246	ATP10D	41.6		
ENSG00000145247	OCIAD2	29.7		
ENSG00000145248	SLC10A4	9.2		
ENSG00000145283	SLC10A6	0.0		
ENSG00000145284	SCD5	10.6		
ENSG00000145287	PLAC8	3.2		
ENSG00000145293	ENOPH1	86.1		
ENSG00000145309	CABS1	0.0		
ENSG00000145321	GC	0.0		
ENSG00000145331	TRMT10A	10.9		
ENSG00000145332	KLHL8	16.2		
ENSG00000145335	SNCA	53.6		
ENSG00000145337	PYURF	35.6		
ENSG00000145348	TBCK	5.7		
ENSG00000145349	CAMK2D	42.6		
ENSG00000145354	CISD2	28.2		
ENSG00000145358	DDIT4L	6.2		
ENSG00000145362	ANK2	11.0		
ENSG00000145365	TIFA	10.9		
ENSG00000145375	SPATA5	5.0		
ENSG00000145384	FABP2	0.0		
ENSG00000145386	CCNA2	154.2		
ENSG00000145388	METTL14	16.2		
ENSG00000145390	USP53	5.5		
ENSG00000145391	SETD7	44.3		
ENSG00000145414	NAF1	32.7		
ENSG00000145416	MARCHF1	0.0		
ENSG00000145423	SFRP2	0.0		
ENSG00000145425	RPS3A	2877.1		
ENSG00000145428	RNF175	0.0		
ENSG00000145431	PDGFC	10.8		
ENSG00000145439	CBR4	18.8		
ENSG00000145451	GLRA3	0.0		
ENSG00000145476	CYP4V2	1.9		
ENSG00000145491	ROPN1L	0.0		
ENSG00000145494	NDUFS6	174.3		
ENSG00000145495	MARCHF6	48.2		
ENSG00000145506	NKD2	0.1		
ENSG00000145526	CDH18	0.0		
ENSG00000145536	ADAMTS16	0.0		
ENSG00000145545	SRD5A1	6.6		
ENSG00000145555	MYO10	139.1		
ENSG00000145569	OTULINL	3.7		
ENSG00000145592	RPL37	762.8		
ENSG00000145604	SKP2	53.3		
ENSG00000145623	OSMR	8.9		
ENSG00000145626	UGT3A1	0.0		
ENSG00000145632	PLK2	1.7		
ENSG00000145642	SHISAL2B	0.0		
ENSG00000145649	GZMA	0.0		
ENSG00000145675	PIK3R1	6.7		
ENSG00000145681	HAPLN1	0.0		
ENSG00000145685	LHFPL2	10.2		
ENSG00000145687	SSBP2	23.6		
ENSG00000145692	BHMT	0.0		
ENSG00000145700	ANKRD31	0.1		
ENSG00000145703	IQGAP2	12.1		
ENSG00000145708	CRHBP	0.0		
ENSG00000145715	RASA1	14.0		
ENSG00000145721	LIX1	0.1		
ENSG00000145723	GIN1	5.4		
ENSG00000145725	PPIP5K2	43.9		
ENSG00000145730	PAM	11.0		
ENSG00000145734	BDP1	3.2		
ENSG00000145736	GTF2H2	0.6		
ENSG00000145740	SLC30A5	38.6		
ENSG00000145741	BTF3	1176.6		
ENSG00000145743	FBXL17	7.7		
ENSG00000145757	SPATA9	0.0		
ENSG00000145777	TSLP	1.5		
ENSG00000145779	TNFAIP8	8.3		
ENSG00000145780	FEM1C	8.0		
ENSG00000145781	COMMD10	20.8		
ENSG00000145782	ATG12	20.5		
ENSG00000145794	MEGF10	0.0		
ENSG00000145808	ADAMTS19	0.0		
ENSG00000145817	YIPF5	34.7		
ENSG00000145819	ARHGAP26	4.1		
ENSG00000145824	CXCL14	61.6		
ENSG00000145826	LECT2	0.0		
ENSG00000145832	SLC25A48	2.7		
ENSG00000145833	DDX46	80.9		
ENSG00000145839	IL9	0.0		
ENSG00000145850	TIMD4	0.0		
ENSG00000145860	RNF145	75.9		
ENSG00000145861	C1QTNF2	0.1		
ENSG00000145863	GABRA6	0.0		
ENSG00000145864	GABRB2	0.1		
ENSG00000145868	FBXO38	21.2		
ENSG00000145879	SPINK7	0.0		
ENSG00000145882	PCYOX1L	8.8		
ENSG00000145888	GLRA1	0.0		
ENSG00000145901	TNIP1	25.2		
ENSG00000145907	G3BP1	319.7		
ENSG00000145908	ZNF300	0.0		
ENSG00000145911	N4BP3	0.4		
ENSG00000145912	NHP2	225.7		
ENSG00000145916	RMND5B	21.5		
ENSG00000145919	BOD1	91.1		
ENSG00000145920	CPLX2	0.0		
ENSG00000145934	TENM2	0.0		
ENSG00000145936	KCNMB1	0.0		
ENSG00000145945	FAM50B	0.0		
ENSG00000145949	MYLK4	0.1		
ENSG00000145975	FAM217A	0.0		
ENSG00000145979	TBC1D7	24.5		
ENSG00000145982	FARS2	18.2		
ENSG00000145990	GFOD1	3.4		
ENSG00000145996	CDKAL1	16.5		
ENSG00000146005	PSD2	0.0		
ENSG00000146006	LRRTM2	0.0		
ENSG00000146007	ZMAT2	116.7		
ENSG00000146013	GFRA3	0.0		
ENSG00000146021	KLHL3	0.3		
ENSG00000146038	DCDC2	0.0		
ENSG00000146039	SLC17A4	0.0		
ENSG00000146047	H2BC1	0.0		
ENSG00000146049	KAAG1	0.0		
ENSG00000146054	TRIM7	4.8		
ENSG00000146063	TRIM41	9.1		
ENSG00000146066	HIGD2A	146.2		
ENSG00000146067	FAM193B	13.6		
ENSG00000146070	PLA2G7	0.0		
ENSG00000146072	TNFRSF21	7.2		
ENSG00000146083	RNF44	14.8		
ENSG00000146085	MMUT	27.6		
ENSG00000146090	RASGEF1C	0.3		
ENSG00000146094	DOK3	12.2		
ENSG00000146109	ABT1	19.0		
ENSG00000146112	PPP1R18	21.6		
ENSG00000146122	DAAM2	0.0		
ENSG00000146143	PRIM2	30.2		
ENSG00000146147	MLIP	2.2		
ENSG00000146151	HMGCLL1	0.0		
ENSG00000146166	LGSN	0.2		
ENSG00000146192	FGD2	0.0		
ENSG00000146197	SCUBE3	5.3		
ENSG00000146205	ANO7	0.0		
ENSG00000146215	CRIP3	2.8		
ENSG00000146216	TTBK1	0.3		
ENSG00000146221	TCTE1	0.0		
ENSG00000146223	RPL7L1	193.4		
ENSG00000146232	NFKBIE	10.3		
ENSG00000146233	CYP39A1	0.8		
ENSG00000146242	TPBG	10.3		
ENSG00000146243	IRAK1BP1	7.1		
ENSG00000146247	PHIP	19.1		
ENSG00000146250	PRSS35	12.8		
ENSG00000146263	MMS22L	17.1		
ENSG00000146267	FAXC	23.8		
ENSG00000146276	GABRR1	0.0		
ENSG00000146278	PNRC1	13.3		
ENSG00000146281	PM20D2	24.3		
ENSG00000146282	RARS2	37.9		
ENSG00000146285	SCML4	0.0		
ENSG00000146350	TBC1D32	1.6		
ENSG00000146352	CLVS2	0.0		
ENSG00000146360	GPR6	0.0		
ENSG00000146373	RNF217	1.0		
ENSG00000146374	RSPO3	0.6		
ENSG00000146376	ARHGAP18	13.4		
ENSG00000146378	TAAR2	0.0		
ENSG00000146383	TAAR6	0.0		
ENSG00000146385	TAAR8	0.0		
ENSG00000146386	ABRACL	90.4		
ENSG00000146399	TAAR1	0.0		
ENSG00000146409	SLC18B1	13.4		
ENSG00000146410	MTFR2	22.3		
ENSG00000146411	SLC2A12	0.0		
ENSG00000146414	SHPRH	9.5		
ENSG00000146416	AIG1	26.5		
ENSG00000146425	DYNLT1	134.4		
ENSG00000146426	TIAM2	2.4		
ENSG00000146433	TMEM181	26.1		
ENSG00000146453	PNLDC1	0.5		
ENSG00000146457	WTAP	112.2		
ENSG00000146463	ZMYM4	47.3		
ENSG00000146469	VIP	0.0		
ENSG00000146476	ARMT1	112.7		
ENSG00000146477	SLC22A3	0.0		
ENSG00000146530	VWDE	1.7		
ENSG00000146535	GNA12	13.5		
ENSG00000146540	C7orf50	41.6		
ENSG00000146555	SDK1	0.9		
ENSG00000146574	CCZ1B	87.9		
ENSG00000146576	C7orf26	16.2		
ENSG00000146587	RBAK	10.4		
ENSG00000146592	CREB5	0.2		
ENSG00000146618	FERD3L	0.0		
ENSG00000146648	EGFR	0.4		
ENSG00000146670	CDCA5	110.3		
ENSG00000146674	IGFBP3	1.5		
ENSG00000146676	PURB	15.0		
ENSG00000146678	IGFBP1	0.0		
ENSG00000146700	SSC4D	0.0		
ENSG00000146701	MDH2	256.3		
ENSG00000146707	POMZP3	4.1		
ENSG00000146729	NIPSNAP2	51.4		
ENSG00000146731	CCT6A	438.2		
ENSG00000146733	PSPH	52.6		
ENSG00000146755	TRIM50	0.0		
ENSG00000146757	ZNF92	17.2		
ENSG00000146776	ATXN7L1	5.1		
ENSG00000146802	TMEM168	12.5		
ENSG00000146809	ASB15	0.0		
ENSG00000146826	MAP11	5.3		
ENSG00000146828	SLC12A9	7.3		
ENSG00000146830	GIGYF1	12.9		
ENSG00000146833	TRIM4	19.0		
ENSG00000146834	MEPCE	43.0		
ENSG00000146839	ZAN	0.0		
ENSG00000146842	TMEM209	34.7		
ENSG00000146856	AGBL3	0.8		
ENSG00000146857	STRA8	0.0		
ENSG00000146858	ZC3HAV1L	12.1		
ENSG00000146859	TMEM140	0.0		
ENSG00000146872	TLK2	45.1		
ENSG00000146904	EPHA1	0.0		
ENSG00000146909	NOM1	14.9		
ENSG00000146910	CNPY1	2.7		
ENSG00000146918	NCAPG2	53.7		
ENSG00000146926	ASB10	0.0		
ENSG00000146938	NLGN4X	0.0		
ENSG00000146950	SHROOM2	5.7		
ENSG00000146955	RAB19	0.0		
ENSG00000146963	LUC7L2	96.5		
ENSG00000146966	DENND2A	11.0		
ENSG00000147003	CLTRN	0.7		
ENSG00000147010	SH3KBP1	19.8		
ENSG00000147027	TMEM47	14.5		
ENSG00000147036	LANCL3	1.5		
ENSG00000147041	SYTL5	0.0		
ENSG00000147044	CASK	35.2		
ENSG00000147050	KDM6A	6.5		
ENSG00000147059	SPIN2A	0.5		
ENSG00000147065	MSN	228.5		
ENSG00000147081	AKAP4	0.0		
ENSG00000147082	CCNB3	0.2		
ENSG00000147099	HDAC8	37.0		
ENSG00000147100	SLC16A2	1.1		
ENSG00000147113	DIPK2B	0.1		
ENSG00000147117	ZNF157	0.8		
ENSG00000147118	ZNF182	9.7		
ENSG00000147119	CHST7	3.8		
ENSG00000147121	KRBOX4	25.1		
ENSG00000147123	NDUFB11	267.0		
ENSG00000147124	ZNF41	12.5		
ENSG00000147127	RAB41	0.0		
ENSG00000147130	ZMYM3	57.1		
ENSG00000147133	TAF1	24.1		
ENSG00000147138	GPR174	0.0		
ENSG00000147140	NONO	949.5		
ENSG00000147144	CCDC120	3.4		
ENSG00000147145	LPAR4	0.6		
ENSG00000147155	EBP	217.5		
ENSG00000147160	AWAT2	0.0		
ENSG00000147162	OGT	52.0		
ENSG00000147164	SNX12	104.8		
ENSG00000147166	ITGB1BP2	1.9		
ENSG00000147168	IL2RG	0.4		
ENSG00000147174	GCNA	2.2		
ENSG00000147180	ZNF711	50.3		
ENSG00000147183	CPXCR1	0.0		
ENSG00000147202	DIAPH2	16.6		
ENSG00000147206	NXF3	0.0		
ENSG00000147223	RIPPLY1	0.0		
ENSG00000147224	PRPS1	176.0		
ENSG00000147231	RADX	18.6		
ENSG00000147234	FRMPD3	0.3		
ENSG00000147246	HTR2C	0.0		
ENSG00000147251	DOCK11	8.5		
ENSG00000147255	IGSF1	1.8		
ENSG00000147256	ARHGAP36	0.7		
ENSG00000147257	GPC3	514.3		
ENSG00000147262	GPR119	0.0		
ENSG00000147274	RBMX	481.9		
ENSG00000147316	MCPH1	8.9		
ENSG00000147324	MFHAS1	9.1		
ENSG00000147364	FBXO25	8.7		
ENSG00000147378	FATE1	0.0		
ENSG00000147381	MAGEA4	0.0		
ENSG00000147383	NSDHL	85.5		
ENSG00000147394	ZNF185	3.7		
ENSG00000147400	CETN2	55.3		
ENSG00000147403	RPL10	5072.8		
ENSG00000147408	CSGALNACT1	0.0		
ENSG00000147416	ATP6V1B2	70.1		
ENSG00000147419	CCDC25	23.6		
ENSG00000147421	HMBOX1	14.4		
ENSG00000147432	CHRNB3	0.0		
ENSG00000147434	CHRNA6	0.1		
ENSG00000147437	GNRH1	1.2		
ENSG00000147439	BIN3	14.9		
ENSG00000147443	DOK2	0.0		
ENSG00000147454	SLC25A37	9.9		
ENSG00000147457	CHMP7	4.3		
ENSG00000147459	DOCK5	4.9		
ENSG00000147465	STAR	0.1		
ENSG00000147471	PLPBP	65.4		
ENSG00000147475	ERLIN2	31.2		
ENSG00000147481	SNTG1	0.1		
ENSG00000147485	PXDNL	0.0		
ENSG00000147488	ST18	2.7		
ENSG00000147509	RGS20	0.4		
ENSG00000147526	TACC1	32.0		
ENSG00000147533	GOLGA7	48.0		
ENSG00000147535	PLPP5	14.5		
ENSG00000147536	GINS4	32.1		
ENSG00000147548	NSD3	47.0		
ENSG00000147570	DNAJC5B	0.0		
ENSG00000147571	CRH	0.0		
ENSG00000147573	TRIM55	0.0		
ENSG00000147576	ADHFE1	0.0		
ENSG00000147586	MRPS28	102.1		
ENSG00000147588	PMP2	0.0		
ENSG00000147592	LACTB2	25.0		
ENSG00000147596	PRDM14	0.0		
ENSG00000147601	TERF1	19.9		
ENSG00000147604	RPL7	2888.8		
ENSG00000147606	SLC26A7	0.6		
ENSG00000147613	PSKH2	0.0		
ENSG00000147614	ATP6V0D2	0.4		
ENSG00000147642	SYBU	0.8		
ENSG00000147647	DPYS	0.2		
ENSG00000147649	MTDH	150.3		
ENSG00000147650	LRP12	8.6		
ENSG00000147654	EBAG9	24.4		
ENSG00000147655	RSPO2	0.0		
ENSG00000147669	POLR2K	103.4		
ENSG00000147676	MAL2	0.8		
ENSG00000147677	EIF3H	335.5		
ENSG00000147679	UTP23	18.2		
ENSG00000147684	NDUFB9	347.3		
ENSG00000147687	TATDN1	52.0		
ENSG00000147689	FAM83A	0.0		
ENSG00000147697	GSDMC	0.0		
ENSG00000147724	FAM135B	0.0		
ENSG00000147789	ZNF7	19.5		
ENSG00000147799	ARHGAP39	1.8		
ENSG00000147804	SLC39A4	0.0		
ENSG00000147813	NAPRT	1.8		
ENSG00000147852	VLDLR	3.4		
ENSG00000147853	AK3	40.8		
ENSG00000147854	UHRF2	24.6		
ENSG00000147862	NFIB	7.8		
ENSG00000147869	CER1	0.0		
ENSG00000147872	PLIN2	39.1		
ENSG00000147873	IFNA5	0.0		
ENSG00000147874	HAUS6	43.3		
ENSG00000147883	CDKN2B	0.8		
ENSG00000147885	IFNA16	0.0		
ENSG00000147889	CDKN2A	34.3		
ENSG00000147894	C9orf72	9.4		
ENSG00000147896	IFNK	0.0		
ENSG00000147905	ZCCHC7	16.6		
ENSG00000147912	FBXO10	8.8		
ENSG00000147955	SIGMAR1	94.5		
ENSG00000147996	CBWD5	64.1		
ENSG00000148019	CEP78	49.6		
ENSG00000148053	NTRK2	0.0		
ENSG00000148057	IDNK	1.3		
ENSG00000148082	SHC3	0.0		
ENSG00000148090	AUH	18.1		
ENSG00000148110	MFSD14B	44.6		
ENSG00000148120	AOPEP	5.7		
ENSG00000148123	PLPPR1	0.0		
ENSG00000148136	OR13C4	0.0		
ENSG00000148143	ZNF462	14.9		
ENSG00000148153	INIP	21.0		
ENSG00000148154	UGCG	18.4		
ENSG00000148156	ACTL7B	0.0		
ENSG00000148158	SNX30	10.4		
ENSG00000148175	STOM	31.7		
ENSG00000148180	GSN	3.2		
ENSG00000148187	MRRF	74.1		
ENSG00000148200	NR6A1	1.6		
ENSG00000148204	CRB2	0.2		
ENSG00000148215	OR5C1	0.0		
ENSG00000148218	ALAD	8.1		
ENSG00000148219	ASTN2	11.5		
ENSG00000148225	WDR31	0.8		
ENSG00000148229	POLE3	140.3		
ENSG00000148248	SURF4	75.7		
ENSG00000148288	GBGT1	10.5		
ENSG00000148290	SURF1	20.4		
ENSG00000148291	SURF2	19.2		
ENSG00000148296	SURF6	8.4		
ENSG00000148297	MED22	13.3		
ENSG00000148300	REXO4	21.5		
ENSG00000148303	RPL7A	1831.4		
ENSG00000148308	GTF3C5	79.8		
ENSG00000148331	ASB6	17.6		
ENSG00000148334	PTGES2	22.5		
ENSG00000148335	NTMT1	101.8		
ENSG00000148337	CIZ1	55.3		
ENSG00000148339	SLC25A25	10.8		
ENSG00000148341	SH3GLB2	6.3		
ENSG00000148343	MIGA2	4.0		
ENSG00000148344	PTGES	0.7		
ENSG00000148346	LCN2	0.0		
ENSG00000148356	LRSAM1	7.8		
ENSG00000148357	HMCN2	0.0		
ENSG00000148358	GPR107	30.7		
ENSG00000148362	PAXX	1.7		
ENSG00000148377	IDI2	0.0		
ENSG00000148384	INPP5E	6.2		
ENSG00000148386	LCN9	0.0		
ENSG00000148396	SEC16A	31.8		
ENSG00000148399	DPH7	10.6		
ENSG00000148400	NOTCH1	1.0		
ENSG00000148408	CACNA1B	0.1		
ENSG00000148411	NACC2	7.9		
ENSG00000148426	PROSER2	8.4		
ENSG00000148429	USP6NL	11.2		
ENSG00000148444	COMMD3	37.8		
ENSG00000148450	MSRB2	6.3		
ENSG00000148459	PDSS1	28.6		
ENSG00000148468	FAM171A1	24.0		
ENSG00000148481	MINDY3	18.5		
ENSG00000148482	SLC39A12	0.0		
ENSG00000148483	TMEM236	0.1		
ENSG00000148484	RSU1	18.3		
ENSG00000148488	ST8SIA6	0.1		
ENSG00000148498	PARD3	34.7		
ENSG00000148513	ANKRD30A	0.0		
ENSG00000148516	ZEB1	14.9		
ENSG00000148541	FAM13C	1.3		
ENSG00000148572	NRBF2	20.3		
ENSG00000148584	A1CF	0.0		
ENSG00000148600	CDHR1	10.2		
ENSG00000148602	LRIT1	0.0		
ENSG00000148604	RGR	0.0		
ENSG00000148606	POLR3A	30.3		
ENSG00000148634	HERC4	21.1		
ENSG00000148655	LRMDA	0.0		
ENSG00000148660	CAMK2G	17.5		
ENSG00000148671	ADIRF	0.0		
ENSG00000148672	GLUD1	101.4		
ENSG00000148677	ANKRD1	2.3		
ENSG00000148680	HTR7	1.3		
ENSG00000148688	RPP30	73.9		
ENSG00000148690	FRA10AC1	13.0		
ENSG00000148700	ADD3	37.3		
ENSG00000148702	HABP2	0.0		
ENSG00000148704	VAX1	0.0		
ENSG00000148719	DNAJB12	22.2		
ENSG00000148730	EIF4EBP2	46.2		
ENSG00000148734	NPFFR1	0.0		
ENSG00000148735	PLEKHS1	0.0		
ENSG00000148737	TCF7L2	14.0		
ENSG00000148773	MKI67	109.3		
ENSG00000148795	CYP17A1	0.0		
ENSG00000148798	INA	11.0		
ENSG00000148803	FUOM	4.9		
ENSG00000148814	LRRC27	2.7		
ENSG00000148824	MTG1	30.6		
ENSG00000148826	NKX6-2	0.0		
ENSG00000148832	PAOX	0.0		
ENSG00000148834	GSTO1	97.0		
ENSG00000148835	TAF5	18.1		
ENSG00000148840	PPRC1	55.4		
ENSG00000148841	ITPRIP	6.5		
ENSG00000148842	CNNM2	6.9		
ENSG00000148843	PDCD11	70.6		
ENSG00000148848	ADAM12	0.2		
ENSG00000148908	RGS10	44.3		
ENSG00000148925	BTBD10	26.3		
ENSG00000148926	ADM	9.5		
ENSG00000148935	GAS2	1.0		
ENSG00000148942	SLC5A12	0.1		
ENSG00000148943	LIN7C	12.0		
ENSG00000148948	LRRC4C	0.0		
ENSG00000148950	IMMP1L	37.6		
ENSG00000148965	SAA4	0.0		
ENSG00000148985	PGAP2	27.6		
ENSG00000149016	TUT1	19.8		
ENSG00000149021	SCGB1A1	0.0		
ENSG00000149043	SYT8	0.0		
ENSG00000149050	ZNF214	0.3		
ENSG00000149054	ZNF215	4.8		
ENSG00000149084	HSD17B12	48.7		
ENSG00000149089	APIP	56.1		
ENSG00000149090	PAMR1	0.0		
ENSG00000149091	DGKZ	26.7		
ENSG00000149100	EIF3M	301.1		
ENSG00000149115	TNKS1BP1	31.4		
ENSG00000149124	GLYAT	0.0		
ENSG00000149131	SERPING1	0.4		
ENSG00000149133	OR5F1	0.0		
ENSG00000149136	SSRP1	493.7		
ENSG00000149150	SLC43A1	18.1		
ENSG00000149177	PTPRJ	19.0		
ENSG00000149179	C11orf49	18.8		
ENSG00000149182	ARFGAP2	47.2		
ENSG00000149187	CELF1	107.5		
ENSG00000149196	HIKESHI	54.2		
ENSG00000149201	CCDC81	0.6		
ENSG00000149212	SESN3	17.3		
ENSG00000149218	ENDOD1	6.9		
ENSG00000149231	CCDC82	17.5		
ENSG00000149243	KLHL35	0.0		
ENSG00000149256	TENM4	5.0		
ENSG00000149257	SERPINH1	242.2		
ENSG00000149260	CAPN5	3.8		
ENSG00000149262	INTS4	25.6		
ENSG00000149269	PAK1	40.2		
ENSG00000149273	RPS3	2085.6		
ENSG00000149289	ZC3H12C	2.8		
ENSG00000149292	TTC12	0.0		
ENSG00000149294	NCAM1	0.1		
ENSG00000149295	DRD2	0.0		
ENSG00000149300	C11orf52	0.0		
ENSG00000149305	HTR3B	0.1		
ENSG00000149308	NPAT	13.4		
ENSG00000149311	ATM	11.6		
ENSG00000149313	AASDHPPT	77.0		
ENSG00000149328	GLB1L2	25.2		
ENSG00000149346	SLX4IP	4.6		
ENSG00000149357	LAMTOR1	171.1		
ENSG00000149380	P4HA3	0.0		
ENSG00000149403	GRIK4	0.5		
ENSG00000149418	ST14	0.0		
ENSG00000149428	HYOU1	71.5		
ENSG00000149435	GGTLC1	0.0		
ENSG00000149451	ADAM33	0.0		
ENSG00000149452	SLC22A8	0.0		
ENSG00000149474	KAT14	10.3		
ENSG00000149476	TKFC	16.3		
ENSG00000149480	MTA2	177.2		
ENSG00000149483	TMEM138	26.0		
ENSG00000149485	FADS1	130.8		
ENSG00000149488	TMC2	0.0		
ENSG00000149489	ROM1	1.5		
ENSG00000149499	EML3	12.3		
ENSG00000149503	INCENP	52.2		
ENSG00000149506	ZP1	0.0		
ENSG00000149507	OOSP2	0.0		
ENSG00000149516	MS4A3	0.0		
ENSG00000149527	PLCH2	0.0		
ENSG00000149532	CPSF7	94.7		
ENSG00000149534	MS4A2	0.0		
ENSG00000149541	B3GAT3	30.8		
ENSG00000149547	EI24	199.0		
ENSG00000149548	CCDC15	2.9		
ENSG00000149554	CHEK1	54.2		
ENSG00000149557	FEZ1	31.2		
ENSG00000149564	ESAM	3.7		
ENSG00000149571	KIRREL3	0.0		
ENSG00000149573	MPZL2	0.0		
ENSG00000149575	SCN2B	0.0		
ENSG00000149577	SIDT2	10.2		
ENSG00000149582	TMEM25	0.0		
ENSG00000149591	TAGLN	4.4		
ENSG00000149596	JPH2	0.0		
ENSG00000149599	DUSP15	0.3		
ENSG00000149600	COMMD7	38.0		
ENSG00000149609	C20orf144	0.0		
ENSG00000149633	KIAA1755	0.0		
ENSG00000149634	SPATA25	0.8		
ENSG00000149635	OCSTAMP	0.0		
ENSG00000149636	DSN1	33.3		
ENSG00000149639	SOGA1	17.3		
ENSG00000149646	CNBD2	3.4		
ENSG00000149651	SPINT4	0.0		
ENSG00000149654	CDH22	0.0		
ENSG00000149657	LSM14B	31.5		
ENSG00000149658	YTHDF1	54.6		
ENSG00000149679	CABLES2	12.6		
ENSG00000149716	LTO1	15.5		
ENSG00000149735	GPHA2	0.0		
ENSG00000149742	SLC22A9	0.0		
ENSG00000149743	TRPT1	11.8		
ENSG00000149761	NUDT22	3.2		
ENSG00000149781	FERMT3	1.0		
ENSG00000149782	PLCB3	27.2		
ENSG00000149792	MRPL49	97.7		
ENSG00000149798	CDC42EP2	2.5		
ENSG00000149806	FAU	821.5		
ENSG00000149809	TM7SF2	11.6		
ENSG00000149823	VPS51	37.9		
ENSG00000149922	TBX6	0.3		
ENSG00000149923	PPP4C	119.3		
ENSG00000149925	ALDOA	966.8		
ENSG00000149926	TLCD3B	0.2		
ENSG00000149927	DOC2A	7.1		
ENSG00000149929	HIRIP3	28.8		
ENSG00000149930	TAOK2	20.4		
ENSG00000149932	TMEM219	35.5		
ENSG00000149948	HMGA2	54.2		
ENSG00000149968	MMP3	0.1		
ENSG00000149970	CNKSR2	0.3		
ENSG00000149972	CNTN5	0.0		
ENSG00000150045	KLRF1	1.5		
ENSG00000150048	CLEC1A	0.0		
ENSG00000150051	MKX	0.4		
ENSG00000150054	MPP7	3.9		
ENSG00000150093	ITGB1	149.1		
ENSG00000150201	FXYD4	0.0		
ENSG00000150244	TRIM48	0.0		
ENSG00000150261	OR8K1	0.0		
ENSG00000150269	OR5M9	0.0		
ENSG00000150275	PCDH15	0.0		
ENSG00000150281	CTF1	0.0		
ENSG00000150316	CWC15	33.8		
ENSG00000150337	FCGR1A	0.0		
ENSG00000150347	ARID5B	20.6		
ENSG00000150361	KLHL1	0.0		
ENSG00000150394	CDH8	0.0		
ENSG00000150401	DCUN1D2	13.8		
ENSG00000150403	TMCO3	24.8		
ENSG00000150433	TMEM218	9.4		
ENSG00000150455	TIRAP	3.9		
ENSG00000150456	EEF1AKMT1	9.4		
ENSG00000150457	LATS2	9.5		
ENSG00000150459	SAP18	198.1		
ENSG00000150471	ADGRL3	5.9		
ENSG00000150477	KIAA1328	4.2		
ENSG00000150510	FAM124A	18.0		
ENSG00000150527	MIA2	12.7		
ENSG00000150540	HNMT	11.9		
ENSG00000150551	LYPD1	0.0		
ENSG00000150556	LYPD6B	1.5		
ENSG00000150593	PDCD4	26.1		
ENSG00000150594	ADRA2A	0.0		
ENSG00000150625	GPM6A	17.4		
ENSG00000150627	WDR17	2.4		
ENSG00000150628	SPATA4	0.0		
ENSG00000150630	VEGFC	1.3		
ENSG00000150636	CCDC102B	0.1		
ENSG00000150637	CD226	0.2		
ENSG00000150656	CNDP1	0.0		
ENSG00000150667	FSIP1	0.5		
ENSG00000150672	DLG2	2.3		
ENSG00000150676	CCDC83	0.0		
ENSG00000150681	RGS18	0.0		
ENSG00000150687	PRSS23	2.6		
ENSG00000150712	MTMR12	30.2		
ENSG00000150722	PPP1R1C	0.2		
ENSG00000150750	C11orf53	0.0		
ENSG00000150753	CCT5	770.4		
ENSG00000150756	ATPSCKMT	19.6		
ENSG00000150760	DOCK1	18.4		
ENSG00000150764	DIXDC1	4.4		
ENSG00000150768	DLAT	65.7		
ENSG00000150773	PIH1D2	0.6		
ENSG00000150776	NKAPD1	32.1		
ENSG00000150779	TIMM8B	82.6		
ENSG00000150782	IL18	0.0		
ENSG00000150783	TEX12	0.1		
ENSG00000150787	PTS	47.5		
ENSG00000150867	PIP4K2A	29.2		
ENSG00000150873	C2orf50	0.4		
ENSG00000150893	FREM2	10.6		
ENSG00000150907	FOXO1	9.8		
ENSG00000150938	CRIM1	11.4		
ENSG00000150961	SEC24D	19.4		
ENSG00000150967	ABCB9	3.5		
ENSG00000150977	RILPL2	10.3		
ENSG00000150990	DHX37	19.8		
ENSG00000150991	UBC	2048.8		
ENSG00000150995	ITPR1	2.2		
ENSG00000151005	TKTL2	0.0		
ENSG00000151006	PRSS53	0.0		
ENSG00000151012	SLC7A11	10.0		
ENSG00000151014	NOCT	15.8		
ENSG00000151023	ENKUR	0.0		
ENSG00000151025	GPR158	0.0		
ENSG00000151033	LYZL2	0.0		
ENSG00000151062	CACNA2D4	0.0		
ENSG00000151065	DCP1B	4.6		
ENSG00000151067	CACNA1C	0.0		
ENSG00000151079	KCNA6	0.0		
ENSG00000151090	THRB	10.8		
ENSG00000151092	NGLY1	45.5		
ENSG00000151093	OXSM	15.7		
ENSG00000151116	UEVLD	8.2		
ENSG00000151117	TMEM86A	0.2		
ENSG00000151131	C12orf45	12.9		
ENSG00000151135	TMEM263	34.4		
ENSG00000151136	BTBD11	5.1		
ENSG00000151148	UBE3B	20.9		
ENSG00000151150	ANK3	16.4		
ENSG00000151151	IPMK	5.0		
ENSG00000151164	RAD9B	0.2		
ENSG00000151176	PLBD2	14.9		
ENSG00000151208	DLG5	2.3		
ENSG00000151224	MAT1A	0.0		
ENSG00000151229	SLC2A13	1.8		
ENSG00000151233	GXYLT1	20.6		
ENSG00000151239	TWF1	62.6		
ENSG00000151240	DIP2C	7.1		
ENSG00000151247	EIF4E	181.9		
ENSG00000151276	MAGI1	3.4		
ENSG00000151287	TEX30	35.3		
ENSG00000151292	CSNK1G3	31.7		
ENSG00000151304	SRFBP1	15.7		
ENSG00000151320	AKAP6	1.2		
ENSG00000151322	NPAS3	0.5		
ENSG00000151327	FAM177A1	47.1		
ENSG00000151332	MBIP	33.7		
ENSG00000151338	MIPOL1	0.0		
ENSG00000151348	EXT2	41.0		
ENSG00000151353	TMEM18	7.2		
ENSG00000151360	ALLC	0.0		
ENSG00000151364	KCTD14	0.6		
ENSG00000151365	THRSP	0.0		
ENSG00000151366	NDUFC2	136.1		
ENSG00000151376	ME3	0.0		
ENSG00000151379	MSGN1	0.0		
ENSG00000151388	ADAMTS12	0.7		
ENSG00000151413	NUBPL	8.6		
ENSG00000151414	NEK7	22.7		
ENSG00000151418	ATP6V1G3	0.0		
ENSG00000151422	FER	6.2		
ENSG00000151445	VIPAS39	17.0		
ENSG00000151458	ANKRD50	21.3		
ENSG00000151461	UPF2	27.2		
ENSG00000151465	CDC123	237.0		
ENSG00000151466	SCLT1	12.5		
ENSG00000151468	CCDC3	19.1		
ENSG00000151470	C4orf33	11.2		
ENSG00000151474	FRMD4A	0.3		
ENSG00000151475	SLC25A31	0.0		
ENSG00000151490	PTPRO	0.0		
ENSG00000151491	EPS8	11.3		
ENSG00000151498	ACAD8	14.6		
ENSG00000151500	THYN1	106.8		
ENSG00000151502	VPS26B	30.5		
ENSG00000151503	NCAPD3	3.5		
ENSG00000151532	VTI1A	8.8		
ENSG00000151552	QDPR	40.3		
ENSG00000151553	FAM160B1	4.7		
ENSG00000151572	ANO4	7.2		
ENSG00000151575	TEX9	6.6		
ENSG00000151576	QTRT2	43.5		
ENSG00000151577	DRD3	0.0		
ENSG00000151611	MMAA	2.0		
ENSG00000151612	ZNF827	6.9		
ENSG00000151615	POU4F2	0.0		
ENSG00000151617	EDNRA	0.4		
ENSG00000151623	NR3C2	1.3		
ENSG00000151632	AKR1C2	0.2		
ENSG00000151640	DPYSL4	10.4		
ENSG00000151650	VENTX	0.0		
ENSG00000151651	ADAM8	0.2		
ENSG00000151655	ITIH2	0.0		
ENSG00000151657	KIN	3.5		
ENSG00000151665	PIGF	35.9		
ENSG00000151687	ANKAR	0.1		
ENSG00000151689	INPP1	5.4		
ENSG00000151690	MFSD6	7.4		
ENSG00000151692	RNF144A	10.0		
ENSG00000151693	ASAP2	19.9		
ENSG00000151694	ADAM17	16.4		
ENSG00000151702	FLI1	0.8		
ENSG00000151704	KCNJ1	0.0		
ENSG00000151715	TMEM45B	0.0		
ENSG00000151718	WWC2	35.7		
ENSG00000151725	CENPU	52.4		
ENSG00000151726	ACSL1	43.1		
ENSG00000151729	SLC25A4	9.8		
ENSG00000151743	AMN1	4.3		
ENSG00000151746	BICD1	36.2		
ENSG00000151748	SAV1	25.7		
ENSG00000151773	CCDC122	0.7		
ENSG00000151778	SERP2	0.0		
ENSG00000151779	NBAS	16.5		
ENSG00000151789	ZNF385D	0.0		
ENSG00000151790	TDO2	0.1		
ENSG00000151806	GUF1	18.7		
ENSG00000151812	SLC35F4	0.0		
ENSG00000151834	GABRA2	0.0		
ENSG00000151835	SACS	30.7		
ENSG00000151838	CCDC175	0.0		
ENSG00000151846	PABPC3	0.0		
ENSG00000151849	CENPJ	11.4		
ENSG00000151876	FBXO4	3.9		
ENSG00000151881	TMEM267	9.2		
ENSG00000151882	CCL28	0.0		
ENSG00000151883	PARP8	2.1		
ENSG00000151892	GFRA1	0.1		
ENSG00000151893	CACUL1	13.0		
ENSG00000151914	DST	34.4		
ENSG00000151917	BEND6	1.8		
ENSG00000151923	TIAL1	42.3		
ENSG00000151929	BAG3	31.5		
ENSG00000151948	GLT1D1	0.0		
ENSG00000151952	TMEM132D	0.0		
ENSG00000151962	RBM46	0.0		
ENSG00000151967	SCHIP1	0.0		
ENSG00000152034	MCHR2	0.0		
ENSG00000152049	KCNE4	0.0		
ENSG00000152056	AP1S3	6.4		
ENSG00000152061	RABGAP1L	5.2		
ENSG00000152076	CCDC74B	0.2		
ENSG00000152078	TLCD4	7.4		
ENSG00000152082	MZT2B	19.7		
ENSG00000152086	TUBA3E	0.0		
ENSG00000152092	ASTN1	0.0		
ENSG00000152093	CFC1B	0.0		
ENSG00000152102	FAM168B	83.8		
ENSG00000152104	PTPN14	10.0		
ENSG00000152127	MGAT5	21.6		
ENSG00000152128	TMEM163	0.0		
ENSG00000152133	GPATCH11	14.8		
ENSG00000152137	HSPB8	0.3		
ENSG00000152147	GEMIN6	33.5		
ENSG00000152154	TMEM178A	4.5		
ENSG00000152192	POU4F1	5.1		
ENSG00000152193	OBI1	31.2		
ENSG00000152207	CYSLTR2	0.0		
ENSG00000152208	GRID2	0.0		
ENSG00000152213	ARL11	0.0		
ENSG00000152214	RIT2	0.0		
ENSG00000152217	SETBP1	1.8		
ENSG00000152219	ARL14EP	24.8		
ENSG00000152223	EPG5	5.5		
ENSG00000152229	PSTPIP2	20.3		
ENSG00000152234	ATP5F1A	801.1		
ENSG00000152240	HAUS1	94.0		
ENSG00000152242	C18orf25	27.7		
ENSG00000152253	SPC25	15.9		
ENSG00000152254	G6PC2	0.0		
ENSG00000152256	PDK1	5.8		
ENSG00000152266	PTH	0.0		
ENSG00000152270	PDE3B	8.5		
ENSG00000152284	TCF7L1	25.9		
ENSG00000152291	TGOLN2	37.8		
ENSG00000152292	SH2D6	0.0		
ENSG00000152315	KCNK13	0.4		
ENSG00000152332	UHMK1	28.2		
ENSG00000152348	ATG10	5.9		
ENSG00000152359	POC5	18.3		
ENSG00000152377	SPOCK1	1.4		
ENSG00000152380	FAM151B	1.1		
ENSG00000152382	TADA1	22.3		
ENSG00000152402	GUCY1A2	0.1		
ENSG00000152404	CWF19L2	14.0		
ENSG00000152409	JMY	9.6		
ENSG00000152413	HOMER1	18.2		
ENSG00000152422	XRCC4	9.4		
ENSG00000152430	BOLL	0.0		
ENSG00000152433	ZNF547	2.0		
ENSG00000152439	ZNF773	3.6		
ENSG00000152443	ZNF776	8.8		
ENSG00000152454	ZNF256	2.2		
ENSG00000152455	SUV39H2	27.7		
ENSG00000152457	DCLRE1C	7.6		
ENSG00000152463	OLAH	0.0		
ENSG00000152464	RPP38	31.8		
ENSG00000152465	NMT2	11.4		
ENSG00000152467	ZSCAN1	0.0		
ENSG00000152475	ZNF837	0.1		
ENSG00000152484	USP12	18.9		
ENSG00000152492	CCDC50	75.6		
ENSG00000152495	CAMK4	6.8		
ENSG00000152503	TRIM36	7.9		
ENSG00000152518	ZFP36L2	18.2		
ENSG00000152520	PAN3	15.1		
ENSG00000152527	PLEKHH2	0.5		
ENSG00000152556	PFKM	90.1		
ENSG00000152558	TMEM123	212.3		
ENSG00000152578	GRIA4	0.0		
ENSG00000152580	IGSF10	0.4		
ENSG00000152582	SPEF2	1.3		
ENSG00000152583	SPARCL1	2.4		
ENSG00000152591	DSPP	0.0		
ENSG00000152592	DMP1	0.0		
ENSG00000152595	MEPE	0.0		
ENSG00000152601	MBNL1	32.1		
ENSG00000152611	CAPSL	0.1		
ENSG00000152620	NADK2	20.0		
ENSG00000152642	GPD1L	23.4		
ENSG00000152661	GJA1	5.1		
ENSG00000152669	CCNO	0.1		
ENSG00000152670	DDX4	0.0		
ENSG00000152672	CLEC4F	0.5		
ENSG00000152683	SLC30A6	24.7		
ENSG00000152684	PELO	11.9		
ENSG00000152689	RASGRP3	0.0		
ENSG00000152700	SAR1B	62.8		
ENSG00000152705	CATSPER3	0.9		
ENSG00000152749	GPR180	7.3		
ENSG00000152760	TCTEX1D1	0.0		
ENSG00000152763	DNAI4	1.1		
ENSG00000152766	ANKRD22	0.0		
ENSG00000152767	FARP1	20.1		
ENSG00000152778	IFIT5	20.9		
ENSG00000152779	SLC16A12	0.0		
ENSG00000152782	PANK1	12.9		
ENSG00000152784	PRDM8	0.1		
ENSG00000152785	BMP3	1.2		
ENSG00000152795	HNRNPDL	582.9		
ENSG00000152804	HHEX	9.5		
ENSG00000152818	UTRN	219.4		
ENSG00000152822	GRM1	0.0		
ENSG00000152894	PTPRK	10.2		
ENSG00000152904	GGPS1	29.4		
ENSG00000152910	CNTNAP4	0.0		
ENSG00000152926	ZNF117	2.3		
ENSG00000152932	RAB3C	0.0		
ENSG00000152936	LMNTD1	0.3		
ENSG00000152939	MARVELD2	0.0		
ENSG00000152942	RAD17	21.8		
ENSG00000152944	MED21	41.1		
ENSG00000152952	PLOD2	34.0		
ENSG00000152953	STK32B	1.5		
ENSG00000152954	NRSN1	0.1		
ENSG00000152969	JAKMIP1	0.0		
ENSG00000152977	ZIC1	0.1		
ENSG00000152990	ADGRA3	23.2		
ENSG00000153002	CPB1	0.0		
ENSG00000153006	SREK1IP1	9.6		
ENSG00000153012	LGI2	5.2		
ENSG00000153015	CWC27	39.8		
ENSG00000153029	MR1	0.7		
ENSG00000153037	SRP19	54.6		
ENSG00000153044	CENPH	59.0		
ENSG00000153046	CDYL	24.2		
ENSG00000153048	CARHSP1	79.3		
ENSG00000153060	TEKT5	0.0		
ENSG00000153064	BANK1	0.1		
ENSG00000153066	TXNDC11	10.2		
ENSG00000153071	DAB2	2.0		
ENSG00000153086	ACMSD	0.0		
ENSG00000153093	ACOXL	0.0		
ENSG00000153094	BCL2L11	10.0		
ENSG00000153107	ANAPC1	51.0		
ENSG00000153113	CAST	81.3		
ENSG00000153130	SCOC	57.3		
ENSG00000153132	CLGN	7.5		
ENSG00000153140	CETN3	58.5		
ENSG00000153147	SMARCA5	85.9		
ENSG00000153157	SYCP2L	4.5		
ENSG00000153162	BMP6	1.1		
ENSG00000153165	RGPD3	0.6		
ENSG00000153179	RASSF3	29.6		
ENSG00000153187	HNRNPU	424.4		
ENSG00000153201	RANBP2	58.9		
ENSG00000153207	AHCTF1	40.3		
ENSG00000153208	MERTK	10.2		
ENSG00000153214	TMEM87B	3.8		
ENSG00000153230	OR14K1	0.0		
ENSG00000153233	PTPRR	0.0		
ENSG00000153234	NR4A2	2.6		
ENSG00000153237	CCDC148	0.0		
ENSG00000153246	PLA2R1	0.1		
ENSG00000153250	RBMS1	31.1		
ENSG00000153253	SCN3A	0.0		
ENSG00000153266	FEZF2	0.0		
ENSG00000153283	CD96	0.1		
ENSG00000153291	SLC25A27	1.8		
ENSG00000153292	ADGRF1	0.0		
ENSG00000153294	ADGRF4	0.0		
ENSG00000153303	FRMD1	0.0		
ENSG00000153310	CYRIB	78.2		
ENSG00000153317	ASAP1	24.7		
ENSG00000153339	TRAPPC8	17.2		
ENSG00000153347	FAM81B	0.0		
ENSG00000153391	INO80C	52.4		
ENSG00000153395	LPCAT1	1.7		
ENSG00000153404	PLEKHG4B	13.7		
ENSG00000153406	NMRAL1	26.3		
ENSG00000153443	UBALD1	5.7		
ENSG00000153446	C16orf89	0.0		
ENSG00000153485	TMEM251	17.8		
ENSG00000153487	ING1	8.0		
ENSG00000153495	TEX29	0.0		
ENSG00000153498	SPACA7	0.0		
ENSG00000153531	ADPRHL1	5.4		
ENSG00000153551	CMTM7	40.6		
ENSG00000153558	FBXL2	0.9		
ENSG00000153560	UBP1	133.3		
ENSG00000153561	RMND5A	45.1		
ENSG00000153563	CD8A	0.6		
ENSG00000153574	RPIA	42.4		
ENSG00000153684	GOLGA8F	0.0		
ENSG00000153707	PTPRD	4.3		
ENSG00000153714	LURAP1L	0.0		
ENSG00000153721	CNKSR3	9.5		
ENSG00000153767	GTF2E1	21.4		
ENSG00000153774	CFDP1	123.3		
ENSG00000153779	TGIF2LX	0.0		
ENSG00000153786	ZDHHC7	37.1		
ENSG00000153789	CIBAR2	0.0		
ENSG00000153790	C7orf31	5.3		
ENSG00000153802	TMPRSS11D	0.0		
ENSG00000153814	JAZF1	6.3		
ENSG00000153815	CMIP	16.9		
ENSG00000153820	SPHKAP	0.0		
ENSG00000153822	KCNJ16	0.0		
ENSG00000153823	PID1	0.0		
ENSG00000153827	TRIP12	140.5		
ENSG00000153832	FBXO36	1.1		
ENSG00000153879	CEBPG	54.8		
ENSG00000153885	KCTD15	24.3		
ENSG00000153896	ZNF599	3.4		
ENSG00000153898	MCOLN2	14.7		
ENSG00000153902	LGI4	0.0		
ENSG00000153904	DDAH1	79.7		
ENSG00000153914	SREK1	4.3		
ENSG00000153922	CHD1	37.6		
ENSG00000153930	ANKFN1	0.0		
ENSG00000153933	DGKE	7.2		
ENSG00000153936	HS2ST1	27.2		
ENSG00000153944	MSI2	50.6		
ENSG00000153956	CACNA2D1	11.2		
ENSG00000153975	ZUP1	15.8		
ENSG00000153976	HS3ST3A1	0.1		
ENSG00000153982	GDPD1	6.6		
ENSG00000153989	NUS1	62.1		
ENSG00000153993	SEMA3D	3.1		
ENSG00000154001	PPP2R5E	48.1		
ENSG00000154007	ASB17	0.0		
ENSG00000154016	GRAP	0.0		
ENSG00000154025	SLC5A10	0.0		
ENSG00000154027	AK5	0.2		
ENSG00000154040	CABYR	3.4		
ENSG00000154059	IMPACT	9.1		
ENSG00000154065	ANKRD29	0.0		
ENSG00000154079	SDHAF4	6.2		
ENSG00000154080	CHST9	0.0		
ENSG00000154096	THY1	4.3		
ENSG00000154099	DNAAF1	0.0		
ENSG00000154102	C16orf74	2.0		
ENSG00000154114	TBCEL	10.8		
ENSG00000154118	JPH3	1.2		
ENSG00000154122	ANKH	4.6		
ENSG00000154124	OTULIN	14.1		
ENSG00000154127	UBASH3B	0.1		
ENSG00000154133	ROBO4	0.0		
ENSG00000154134	ROBO3	0.3		
ENSG00000154143	PANX3	0.0		
ENSG00000154144	TBRG1	3.5		
ENSG00000154146	NRGN	8.8		
ENSG00000154153	RETREG1	7.8		
ENSG00000154162	CDH12	0.0		
ENSG00000154165	GPR15	0.0		
ENSG00000154174	TOMM70	73.1		
ENSG00000154175	ABI3BP	0.1		
ENSG00000154188	ANGPT1	4.2		
ENSG00000154217	PITPNC1	6.7		
ENSG00000154222	CC2D1B	10.1		
ENSG00000154227	CERS3	0.0		
ENSG00000154229	PRKCA	3.9		
ENSG00000154237	LRRK1	5.2		
ENSG00000154240	CEP112	2.9		
ENSG00000154252	GAL3ST2	0.0		
ENSG00000154258	ABCA9	0.4		
ENSG00000154262	ABCA6	0.0		
ENSG00000154263	ABCA10	0.0		
ENSG00000154265	ABCA5	1.2		
ENSG00000154269	ENPP3	0.0		
ENSG00000154274	C4orf19	0.2		
ENSG00000154277	UCHL1	262.8		
ENSG00000154305	MIA3	28.5		
ENSG00000154309	DISP1	1.6		
ENSG00000154310	TNIK	6.3		
ENSG00000154319	FAM167A	0.1		
ENSG00000154328	NEIL2	13.5		
ENSG00000154330	PGM5	9.2		
ENSG00000154342	WNT3A	0.0		
ENSG00000154358	OBSCN	1.3		
ENSG00000154359	LONRF1	12.0		
ENSG00000154370	TRIM11	16.8		
ENSG00000154380	ENAH	102.7		
ENSG00000154415	PPP1R3A	0.0		
ENSG00000154429	CCSAP	18.6		
ENSG00000154438	ASZ1	0.0		
ENSG00000154447	SH3RF1	8.9		
ENSG00000154451	GBP5	0.0		
ENSG00000154473	BUB3	285.1		
ENSG00000154478	GPR26	0.0		
ENSG00000154479	CCDC173	0.7		
ENSG00000154485	MMP21	0.0		
ENSG00000154493	C10orf90	0.0		
ENSG00000154511	DIPK1A	0.9		
ENSG00000154518	ATP5MC3	440.2		
ENSG00000154529	CNTNAP3B	2.4		
ENSG00000154545	MAGED4	0.8		
ENSG00000154548	SRSF12	7.5		
ENSG00000154553	PDLIM3	0.0		
ENSG00000154556	SORBS2	0.0		
ENSG00000154582	ELOC	168.7		
ENSG00000154589	LY96	0.2		
ENSG00000154611	PSMA8	0.0		
ENSG00000154620	TMSB4Y	0.0		
ENSG00000154639	CXADR	22.8		
ENSG00000154640	BTG3	42.5		
ENSG00000154642	C21orf91	17.1		
ENSG00000154645	CHODL	0.1		
ENSG00000154646	TMPRSS15	0.0		
ENSG00000154654	NCAM2	0.0		
ENSG00000154655	L3MBTL4	0.0		
ENSG00000154678	PDE1C	0.0		
ENSG00000154710	RABGEF1	16.8		
ENSG00000154719	MRPL39	128.5		
ENSG00000154721	JAM2	2.2		
ENSG00000154723	ATP5PF	441.3		
ENSG00000154727	GABPA	28.5		
ENSG00000154734	ADAMTS1	4.6		
ENSG00000154736	ADAMTS5	0.0		
ENSG00000154743	TSEN2	7.8		
ENSG00000154760	SLFN13	1.4		
ENSG00000154764	WNT7A	0.0		
ENSG00000154767	XPC	23.6		
ENSG00000154781	CCDC174	7.3		
ENSG00000154783	FGD5	0.0		
ENSG00000154803	FLCN	14.0		
ENSG00000154813	DPH3	29.4		
ENSG00000154814	OXNAD1	15.9		
ENSG00000154822	PLCL2	24.8		
ENSG00000154832	CXXC1	51.6		
ENSG00000154839	SKA1	25.6		
ENSG00000154845	PPP4R1	54.0		
ENSG00000154856	APCDD1	0.3		
ENSG00000154864	PIEZO2	0.0		
ENSG00000154889	MPPE1	5.8		
ENSG00000154914	USP43	0.6		
ENSG00000154917	RAB6B	13.8		
ENSG00000154920	EME1	24.5		
ENSG00000154928	EPHB1	5.5		
ENSG00000154930	ACSS1	17.1		
ENSG00000154945	ANKRD40	49.3		
ENSG00000154957	ZNF18	5.4		
ENSG00000154975	CA10	0.0		
ENSG00000154978	VOPP1	50.8		
ENSG00000154997	SEPTIN14	1.4		
ENSG00000155008	APOOL	18.3		
ENSG00000155011	DKK2	0.0		
ENSG00000155016	CYP2U1	8.1		
ENSG00000155026	RSPH10B	0.0		
ENSG00000155034	FBXL18	4.9		
ENSG00000155052	CNTNAP5	0.0		
ENSG00000155066	PROM2	0.0		
ENSG00000155085	AK9	1.9		
ENSG00000155087	ODF1	0.0		
ENSG00000155090	KLF10	10.0		
ENSG00000155093	PTPRN2	1.0		
ENSG00000155096	AZIN1	113.8		
ENSG00000155097	ATP6V1C1	42.4		
ENSG00000155099	PIP4P2	4.2		
ENSG00000155100	OTUD6B	26.4		
ENSG00000155111	CDK19	8.0		
ENSG00000155115	GTF3C6	141.1		
ENSG00000155158	TTC39B	0.9		
ENSG00000155189	AGPAT5	9.5		
ENSG00000155229	MMS19	71.5		
ENSG00000155249	OR4K1	0.0		
ENSG00000155252	PI4K2A	19.3		
ENSG00000155254	MARVELD1	22.4		
ENSG00000155256	ZFYVE27	18.4		
ENSG00000155265	GOLGA7B	0.0		
ENSG00000155269	GPR78	0.0		
ENSG00000155275	TRMT44	9.3		
ENSG00000155287	SLC25A28	22.1		
ENSG00000155304	HSPA13	30.8		
ENSG00000155307	SAMSN1	0.0		
ENSG00000155313	USP25	16.7		
ENSG00000155324	GRAMD2B	0.9		
ENSG00000155329	ZCCHC10	46.3		
ENSG00000155330	C16orf87	13.2		
ENSG00000155363	MOV10	39.7		
ENSG00000155366	RHOC	136.2		
ENSG00000155367	PPM1J	1.1		
ENSG00000155368	DBI	397.0		
ENSG00000155380	SLC16A1	126.3		
ENSG00000155393	HEATR3	14.1		
ENSG00000155428	TRIM74	0.0		
ENSG00000155438	NIFK	149.4		
ENSG00000155463	OXA1L	103.0		
ENSG00000155465	SLC7A7	0.1		
ENSG00000155495	MAGEC1	0.0		
ENSG00000155506	LARP1	196.1		
ENSG00000155508	CNOT8	45.2		
ENSG00000155511	GRIA1	0.0		
ENSG00000155530	LRGUK	0.1		
ENSG00000155542	SETD9	3.9		
ENSG00000155545	MIER3	24.9		
ENSG00000155561	NUP205	88.5		
ENSG00000155592	ZKSCAN2	5.8		
ENSG00000155621	C9orf85	13.4		
ENSG00000155622	XAGE2	0.0		
ENSG00000155629	PIK3AP1	17.7		
ENSG00000155636	RBM45	13.1		
ENSG00000155657	TTN	0.0		
ENSG00000155659	VSIG4	0.0		
ENSG00000155660	PDIA4	170.6		
ENSG00000155666	KDM8	3.0		
ENSG00000155714	PDZD9	0.0		
ENSG00000155719	OTOA	0.0		
ENSG00000155729	KCTD18	4.5		
ENSG00000155744	FAM126B	8.1		
ENSG00000155749	FLACC1	0.4		
ENSG00000155754	C2CD6	0.0		
ENSG00000155755	TMEM237	5.6		
ENSG00000155760	FZD7	6.0		
ENSG00000155761	SPAG17	0.0		
ENSG00000155792	DEPTOR	5.4		
ENSG00000155816	FMN2	1.3		
ENSG00000155827	RNF20	42.6		
ENSG00000155833	CYLC2	0.0		
ENSG00000155846	PPARGC1B	6.9		
ENSG00000155849	ELMO1	0.0		
ENSG00000155850	SLC26A2	10.0		
ENSG00000155858	LSM11	8.1		
ENSG00000155868	MED7	11.5		
ENSG00000155875	SAXO1	0.0		
ENSG00000155876	RRAGA	64.8		
ENSG00000155886	SLC24A2	0.0		
ENSG00000155890	TRIM42	0.0		
ENSG00000155893	PXYLP1	24.7		
ENSG00000155897	ADCY8	0.0		
ENSG00000155903	RASA2	6.8		
ENSG00000155906	RMND1	29.3		
ENSG00000155918	RAET1L	0.3		
ENSG00000155926	SLA	0.0		
ENSG00000155957	TMBIM4	20.1		
ENSG00000155959	VBP1	179.3		
ENSG00000155961	RAB39B	0.0		
ENSG00000155962	CLIC2	0.3		
ENSG00000155966	AFF2	9.9		
ENSG00000155970	MICU3	2.7		
ENSG00000155974	GRIP1	4.9		
ENSG00000155975	VPS37A	27.2		
ENSG00000155980	KIF5A	3.8		
ENSG00000156006	NAT2	0.0		
ENSG00000156009	MAGEA8	0.0		
ENSG00000156011	PSD3	7.3		
ENSG00000156017	CARNMT1	20.0		
ENSG00000156026	MCU	22.2		
ENSG00000156030	MIDEAS	8.3		
ENSG00000156042	CFAP70	0.8		
ENSG00000156049	GNA14	0.0		
ENSG00000156050	FAM161B	0.9		
ENSG00000156052	GNAQ	22.5		
ENSG00000156076	WIF1	0.0		
ENSG00000156096	UGT2B4	0.0		
ENSG00000156097	GPR61	0.0		
ENSG00000156103	MMP16	5.8		
ENSG00000156110	ADK	44.1		
ENSG00000156113	KCNMA1	0.0		
ENSG00000156127	BATF	0.0		
ENSG00000156136	DCK	34.6		
ENSG00000156140	ADAMTS3	4.8		
ENSG00000156150	ALX3	0.0		
ENSG00000156162	DPY19L4	16.0		
ENSG00000156170	NDUFAF6	7.8		
ENSG00000156171	DRAM2	30.5		
ENSG00000156172	C8orf37	1.5		
ENSG00000156194	PPEF2	0.0		
ENSG00000156206	CFAP161	0.0		
ENSG00000156218	ADAMTSL3	0.0		
ENSG00000156219	ART3	0.0		
ENSG00000156222	SLC28A1	0.0		
ENSG00000156232	WHAMM	7.7		
ENSG00000156234	CXCL13	0.0		
ENSG00000156239	N6AMT1	5.4		
ENSG00000156253	RWDD2B	1.4		
ENSG00000156256	USP16	45.6		
ENSG00000156261	CCT8	632.2		
ENSG00000156265	MAP3K7CL	0.4		
ENSG00000156269	NAA11	0.0		
ENSG00000156273	BACH1	15.7		
ENSG00000156282	CLDN17	0.0		
ENSG00000156284	CLDN8	0.0		
ENSG00000156298	TSPAN7	3.8		
ENSG00000156299	TIAM1	2.5		
ENSG00000156304	SCAF4	44.3		
ENSG00000156313	RPGR	4.1		
ENSG00000156345	CDK20	0.0		
ENSG00000156374	PCGF6	18.5		
ENSG00000156381	ANKRD9	6.5		
ENSG00000156384	SFR1	6.6		
ENSG00000156395	SORCS3	0.0		
ENSG00000156398	SFXN2	0.7		
ENSG00000156411	ATP5MPL	306.4		
ENSG00000156413	FUT6	0.0		
ENSG00000156414	TDRD9	0.0		
ENSG00000156427	FGF18	0.0		
ENSG00000156453	PCDH1	9.9		
ENSG00000156463	SH3RF2	0.0		
ENSG00000156466	GDF6	0.0		
ENSG00000156467	UQCRB	187.1		
ENSG00000156469	MTERF3	39.7		
ENSG00000156471	PTDSS1	14.1		
ENSG00000156475	PPP2R2B	0.5		
ENSG00000156482	RPL30	3072.1		
ENSG00000156486	KCNS2	0.0		
ENSG00000156500	FAM122C	3.4		
ENSG00000156502	SUPV3L1	42.2		
ENSG00000156504	FAM122B	54.0		
ENSG00000156508	EEF1A1	11729.0		
ENSG00000156509	FBXO43	0.0		
ENSG00000156510	HKDC1	0.0		
ENSG00000156515	HK1	69.9		
ENSG00000156521	TYSND1	1.0		
ENSG00000156531	PHF6	69.4		
ENSG00000156535	CD109	3.5		
ENSG00000156564	LRFN2	0.0		
ENSG00000156574	NODAL	0.0		
ENSG00000156575	PRG3	0.0		
ENSG00000156587	UBE2L6	38.0		
ENSG00000156599	ZDHHC5	53.6		
ENSG00000156603	MED19	17.1		
ENSG00000156639	ZFAND3	48.3		
ENSG00000156642	NPTN	164.4		
ENSG00000156650	KAT6B	4.2		
ENSG00000156671	SAMD8	6.8		
ENSG00000156675	RAB11FIP1	14.5		
ENSG00000156687	UNC5D	0.0		
ENSG00000156689	GLYATL2	6.0		
ENSG00000156697	UTP14A	80.6		
ENSG00000156709	AIFM1	61.3		
ENSG00000156711	MAPK13	0.3		
ENSG00000156735	BAG4	25.0		
ENSG00000156738	MS4A1	0.0		
ENSG00000156787	TBC1D31	14.3		
ENSG00000156795	NTAQ1	25.8		
ENSG00000156802	ATAD2	74.2		
ENSG00000156804	FBXO32	0.2		
ENSG00000156831	NSMCE2	33.4		
ENSG00000156853	ZNF689	14.0		
ENSG00000156858	PRR14	14.4		
ENSG00000156860	FBRS	16.6		
ENSG00000156869	FRRS1	4.3		
ENSG00000156873	PHKG2	13.5		
ENSG00000156875	MFSD14A	44.0		
ENSG00000156876	SASS6	18.0		
ENSG00000156885	COX6A2	0.0		
ENSG00000156886	ITGAD	0.0		
ENSG00000156920	ADGRG4	0.0		
ENSG00000156925	ZIC3	0.3		
ENSG00000156928	MALSU1	7.9		
ENSG00000156931	VPS8	17.3		
ENSG00000156958	GALK2	30.2		
ENSG00000156959	LHFPL4	0.0		
ENSG00000156966	B3GNT7	0.2		
ENSG00000156968	MPV17L	3.0		
ENSG00000156970	BUB1B	98.8		
ENSG00000156973	PDE6D	22.3		
ENSG00000156976	EIF4A2	255.2		
ENSG00000156983	BRPF1	15.3		
ENSG00000156990	RPUSD3	75.2		
ENSG00000157005	SST	0.0		
ENSG00000157014	TATDN2	29.1		
ENSG00000157017	GHRL	0.0		
ENSG00000157020	SEC13	186.4		
ENSG00000157036	EXOG	11.0		
ENSG00000157045	NTAN1	0.9		
ENSG00000157060	SHCBP1L	0.0		
ENSG00000157064	NMNAT2	0.2		
ENSG00000157077	ZFYVE9	20.8		
ENSG00000157087	ATP2B2	0.0		
ENSG00000157093	LYZL4	0.0		
ENSG00000157103	SLC6A1	0.6		
ENSG00000157106	SMG1	29.6		
ENSG00000157107	FCHO2	9.6		
ENSG00000157110	RBPMS	68.0		
ENSG00000157111	TMEM171	0.3		
ENSG00000157119	KLHL40	0.0		
ENSG00000157131	C8A	0.0		
ENSG00000157150	TIMP4	0.0		
ENSG00000157152	SYN2	2.3		
ENSG00000157168	NRG1	0.3		
ENSG00000157181	ODR4	11.4		
ENSG00000157184	CPT2	35.1		
ENSG00000157191	NECAP2	43.1		
ENSG00000157193	LRP8	13.3		
ENSG00000157211	CDCP2	0.0		
ENSG00000157212	PAXIP1	23.7		
ENSG00000157214	STEAP2	4.9		
ENSG00000157216	SSBP3	49.1		
ENSG00000157219	HTR5A	0.0		
ENSG00000157224	CLDN12	23.4		
ENSG00000157227	MMP14	0.3		
ENSG00000157240	FZD1	3.9		
ENSG00000157259	GATAD1	10.7		
ENSG00000157303	SUSD3	2.4		
ENSG00000157315	TMED6	0.2		
ENSG00000157322	CLEC18A	0.0		
ENSG00000157326	DHRS4	8.6		
ENSG00000157330	C1orf158	0.0		
ENSG00000157335	CLEC18C	0.0		
ENSG00000157343	ARMC12	0.6		
ENSG00000157349	DDX19B	0.2		
ENSG00000157350	ST3GAL2	3.2		
ENSG00000157353	FCSK	1.8		
ENSG00000157368	IL34	0.1		
ENSG00000157379	DHRS1	3.2		
ENSG00000157388	CACNA1D	0.3		
ENSG00000157399	ARSL	0.0		
ENSG00000157404	KIT	2.6		
ENSG00000157423	HYDIN	0.1		
ENSG00000157426	AASDH	6.3		
ENSG00000157429	ZNF19	1.4		
ENSG00000157445	CACNA2D3	1.9		
ENSG00000157450	RNF111	5.3		
ENSG00000157456	CCNB2	181.4		
ENSG00000157470	FAM81A	8.3		
ENSG00000157483	MYO1E	18.9		
ENSG00000157500	APPL1	33.7		
ENSG00000157502	PWWP3B	0.0		
ENSG00000157510	AFAP1L1	0.8		
ENSG00000157514	TSC22D3	19.1		
ENSG00000157538	VPS26C	32.6		
ENSG00000157540	DYRK1A	27.3		
ENSG00000157542	KCNJ6	0.0		
ENSG00000157551	KCNJ15	0.0		
ENSG00000157554	ERG	0.0		
ENSG00000157557	ETS2	28.0		
ENSG00000157570	TSPAN18	6.6		
ENSG00000157578	LCA5L	0.1		
ENSG00000157593	SLC35B2	42.5		
ENSG00000157600	TMEM164	17.1		
ENSG00000157601	MX1	0.3		
ENSG00000157613	CREB3L1	1.6		
ENSG00000157617	C2CD2	13.9		
ENSG00000157625	TAB3	14.8		
ENSG00000157637	SLC38A10	13.5		
ENSG00000157653	C9orf43	0.2		
ENSG00000157654	PALM2AKAP2	9.5		
ENSG00000157657	ZNF618	16.6		
ENSG00000157680	DGKI	0.0		
ENSG00000157693	TMEM268	7.4		
ENSG00000157703	SVOPL	0.1		
ENSG00000157734	SNX22	1.6		
ENSG00000157741	UBN2	6.3		
ENSG00000157764	BRAF	6.8		
ENSG00000157765	SLC34A2	0.0		
ENSG00000157766	ACAN	0.0		
ENSG00000157778	PSMG3	75.0		
ENSG00000157782	CABP1	2.5		
ENSG00000157796	WDR19	10.9		
ENSG00000157800	SLC37A3	18.5		
ENSG00000157823	AP3S2	57.4		
ENSG00000157827	FMNL2	22.4		
ENSG00000157833	GAREM2	16.8		
ENSG00000157837	SPPL3	44.8		
ENSG00000157851	DPYSL5	118.7		
ENSG00000157856	DRC1	0.0		
ENSG00000157869	RAB28	31.4		
ENSG00000157870	PRXL2B	8.2		
ENSG00000157873	TNFRSF14	0.0		
ENSG00000157881	PANK4	0.2		
ENSG00000157884	CIB4	0.0		
ENSG00000157890	MEGF11	0.2		
ENSG00000157895	C12orf43	19.2		
ENSG00000157911	PEX10	11.6		
ENSG00000157916	RER1	152.2		
ENSG00000157927	RADIL	3.2		
ENSG00000157933	SKI	13.8		
ENSG00000157954	WIPI2	41.2		
ENSG00000157978	LDLRAP1	11.9		
ENSG00000157985	AGAP1	15.8		
ENSG00000157992	KRTCAP3	0.9		
ENSG00000157999	ANKRD61	0.6		
ENSG00000158006	PAFAH2	10.1		
ENSG00000158008	EXTL1	0.0		
ENSG00000158014	SLC30A2	0.1		
ENSG00000158019	BABAM2	27.7		
ENSG00000158022	TRIM63	0.0		
ENSG00000158023	CFAP251	0.3		
ENSG00000158042	MRPL17	17.9		
ENSG00000158050	DUSP2	7.5		
ENSG00000158055	GRHL3	0.1		
ENSG00000158062	UBXN11	3.5		
ENSG00000158077	NLRP14	0.0		
ENSG00000158079	PTPDC1	4.9		
ENSG00000158089	GALNT14	1.0		
ENSG00000158092	NCK1	40.3		
ENSG00000158104	HPD	0.2		
ENSG00000158106	RHPN1	0.0		
ENSG00000158109	TPRG1L	16.1		
ENSG00000158113	LRRC43	0.0		
ENSG00000158122	PRXL2C	9.5		
ENSG00000158125	XDH	0.0		
ENSG00000158156	XKR8	19.0		
ENSG00000158158	CNNM4	14.9		
ENSG00000158161	EYA3	24.4		
ENSG00000158163	DZIP1L	4.5		
ENSG00000158164	TMSB15A	110.2		
ENSG00000158169	FANCC	21.1		
ENSG00000158186	MRAS	9.0		
ENSG00000158195	WASF2	65.5		
ENSG00000158201	ABHD3	32.5		
ENSG00000158220	ESYT3	1.3		
ENSG00000158234	FAIM	66.8		
ENSG00000158246	TENT5B	1.3		
ENSG00000158258	CLSTN2	0.3		
ENSG00000158270	COLEC12	0.3		
ENSG00000158286	RNF207	0.4		
ENSG00000158290	CUL4B	61.1		
ENSG00000158292	GPR153	0.8		
ENSG00000158296	SLC13A3	0.1		
ENSG00000158301	GPRASP2	21.5		
ENSG00000158315	RHBDL2	0.0		
ENSG00000158321	AUTS2	10.0		
ENSG00000158352	SHROOM4	4.3		
ENSG00000158373	H2BC5	6.8		
ENSG00000158402	CDC25C	31.7		
ENSG00000158406	H4C8	0.0		
ENSG00000158411	MITD1	30.0		
ENSG00000158417	EIF5B	112.6		
ENSG00000158423	RIBC1	0.3		
ENSG00000269226	TMSB15B	0.1		
ENSG00000158428	CATIP	0.0		
ENSG00000158435	CNOT11	56.0		
ENSG00000158445	KCNB1	0.0		
ENSG00000158457	TSPAN33	12.3		
ENSG00000158458	NRG2	0.3		
ENSG00000158467	AHCYL2	12.8		
ENSG00000158470	B4GALT5	45.5		
ENSG00000158473	CD1D	0.0		
ENSG00000158477	CD1A	0.0		
ENSG00000158480	SPATA2	4.7		
ENSG00000158481	CD1C	0.0		
ENSG00000158485	CD1B	0.0		
ENSG00000158486	DNAH3	0.0		
ENSG00000158488	CD1E	0.0		
ENSG00000158497	HMHB1	0.0		
ENSG00000158516	CPA2	0.7		
ENSG00000158517	NCF1	0.0		
ENSG00000158525	CPA5	0.2		
ENSG00000158526	TSR2	47.9		
ENSG00000158528	PPP1R9A	12.2		
ENSG00000158545	ZC3H18	40.3		
ENSG00000158552	ZFAND2B	15.4		
ENSG00000158553	POM121L2	0.0		
ENSG00000158555	GDPD5	4.0		
ENSG00000158560	DYNC1I1	4.9		
ENSG00000158571	PFKFB1	0.1		
ENSG00000158578	ALAS2	0.0		
ENSG00000158604	TMED4	42.5		
ENSG00000158615	PPP1R15B	40.2		
ENSG00000158623	COPG2	15.0		
ENSG00000158636	EMSY	21.9		
ENSG00000158639	PAGE5	0.0		
ENSG00000158669	GPAT4	58.7		
ENSG00000158683	PKD1L1	0.5		
ENSG00000158691	ZSCAN12	0.0		
ENSG00000158710	TAGLN2	378.1		
ENSG00000158711	ELK4	10.9		
ENSG00000158714	SLAMF8	0.0		
ENSG00000158715	SLC45A3	1.6		
ENSG00000158716	DUSP23	10.8		
ENSG00000158717	RNF166	7.2		
ENSG00000158747	NBL1	40.8		
ENSG00000158748	HTR6	0.1		
ENSG00000158764	ITLN2	0.0		
ENSG00000158769	F11R	25.3		
ENSG00000158773	USF1	35.6		
ENSG00000158786	PLA2G2F	0.0		
ENSG00000158792	SPATA2L	1.8		
ENSG00000158793	NIT1	15.7		
ENSG00000158796	DEDD	21.2		
ENSG00000158805	ZNF276	6.0		
ENSG00000158806	NPM2	0.5		
ENSG00000158813	EDA	3.8		
ENSG00000158815	FGF17	0.0		
ENSG00000158816	VWA5B1	0.0		
ENSG00000158825	CDA	4.5		
ENSG00000158828	PINK1	15.0		
ENSG00000158850	B4GALT3	34.9		
ENSG00000158856	DMTN	2.1		
ENSG00000158859	ADAMTS4	0.0		
ENSG00000158863	FAM160B2	3.3		
ENSG00000158864	NDUFS2	129.1		
ENSG00000158865	SLC5A11	0.0		
ENSG00000158869	FCER1G	0.5		
ENSG00000158874	APOA2	1.5		
ENSG00000158882	TOMM40L	22.6		
ENSG00000158887	MPZ	1.8		
ENSG00000158901	WFDC8	0.0		
ENSG00000158941	CCAR2	214.5		
ENSG00000158955	WNT9B	0.0		
ENSG00000158966	CACHD1	23.4		
ENSG00000158985	CDC42SE2	17.6		
ENSG00000158987	RAPGEF6	13.1		
ENSG00000159023	EPB41	78.7		
ENSG00000159055	MIS18A	43.3		
ENSG00000159063	ALG8	87.0		
ENSG00000159069	FBXW5	13.6		
ENSG00000159079	CFAP298	30.9		
ENSG00000159082	SYNJ1	8.9		
ENSG00000159086	PAXBP1	23.7		
ENSG00000159110	IFNAR2	15.2		
ENSG00000159111	MRPL10	48.3		
ENSG00000159128	IFNGR2	10.9		
ENSG00000159131	GART	189.0		
ENSG00000159140	SON	152.4		
ENSG00000159147	DONSON	43.6		
ENSG00000159164	SV2A	0.3		
ENSG00000159166	LAD1	0.0		
ENSG00000159167	STC1	0.8		
ENSG00000159173	TNNI1	0.1		
ENSG00000159176	CSRP1	32.7		
ENSG00000159182	PRAC1	0.5		
ENSG00000159184	HOXB13	8.7		
ENSG00000159189	C1QC	0.0		
ENSG00000159197	KCNE2	0.1		
ENSG00000159199	ATP5MC1	353.9		
ENSG00000159200	RCAN1	34.4		
ENSG00000159202	UBE2Z	57.1		
ENSG00000159208	CIART	0.2		
ENSG00000159210	SNF8	68.0		
ENSG00000159212	CLIC6	0.0		
ENSG00000159214	CCDC24	0.7		
ENSG00000159216	RUNX1	3.0		
ENSG00000159217	IGF2BP1	91.4		
ENSG00000159224	GIP	0.0		
ENSG00000159228	CBR1	46.3		
ENSG00000159231	CBR3	5.5		
ENSG00000159248	GJD2	0.0		
ENSG00000159251	ACTC1	0.4		
ENSG00000159256	MORC3	12.9		
ENSG00000159259	CHAF1B	26.3		
ENSG00000159261	CLDN14	0.0		
ENSG00000159263	SIM2	4.8		
ENSG00000159267	HLCS	5.9		
ENSG00000159289	GOLGA6A	0.0		
ENSG00000159307	SCUBE1	0.7		
ENSG00000159314	ARHGAP27	0.8		
ENSG00000159322	ADPGK	56.6		
ENSG00000159335	PTMS	178.7		
ENSG00000159337	PLA2G4D	0.0		
ENSG00000159339	PADI4	0.0		
ENSG00000159346	ADIPOR1	81.3		
ENSG00000159348	CYB5R1	14.9		
ENSG00000159352	PSMD4	277.1		
ENSG00000159363	ATP13A2	32.1		
ENSG00000159374	M1AP	0.0		
ENSG00000159377	PSMB4	383.2		
ENSG00000159387	IRX6	1.1		
ENSG00000159388	BTG2	39.6		
ENSG00000159398	CES5A	0.0		
ENSG00000159399	HK2	57.0		
ENSG00000159403	C1R	11.8		
ENSG00000159409	CELF3	0.0		
ENSG00000159423	ALDH4A1	16.7		
ENSG00000159433	STARD9	2.0		
ENSG00000159445	THEM4	2.5		
ENSG00000159450	TCHH	0.0		
ENSG00000159455	LCE2B	0.0		
ENSG00000159459	UBR1	17.1		
ENSG00000159461	AMFR	49.9		
ENSG00000159479	MED8	50.2		
ENSG00000159495	TGM7	0.0		
ENSG00000159496	RGL4	0.0		
ENSG00000159516	SPRR2G	0.0		
ENSG00000159527	PGLYRP3	0.0		
ENSG00000159556	ISL2	6.4		
ENSG00000159579	RSPRY1	34.7		
ENSG00000159588	CCDC17	0.5		
ENSG00000159592	GPBP1L1	46.6		
ENSG00000159593	NAE1	107.7		
ENSG00000159596	TMEM69	26.5		
ENSG00000159618	ADGRG5	0.0		
ENSG00000159625	DRC7	0.0		
ENSG00000159640	ACE	3.1		
ENSG00000159648	TEPP	0.0		
ENSG00000159650	UROC1	0.0		
ENSG00000159658	EFCAB14	28.1		
ENSG00000159674	SPON2	0.0		
ENSG00000159685	CHCHD6	13.9		
ENSG00000159692	CTBP1	72.3		
ENSG00000159708	LRRC36	0.1		
ENSG00000159713	TPPP3	9.2		
ENSG00000159714	ZDHHC1	0.4		
ENSG00000159720	ATP6V0D1	99.0		
ENSG00000159723	AGRP	0.1		
ENSG00000159733	ZFYVE28	1.4		
ENSG00000159753	CARMIL2	6.0		
ENSG00000159761	C16orf86	0.1		
ENSG00000159763	PIP	0.0		
ENSG00000159784	FAM131B	2.7		
ENSG00000159788	RGS12	2.3		
ENSG00000159792	PSKH1	14.7		
ENSG00000159840	ZYX	31.7		
ENSG00000159842	ABR	4.0		
ENSG00000159871	LYPD5	0.0		
ENSG00000159873	CCDC117	47.8		
ENSG00000159882	ZNF230	2.9		
ENSG00000159884	CCDC107	9.6		
ENSG00000159885	ZNF222	5.2		
ENSG00000159899	NPR2	3.6		
ENSG00000159905	ZNF221	1.4		
ENSG00000159915	ZNF233	0.0		
ENSG00000159917	ZNF235	4.4		
ENSG00000159921	GNE	15.3		
ENSG00000159958	TNFRSF13C	0.7		
ENSG00000159961	OR3A3	0.0		
ENSG00000160007	ARHGAP35	34.8		
ENSG00000160013	PTGIR	0.0		
ENSG00000160014	CALM3	496.9		
ENSG00000160049	DFFA	60.5		
ENSG00000160050	CCDC28B	18.7		
ENSG00000160051	IQCC	5.4		
ENSG00000160055	TMEM234	5.4		
ENSG00000160058	BSDC1	23.4		
ENSG00000160062	ZBTB8A	7.2		
ENSG00000160072	ATAD3B	28.1		
ENSG00000160075	SSU72	147.4		
ENSG00000160087	UBE2J2	42.6		
ENSG00000160094	ZNF362	10.2		
ENSG00000160097	FNDC5	4.7		
ENSG00000160111	CPAMD8	0.2		
ENSG00000160113	NR2F6	15.6		
ENSG00000160117	ANKLE1	28.4		
ENSG00000160124	CCDC58	127.9		
ENSG00000160131	VMA21	37.5		
ENSG00000160145	KALRN	1.4		
ENSG00000160161	CILP2	0.1		
ENSG00000160179	ABCG1	0.0		
ENSG00000160180	TFF3	0.0		
ENSG00000160181	TFF2	0.0		
ENSG00000160182	TFF1	0.0		
ENSG00000160183	TMPRSS3	0.0		
ENSG00000160185	UBASH3A	0.0		
ENSG00000160188	RSPH1	0.0		
ENSG00000160190	SLC37A1	2.7		
ENSG00000160191	PDE9A	2.7		
ENSG00000160193	WDR4	44.7		
ENSG00000160194	NDUFV3	8.8		
ENSG00000160199	PKNOX1	9.1		
ENSG00000160200	CBS	172.8		
ENSG00000160201	U2AF1	161.1		
ENSG00000160202	CRYAA	0.2		
ENSG00000160207	HSF2BP	0.6		
ENSG00000160208	RRP1B	78.9		
ENSG00000160209	PDXK	15.8		
ENSG00000160211	G6PD	79.3		
ENSG00000160213	CSTB	384.4		
ENSG00000160214	RRP1	25.2		
ENSG00000160216	AGPAT3	17.3		
ENSG00000160218	TRAPPC10	8.5		
ENSG00000160219	GAB3	0.6		
ENSG00000160221	GATD3A	0.4		
ENSG00000160223	ICOSLG	2.7		
ENSG00000160224	AIRE	0.0		
ENSG00000160226	CFAP410	0.9		
ENSG00000160229	ZNF66	0.5		
ENSG00000160233	LRRC3	1.7		
ENSG00000160255	ITGB2	0.0		
ENSG00000160256	FAM207A	23.9		
ENSG00000160271	RALGDS	22.7		
ENSG00000160282	FTCD	0.0		
ENSG00000160284	SPATC1L	0.0		
ENSG00000160285	LSS	63.2		
ENSG00000160293	VAV2	31.6		
ENSG00000160294	MCM3AP	55.9		
ENSG00000160298	C21orf58	8.1		
ENSG00000160299	PCNT	14.6		
ENSG00000160305	DIP2A	7.9		
ENSG00000160307	S100B	0.0		
ENSG00000160310	PRMT2	59.3		
ENSG00000160318	CLDND2	0.6		
ENSG00000160321	ZNF208	1.2		
ENSG00000160323	ADAMTS13	0.1		
ENSG00000160325	CACFD1	2.2		
ENSG00000160326	SLC2A6	2.0		
ENSG00000160336	ZNF761	18.2		
ENSG00000160339	FCN2	0.0		
ENSG00000160345	C9orf116	9.1		
ENSG00000160349	LCN1	0.0		
ENSG00000160352	ZNF714	0.1		
ENSG00000160360	GPSM1	2.3		
ENSG00000160392	C19orf47	15.5		
ENSG00000160396	HIPK4	0.0		
ENSG00000160401	CFAP157	0.0		
ENSG00000160404	TOR2A	3.0		
ENSG00000160408	ST6GALNAC6	25.6		
ENSG00000160410	SHKBP1	27.3		
ENSG00000160439	RDH13	7.8		
ENSG00000160445	ZER1	13.8		
ENSG00000160446	ZDHHC12	13.0		
ENSG00000160447	PKN3	13.8		
ENSG00000160460	SPTBN4	0.0		
ENSG00000160469	BRSK1	7.0		
ENSG00000160471	COX6B2	0.7		
ENSG00000160472	TMEM190	0.0		
ENSG00000160505	NLRP4	0.0		
ENSG00000160539	PLPP7	0.2		
ENSG00000160551	TAOK1	30.4		
ENSG00000160563	MED27	54.5		
ENSG00000160570	DEDD2	11.1		
ENSG00000160584	SIK3	11.6		
ENSG00000160588	MPZL3	1.2		
ENSG00000160593	JAML	0.0		
ENSG00000160602	NEK8	5.2		
ENSG00000160606	TLCD1	16.6		
ENSG00000160613	PCSK7	25.2		
ENSG00000160633	SAFB	92.7		
ENSG00000160654	CD3G	0.0		
ENSG00000160678	S100A1	0.3		
ENSG00000160679	CHTOP	103.4		
ENSG00000160683	CXCR5	0.0		
ENSG00000160685	ZBTB7B	8.1		
ENSG00000160688	FLAD1	63.4		
ENSG00000160691	SHC1	45.5		
ENSG00000160695	VPS11	16.1		
ENSG00000160703	NLRX1	4.7		
ENSG00000160710	ADAR	111.9		
ENSG00000160712	IL6R	1.1		
ENSG00000160714	UBE2Q1	54.3		
ENSG00000160716	CHRNB2	0.0		
ENSG00000160741	CRTC2	20.5		
ENSG00000160746	ANO10	20.6		
ENSG00000160752	FDPS	338.9		
ENSG00000160753	RUSC1	38.3		
ENSG00000160767	FAM189B	12.1		
ENSG00000160781	PAQR6	0.0		
ENSG00000160783	PMF1	88.1		
ENSG00000160785	SLC25A44	53.9		
ENSG00000160789	LMNA	31.4		
ENSG00000160791	CCR5	0.0		
ENSG00000160796	NBEAL2	8.3		
ENSG00000160799	CCDC12	51.6		
ENSG00000160801	PTH1R	1.8		
ENSG00000160803	UBQLN4	51.8		
ENSG00000160808	MYL3	0.4		
ENSG00000160813	PPP1R35	5.9		
ENSG00000160818	GPATCH4	68.9		
ENSG00000160838	LRRC71	0.0		
ENSG00000160856	FCRL3	0.0		
ENSG00000160862	AZGP1	0.0		
ENSG00000160867	FGFR4	9.5		
ENSG00000160868	CYP3A4	0.0		
ENSG00000160870	CYP3A7	0.0		
ENSG00000160877	NACC1	34.8		
ENSG00000160882	CYP11B1	0.0		
ENSG00000160883	HK3	0.0		
ENSG00000160886	LY6K	0.0		
ENSG00000160888	IER2	13.1		
ENSG00000160908	ZNF394	9.2		
ENSG00000160917	CPSF4	39.1		
ENSG00000160932	LY6E	60.2		
ENSG00000160948	VPS28	0.0		
ENSG00000160949	TONSL	13.4		
ENSG00000160951	PTGER1	0.0		
ENSG00000160953	PWWP3A	9.4		
ENSG00000160957	RECQL4	18.0		
ENSG00000160959	LRRC14	15.3		
ENSG00000160961	ZNF333	1.2		
ENSG00000160963	COL26A1	10.7		
ENSG00000160972	PPP1R16A	2.0		
ENSG00000160973	FOXH1	0.0		
ENSG00000160991	ORAI2	7.6		
ENSG00000160993	ALKBH4	7.6		
ENSG00000160994	CCDC105	0.0		
ENSG00000160999	SH2B2	0.7		
ENSG00000161010	MRNIP	4.4		
ENSG00000161011	SQSTM1	79.9		
ENSG00000161013	MGAT4B	57.9		
ENSG00000161016	RPL8	263.8		
ENSG00000161021	MAML1	0.0		
ENSG00000161031	PGLYRP2	0.0		
ENSG00000161036	LRWD1	18.7		
ENSG00000161040	FBXL13	0.0		
ENSG00000161048	NAPEPLD	3.3		
ENSG00000161055	SCGB3A1	0.0		
ENSG00000161057	PSMC2	109.2		
ENSG00000161082	CELF5	0.1		
ENSG00000161091	MFSD12	24.3		
ENSG00000161133	USP41	0.0		
ENSG00000161179	YDJC	5.0		
ENSG00000161180	CCDC116	0.1		
ENSG00000161202	DVL3	29.6		
ENSG00000161203	AP2M1	376.3		
ENSG00000161204	ABCF3	26.5		
ENSG00000161217	PCYT1A	40.5		
ENSG00000161243	FBXO27	0.6		
ENSG00000161249	DMKN	44.5		
ENSG00000161265	U2AF1L4	6.7		
ENSG00000161267	BDH1	10.0		
ENSG00000161270	NPHS1	0.0		
ENSG00000161277	THAP8	2.5		
ENSG00000161281	COX7A1	0.0		
ENSG00000161298	ZNF382	5.8		
ENSG00000161328	LRRC56	0.1		
ENSG00000161381	PLXDC1	0.2		
ENSG00000161395	PGAP3	2.4		
ENSG00000161405	IKZF3	0.1		
ENSG00000161509	GRIN2C	0.0		
ENSG00000161513	FDXR	6.9		
ENSG00000161526	SAP30BP	33.5		
ENSG00000161533	ACOX1	28.7		
ENSG00000161542	PRPSAP1	49.8		
ENSG00000161544	CYGB	0.1		
ENSG00000161547	SRSF2	293.3		
ENSG00000161551	ZNF577	3.1		
ENSG00000161558	TMEM143	2.3		
ENSG00000161594	KLHL10	0.2		
ENSG00000161609	KASH5	0.0		
ENSG00000161610	HCRT	0.0		
ENSG00000161618	ALDH16A1	3.1		
ENSG00000161634	DCD	0.0		
ENSG00000161638	ITGA5	12.5		
ENSG00000161640	SIGLEC11	0.0		
ENSG00000161642	ZNF385A	6.1		
ENSG00000161647	MPP3	1.1		
ENSG00000161649	CD300LG	0.0		
ENSG00000161652	IZUMO2	0.0		
ENSG00000161653	NAGS	0.1		
ENSG00000161654	LSM12	75.7		
ENSG00000161664	ASB16	0.0		
ENSG00000161671	EMC10	3.7		
ENSG00000161677	JOSD2	1.9		
ENSG00000161681	SHANK1	0.1		
ENSG00000161682	FAM171A2	2.4		
ENSG00000161692	DBF4B	5.0		
ENSG00000161714	PLCD3	6.3		
ENSG00000161791	FMNL3	9.5		
ENSG00000161798	AQP5	0.0		
ENSG00000161800	RACGAP1	137.7		
ENSG00000161807	OR7G1	0.0		
ENSG00000161813	LARP4	88.2		
ENSG00000161835	TAMALIN	1.3		
ENSG00000161847	RAVER1	15.8		
ENSG00000161849	KRT84	0.0		
ENSG00000161850	KRT82	0.0		
ENSG00000161860	SYCE2	1.0		
ENSG00000161888	SPC24	29.0		
ENSG00000161896	IP6K3	0.0		
ENSG00000161904	LEMD2	39.4		
ENSG00000161905	ALOX15	0.0		
ENSG00000161911	TREML1	0.0		
ENSG00000161914	ZNF653	5.5		
ENSG00000161920	MED11	27.1		
ENSG00000161921	CXCL16	20.0		
ENSG00000161929	SCIMP	0.0		
ENSG00000161939	RNASEK-C17orf49	0.4		
ENSG00000161940	BCL6B	0.0		
ENSG00000161944	ASGR2	0.0		
ENSG00000161955	TNFSF13	0.1		
ENSG00000161956	SENP3	114.4		
ENSG00000161958	FGF11	2.1		
ENSG00000161960	EIF4A1	1962.5		
ENSG00000161970	RPL26	3173.2		
ENSG00000161973	CCDC42	0.0		
ENSG00000161980	POLR3K	88.5		
ENSG00000161981	SNRNP25	111.8		
ENSG00000161992	PRR35	0.0		
ENSG00000161996	WDR90	3.8		
ENSG00000161999	JMJD8	17.4		
ENSG00000162004	CCDC78	2.8		
ENSG00000162006	MSLNL	0.0		
ENSG00000162009	SSTR5	0.0		
ENSG00000162032	SPSB3	4.8		
ENSG00000162039	MEIOB	0.0		
ENSG00000162040	HS3ST6	0.0		
ENSG00000162062	TEDC2	12.9		
ENSG00000162063	CCNF	52.2		
ENSG00000162065	TBC1D24	7.1		
ENSG00000162066	AMDHD2	1.7		
ENSG00000162068	NTN3	0.0		
ENSG00000162069	BICDL2	0.0		
ENSG00000162073	PAQR4	36.1		
ENSG00000162076	FLYWCH2	10.8		
ENSG00000162078	ZG16B	0.0		
ENSG00000162086	ZNF75A	10.2		
ENSG00000162104	ADCY9	14.9		
ENSG00000162105	SHANK2	0.0		
ENSG00000162129	CLPB	30.6		
ENSG00000162139	NEU3	16.1		
ENSG00000162144	CYB561A3	13.6		
ENSG00000162148	PPP1R32	1.2		
ENSG00000162174	ASRGL1	83.9		
ENSG00000162188	GNG3	0.0		
ENSG00000162191	UBXN1	81.6		
ENSG00000162194	LBHD1	3.0		
ENSG00000162222	TTC9C	49.8		
ENSG00000162227	TAF6L	11.2		
ENSG00000162231	NXF1	89.9		
ENSG00000162236	STX5	29.7		
ENSG00000162241	SLC25A45	0.6		
ENSG00000162244	RPL29	1622.7		
ENSG00000162267	ITIH3	0.0		
ENSG00000162298	SYVN1	26.4		
ENSG00000162300	ZFPL1	15.0		
ENSG00000162302	RPS6KA4	7.1		
ENSG00000162337	LRP5	9.9		
ENSG00000162341	TPCN2	3.2		
ENSG00000162344	FGF19	1.7		
ENSG00000162365	CYP4A22	0.0		
ENSG00000162366	PDZK1IP1	0.0		
ENSG00000162367	TAL1	10.6		
ENSG00000162368	CMPK1	64.8		
ENSG00000162373	BEND5	0.9		
ENSG00000162374	ELAVL4	0.0		
ENSG00000162377	COA7	31.9		
ENSG00000162378	ZYG11B	14.1		
ENSG00000162383	SLC1A7	0.0		
ENSG00000162384	CZIB	27.9		
ENSG00000162385	MAGOH	228.3		
ENSG00000162390	ACOT11	0.8		
ENSG00000162391	FAM151A	0.0		
ENSG00000162396	PARS2	8.3		
ENSG00000162398	LEXM	0.0		
ENSG00000162399	BSND	0.0		
ENSG00000162402	USP24	28.5		
ENSG00000162407	PLPP3	2.1		
ENSG00000162408	NOL9	10.2		
ENSG00000162409	PRKAA2	8.0		
ENSG00000162413	KLHL21	16.6		
ENSG00000162415	ZSWIM5	2.2		
ENSG00000162419	GMEB1	12.7		
ENSG00000162426	SLC45A1	0.0		
ENSG00000162430	SELENON	42.4		
ENSG00000162433	AK4	18.8		
ENSG00000162434	JAK1	19.4		
ENSG00000162437	RAVER2	15.7		
ENSG00000162438	CTRC	0.0		
ENSG00000162441	LZIC	49.7		
ENSG00000162444	RBP7	0.1		
ENSG00000162456	KNCN	0.0		
ENSG00000162458	FBLIM1	11.3		
ENSG00000162460	TMEM82	0.0		
ENSG00000162461	SLC25A34	0.2		
ENSG00000162482	AKR7A3	0.0		
ENSG00000162490	DRAXIN	0.9		
ENSG00000162493	PDPN	253.3		
ENSG00000162494	LRRC38	0.0		
ENSG00000162496	DHRS3	21.4		
ENSG00000162510	MATN1	0.0		
ENSG00000162511	LAPTM5	0.0		
ENSG00000162512	SDC3	8.7		
ENSG00000162517	PEF1	103.9		
ENSG00000162520	SYNC	1.0		
ENSG00000162521	RBBP4	184.7		
ENSG00000162522	KIAA1522	10.3		
ENSG00000162526	TSSK3	0.0		
ENSG00000162542	TMCO4	1.7		
ENSG00000162543	UBXN10	0.0		
ENSG00000162545	CAMK2N1	4.6		
ENSG00000162551	ALPL	31.3		
ENSG00000162552	WNT4	0.0		
ENSG00000162571	TTLL10	0.0		
ENSG00000162572	SCNN1D	0.7		
ENSG00000162576	MXRA8	1.0		
ENSG00000162585	FAAP20	4.2		
ENSG00000162591	MEGF6	0.0		
ENSG00000162592	CCDC27	0.0		
ENSG00000162594	IL23R	0.0		
ENSG00000162595	DIRAS3	0.2		
ENSG00000162598	C1orf87	0.0		
ENSG00000162599	NFIA	3.1		
ENSG00000162600	OMA1	31.1		
ENSG00000162601	MYSM1	7.7		
ENSG00000162604	TM2D1	29.2		
ENSG00000162607	USP1	80.3		
ENSG00000162613	FUBP1	54.8		
ENSG00000162614	NEXN	3.3		
ENSG00000162616	DNAJB4	18.7		
ENSG00000162618	ADGRL4	0.1		
ENSG00000162620	LRRIQ3	2.1		
ENSG00000162621	LRRC53	0.0		
ENSG00000162623	TYW3	31.5		
ENSG00000162624	LHX8	0.0		
ENSG00000162627	SNX7	16.8		
ENSG00000162630	B3GALT2	0.1		
ENSG00000162631	NTNG1	0.0		
ENSG00000162636	FAM102B	33.2		
ENSG00000162639	HENMT1	0.0		
ENSG00000162641	AKNAD1	1.1		
ENSG00000162642	C1orf52	42.4		
ENSG00000162643	DNAI3	0.3		
ENSG00000162645	GBP2	0.0		
ENSG00000162650	ATXN7L2	1.9		
ENSG00000162654	GBP4	0.0		
ENSG00000162664	ZNF326	10.8		
ENSG00000162669	HFM1	0.0		
ENSG00000162670	BRINP3	0.0		
ENSG00000162676	GFI1	1.2		
ENSG00000162687	KCNT2	0.0		
ENSG00000162688	AGL	40.5		
ENSG00000162692	VCAM1	1.7		
ENSG00000162694	EXTL2	18.3		
ENSG00000162695	SLC30A7	6.5		
ENSG00000162702	ZNF281	29.6		
ENSG00000162704	ARPC5	101.1		
ENSG00000162706	CADM3	0.0		
ENSG00000162711	NLRP3	0.0		
ENSG00000162714	ZNF496	20.1		
ENSG00000162722	TRIM58	18.3		
ENSG00000162723	SLAMF9	0.0		
ENSG00000162727	OR2M5	0.0		
ENSG00000162728	KCNJ9	0.0		
ENSG00000162729	IGSF8	8.2		
ENSG00000162733	DDR2	0.3		
ENSG00000162734	PEA15	71.5		
ENSG00000162735	PEX19	34.2		
ENSG00000162736	NCSTN	47.3		
ENSG00000162738	VANGL2	17.8		
ENSG00000162739	SLAMF6	0.0		
ENSG00000162745	OLFML2B	0.6		
ENSG00000162746	FCRLB	0.2		
ENSG00000162747	FCGR3B	0.0		
ENSG00000162753	SLC9C2	0.0		
ENSG00000162755	KLHDC9	0.0		
ENSG00000162757	C1orf74	0.9		
ENSG00000162761	LMX1A	0.0		
ENSG00000162763	LRRC52	0.0		
ENSG00000162769	FLVCR1	18.2		
ENSG00000162771	FAM71A	0.0		
ENSG00000162772	ATF3	24.6		
ENSG00000162775	RBM15	17.6		
ENSG00000162777	DENND2D	0.1		
ENSG00000162779	AXDND1	0.1		
ENSG00000162782	TDRD5	0.0		
ENSG00000162783	IER5	3.8		
ENSG00000162804	SNED1	0.4		
ENSG00000162813	BPNT1	45.8		
ENSG00000162814	SPATA17	0.2		
ENSG00000162817	C1orf115	16.9		
ENSG00000162819	BROX	22.9		
ENSG00000162825	NBPF20	11.9		
ENSG00000162836	ACP6	9.6		
ENSG00000162843	WDR64	0.0		
ENSG00000162849	KIF26B	0.0		
ENSG00000162851	TFB2M	29.3		
ENSG00000162852	CNST	12.3		
ENSG00000162869	PPP1R21	5.8		
ENSG00000162873	KLHDC8A	8.7		
ENSG00000162877	PM20D1	0.0		
ENSG00000162878	PKDCC	1.3		
ENSG00000162881	OXER1	1.0		
ENSG00000162882	HAAO	4.7		
ENSG00000162885	B3GALNT2	21.3		
ENSG00000162889	MAPKAPK2	33.8		
ENSG00000162891	IL20	0.0		
ENSG00000162892	IL24	0.0		
ENSG00000162894	FCMR	0.0		
ENSG00000162896	PIGR	0.0		
ENSG00000162897	FCAMR	0.0		
ENSG00000162909	CAPN2	86.3		
ENSG00000162910	MRPL55	18.5		
ENSG00000162923	WDR26	40.2		
ENSG00000162924	REL	5.3		
ENSG00000162927	PUS10	5.7		
ENSG00000162928	PEX13	14.1		
ENSG00000162929	KIAA1841	8.2		
ENSG00000162931	TRIM17	0.0		
ENSG00000162944	RFTN2	0.0		
ENSG00000162946	DISC1	0.3		
ENSG00000162949	CAPN13	0.0		
ENSG00000162951	LRRTM1	0.0		
ENSG00000162959	MEMO1	48.4		
ENSG00000162961	DPY30	93.1		
ENSG00000162971	TYW5	3.1		
ENSG00000162972	MAIP1	28.7		
ENSG00000162975	KCNF1	0.3		
ENSG00000162976	SLC66A3	6.9		
ENSG00000162980	ARL5A	34.6		
ENSG00000162981	LRATD1	1.0		
ENSG00000162989	KCNJ3	0.0		
ENSG00000162992	NEUROD1	0.0		
ENSG00000162994	CLHC1	2.8		
ENSG00000162998	FRZB	0.0		
ENSG00000162999	DUSP19	3.8		
ENSG00000163001	CFAP36	39.3		
ENSG00000163002	NUP35	45.4		
ENSG00000163006	CCDC138	16.3		
ENSG00000163012	ZSWIM2	0.0		
ENSG00000163013	FBXO41	6.5		
ENSG00000163017	ACTG2	36.9		
ENSG00000163026	WDCP	28.7		
ENSG00000163029	SMC6	38.5		
ENSG00000163032	VSNL1	0.8		
ENSG00000163040	CCDC74A	2.6		
ENSG00000163041	H3-3A	802.4		
ENSG00000163046	ANKRD30BL	0.0		
ENSG00000163050	COQ8A	6.9		
ENSG00000163053	SLC16A14	5.1		
ENSG00000163060	TEKT4	0.0		
ENSG00000163064	EN1	0.6		
ENSG00000163069	SGCB	20.9		
ENSG00000163071	SPATA18	0.1		
ENSG00000163072	NOSTRIN	0.0		
ENSG00000163075	CFAP221	0.0		
ENSG00000163082	SGPP2	0.2		
ENSG00000163083	INHBB	3.7		
ENSG00000163092	XIRP2	0.0		
ENSG00000163093	BBS5	2.4		
ENSG00000163104	SMARCAD1	42.3		
ENSG00000163106	HPGDS	0.0		
ENSG00000163110	PDLIM5	46.5		
ENSG00000163114	PDHA2	0.0		
ENSG00000163116	STPG2	0.0		
ENSG00000163121	NEURL3	0.2		
ENSG00000163125	RPRD2	34.0		
ENSG00000163126	ANKRD23	0.3		
ENSG00000163131	CTSS	0.2		
ENSG00000163132	MSX1	10.6		
ENSG00000163138	PACRGL	9.3		
ENSG00000163141	BNIPL	0.9		
ENSG00000163145	C1QTNF7	0.0		
ENSG00000163154	TNFAIP8L2	0.0		
ENSG00000163155	LYSMD1	8.9		
ENSG00000163156	SCNM1	41.3		
ENSG00000163157	TMOD4	1.5		
ENSG00000163159	VPS72	69.1		
ENSG00000163161	ERCC3	57.7		
ENSG00000163162	RNF149	12.5		
ENSG00000163166	IWS1	66.7		
ENSG00000163170	BOLA3	107.9		
ENSG00000163171	CDC42EP3	27.1		
ENSG00000163191	S100A11	73.7		
ENSG00000163202	LCE3D	0.0		
ENSG00000163206	SMCP	0.0		
ENSG00000163207	IVL	0.0		
ENSG00000163209	SPRR3	0.0		
ENSG00000163214	DHX57	23.6		
ENSG00000163216	SPRR2D	0.0		
ENSG00000163217	BMP10	0.0		
ENSG00000163218	PGLYRP4	0.0		
ENSG00000163219	ARHGAP25	0.0		
ENSG00000163220	S100A9	0.0		
ENSG00000163221	S100A12	0.0		
ENSG00000163235	TGFA	0.6		
ENSG00000163239	TDRD10	0.0		
ENSG00000163249	CCNYL1	17.7		
ENSG00000163251	FZD5	9.0		
ENSG00000163254	CRYGC	0.0		
ENSG00000163257	DCAF16	14.4		
ENSG00000163263	C1orf189	0.2		
ENSG00000163273	NPPC	1.9		
ENSG00000163281	GNPDA2	10.6		
ENSG00000163283	ALPP	0.0		
ENSG00000163285	GABRG1	0.0		
ENSG00000163286	ALPG	0.2		
ENSG00000163288	GABRB1	0.2		
ENSG00000163291	PAQR3	0.1		
ENSG00000163293	NIPAL1	2.2		
ENSG00000163295	ALPI	0.0		
ENSG00000163297	ANTXR2	4.4		
ENSG00000163312	HELQ	6.9		
ENSG00000163319	MRPS18C	61.0		
ENSG00000163320	CGGBP1	91.4		
ENSG00000163322	ABRAXAS1	3.7		
ENSG00000163328	GPR155	1.3		
ENSG00000163331	DAPL1	0.0		
ENSG00000163344	PMVK	65.3		
ENSG00000163346	PBXIP1	7.3		
ENSG00000163347	CLDN1	1.5		
ENSG00000163348	PYGO2	35.6		
ENSG00000163349	HIPK1	33.1		
ENSG00000163352	LENEP	0.2		
ENSG00000163354	DCST2	0.1		
ENSG00000163357	DCST1	0.0		
ENSG00000163359	COL6A3	0.7		
ENSG00000163362	INAVA	0.0		
ENSG00000163374	YY1AP1	61.3		
ENSG00000163376	KBTBD8	14.5		
ENSG00000163377	TAFA4	1.8		
ENSG00000163378	EOGT	8.3		
ENSG00000163380	LMOD3	0.0		
ENSG00000163382	NAXE	49.4		
ENSG00000163389	POGLUT1	15.9		
ENSG00000163393	SLC22A15	3.6		
ENSG00000163394	CCKAR	0.0		
ENSG00000163395	IGFN1	0.0		
ENSG00000163399	ATP1A1	293.8		
ENSG00000163406	SLC15A2	0.5		
ENSG00000163412	EIF4E3	8.6		
ENSG00000163421	PROK2	0.5		
ENSG00000163424	TEX55	0.0		
ENSG00000163428	LRRC58	22.7		
ENSG00000163430	FSTL1	68.6		
ENSG00000163431	LMOD1	0.5		
ENSG00000163435	ELF3	0.0		
ENSG00000163440	PDCL2	0.3		
ENSG00000163444	TMEM183A	53.1		
ENSG00000163449	TMEM169	0.9		
ENSG00000163453	IGFBP7	0.7		
ENSG00000163462	TRIM46	0.0		
ENSG00000163463	KRTCAP2	160.2		
ENSG00000163464	CXCR1	0.0		
ENSG00000163466	ARPC2	362.6		
ENSG00000163467	TSACC	3.1		
ENSG00000163468	CCT3	1045.2		
ENSG00000163472	TMEM79	2.8		
ENSG00000163479	SSR2	230.8		
ENSG00000163481	RNF25	22.1		
ENSG00000163482	STK36	12.2		
ENSG00000163485	ADORA1	0.7		
ENSG00000163491	NEK10	0.4		
ENSG00000163492	CCDC141	0.0		
ENSG00000163497	FEV	0.0		
ENSG00000163499	CRYBA2	0.0		
ENSG00000163501	IHH	0.0		
ENSG00000163507	CIP2A	11.7		
ENSG00000163508	EOMES	1.6		
ENSG00000163510	CWC22	30.4		
ENSG00000163512	AZI2	21.2		
ENSG00000163513	TGFBR2	4.0		
ENSG00000163515	RETNLB	0.0		
ENSG00000163516	ANKZF1	10.5		
ENSG00000163517	HDAC11	4.7		
ENSG00000163518	FCRL4	0.0		
ENSG00000163519	TRAT1	0.0		
ENSG00000163520	FBLN2	0.0		
ENSG00000163521	GLB1L	1.9		
ENSG00000163527	STT3B	108.1		
ENSG00000163528	CHCHD4	41.5		
ENSG00000163530	DPPA2	1.2		
ENSG00000163531	NFASC	0.6		
ENSG00000163534	FCRL1	0.0		
ENSG00000163535	SGO2	33.6		
ENSG00000163536	SERPINI1	3.9		
ENSG00000163539	CLASP2	43.0		
ENSG00000163541	SUCLG1	156.7		
ENSG00000163545	NUAK2	3.2		
ENSG00000163554	SPTA1	0.0		
ENSG00000163558	PRKCI	37.9		
ENSG00000163563	MNDA	0.0		
ENSG00000163564	PYHIN1	0.0		
ENSG00000163565	IFI16	2.2		
ENSG00000163568	AIM2	0.0		
ENSG00000163576	EFHB	0.1		
ENSG00000163577	EIF5A2	13.4		
ENSG00000163581	SLC2A2	0.0		
ENSG00000163584	RPL22L1	136.4		
ENSG00000163586	FABP1	0.0		
ENSG00000163590	PPM1L	7.4		
ENSG00000163596	ICA1L	4.0		
ENSG00000163599	CTLA4	0.0		
ENSG00000163600	ICOS	0.0		
ENSG00000163602	RYBP	1.9		
ENSG00000163605	PPP4R2	63.6		
ENSG00000163606	CD200R1	0.0		
ENSG00000163607	GTPBP8	21.0		
ENSG00000163608	NEPRO	12.7		
ENSG00000163611	SPICE1	6.3		
ENSG00000163617	CCDC191	0.9		
ENSG00000163618	CADPS	0.5		
ENSG00000163623	NKX6-1	6.2		
ENSG00000163624	CDS1	8.5		
ENSG00000163625	WDFY3	15.4		
ENSG00000163626	COX18	1.0		
ENSG00000163629	PTPN13	20.6		
ENSG00000163630	SYNPR	0.0		
ENSG00000163631	ALB	0.0		
ENSG00000163632	C3orf49	0.0		
ENSG00000163633	C4orf36	0.2		
ENSG00000163634	THOC7	107.5		
ENSG00000163635	ATXN7	9.6		
ENSG00000163636	PSMD6	166.4		
ENSG00000163637	PRICKLE2	0.0		
ENSG00000163638	ADAMTS9	1.5		
ENSG00000163644	PPM1K	17.0		
ENSG00000163645	ERICH6	0.0		
ENSG00000163646	CLRN1	0.0		
ENSG00000163655	GMPS	105.7		
ENSG00000163659	TIPARP	25.1		
ENSG00000163660	CCNL1	12.4		
ENSG00000163661	PTX3	0.3		
ENSG00000163666	HESX1	1.2		
ENSG00000163673	DCLK3	0.0		
ENSG00000163681	SLMAP	38.5		
ENSG00000163682	RPL9	67.3		
ENSG00000163683	SMIM14	2.0		
ENSG00000163684	RPP14	17.6		
ENSG00000163686	ABHD6	8.3		
ENSG00000163687	DNASE1L3	0.0		
ENSG00000163689	CFAP20DC	4.8		
ENSG00000163694	RBM47	0.9		
ENSG00000163697	APBB2	36.5		
ENSG00000163701	IL17RE	0.0		
ENSG00000163702	IL17RC	2.0		
ENSG00000163703	CRELD1	10.4		
ENSG00000163704	PRRT3	1.3		
ENSG00000163705	FANCD2OS	0.0		
ENSG00000163710	PCOLCE2	13.7		
ENSG00000163714	U2SURP	124.0		
ENSG00000163719	MTMR14	23.4		
ENSG00000163728	TTC14	21.3		
ENSG00000163734	CXCL3	0.3		
ENSG00000163735	CXCL5	0.0		
ENSG00000163736	PPBP	0.0		
ENSG00000163737	PF4	0.0		
ENSG00000163738	MTHFD2L	3.2		
ENSG00000163739	CXCL1	0.0		
ENSG00000163743	RCHY1	37.6		
ENSG00000163746	PLSCR2	0.0		
ENSG00000163749	CCDC158	0.0		
ENSG00000163751	CPA3	0.0		
ENSG00000163754	GYG1	76.7		
ENSG00000163755	HPS3	17.4		
ENSG00000163762	TM4SF18	0.0		
ENSG00000163781	TOPBP1	62.8		
ENSG00000163785	RYK	45.5		
ENSG00000163788	SNRK	10.7		
ENSG00000163792	TCF23	0.0		
ENSG00000163793	DNAJC5G	1.0		
ENSG00000163794	UCN	0.4		
ENSG00000163795	ZNF513	6.7		
ENSG00000163798	SLC4A1AP	40.6		
ENSG00000163803	PLB1	0.0		
ENSG00000163806	SPDYA	0.1		
ENSG00000163807	KIAA1143	17.5		
ENSG00000163808	KIF15	10.1		
ENSG00000163810	TGM4	0.0		
ENSG00000163811	WDR43	116.6		
ENSG00000163812	ZDHHC3	68.4		
ENSG00000163814	CDCP1	0.3		
ENSG00000163815	CLEC3B	0.0		
ENSG00000163817	SLC6A20	0.0		
ENSG00000163818	LZTFL1	9.5		
ENSG00000163820	FYCO1	8.5		
ENSG00000163823	CCR1	0.0		
ENSG00000163825	RTP3	0.0		
ENSG00000163827	LRRC2	2.5		
ENSG00000163832	ELP6	43.6		
ENSG00000163833	FBXO40	0.0		
ENSG00000163840	DTX3L	9.2		
ENSG00000163848	ZNF148	23.2		
ENSG00000163864	NMNAT3	3.0		
ENSG00000163866	SMIM12	55.5		
ENSG00000163867	ZMYM6	9.2		
ENSG00000163870	TPRA1	22.6		
ENSG00000163872	YEATS2	31.8		
ENSG00000163873	GRIK3	0.0		
ENSG00000163874	ZC3H12A	2.2		
ENSG00000163875	MEAF6	47.6		
ENSG00000163877	SNIP1	4.9		
ENSG00000163879	DNALI1	0.0		
ENSG00000163882	POLR2H	147.4		
ENSG00000163884	KLF15	5.3		
ENSG00000163885	CFAP100	0.0		
ENSG00000163888	CAMK2N2	1.1		
ENSG00000163898	LIPH	5.6		
ENSG00000163900	TMEM41A	28.1		
ENSG00000163902	RPN1	255.4		
ENSG00000163904	SENP2	24.3		
ENSG00000163909	HEYL	2.8		
ENSG00000163913	IFT122	8.2		
ENSG00000163914	RHO	0.0		
ENSG00000163918	RFC4	116.5		
ENSG00000163923	RPL39L	56.4		
ENSG00000163930	BAP1	55.7		
ENSG00000163931	TKT	377.9		
ENSG00000163932	PRKCD	34.1		
ENSG00000163933	RFT1	55.4		
ENSG00000163935	SFMBT1	11.0		
ENSG00000163938	GNL3	189.1		
ENSG00000163939	PBRM1	63.1		
ENSG00000163945	UVSSA	3.8		
ENSG00000163946	TASOR	29.3		
ENSG00000163947	ARHGEF3	7.2		
ENSG00000163950	SLBP	147.0		
ENSG00000163956	LRPAP1	3.4		
ENSG00000163958	ZDHHC19	0.0		
ENSG00000163959	SLC51A	0.0		
ENSG00000163960	UBXN7	22.5		
ENSG00000163961	RNF168	21.0		
ENSG00000163964	PIGX	19.5		
ENSG00000163975	MELTF	1.8		
ENSG00000163982	OTOP1	0.0		
ENSG00000163993	S100P	0.5		
ENSG00000163995	ABLIM2	0.0		
ENSG00000164002	EXO5	12.3		
ENSG00000164007	CLDN19	0.0		
ENSG00000164008	C1orf50	2.8		
ENSG00000164010	ERMAP	2.4		
ENSG00000164011	ZNF691	17.6		
ENSG00000164022	AIMP1	69.6		
ENSG00000164023	SGMS2	14.5		
ENSG00000164024	METAP1	84.8		
ENSG00000164031	DNAJB14	9.5		
ENSG00000164032	H2AZ1	1558.6		
ENSG00000164035	EMCN	0.0		
ENSG00000164037	SLC9B1	0.7		
ENSG00000164038	SLC9B2	12.2		
ENSG00000164039	BDH2	17.3		
ENSG00000164040	PGRMC2	74.3		
ENSG00000164045	CDC25A	86.6		
ENSG00000164047	CAMP	0.0		
ENSG00000164048	ZNF589	44.1		
ENSG00000164049	FBXW12	0.0		
ENSG00000164050	PLXNB1	3.6		
ENSG00000164051	CCDC51	39.5		
ENSG00000164053	ATRIP	10.9		
ENSG00000164054	SHISA5	91.5		
ENSG00000164056	SPRY1	2.6		
ENSG00000164061	BSN	0.1		
ENSG00000164062	APEH	95.1		
ENSG00000164066	INTU	7.0		
ENSG00000164068	RNF123	11.6		
ENSG00000164070	HSPA4L	82.3		
ENSG00000164073	MFSD8	10.2		
ENSG00000164074	ABHD18	8.7		
ENSG00000164076	CAMKV	10.3		
ENSG00000164077	MON1A	6.2		
ENSG00000164078	MST1R	0.0		
ENSG00000164080	RAD54L2	20.5		
ENSG00000164081	TEX264	32.7		
ENSG00000164082	GRM2	0.0		
ENSG00000164086	DUSP7	19.8		
ENSG00000164087	POC1A	38.0		
ENSG00000164088	PPM1M	10.9		
ENSG00000164089	ETNPPL	0.1		
ENSG00000164091	WDR82	139.3		
ENSG00000164093	PITX2	0.1		
ENSG00000164096	C4orf3	29.6		
ENSG00000164099	PRSS12	31.1		
ENSG00000164100	NDST3	0.0		
ENSG00000164104	HMGB2	645.0		
ENSG00000164105	SAP30	37.8		
ENSG00000164106	SCRG1	0.0		
ENSG00000164107	HAND2	0.9		
ENSG00000164109	MAD2L1	27.1		
ENSG00000164111	ANXA5	287.3		
ENSG00000164112	SMIM43	0.1		
ENSG00000164113	ADAD1	0.0		
ENSG00000164114	MAP9	11.7		
ENSG00000164116	GUCY1A1	6.8		
ENSG00000164117	FBXO8	9.2		
ENSG00000164118	CEP44	20.4		
ENSG00000164120	HPGD	16.0		
ENSG00000164122	ASB5	0.0		
ENSG00000164123	C4orf45	0.0		
ENSG00000164124	TMEM144	5.1		
ENSG00000164125	GASK1B	70.7		
ENSG00000164128	NPY1R	7.0		
ENSG00000164129	NPY5R	0.0		
ENSG00000164134	NAA15	80.5		
ENSG00000164136	IL15	0.1		
ENSG00000164142	FAM160A1	2.1		
ENSG00000164144	ARFIP1	26.3		
ENSG00000164151	ICE1	34.4		
ENSG00000164161	HHIP	3.0		
ENSG00000164162	ANAPC10	17.6		
ENSG00000164163	ABCE1	132.5		
ENSG00000164164	OTUD4	31.9		
ENSG00000164167	LSM6	22.7		
ENSG00000164168	TMEM184C	28.4		
ENSG00000164169	PRMT9	5.1		
ENSG00000164171	ITGA2	4.9		
ENSG00000164172	MOCS2	91.7		
ENSG00000164175	SLC45A2	0.0		
ENSG00000164176	EDIL3	0.0		
ENSG00000164180	TMEM161B	10.2		
ENSG00000164181	ELOVL7	11.9		
ENSG00000164182	NDUFAF2	72.6		
ENSG00000164185	ZNF474	0.0		
ENSG00000164187	LMBRD2	6.4		
ENSG00000164188	RANBP3L	0.0		
ENSG00000164190	NIPBL	28.9		
ENSG00000164197	RNF180	0.0		
ENSG00000164199	ADGRV1	23.0		
ENSG00000164209	SLC25A46	41.0		
ENSG00000164211	STARD4	24.8		
ENSG00000164219	PGGT1B	23.3		
ENSG00000164220	F2RL2	0.0		
ENSG00000164221	CCDC112	12.1		
ENSG00000164236	ANKRD33B	2.1		
ENSG00000164237	CMBL	19.7		
ENSG00000164241	C5orf63	7.3		
ENSG00000164244	PRRC1	35.0		
ENSG00000164251	F2RL1	27.1		
ENSG00000164252	AGGF1	9.9		
ENSG00000164253	WDR41	31.6		
ENSG00000164256	PRDM9	0.0		
ENSG00000164258	NDUFS4	72.0		
ENSG00000164265	SCGB3A2	2.5		
ENSG00000164266	SPINK1	2.2		
ENSG00000164270	HTR4	0.0		
ENSG00000164283	ESM1	0.0		
ENSG00000164284	GRPEL2	20.3		
ENSG00000164287	CDC20B	0.0		
ENSG00000164291	ARSK	5.8		
ENSG00000164292	RHOBTB3	27.7		
ENSG00000164294	GPX8	46.0		
ENSG00000164296	TIGD6	3.4		
ENSG00000164299	SPZ1	0.0		
ENSG00000164300	SERINC5	8.9		
ENSG00000164303	ENPP6	0.0		
ENSG00000164304	CAGE1	0.0		
ENSG00000164305	CASP3	52.1		
ENSG00000164306	PRIMPOL	11.3		
ENSG00000164307	ERAP1	17.8		
ENSG00000164308	ERAP2	0.9		
ENSG00000164309	CMYA5	0.0		
ENSG00000164318	EGFLAM	0.0		
ENSG00000164323	CFAP97	26.9		
ENSG00000164325	TMEM174	0.0		
ENSG00000164326	CARTPT	0.0		
ENSG00000164327	RICTOR	6.7		
ENSG00000164329	TENT2	21.8		
ENSG00000164330	EBF1	0.5		
ENSG00000164331	ANKRA2	3.1		
ENSG00000164332	UBLCP1	36.3		
ENSG00000164334	FAM170A	0.0		
ENSG00000164338	UTP15	25.5		
ENSG00000164342	TLR3	0.0		
ENSG00000164344	KLKB1	0.0		
ENSG00000164346	NSA2	34.6		
ENSG00000164347	GFM2	55.0		
ENSG00000164362	TERT	1.0		
ENSG00000164363	SLC6A18	0.0		
ENSG00000164366	CCDC127	4.9		
ENSG00000164379	FOXQ1	0.0		
ENSG00000164393	ADGRF2	0.0		
ENSG00000164398	ACSL6	0.9		
ENSG00000164399	IL3	0.0		
ENSG00000164400	CSF2	0.0		
ENSG00000164402	SEPTIN8	70.5		
ENSG00000164403	SHROOM1	3.1		
ENSG00000164404	GDF9	0.4		
ENSG00000164405	UQCRQ	229.5		
ENSG00000164406	LEAP2	1.4		
ENSG00000164411	GJB7	0.0		
ENSG00000164414	SLC35A1	24.8		
ENSG00000164418	GRIK2	10.2		
ENSG00000164430	CGAS	9.8		
ENSG00000164434	FABP7	0.0		
ENSG00000164438	TLX3	0.3		
ENSG00000164440	TXLNB	0.2		
ENSG00000164442	CITED2	14.2		
ENSG00000164451	CALHM4	0.0		
ENSG00000164458	TBXT	0.0		
ENSG00000164463	CREBRF	1.2		
ENSG00000164465	DCBLD1	12.1		
ENSG00000164466	SFXN1	119.0		
ENSG00000164483	SAMD3	0.0		
ENSG00000164484	TMEM200A	1.0		
ENSG00000164485	IL22RA2	0.0		
ENSG00000164488	DACT2	0.0		
ENSG00000164494	PDSS2	20.3		
ENSG00000164500	SPATA48	0.0		
ENSG00000164506	STXBP5	14.1		
ENSG00000164508	H2AC1	0.0		
ENSG00000164509	IL31RA	0.0		
ENSG00000164512	ANKRD55	0.0		
ENSG00000164520	RAET1E	0.0		
ENSG00000164530	PI16	0.0		
ENSG00000164532	TBX20	3.2		
ENSG00000164535	DAGLB	17.8		
ENSG00000164542	KIAA0895	18.1		
ENSG00000164543	STK17A	3.6		
ENSG00000164548	TRA2A	115.6		
ENSG00000164574	GALNT10	9.4		
ENSG00000164576	SAP30L	10.1		
ENSG00000164587	RPS14	1548.1		
ENSG00000164588	HCN1	0.0		
ENSG00000164591	MYOZ3	5.3		
ENSG00000164597	COG5	10.7		
ENSG00000164600	NEUROD6	0.0		
ENSG00000164603	BMT2	6.6		
ENSG00000164604	GPR85	0.6		
ENSG00000164609	SLU7	22.9		
ENSG00000164610	RP9	36.4		
ENSG00000164611	PTTG1	243.5		
ENSG00000164615	CAMLG	29.2		
ENSG00000164619	BMPER	0.0		
ENSG00000164620	RELL2	4.1		
ENSG00000164626	KCNK5	6.0		
ENSG00000164627	KIF6	0.1		
ENSG00000164631	ZNF12	12.5		
ENSG00000164638	SLC29A4	4.8		
ENSG00000164645	TEX47	0.0		
ENSG00000164647	STEAP1	22.0		
ENSG00000164649	CDCA7L	41.4		
ENSG00000164651	SP8	1.2		
ENSG00000164654	MIOS	23.1		
ENSG00000164659	ELAPOR2	3.4		
ENSG00000164663	USP49	14.7		
ENSG00000164674	SYTL3	0.1		
ENSG00000164675	IQUB	0.0		
ENSG00000164683	HEY1	4.9		
ENSG00000164684	ZNF704	1.1		
ENSG00000164687	FABP5	328.9		
ENSG00000164690	SHH	0.0		
ENSG00000164691	TAGAP	0.0		
ENSG00000164692	COL1A2	2.2		
ENSG00000164694	FNDC1	0.0		
ENSG00000164695	CHMP4C	0.2		
ENSG00000164707	SLC13A4	0.0		
ENSG00000164708	PGAM2	0.0		
ENSG00000164713	BRI3	46.9		
ENSG00000164715	LMTK2	12.8		
ENSG00000164729	SLC35G3	0.0		
ENSG00000164733	CTSB	65.3		
ENSG00000164736	SOX17	0.0		
ENSG00000164741	DLC1	4.3		
ENSG00000164742	ADCY1	3.8		
ENSG00000164743	C8orf48	0.2		
ENSG00000164744	SUN3	0.0		
ENSG00000164746	C7orf57	0.0		
ENSG00000164749	HNF4G	2.0		
ENSG00000164751	PEX2	33.1		
ENSG00000164754	RAD21	238.5		
ENSG00000164756	SLC30A8	0.0		
ENSG00000164758	MED30	18.6		
ENSG00000164761	TNFRSF11B	0.0		
ENSG00000164764	SBSPON	0.0		
ENSG00000164776	PHKG1	0.5		
ENSG00000164778	EN2	9.0		
ENSG00000164794	KCNV1	0.1		
ENSG00000164796	CSMD3	0.2		
ENSG00000164808	SPIDR	18.3		
ENSG00000164815	ORC5	42.4		
ENSG00000164816	DEFA5	0.0		
ENSG00000164818	DNAAF5	35.0		
ENSG00000164821	DEFA4	0.0		
ENSG00000164822	DEFA6	0.0		
ENSG00000164823	OSGIN2	16.0		
ENSG00000164825	DEFB1	0.0		
ENSG00000164828	SUN1	33.3		
ENSG00000164830	OXR1	18.5		
ENSG00000164841	TMEM74	0.8		
ENSG00000164849	GPR146	0.0		
ENSG00000164850	GPER1	0.1		
ENSG00000164853	UNCX	0.0		
ENSG00000164855	TMEM184A	0.0		
ENSG00000164867	NOS3	0.0		
ENSG00000164871	SPAG11B	0.0		
ENSG00000164877	MICALL2	0.0		
ENSG00000164879	CA3	0.3		
ENSG00000164880	INTS1	11.8		
ENSG00000164885	CDK5	67.8		
ENSG00000164889	SLC4A2	38.2		
ENSG00000164893	SLC7A13	0.0		
ENSG00000164896	FASTK	13.5		
ENSG00000164897	TMUB1	20.0		
ENSG00000164898	FMC1	11.0		
ENSG00000164900	GBX1	0.5		
ENSG00000164902	PHAX	19.1		
ENSG00000164904	ALDH7A1	36.5		
ENSG00000164916	FOXK1	10.2		
ENSG00000164919	COX6C	36.4		
ENSG00000164920	OSR2	2.7		
ENSG00000164924	YWHAZ	1025.5		
ENSG00000164929	BAALC	0.9		
ENSG00000164930	FZD6	16.8		
ENSG00000164932	CTHRC1	0.1		
ENSG00000164933	SLC25A32	22.5		
ENSG00000164934	DCAF13	105.8		
ENSG00000164935	DCSTAMP	0.0		
ENSG00000164938	TP53INP1	0.0		
ENSG00000164941	INTS8	61.3		
ENSG00000164944	VIRMA	36.2		
ENSG00000164946	FREM1	0.0		
ENSG00000164949	GEM	2.7		
ENSG00000164951	PDP1	11.0		
ENSG00000164953	TMEM67	1.9		
ENSG00000164961	WASHC5	40.2		
ENSG00000164967	RPP25L	33.2		
ENSG00000164970	FAM219A	19.6		
ENSG00000164972	C9orf24	0.1		
ENSG00000164975	SNAPC3	6.6		
ENSG00000164976	MYORG	6.7		
ENSG00000164978	NUDT2	28.1		
ENSG00000164983	TMEM65	5.8		
ENSG00000164985	PSIP1	160.1		
ENSG00000164989	CCDC171	0.7		
ENSG00000165006	UBAP1	49.2		
ENSG00000165023	DIRAS2	0.0		
ENSG00000165025	SYK	2.7		
ENSG00000165028	NIPSNAP3B	0.2		
ENSG00000165029	ABCA1	2.5		
ENSG00000165030	NFIL3	14.9		
ENSG00000165046	LETM2	5.9		
ENSG00000165055	METTL2B	13.2		
ENSG00000165059	PRKACG	0.0		
ENSG00000165060	FXN	41.8		
ENSG00000165061	ZMAT4	0.2		
ENSG00000165066	NKX6-3	0.0		
ENSG00000165071	TMEM71	0.0		
ENSG00000165072	MAMDC2	0.1		
ENSG00000165076	PRSS37	0.0		
ENSG00000165078	CPA6	0.0		
ENSG00000165084	C8orf34	0.1		
ENSG00000165091	TMC1	5.2		
ENSG00000165092	ALDH1A1	0.0		
ENSG00000165097	KDM1B	17.8		
ENSG00000165102	HGSNAT	4.0		
ENSG00000165105	RASEF	0.3		
ENSG00000165113	GKAP1	6.0		
ENSG00000165115	KIF27	1.5		
ENSG00000165118	C9orf64	0.0		
ENSG00000165119	HNRNPK	1061.5		
ENSG00000165120	SSMEM1	0.0		
ENSG00000165124	SVEP1	0.0		
ENSG00000165125	TRPV6	0.0		
ENSG00000165131	LLCFC1	0.0		
ENSG00000165138	ANKS6	8.1		
ENSG00000165140	FBP1	0.1		
ENSG00000165152	PGAP4	0.0		
ENSG00000165156	ZHX1	51.3		
ENSG00000165164	CFAP47	0.0		
ENSG00000165168	CYBB	1.2		
ENSG00000165169	DYNLT3	20.1		
ENSG00000165171	METTL27	0.0		
ENSG00000165175	MID1IP1	47.7		
ENSG00000165181	SHOC1	0.0		
ENSG00000165182	CXorf58	0.0		
ENSG00000165185	KIAA1958	15.3		
ENSG00000165186	PTCHD1	0.7		
ENSG00000165188	RNF183	0.0		
ENSG00000165192	ASB11	0.0		
ENSG00000165194	PCDH19	1.2		
ENSG00000165195	PIGA	14.3		
ENSG00000165197	VEGFD	0.2		
ENSG00000165202	OR1Q1	0.0		
ENSG00000165204	OR1K1	0.0		
ENSG00000165209	STRBP	36.3		
ENSG00000165215	CLDN3	0.4		
ENSG00000165219	GAPVD1	46.2		
ENSG00000165233	CARD19	3.3		
ENSG00000165238	WNK2	10.4		
ENSG00000165240	ATP7A	7.1		
ENSG00000165244	ZNF367	11.6		
ENSG00000165246	NLGN4Y	0.0		
ENSG00000165259	HDX	0.1		
ENSG00000165264	NDUFB6	66.5		
ENSG00000165269	AQP7	0.1		
ENSG00000165271	NOL6	58.8		
ENSG00000165272	AQP3	6.2		
ENSG00000165275	TRMT10B	3.3		
ENSG00000165280	VCP	253.1		
ENSG00000165282	PIGO	24.2		
ENSG00000165283	STOML2	201.3		
ENSG00000165288	BRWD3	10.7		
ENSG00000165300	SLITRK5	1.8		
ENSG00000165304	MELK	71.7		
ENSG00000165309	ARMC3	0.0		
ENSG00000165312	OTUD1	2.5		
ENSG00000165322	ARHGAP12	9.1		
ENSG00000165323	FAT3	0.0		
ENSG00000165325	DEUP1	0.0		
ENSG00000165338	HECTD2	7.9		
ENSG00000165349	SLC7A3	64.2		
ENSG00000165355	FBXO33	18.3		
ENSG00000165359	INTS6L	8.4		
ENSG00000165370	GPR101	0.0		
ENSG00000165376	CLDN2	0.0		
ENSG00000165379	LRFN5	1.6		
ENSG00000165383	LRRC18	0.0		
ENSG00000165389	SPTSSA	34.1		
ENSG00000165392	WRN	6.4		
ENSG00000165406	MARCHF8	15.2		
ENSG00000165409	TSHR	0.3		
ENSG00000165410	CFL2	107.4		
ENSG00000165416	SUGT1	90.6		
ENSG00000165417	GTF2A1	28.7		
ENSG00000165424	ZCCHC24	1.7		
ENSG00000165434	PGM2L1	2.9		
ENSG00000165443	PHYHIPL	0.0		
ENSG00000165449	SLC16A9	10.8		
ENSG00000165457	FOLR2	0.0		
ENSG00000165458	INPPL1	60.4		
ENSG00000165462	PHOX2A	0.0		
ENSG00000165471	MBL2	0.0		
ENSG00000165474	GJB2	5.3		
ENSG00000165475	CRYL1	5.7		
ENSG00000165476	REEP3	8.7		
ENSG00000165478	HEPACAM	0.0		
ENSG00000165480	SKA3	34.4		
ENSG00000165487	MICU2	45.9		
ENSG00000165490	DDIAS	36.0		
ENSG00000165494	PCF11	43.2		
ENSG00000165495	PKNOX2	4.8		
ENSG00000165496	RPL10L	0.0		
ENSG00000165501	LRR1	42.2		
ENSG00000165502	RPL36AL	287.6		
ENSG00000165506	DNAAF2	15.0		
ENSG00000165507	DEPP1	1.2		
ENSG00000165509	MAGEC3	0.0		
ENSG00000165512	ZNF22	62.1		
ENSG00000165516	KLHDC2	13.9		
ENSG00000165521	EML5	4.1		
ENSG00000165525	NEMF	34.1		
ENSG00000165526	RPUSD4	40.3		
ENSG00000165527	ARF6	43.7		
ENSG00000165533	TTC8	18.1		
ENSG00000165548	TMEM63C	3.8		
ENSG00000165553	NGB	0.0		
ENSG00000165555	NOXRED1	0.1		
ENSG00000165556	CDX2	1.5		
ENSG00000165566	AMER2	0.1		
ENSG00000165568	AKR1E2	0.2		
ENSG00000165572	KBTBD6	20.8		
ENSG00000165583	SSX5	0.0		
ENSG00000165584	SSX3	0.0		
ENSG00000165588	OTX2	249.6		
ENSG00000165591	FAAH2	1.1		
ENSG00000165606	DRGX	0.0		
ENSG00000165609	NUDT5	162.0		
ENSG00000165617	DACT1	11.5		
ENSG00000165621	OXGR1	0.0		
ENSG00000165623	UCMA	0.0		
ENSG00000165626	BEND7	9.8		
ENSG00000165629	ATP5F1C	318.3		
ENSG00000165630	PRPF18	25.1		
ENSG00000165632	TAF3	8.9		
ENSG00000165633	VSTM4	0.2		
ENSG00000165637	VDAC2	539.2		
ENSG00000165643	SOHLH1	0.0		
ENSG00000165644	COMTD1	0.9		
ENSG00000165646	SLC18A2	0.0		
ENSG00000165650	PDZD8	13.4		
ENSG00000165655	ZNF503	0.7		
ENSG00000165660	ABRAXAS2	25.0		
ENSG00000165661	QSOX2	34.2		
ENSG00000165669	FAM204A	34.0		
ENSG00000165671	NSD1	41.9		
ENSG00000165672	PRDX3	391.5		
ENSG00000165675	ENOX2	11.4		
ENSG00000165678	GHITM	208.4		
ENSG00000165682	CLEC1B	0.0		
ENSG00000165684	SNAPC4	12.9		
ENSG00000165685	TMEM52B	0.0		
ENSG00000165688	PMPCA	77.9		
ENSG00000165689	ENTR1	57.5		
ENSG00000165694	FRMD7	0.0		
ENSG00000165695	AK8	0.3		
ENSG00000165698	SPACA9	2.0		
ENSG00000165699	TSC1	15.4		
ENSG00000165702	GFI1B	0.0		
ENSG00000165704	HPRT1	117.4		
ENSG00000165714	BORCS5	5.0		
ENSG00000165716	DIPK1B	11.7		
ENSG00000165724	ZMYND19	51.3		
ENSG00000165730	STOX1	8.1		
ENSG00000165731	RET	5.0		
ENSG00000165732	DDX21	250.4		
ENSG00000165733	BMS1	42.0		
ENSG00000165752	STK32C	18.6		
ENSG00000165757	JCAD	1.6		
ENSG00000165762	OR4K2	0.0		
ENSG00000165775	FUNDC2	5.3		
ENSG00000165782	PIP4P1	26.3		
ENSG00000165792	METTL17	57.5		
ENSG00000165794	SLC39A2	0.1		
ENSG00000165795	NDRG2	30.3		
ENSG00000165799	RNASE7	0.0		
ENSG00000165801	ARHGEF40	2.6		
ENSG00000165802	NSMF	50.0		
ENSG00000165804	ZNF219	10.8		
ENSG00000165805	C12orf50	0.0		
ENSG00000165806	CASP7	30.4		
ENSG00000165807	PPP1R36	0.0		
ENSG00000165810	BTNL9	0.7		
ENSG00000165813	CCDC186	7.1		
ENSG00000165816	VWA2	0.0		
ENSG00000165819	METTL3	66.4		
ENSG00000165821	SALL2	24.5		
ENSG00000165828	PRAP1	0.0		
ENSG00000165832	TRUB1	25.6		
ENSG00000165837	ERICH6B	0.0		
ENSG00000165841	CYP2C19	0.0		
ENSG00000165861	ZFYVE1	7.5		
ENSG00000165863	C10orf82	0.0		
ENSG00000165868	HSPA12A	8.4		
ENSG00000165879	FRAT1	1.1		
ENSG00000165886	UBTD1	4.6		
ENSG00000165887	ANKRD2	0.0		
ENSG00000165891	E2F7	15.5		
ENSG00000165895	ARHGAP42	2.8		
ENSG00000165898	ISCA2	27.8		
ENSG00000165899	OTOGL	0.0		
ENSG00000165905	LARGE2	0.1		
ENSG00000165912	PACSIN3	23.7		
ENSG00000165914	TTC7B	13.1		
ENSG00000165915	SLC39A13	7.1		
ENSG00000165916	PSMC3	206.7		
ENSG00000165917	RAPSN	0.0		
ENSG00000165923	AGBL2	0.0		
ENSG00000165929	TC2N	9.0		
ENSG00000165934	CPSF2	65.2		
ENSG00000165935	SMCO2	0.1		
ENSG00000165943	MOAP1	13.9		
ENSG00000165948	IFI27L1	3.5		
ENSG00000165949	IFI27	1.1		
ENSG00000165953	SERPINA12	0.0		
ENSG00000165959	CLMN	0.6		
ENSG00000165966	PDZRN4	0.0		
ENSG00000165970	SLC6A5	0.0		
ENSG00000165972	CCDC38	0.1		
ENSG00000165973	NELL1	4.0		
ENSG00000165983	PTER	8.3		
ENSG00000165985	C1QL3	0.0		
ENSG00000165995	CACNB2	6.4		
ENSG00000165996	HACD1	17.3		
ENSG00000165997	ARL5B	25.5		
ENSG00000166002	SMCO4	24.1		
ENSG00000166004	CEP295	11.8		
ENSG00000166006	KCNC2	0.0		
ENSG00000166012	TAF1D	21.5		
ENSG00000166016	ABTB2	3.6		
ENSG00000166024	R3HCC1L	14.2		
ENSG00000166025	AMOTL1	20.1		
ENSG00000166033	HTRA1	7.6		
ENSG00000166035	LIPC	0.0		
ENSG00000166037	CEP57	34.7		
ENSG00000166046	TCP11L2	1.0		
ENSG00000166049	PASD1	0.0		
ENSG00000166068	SPRED1	6.2		
ENSG00000166069	TMCO5A	0.0		
ENSG00000166073	GPR176	7.7		
ENSG00000166086	JAM3	70.0		
ENSG00000166090	IL25	0.0		
ENSG00000166091	CMTM5	0.0		
ENSG00000166105	GLB1L3	0.8		
ENSG00000166106	ADAMTS15	0.6		
ENSG00000166111	SVOP	0.0		
ENSG00000166118	SPATA19	0.0		
ENSG00000166123	GPT2	43.3		
ENSG00000166126	AMN	0.0		
ENSG00000166128	RAB8B	37.5		
ENSG00000166130	IKBIP	17.5		
ENSG00000166133	RPUSD2	22.3		
ENSG00000166135	HIF1AN	16.9		
ENSG00000166136	NDUFB8	162.9		
ENSG00000166140	ZFYVE19	12.7		
ENSG00000166143	PPP1R14D	0.0		
ENSG00000166145	SPINT1	30.8		
ENSG00000166147	FBN1	3.9		
ENSG00000166148	AVPR1A	0.1		
ENSG00000166152	C16orf78	0.0		
ENSG00000166153	DEPDC4	2.9		
ENSG00000166159	LRTM2	0.0		
ENSG00000166160	OPN1MW2	0.0		
ENSG00000166164	BRD7	107.6		
ENSG00000166165	CKB	109.9		
ENSG00000166166	TRMT61A	8.0		
ENSG00000166167	BTRC	14.1		
ENSG00000166169	POLL	18.4		
ENSG00000166170	BAG5	24.2		
ENSG00000166171	DPCD	55.4		
ENSG00000166173	LARP6	32.0		
ENSG00000166181	API5	143.2		
ENSG00000166183	ASPG	0.0		
ENSG00000166188	ZNF319	5.4		
ENSG00000166189	HPS6	11.9		
ENSG00000166192	SENP8	7.4		
ENSG00000166197	NOLC1	285.0		
ENSG00000166199	ALKBH3	14.6		
ENSG00000166200	COPS2	160.3		
ENSG00000166206	GABRB3	27.9		
ENSG00000166211	SPIC	0.0		
ENSG00000166220	TBATA	0.0		
ENSG00000166224	SGPL1	28.8		
ENSG00000166225	FRS2	11.6		
ENSG00000166226	CCT2	538.2		
ENSG00000166228	PCBD1	138.9		
ENSG00000166233	ARIH1	18.1		
ENSG00000166246	C16orf71	0.9		
ENSG00000166250	CLMP	0.3		
ENSG00000166257	SCN3B	0.6		
ENSG00000166260	COX11	8.4		
ENSG00000166261	ZNF202	15.9		
ENSG00000166262	FAM227B	1.8		
ENSG00000166263	STXBP4	8.6		
ENSG00000166265	CYYR1	7.1		
ENSG00000166266	CUL5	18.4		
ENSG00000166268	MYRFL	0.1		
ENSG00000166272	WBP1L	10.7		
ENSG00000166275	BORCS7	7.9		
ENSG00000166278	C2	0.1		
ENSG00000166289	PLEKHF1	1.1		
ENSG00000166292	TMEM100	0.0		
ENSG00000166295	ANAPC16	10.9		
ENSG00000166311	SMPD1	8.4		
ENSG00000166313	APBB1	44.4		
ENSG00000166317	SYNPO2L	0.0		
ENSG00000166321	NUDT13	0.5		
ENSG00000166323	C11orf65	1.3		
ENSG00000166326	TRIM44	9.1		
ENSG00000166329	CCDC182	0.0		
ENSG00000166333	ILK	84.4		
ENSG00000166337	TAF10	66.0		
ENSG00000166340	TPP1	48.3		
ENSG00000166341	DCHS1	2.7		
ENSG00000166342	NETO1	0.0		
ENSG00000166343	MSS51	1.0		
ENSG00000166347	CYB5A	0.1		
ENSG00000166348	USP54	10.7		
ENSG00000166349	RAG1	0.0		
ENSG00000166351	POTED	0.0		
ENSG00000166352	IFTAP	28.3		
ENSG00000166359	WDR88	0.0		
ENSG00000166363	OR10A5	0.0		
ENSG00000166368	OR2D2	0.0		
ENSG00000166377	ATP9B	13.0		
ENSG00000166387	PPFIBP2	21.0		
ENSG00000166391	MOGAT2	0.0		
ENSG00000166394	CYB5R2	0.1		
ENSG00000166396	SERPINB7	0.1		
ENSG00000166398	GARRE1	6.6		
ENSG00000166401	SERPINB8	0.8		
ENSG00000166402	TUB	26.8		
ENSG00000166405	RIC3	0.0		
ENSG00000166407	LMO1	0.5		
ENSG00000166411	IDH3A	98.2		
ENSG00000166415	WDR72	0.0		
ENSG00000166426	CRABP1	9.3		
ENSG00000166428	PLD4	0.0		
ENSG00000166432	ZMAT1	0.0		
ENSG00000166435	XRRA1	6.1		
ENSG00000166436	TRIM66	3.1		
ENSG00000166439	RNF169	12.4		
ENSG00000166441	RPL27A	1914.2		
ENSG00000166444	DENND2B	10.0		
ENSG00000166446	CDYL2	0.2		
ENSG00000166448	TMEM130	0.0		
ENSG00000166450	PRTG	0.6		
ENSG00000166451	CENPN	53.1		
ENSG00000166452	AKIP1	15.6		
ENSG00000166454	ATMIN	28.1		
ENSG00000166455	C16orf46	0.4		
ENSG00000166471	TMEM41B	19.8		
ENSG00000166477	LEO1	54.2		
ENSG00000166478	ZNF143	23.1		
ENSG00000166479	TMX3	21.9		
ENSG00000166482	MFAP4	0.1		
ENSG00000166483	WEE1	49.0		
ENSG00000166484	MAPK7	10.4		
ENSG00000166501	PRKCB	0.5		
ENSG00000166503	HDGFL3	19.9		
ENSG00000166507	NDST2	8.1		
ENSG00000166508	MCM7	439.3		
ENSG00000166509	CLEC3A	0.0		
ENSG00000166510	CCDC68	0.7		
ENSG00000166523	CLEC4E	0.0		
ENSG00000166526	ZNF3	29.3		
ENSG00000166527	CLEC4D	0.0		
ENSG00000166529	ZSCAN21	14.5		
ENSG00000166532	RIMKLB	21.5		
ENSG00000166535	A2ML1	0.0		
ENSG00000166546	BEAN1	0.0		
ENSG00000166548	TK2	5.3		
ENSG00000166557	TMED3	95.7		
ENSG00000166558	SLC38A8	0.0		
ENSG00000166562	SEC11C	84.7		
ENSG00000166569	CPLX4	0.0		
ENSG00000166573	GALR1	0.0		
ENSG00000166575	TMEM135	13.3		
ENSG00000166578	IQCD	0.6		
ENSG00000166579	NDEL1	30.9		
ENSG00000166582	CENPV	69.3		
ENSG00000166589	CDH16	0.0		
ENSG00000166592	RRAD	0.2		
ENSG00000166595	CIAO2B	140.0		
ENSG00000166596	CFAP52	0.0		
ENSG00000166598	HSP90B1	934.6		
ENSG00000166603	MC4R	0.0		
ENSG00000166619	BLCAP	34.4		
ENSG00000166634	SERPINB12	0.1		
ENSG00000166664	CHRFAM7A	3.6		
ENSG00000166669	ATF7IP2	6.3		
ENSG00000166670	MMP10	0.0		
ENSG00000166676	TVP23A	0.0		
ENSG00000166681	BEX3	394.1		
ENSG00000166682	TMPRSS5	0.1		
ENSG00000166685	COG1	16.4		
ENSG00000166689	PLEKHA7	16.9		
ENSG00000166704	ZNF606	1.7		
ENSG00000166707	ZCCHC18	1.1		
ENSG00000166710	B2M	497.2		
ENSG00000166716	ZNF592	18.0		
ENSG00000166734	GOLM2	34.4		
ENSG00000166736	HTR3A	0.0		
ENSG00000166741	NNMT	0.0		
ENSG00000166743	ACSM1	0.0		
ENSG00000166747	AP1G1	62.7		
ENSG00000166750	SLFN5	1.0		
ENSG00000166762	CATSPER2	1.1		
ENSG00000166780	BMERB1	4.1		
ENSG00000166783	MARF1	7.7		
ENSG00000166788	SAAL1	56.9		
ENSG00000166793	YPEL4	0.0		
ENSG00000166794	PPIB	1384.6		
ENSG00000166796	LDHC	0.0		
ENSG00000166797	CIAO2A	197.9		
ENSG00000166800	LDHAL6A	0.0		
ENSG00000166801	FAM111A	26.9		
ENSG00000166803	PCLAF	340.7		
ENSG00000166813	KIF7	3.8		
ENSG00000166816	LDHD	0.0		
ENSG00000166819	PLIN1	0.0		
ENSG00000166821	PEX11A	0.0		
ENSG00000166822	TMEM170A	18.3		
ENSG00000166823	MESP1	0.2		
ENSG00000166825	ANPEP	5.6		
ENSG00000166828	SCNN1G	0.0		
ENSG00000166831	RBPMS2	28.8		
ENSG00000166833	NAV2	0.6		
ENSG00000166839	ANKDD1A	3.7		
ENSG00000166840	GLYATL1	0.0		
ENSG00000166845	C18orf54	16.9		
ENSG00000166847	DCTN5	93.4		
ENSG00000166848	TERF2IP	51.1		
ENSG00000166851	PLK1	229.5		
ENSG00000166855	CLPX	43.2		
ENSG00000166856	GPR182	0.0		
ENSG00000166860	ZBTB39	11.8		
ENSG00000166862	CACNG2	0.0		
ENSG00000166863	TAC3	0.2		
ENSG00000166866	MYO1A	0.0		
ENSG00000166869	CHP2	0.4		
ENSG00000166881	NEMP1	50.4		
ENSG00000166884	OR4D6	0.0		
ENSG00000166886	NAB2	16.9		
ENSG00000166887	VPS39	24.1		
ENSG00000166888	STAT6	18.7		
ENSG00000166889	PATL1	46.6		
ENSG00000166896	ATP23	0.0		
ENSG00000166897	ELFN2	0.6		
ENSG00000166900	STX3	63.5		
ENSG00000166902	MRPL16	178.0		
ENSG00000166908	PIP4K2C	24.2		
ENSG00000166912	MTMR10	6.5		
ENSG00000166913	YWHAB	256.1		
ENSG00000166920	C15orf48	2.3		
ENSG00000166922	SCG5	0.5		
ENSG00000166923	GREM1	0.0		
ENSG00000166924	NYAP1	0.6		
ENSG00000166925	TSC22D4	12.2		
ENSG00000166926	MS4A6E	0.0		
ENSG00000166927	MS4A7	0.1		
ENSG00000166928	MS4A14	0.0		
ENSG00000166930	MS4A5	0.0		
ENSG00000166938	DIS3L	25.7		
ENSG00000166946	CCNDBP1	1.1		
ENSG00000166947	EPB42	0.0		
ENSG00000166948	TGM6	0.0		
ENSG00000166949	SMAD3	31.2		
ENSG00000166959	MS4A8	0.0		
ENSG00000166960	CCDC178	0.0		
ENSG00000166961	MS4A15	0.0		
ENSG00000166963	MAP1A	15.0		
ENSG00000166965	RCCD1	8.9		
ENSG00000166971	AKTIP	14.9		
ENSG00000166974	MAPRE2	22.8		
ENSG00000166979	EVA1C	0.7		
ENSG00000166984	TCP10L2	0.0		
ENSG00000166986	MARS1	226.0		
ENSG00000166987	MBD6	22.3		
ENSG00000166997	CNPY4	13.0		
ENSG00000167004	PDIA3	31.8		
ENSG00000167005	NUDT21	190.2		
ENSG00000167011	NAT16	0.0		
ENSG00000167014	TERB2	0.0		
ENSG00000167034	NKX3-1	3.5		
ENSG00000167037	SGSM1	0.3		
ENSG00000167065	DUSP18	1.3		
ENSG00000167074	TEF	2.1		
ENSG00000167077	MEI1	0.0		
ENSG00000167080	B4GALNT2	0.7		
ENSG00000167081	PBX3	28.3		
ENSG00000167083	GNGT2	0.0		
ENSG00000167085	PHB	151.7		
ENSG00000167088	SNRPD1	246.0		
ENSG00000167094	TTC16	0.0		
ENSG00000167098	SUN5	0.0		
ENSG00000167100	SAMD14	0.3		
ENSG00000167103	PIP5KL1	0.0		
ENSG00000167104	BPIFB6	0.0		
ENSG00000167105	TMEM92	0.1		
ENSG00000167106	FAM102A	6.3		
ENSG00000167107	ACSF2	4.7		
ENSG00000167110	GOLGA2	30.3		
ENSG00000167112	TRUB2	15.4		
ENSG00000167113	COQ4	27.0		
ENSG00000167114	SLC27A4	25.5		
ENSG00000167117	ANKRD40CL	0.0		
ENSG00000167118	URM1	40.3		
ENSG00000167123	CERCAM	14.7		
ENSG00000167130	DOLPP1	32.6		
ENSG00000167131	CCDC103	0.5		
ENSG00000167136	ENDOG	12.5		
ENSG00000167139	TBC1D21	0.0		
ENSG00000167157	PRRX2	0.8		
ENSG00000167165	UGT1A6	0.1		
ENSG00000167173	C15orf39	37.6		
ENSG00000167178	ISLR2	0.1		
ENSG00000167182	SP2	17.5		
ENSG00000167183	PRR15L	0.0		
ENSG00000167186	COQ7	29.6		
ENSG00000167191	GPRC5B	21.6		
ENSG00000167193	CRK	68.2		
ENSG00000167194	C16orf92	0.0		
ENSG00000167195	GOLGA6C	0.0		
ENSG00000167196	FBXO22	45.2		
ENSG00000167202	TBC1D2B	24.4		
ENSG00000167207	NOD2	0.2		
ENSG00000167208	SNX20	0.0		
ENSG00000167210	LOXHD1	0.0		
ENSG00000167216	KATNAL2	6.9		
ENSG00000167220	HDHD2	19.0		
ENSG00000167232	ZNF91	12.9		
ENSG00000167244	IGF2	0.9		
ENSG00000167257	RNF214	34.8		
ENSG00000167258	CDK12	49.2		
ENSG00000167261	DPEP2	0.0		
ENSG00000167264	DUS2	26.6		
ENSG00000167272	POP5	8.0		
ENSG00000167280	ENGASE	7.2		
ENSG00000167281	RBFOX3	0.0		
ENSG00000167283	ATP5MG	204.4		
ENSG00000167286	CD3D	0.0		
ENSG00000167291	TBC1D16	45.8		
ENSG00000167302	TEPSIN	5.3		
ENSG00000167306	MYO5B	22.6		
ENSG00000167311	ART5	1.5		
ENSG00000167315	ACAA2	176.8		
ENSG00000167323	STIM1	20.1		
ENSG00000167325	RRM1	176.9		
ENSG00000167332	OR51E2	0.0		
ENSG00000167333	TRIM68	4.5		
ENSG00000167346	MMP26	0.0		
ENSG00000167355	OR51B5	0.0		
ENSG00000167359	OR51I1	0.0		
ENSG00000167360	OR51Q1	0.0		
ENSG00000167363	FN3K	34.3		
ENSG00000167371	PRRT2	3.4		
ENSG00000167377	ZNF23	7.9		
ENSG00000167378	IRGQ	3.3		
ENSG00000167380	ZNF226	9.9		
ENSG00000167384	ZNF180	5.5		
ENSG00000167393	PPP2R3B	0.1		
ENSG00000167394	ZNF668	2.6		
ENSG00000167395	ZNF646	8.5		
ENSG00000167397	VKORC1	79.4		
ENSG00000167414	GNG8	0.9		
ENSG00000167419	LPO	0.0		
ENSG00000167434	CA4	0.0		
ENSG00000167447	SMG8	28.3		
ENSG00000167460	TPM4	72.9		
ENSG00000167461	RAB8A	71.2		
ENSG00000167468	GPX4	239.7		
ENSG00000167470	MIDN	16.3		
ENSG00000167476	JSRP1	0.0		
ENSG00000167483	NIBAN3	0.0		
ENSG00000167487	KLHL26	2.9		
ENSG00000167491	GATAD2A	43.6		
ENSG00000167508	MVD	25.0		
ENSG00000167513	CDT1	21.6		
ENSG00000167515	TRAPPC2L	109.5		
ENSG00000167522	ANKRD11	46.0		
ENSG00000167523	SPATA33	6.2		
ENSG00000167524	RSKR	0.8		
ENSG00000167525	PROCA1	1.7		
ENSG00000167526	RPL13	1279.4		
ENSG00000167528	ZNF641	3.1		
ENSG00000167531	LALBA	0.0		
ENSG00000167535	CACNB3	21.6		
ENSG00000167536	DHRS13	24.8		
ENSG00000167543	TP53I13	10.4		
ENSG00000167548	KMT2D	38.1		
ENSG00000167549	CORO6	2.9		
ENSG00000167550	RHEBL1	1.5		
ENSG00000167552	TUBA1A	388.0		
ENSG00000167553	TUBA1C	1246.0		
ENSG00000167554	ZNF610	0.0		
ENSG00000167555	ZNF528	0.0		
ENSG00000167562	ZNF701	2.3		
ENSG00000167565	SERTAD3	23.0		
ENSG00000167566	NCKAP5L	6.4		
ENSG00000167578	RAB4B	4.0		
ENSG00000167580	AQP2	0.0		
ENSG00000167588	GPD1	0.2		
ENSG00000167595	PROSER3	4.0		
ENSG00000167600	CYP2S1	16.6		
ENSG00000167601	AXL	0.4		
ENSG00000167604	NFKBID	2.1		
ENSG00000167608	TMC4	0.0		
ENSG00000167612	ANKRD33	0.0		
ENSG00000167613	LAIR1	0.0		
ENSG00000167614	TTYH1	0.8		
ENSG00000167615	LENG8	21.7		
ENSG00000167617	CDC42EP5	0.0		
ENSG00000167618	LAIR2	0.0		
ENSG00000167619	TMEM145	1.7		
ENSG00000167625	ZNF526	7.7		
ENSG00000167632	TRAPPC9	10.0		
ENSG00000167633	KIR3DL1	0.0		
ENSG00000167634	NLRP7	0.0		
ENSG00000167635	ZNF146	102.6		
ENSG00000167637	ZNF283	6.5		
ENSG00000167641	PPP1R14A	13.6		
ENSG00000167642	SPINT2	42.7		
ENSG00000167644	C19orf33	0.0		
ENSG00000167645	YIF1B	85.9		
ENSG00000167646	DNAAF3	1.5		
ENSG00000167653	PSCA	0.0		
ENSG00000167654	ATCAY	0.2		
ENSG00000167656	LY6D	0.0		
ENSG00000167657	DAPK3	36.9		
ENSG00000167658	EEF2	919.4		
ENSG00000167664	TMIGD2	0.0		
ENSG00000167670	CHAF1A	61.6		
ENSG00000167671	UBXN6	18.2		
ENSG00000167674	HDGFL2	46.9		
ENSG00000167676	PLIN4	0.0		
ENSG00000167680	SEMA6B	6.5		
ENSG00000167685	ZNF444	11.8		
ENSG00000167693	NXN	52.9		
ENSG00000167695	TLCD3A	57.3		
ENSG00000167699	GLOD4	106.6		
ENSG00000167700	MFSD3	2.5		
ENSG00000167701	GPT	0.0		
ENSG00000167702	KIFC2	6.1		
ENSG00000167703	SLC43A2	5.2		
ENSG00000167705	RILP	0.2		
ENSG00000167711	SERPINF2	0.0		
ENSG00000167716	WDR81	6.3		
ENSG00000167720	SRR	12.2		
ENSG00000167721	TSR1	86.5		
ENSG00000167723	TRPV3	0.0		
ENSG00000167733	HSD11B1L	1.4		
ENSG00000167740	CYB5D2	4.9		
ENSG00000167741	GGT6	0.0		
ENSG00000167748	KLK1	0.2		
ENSG00000167749	KLK4	0.0		
ENSG00000167751	KLK2	0.1		
ENSG00000167754	KLK5	0.0		
ENSG00000167755	KLK6	0.0		
ENSG00000167757	KLK11	0.0		
ENSG00000167759	KLK13	0.4		
ENSG00000167766	ZNF83	16.3		
ENSG00000167767	KRT80	0.0		
ENSG00000167768	KRT1	0.0		
ENSG00000167769	ACER1	0.0		
ENSG00000167770	OTUB1	140.4		
ENSG00000167771	RCOR2	15.8		
ENSG00000167772	ANGPTL4	0.0		
ENSG00000167775	CD320	0.1		
ENSG00000167778	SPRYD3	7.6		
ENSG00000167779	IGFBP6	3.0		
ENSG00000167780	SOAT2	0.0		
ENSG00000167785	ZNF558	10.9		
ENSG00000167791	CABP2	0.0		
ENSG00000167792	NDUFV1	146.1		
ENSG00000167797	CDK2AP2	59.5		
ENSG00000167799	NUDT8	5.9		
ENSG00000167800	TBX10	0.0		
ENSG00000167815	PRDX2	354.7		
ENSG00000167822	OR8J3	0.0		
ENSG00000167825	OR5I1	0.0		
ENSG00000167840	ZNF232	4.9		
ENSG00000167842	MIS12	36.9		
ENSG00000167850	CD300C	0.0		
ENSG00000167851	CD300A	0.0		
ENSG00000167858	TEKT1	0.0		
ENSG00000167861	HID1	14.5		
ENSG00000167862	MRPL58	75.6		
ENSG00000167863	ATP5PD	409.0		
ENSG00000167874	TMEM88	0.6		
ENSG00000167880	EVPL	0.1		
ENSG00000167881	SRP68	98.2		
ENSG00000167889	MGAT5B	1.6		
ENSG00000167895	TMC8	0.0		
ENSG00000167900	TK1	63.4		
ENSG00000167904	TMEM68	17.0		
ENSG00000167910	CYP7A1	0.0		
ENSG00000167914	GSDMA	0.0		
ENSG00000167916	KRT24	0.0		
ENSG00000167925	GHDC	5.8		
ENSG00000167930	FAM234A	27.6		
ENSG00000167941	SOST	0.0		
ENSG00000167962	ZNF598	9.3		
ENSG00000167964	RAB26	1.1		
ENSG00000167965	MLST8	23.1		
ENSG00000167967	E4F1	6.8		
ENSG00000167968	DNASE1L2	0.4		
ENSG00000167969	ECI1	29.6		
ENSG00000167971	CASKIN1	1.0		
ENSG00000167972	ABCA3	19.2		
ENSG00000167977	KCTD5	32.5		
ENSG00000167978	SRRM2	170.2		
ENSG00000167981	ZNF597	3.5		
ENSG00000167984	NLRC3	0.1		
ENSG00000167985	SDHAF2	45.4		
ENSG00000167986	DDB1	245.5		
ENSG00000167987	VPS37C	15.2		
ENSG00000167992	VWCE	2.3		
ENSG00000167994	RAB3IL1	9.6		
ENSG00000167995	BEST1	0.0		
ENSG00000167996	FTH1	1118.8		
ENSG00000168000	BSCL2	5.2		
ENSG00000168002	POLR2G	103.6		
ENSG00000168003	SLC3A2	123.1		
ENSG00000168004	PLAAT5	11.4		
ENSG00000168005	SPINDOC	60.3		
ENSG00000168010	ATG16L2	0.9		
ENSG00000168014	C2CD3	14.7		
ENSG00000168016	TRANK1	0.2		
ENSG00000168026	TTC21A	0.1		
ENSG00000168028	RPSA	2983.8		
ENSG00000168032	ENTPD3	0.0		
ENSG00000168036	CTNNB1	315.8		
ENSG00000168038	ULK4	3.7		
ENSG00000168040	FADD	26.3		
ENSG00000168056	LTBP3	11.8		
ENSG00000168060	NAALADL1	0.0		
ENSG00000168061	SAC3D1	14.4		
ENSG00000168062	BATF2	0.0		
ENSG00000168065	SLC22A11	0.0		
ENSG00000168066	SF1	172.2		
ENSG00000168067	MAP4K2	6.5		
ENSG00000168070	MAJIN	0.0		
ENSG00000168071	CCDC88B	0.1		
ENSG00000168077	SCARA3	0.1		
ENSG00000168078	PBK	87.6		
ENSG00000168079	SCARA5	0.1		
ENSG00000168081	PNOC	0.0		
ENSG00000168090	COPS6	155.1		
ENSG00000168092	PAFAH1B2	80.6		
ENSG00000168096	ANKS3	8.2		
ENSG00000168101	NUDT16L1	23.1		
ENSG00000168116	KIAA1586	16.7		
ENSG00000168118	RAB4A	15.2		
ENSG00000168124	OR1F1	0.5		
ENSG00000168131	OR2B2	0.0		
ENSG00000168135	KCNJ4	0.5		
ENSG00000168137	SETD5	50.6		
ENSG00000168140	VASN	0.0		
ENSG00000168143	FAM83B	0.0		
ENSG00000168148	H3-4	0.0		
ENSG00000168152	THAP9	4.6		
ENSG00000168158	OR2C1	0.0		
ENSG00000168159	RNF187	19.1		
ENSG00000168172	HOOK3	22.1		
ENSG00000168175	MAPK1IP1L	79.3		
ENSG00000168209	DDIT4	28.9		
ENSG00000168214	RBPJ	51.9		
ENSG00000168216	LMBRD1	3.8		
ENSG00000168228	ZCCHC4	8.9		
ENSG00000168229	PTGDR	0.0		
ENSG00000168234	TTC39C	12.3		
ENSG00000168237	GLYCTK	1.7		
ENSG00000168243	GNG4	28.4		
ENSG00000168246	UBTD2	41.7		
ENSG00000285437	POLR2J3	8.9		
ENSG00000168256	NKIRAS2	47.3		
ENSG00000168259	DNAJC7	192.3		
ENSG00000168263	KCNV2	0.0		
ENSG00000168264	IRF2BP2	16.2		
ENSG00000168267	PTF1A	0.0		
ENSG00000168268	NT5DC2	194.9		
ENSG00000168269	FOXI1	0.0		
ENSG00000168273	SMIM4	7.6		
ENSG00000168275	COA6	48.6		
ENSG00000168280	KIF5C	14.1		
ENSG00000168282	MGAT2	32.9		
ENSG00000168283	BMI1	59.1		
ENSG00000168286	THAP11	14.6		
ENSG00000168288	MMADHC	160.8		
ENSG00000168291	PDHB	113.2		
ENSG00000168297	PXK	18.7		
ENSG00000168298	H1-4	0.3		
ENSG00000168300	PCMTD1	4.7		
ENSG00000168301	KCTD6	22.8		
ENSG00000168303	MPLKIP	3.0		
ENSG00000168306	ACOX2	0.0		
ENSG00000168309	FAM107A	0.0		
ENSG00000168310	IRF2	12.0		
ENSG00000168314	MOBP	18.6		
ENSG00000168329	CX3CR1	0.2		
ENSG00000168333	PPDPFL	0.0		
ENSG00000168334	XIRP1	0.0		
ENSG00000168348	INSM2	0.0		
ENSG00000168350	DEGS2	0.0		
ENSG00000168356	SCN11A	0.0		
ENSG00000168374	ARF4	234.0		
ENSG00000168385	SEPTIN2	377.7		
ENSG00000168386	FILIP1L	0.0		
ENSG00000168389	MFSD2A	12.4		
ENSG00000168393	DTYMK	87.8		
ENSG00000168394	TAP1	4.5		
ENSG00000168395	ING5	22.9		
ENSG00000168397	ATG4B	16.0		
ENSG00000168398	BDKRB2	0.0		
ENSG00000168404	MLKL	4.3		
ENSG00000168411	RFWD3	70.3		
ENSG00000168412	MTNR1A	0.0		
ENSG00000168418	KCNG4	0.0		
ENSG00000168421	RHOH	0.1		
ENSG00000168427	KLHL30	0.0		
ENSG00000168434	COG7	10.8		
ENSG00000168438	CDC40	28.2		
ENSG00000168439	STIP1	745.4		
ENSG00000168447	SCNN1B	0.0		
ENSG00000168453	HR	0.0		
ENSG00000168454	TXNDC2	0.1		
ENSG00000168461	RAB31	25.9		
ENSG00000168476	REEP4	29.6		
ENSG00000168477	TNXB	0.0		
ENSG00000168481	LGI3	0.2		
ENSG00000168484	SFTPC	0.0		
ENSG00000168487	BMP1	5.1		
ENSG00000168488	ATXN2L	93.9		
ENSG00000168490	PHYHIP	0.0		
ENSG00000168491	CCDC110	1.7		
ENSG00000168495	POLR3D	16.9		
ENSG00000168496	FEN1	214.3		
ENSG00000168497	CAVIN2	0.0		
ENSG00000168502	MTCL1	5.5		
ENSG00000168505	GBX2	0.4		
ENSG00000168509	HJV	0.0		
ENSG00000168515	SCGB1D1	0.0		
ENSG00000168517	HEXIM2	6.8		
ENSG00000168522	FNTA	63.1		
ENSG00000168528	SERINC2	2.3		
ENSG00000168530	MYL1	0.0		
ENSG00000168538	TRAPPC11	21.2		
ENSG00000168539	CHRM1	0.0		
ENSG00000168542	COL3A1	1.1		
ENSG00000168546	GFRA2	0.0		
ENSG00000168556	ING2	10.4		
ENSG00000168564	CDKN2AIP	21.0		
ENSG00000168566	SNRNP48	20.2		
ENSG00000168569	TMEM223	17.3		
ENSG00000168575	SLC20A2	11.4		
ENSG00000168582	CRYGA	0.0		
ENSG00000168589	DYNLRB2	0.0		
ENSG00000168591	TMUB2	19.3		
ENSG00000168594	ADAM29	0.0		
ENSG00000168610	STAT3	45.8		
ENSG00000168612	ZSWIM1	10.1		
ENSG00000168615	ADAM9	30.8		
ENSG00000168619	ADAM18	0.0		
ENSG00000168621	GDNF	0.0		
ENSG00000168631	MUCL3	0.0		
ENSG00000168634	WFDC13	0.0		
ENSG00000168646	AXIN2	5.7		
ENSG00000168653	NDUFS5	732.5		
ENSG00000168658	VWA3B	0.0		
ENSG00000168661	ZNF30	9.0		
ENSG00000168671	UGT3A2	1.3		
ENSG00000168672	LRATD2	3.1		
ENSG00000168675	LDLRAD4	0.0		
ENSG00000168676	KCTD19	0.6		
ENSG00000168679	SLC16A4	0.1		
ENSG00000168685	IL7R	0.2		
ENSG00000168701	TMEM208	64.4		
ENSG00000168702	LRP1B	0.3		
ENSG00000168703	WFDC12	0.0		
ENSG00000168710	AHCYL1	69.2		
ENSG00000168724	DNAJC21	37.9		
ENSG00000168734	PKIG	9.0		
ENSG00000168743	NPNT	7.4		
ENSG00000168748	CA7	0.6		
ENSG00000168754	FAM178B	0.0		
ENSG00000168757	TSPY2	0.0		
ENSG00000168758	SEMA4C	10.2		
ENSG00000168763	CNNM3	12.6		
ENSG00000168765	GSTM4	27.1		
ENSG00000168769	TET2	9.3		
ENSG00000168772	CXXC4	0.4		
ENSG00000168778	TCTN2	6.2		
ENSG00000168779	SHOX2	10.1		
ENSG00000168781	PPIP5K1	15.8		
ENSG00000168785	TSPAN5	9.6		
ENSG00000168792	ABHD15	9.7		
ENSG00000168795	ZBTB5	17.5		
ENSG00000168802	CHTF8	41.3		
ENSG00000168803	ADAL	0.0		
ENSG00000168806	LCMT2	0.0		
ENSG00000168807	SNTB2	10.0		
ENSG00000168811	IL12A	0.8		
ENSG00000168813	ZNF507	19.4		
ENSG00000168818	STX18	34.6		
ENSG00000168824	NSG1	84.7		
ENSG00000168826	ZBTB49	4.8		
ENSG00000168827	GFM1	62.5		
ENSG00000168828	OR13J1	0.0		
ENSG00000168830	HTR1E	0.0		
ENSG00000168843	FSTL5	0.0		
ENSG00000168872	DDX19A	75.3		
ENSG00000168874	ATOH8	0.0		
ENSG00000168875	SOX14	0.0		
ENSG00000168876	ANKRD49	14.0		
ENSG00000168878	SFTPB	0.2		
ENSG00000168883	USP39	135.7		
ENSG00000168884	TNIP2	18.3		
ENSG00000168887	C2orf68	7.9		
ENSG00000168890	TMEM150A	6.8		
ENSG00000168894	RNF181	83.5		
ENSG00000168899	VAMP5	0.0		
ENSG00000168903	BTNL3	0.0		
ENSG00000168904	LRRC28	7.0		
ENSG00000168906	MAT2A	369.6		
ENSG00000168907	PLA2G4F	0.0		
ENSG00000168913	ENHO	7.6		
ENSG00000168916	ZNF608	4.2		
ENSG00000168917	SLC35G2	12.7		
ENSG00000168918	INPP5D	0.0		
ENSG00000168924	LETM1	29.8		
ENSG00000168925	CTRB1	0.0		
ENSG00000168928	CTRB2	0.0		
ENSG00000168930	TRIM49	0.0		
ENSG00000168936	TMEM129	7.7		
ENSG00000168938	PPIC	18.9		
ENSG00000168939	SPRY3	0.8		
ENSG00000168944	CEP120	9.2		
ENSG00000168952	STXBP6	0.0		
ENSG00000168955	TM4SF20	0.0		
ENSG00000168958	MFF	121.0		
ENSG00000168959	GRM5	0.0		
ENSG00000168961	LGALS9	0.3		
ENSG00000168970	JMJD7-PLA2G4B	0.2		
ENSG00000168993	CPLX1	0.4		
ENSG00000168994	PXDC1	5.7		
ENSG00000168995	SIGLEC7	0.0		
ENSG00000169006	NTSR2	0.0		
ENSG00000169016	E2F6	7.6		
ENSG00000169018	FEM1B	66.5		
ENSG00000169019	COMMD8	49.4		
ENSG00000169020	ATP5ME	668.9		
ENSG00000169021	UQCRFS1	83.4		
ENSG00000169026	SLC49A3	0.0		
ENSG00000169031	COL4A3	0.8		
ENSG00000169032	MAP2K1	88.8		
ENSG00000169035	KLK7	0.0		
ENSG00000169045	HNRNPH1	517.8		
ENSG00000169047	IRS1	1.2		
ENSG00000169057	MECP2	19.3		
ENSG00000169059	VCX3A	0.0		
ENSG00000169062	UPF3A	17.2		
ENSG00000169064	ZBBX	0.0		
ENSG00000169067	ACTBL2	0.0		
ENSG00000169071	ROR2	5.2		
ENSG00000169083	AR	14.9		
ENSG00000169084	DHRSX	16.4		
ENSG00000169085	VXN	0.0		
ENSG00000169087	HSPBAP1	9.0		
ENSG00000169093	ASMTL	7.4		
ENSG00000169100	SLC25A6	269.5		
ENSG00000169105	CHST14	23.7		
ENSG00000169116	PARM1	15.1		
ENSG00000169118	CSNK1G1	26.7		
ENSG00000169122	FAM110B	3.5		
ENSG00000169126	ARMC4	1.2		
ENSG00000169129	AFAP1L2	0.2		
ENSG00000169131	ZNF354A	4.5		
ENSG00000169136	ATF5	22.7		
ENSG00000169139	UBE2V2	128.6		
ENSG00000169154	GOT1L1	0.0		
ENSG00000169155	ZBTB43	7.5		
ENSG00000169169	CPT1C	0.0		
ENSG00000169174	PCSK9	3.5		
ENSG00000169180	XPO6	131.6		
ENSG00000169181	GSG1L	0.0		
ENSG00000169184	MN1	1.5		
ENSG00000169188	APEX2	29.1		
ENSG00000169189	NSMCE1	101.9		
ENSG00000169193	CCDC126	3.9		
ENSG00000169194	IL13	0.0		
ENSG00000169203	NPIPB12	35.2		
ENSG00000169208	OR10G3	0.1		
ENSG00000169213	RAB3B	15.4		
ENSG00000169214	OR6F1	0.0		
ENSG00000169217	CD2BP2	57.0		
ENSG00000169218	RSPO1	0.0		
ENSG00000169220	RGS14	0.2		
ENSG00000169221	TBC1D10B	22.2		
ENSG00000169223	LMAN2	69.6		
ENSG00000169224	GCSAML	0.8		
ENSG00000169228	RAB24	17.7		
ENSG00000169230	PRELID1	212.5		
ENSG00000169231	THBS3	0.8		
ENSG00000169239	CA5B	10.3		
ENSG00000169241	SLC50A1	16.3		
ENSG00000169242	EFNA1	6.6		
ENSG00000169245	CXCL10	0.0		
ENSG00000169246	NPIPB3	13.6		
ENSG00000169247	SH3TC2	0.0		
ENSG00000169248	CXCL11	0.0		
ENSG00000169249	ZRSR2	15.6		
ENSG00000169251	NMD3	60.9		
ENSG00000169252	ADRB2	0.0		
ENSG00000169255	B3GALNT1	0.0		
ENSG00000169258	GPRIN1	6.3		
ENSG00000169271	HSPB3	0.0		
ENSG00000169282	KCNAB1	0.0		
ENSG00000169288	MRPL1	71.1		
ENSG00000169291	SHE	0.4		
ENSG00000169297	NR0B1	0.0		
ENSG00000169299	PGM2	36.0		
ENSG00000169302	STK32A	0.0		
ENSG00000169306	IL1RAPL1	0.0		
ENSG00000169313	P2RY12	0.0		
ENSG00000169314	C22orf15	0.0		
ENSG00000169327	OR5AU1	0.0		
ENSG00000169330	MINAR1	0.9		
ENSG00000169340	PDILT	0.0		
ENSG00000169344	UMOD	0.0		
ENSG00000169347	GP2	0.0		
ENSG00000169359	SLC33A1	14.3		
ENSG00000169371	SNUPN	60.3		
ENSG00000169372	CRADD	9.3		
ENSG00000169375	SIN3A	81.2		
ENSG00000169379	ARL13B	7.2		
ENSG00000169385	RNASE2	0.0		
ENSG00000169393	ELSPBP1	0.0		
ENSG00000169397	RNASE3	0.0		
ENSG00000169398	PTK2	66.1		
ENSG00000169402	RSPH10B2	0.2		
ENSG00000169403	PTAFR	0.5		
ENSG00000169410	PTPN9	79.9		
ENSG00000169413	RNASE6	0.0		
ENSG00000169418	NPR1	0.0		
ENSG00000169427	KCNK9	0.0		
ENSG00000169429	CXCL8	0.0		
ENSG00000169432	SCN9A	6.5		
ENSG00000169435	RASSF6	0.0		
ENSG00000169436	COL22A1	0.0		
ENSG00000169439	SDC2	114.3		
ENSG00000169442	CD52	0.0		
ENSG00000169446	MMGT1	45.0		
ENSG00000169469	SPRR1B	0.0		
ENSG00000169474	SPRR1A	0.0		
ENSG00000169484	OR4K14	0.0		
ENSG00000169488	OR4K15	0.0		
ENSG00000169490	TM2D2	27.5		
ENSG00000169495	HTRA4	0.2		
ENSG00000169499	PLEKHA2	10.8		
ENSG00000169504	CLIC4	155.0		
ENSG00000169507	SLC38A11	0.0		
ENSG00000169508	GPR183	0.0		
ENSG00000169509	CRCT1	0.0		
ENSG00000169515	CCDC8	0.1		
ENSG00000169519	METTL15	12.3		
ENSG00000169548	ZNF280A	0.0		
ENSG00000169550	MUC15	0.0		
ENSG00000169551	CT55	0.1		
ENSG00000169554	ZEB2	14.5		
ENSG00000169562	GJB1	0.0		
ENSG00000169564	PCBP1	388.4		
ENSG00000169567	HINT1	315.4		
ENSG00000169570	DTWD2	6.0		
ENSG00000169575	VPREB1	0.0		
ENSG00000169583	CLIC3	0.0		
ENSG00000169592	INO80E	73.8		
ENSG00000169594	BNC1	2.7		
ENSG00000169598	DFFB	0.7		
ENSG00000169599	NFU1	63.7		
ENSG00000169604	ANTXR1	30.7		
ENSG00000169605	GKN1	0.0		
ENSG00000169607	CKAP2L	20.4		
ENSG00000169609	C15orf40	28.5		
ENSG00000169612	RAMAC	77.1		
ENSG00000169618	PROKR1	0.0		
ENSG00000169621	APLF	0.3		
ENSG00000169627	BOLA2B	129.9		
ENSG00000169629	RGPD8	12.3		
ENSG00000169635	HIC2	10.2		
ENSG00000169641	LUZP1	24.5		
ENSG00000169660	HEXD	2.0		
ENSG00000169676	DRD5	0.0		
ENSG00000169679	BUB1	93.9		
ENSG00000169682	SPNS1	36.4		
ENSG00000169683	LRRC45	6.0		
ENSG00000169684	CHRNA5	43.5		
ENSG00000169688	MT1B	0.0		
ENSG00000169689	CENPX	71.3		
ENSG00000169692	AGPAT2	12.7		
ENSG00000169696	ASPSCR1	12.0		
ENSG00000169704	GP9	0.0		
ENSG00000169710	FASN	79.2		
ENSG00000169714	CNBP	484.3		
ENSG00000169715	MT1E	241.2		
ENSG00000169717	ACTRT2	0.0		
ENSG00000169718	DUS1L	46.1		
ENSG00000169727	GPS1	71.6		
ENSG00000169733	RFNG	3.9		
ENSG00000169738	DCXR	59.6		
ENSG00000169740	ZNF32	20.7		
ENSG00000169744	LDB2	34.4		
ENSG00000169750	RAC3	43.0		
ENSG00000169752	NRG4	0.6		
ENSG00000169756	LIMS1	29.0		
ENSG00000169758	TMEM266	0.1		
ENSG00000169760	NLGN1	3.7		
ENSG00000169762	TAPT1	5.2		
ENSG00000169763	PRYP3	0.0		
ENSG00000169764	UGP2	73.4		
ENSG00000169777	TAS2R1	0.0		
ENSG00000169783	LINGO1	30.2		
ENSG00000169789	PRY	0.0		
ENSG00000169800	RBMY1F	0.0		
ENSG00000169807	PRY2	0.0		
ENSG00000169813	HNRNPF	496.8		
ENSG00000169814	BTD	5.3		
ENSG00000169826	CSGALNACT2	12.6		
ENSG00000169836	TACR3	0.0		
ENSG00000169840	GSX1	0.0		
ENSG00000169851	PCDH7	1.3		
ENSG00000169855	ROBO1	31.5		
ENSG00000169856	ONECUT1	0.0		
ENSG00000169857	AVEN	12.2		
ENSG00000169860	P2RY1	3.9		
ENSG00000169862	CTNND2	0.0		
ENSG00000169871	TRIM56	3.5		
ENSG00000169876	MUC17	0.0		
ENSG00000169877	AHSP	0.0		
ENSG00000169884	WNT10B	4.8		
ENSG00000169885	CALML6	0.0		
ENSG00000169891	REPS2	1.1		
ENSG00000169894	MUC3A	0.4		
ENSG00000169895	SYAP1	21.0		
ENSG00000169896	ITGAM	0.0		
ENSG00000169900	PYDC1	0.0		
ENSG00000169902	TPST1	16.2		
ENSG00000169903	TM4SF4	0.0		
ENSG00000169905	TOR1AIP2	34.4		
ENSG00000169906	S100G	0.0		
ENSG00000169908	TM4SF1	1.9		
ENSG00000169914	OTUD3	8.9		
ENSG00000169918	OTUD7A	1.0		
ENSG00000169919	GUSB	16.5		
ENSG00000169925	BRD3	29.4		
ENSG00000169926	KLF13	4.1		
ENSG00000169933	FRMPD4	0.0		
ENSG00000169946	ZFPM2	0.0		
ENSG00000169951	ZNF764	3.6		
ENSG00000169953	HSFY2	0.0		
ENSG00000169955	ZNF747	3.3		
ENSG00000169957	ZNF768	24.8		
ENSG00000169962	TAS1R3	0.0		
ENSG00000169964	TMEM42	0.4		
ENSG00000169967	MAP3K2	15.6		
ENSG00000169972	PUSL1	10.8		
ENSG00000169976	SF3B5	214.0		
ENSG00000169981	ZNF35	0.3		
ENSG00000169989	TIGD4	0.8		
ENSG00000169991	IFFO2	7.6		
ENSG00000169992	NLGN2	7.9		
ENSG00000169994	MYO7B	0.0		
ENSG00000170004	CHD3	117.7		
ENSG00000170006	TMEM154	0.0		
ENSG00000170011	MYRIP	4.1		
ENSG00000170017	ALCAM	10.6		
ENSG00000170027	YWHAG	254.3		
ENSG00000170035	UBE2E3	400.7		
ENSG00000170037	CNTROB	36.8		
ENSG00000170043	TRAPPC1	173.8		
ENSG00000170044	ZPLD1	0.0		
ENSG00000170049	KCNAB3	1.3		
ENSG00000170054	SERPINA9	0.0		
ENSG00000170074	FAM153A	0.0		
ENSG00000170075	GPR37L1	0.0		
ENSG00000170085	SIMC1	24.2		
ENSG00000170088	TMEM192	26.8		
ENSG00000170091	NSG2	0.0		
ENSG00000170092	SPDYE5	0.0		
ENSG00000170099	SERPINA6	0.0		
ENSG00000170100	ZNF778	9.4		
ENSG00000170113	NIPA1	16.0		
ENSG00000170122	FOXD4	0.4		
ENSG00000170128	GPR25	0.0		
ENSG00000170142	UBE2E1	232.5		
ENSG00000170144	HNRNPA3	944.2		
ENSG00000170145	SIK2	8.2		
ENSG00000170152	AL391987.1	0.0		
ENSG00000170153	RNF150	9.8		
ENSG00000170160	CCDC144A	4.4		
ENSG00000170162	VGLL2	0.0		
ENSG00000170166	HOXD4	2.6		
ENSG00000170175	CHRNB1	1.4		
ENSG00000170178	HOXD12	0.2		
ENSG00000170180	GYPA	0.0		
ENSG00000170185	USP38	15.9		
ENSG00000170190	SLC16A5	3.2		
ENSG00000170191	NANP	10.6		
ENSG00000170209	ANKK1	0.0		
ENSG00000170214	ADRA1B	0.0		
ENSG00000170222	ADPRM	1.8		
ENSG00000170231	FABP6	0.0		
ENSG00000170234	PWWP2A	14.1		
ENSG00000170236	USP50	0.0		
ENSG00000170242	USP47	23.7		
ENSG00000170248	PDCD6IP	47.8		
ENSG00000170255	MRGPRX1	0.0		
ENSG00000170260	ZNF212	9.3		
ENSG00000170262	MRAP	0.0		
ENSG00000170264	FAM161A	4.3		
ENSG00000170265	ZNF282	13.6		
ENSG00000170266	GLB1	38.1		
ENSG00000170270	GON7	18.3		
ENSG00000170271	FAXDC2	0.1		
ENSG00000170275	CRTAP	68.0		
ENSG00000170276	HSPB2	0.0		
ENSG00000170279	C7orf33	0.0		
ENSG00000170289	CNGB3	0.0		
ENSG00000170290	SLN	0.0		
ENSG00000170291	ELP5	69.6		
ENSG00000170293	CMTM8	17.2		
ENSG00000170296	GABARAP	428.1		
ENSG00000170298	LGALS9B	0.0		
ENSG00000170310	STX8	35.5		
ENSG00000170312	CDK1	166.2		
ENSG00000170315	UBB	0.8		
ENSG00000170322	NFRKB	36.5		
ENSG00000170323	FABP4	0.1		
ENSG00000170324	FRMPD2	0.0		
ENSG00000170325	PRDM10	6.4		
ENSG00000170340	B3GNT2	13.3		
ENSG00000170345	FOS	3.6		
ENSG00000170348	TMED10	80.4		
ENSG00000170364	SETMAR	8.9		
ENSG00000170365	SMAD1	26.6		
ENSG00000170367	CST5	0.0		
ENSG00000170369	CST2	0.0		
ENSG00000170370	EMX2	0.6		
ENSG00000170373	CST1	0.0		
ENSG00000170374	SP7	0.0		
ENSG00000170379	TCAF2	0.1		
ENSG00000170381	SEMA3E	3.4		
ENSG00000170382	LRRN2	0.0		
ENSG00000170385	SLC30A1	11.5		
ENSG00000170390	DCLK2	3.5		
ENSG00000170396	ZNF804A	0.4		
ENSG00000170412	GPRC5C	7.7		
ENSG00000170417	TMEM182	2.6		
ENSG00000170419	VSTM2A	0.0		
ENSG00000170421	KRT8	17.6		
ENSG00000170423	KRT78	0.0		
ENSG00000170425	ADORA2B	7.9		
ENSG00000170426	SDR9C7	0.0		
ENSG00000170430	MGMT	4.5		
ENSG00000170439	METTL7B	4.1		
ENSG00000170442	KRT86	0.0		
ENSG00000170445	HARS1	85.9		
ENSG00000170448	NFXL1	12.4		
ENSG00000170454	KRT75	0.0		
ENSG00000170456	DENND5B	4.0		
ENSG00000170458	CD14	0.0		
ENSG00000170464	DNAJC18	4.5		
ENSG00000170465	KRT6C	0.0		
ENSG00000170468	RIOX1	19.1		
ENSG00000170469	SPATA24	8.7		
ENSG00000170471	RALGAPB	22.6		
ENSG00000170473	PYM1	43.6		
ENSG00000170476	MZB1	0.0		
ENSG00000170477	KRT4	0.0		
ENSG00000170482	SLC23A1	0.0		
ENSG00000170484	KRT74	0.0		
ENSG00000170485	NPAS2	10.8		
ENSG00000170486	KRT72	0.0		
ENSG00000170498	KISS1	0.0		
ENSG00000170500	LONRF2	5.8		
ENSG00000170502	NUDT9	32.1		
ENSG00000170509	HSD17B13	0.0		
ENSG00000170515	PA2G4	574.2		
ENSG00000170516	COX7B2	0.0		
ENSG00000170522	ELOVL6	46.8		
ENSG00000170523	KRT83	0.0		
ENSG00000170525	PFKFB3	24.9		
ENSG00000170537	TMC7	2.9		
ENSG00000170540	ARL6IP1	303.7		
ENSG00000170542	SERPINB9	27.6		
ENSG00000170545	SMAGP	17.1		
ENSG00000170549	IRX1	0.0		
ENSG00000170558	CDH2	50.0		
ENSG00000170561	IRX2	0.1		
ENSG00000170571	EMB	15.3		
ENSG00000170577	SIX2	4.7		
ENSG00000170579	DLGAP1	3.7		
ENSG00000170581	STAT2	21.0		
ENSG00000170584	NUDCD2	12.6		
ENSG00000170604	IRF2BP1	4.7		
ENSG00000170605	OR9K2	0.0		
ENSG00000170606	HSPA4	259.4		
ENSG00000170608	FOXA3	0.4		
ENSG00000170613	FAM71B	0.0		
ENSG00000170615	SLC26A5	0.0		
ENSG00000170619	COMMD5	22.5		
ENSG00000170624	SGCD	3.3		
ENSG00000170627	GTSF1	151.3		
ENSG00000170631	ZNF16	5.4		
ENSG00000170632	ARMC10	20.9		
ENSG00000170633	RNF34	52.6		
ENSG00000170634	ACYP2	3.3		
ENSG00000170638	TRABD	18.8		
ENSG00000170653	ATF7	13.0		
ENSG00000170667	RASA4B	0.0		
ENSG00000170677	SOCS6	12.8		
ENSG00000170681	CAVIN4	3.1		
ENSG00000170683	OR10A3	0.0		
ENSG00000170684	ZNF296	1.2		
ENSG00000170689	HOXB9	5.5		
ENSG00000170703	TTLL6	0.0		
ENSG00000170734	POLH	13.1		
ENSG00000170743	SYT9	0.0		
ENSG00000170745	KCNS3	20.7		
ENSG00000170748	RBMXL2	0.0		
ENSG00000170759	KIF5B	117.6		
ENSG00000170775	GPR37	2.2		
ENSG00000170776	AKAP13	23.9		
ENSG00000170777	TPD52L3	0.0		
ENSG00000170779	CDCA4	32.9		
ENSG00000170782	OR10A4	0.0		
ENSG00000170786	SDR16C5	0.0		
ENSG00000170788	DYDC1	0.0		
ENSG00000170790	OR10A2	0.0		
ENSG00000170791	CHCHD7	40.7		
ENSG00000170801	HTRA3	1.2		
ENSG00000170802	FOXN2	13.7		
ENSG00000170807	LMOD2	0.0		
ENSG00000170819	BFSP2	0.0		
ENSG00000170820	FSHR	0.0		
ENSG00000170832	USP32	33.1		
ENSG00000170835	CEL	0.7		
ENSG00000170836	PPM1D	4.9		
ENSG00000170837	GPR27	4.3		
ENSG00000170846	AC093323.1	5.8		
ENSG00000170848	PSG6	0.0		
ENSG00000170852	KBTBD2	24.5		
ENSG00000170854	RIOX2	28.9		
ENSG00000170855	TRIAP1	79.3		
ENSG00000170860	LSM3	34.5		
ENSG00000170871	KIAA0232	13.7		
ENSG00000170873	MTSS1	0.4		
ENSG00000170876	TMEM43	47.1		
ENSG00000170881	RNF139	18.3		
ENSG00000170889	RPS9	922.7		
ENSG00000170890	PLA2G1B	0.1		
ENSG00000170891	CYTL1	0.0		
ENSG00000170892	TSEN34	2.6		
ENSG00000170893	TRH	0.0		
ENSG00000170899	GSTA4	69.7		
ENSG00000170903	MSANTD4	30.1		
ENSG00000170906	NDUFA3	6.9		
ENSG00000170909	OSCAR	0.0		
ENSG00000170915	PAQR8	1.4		
ENSG00000170917	NUDT6	5.1		
ENSG00000170920	OR7G3	0.0		
ENSG00000170921	TANC2	25.6		
ENSG00000170923	OR7G2	0.0		
ENSG00000170925	TEX13B	0.0		
ENSG00000170927	PKHD1	0.0		
ENSG00000170929	OR1M1	0.0		
ENSG00000170935	NCBP2L	0.0		
ENSG00000170946	DNAJC24	6.4		
ENSG00000170948	MBD3L1	0.0		
ENSG00000170949	ZNF160	11.1		
ENSG00000170950	PGK2	0.0		
ENSG00000170953	OR8B12	0.0		
ENSG00000170954	ZNF415	0.0		
ENSG00000170955	CAVIN3	0.0		
ENSG00000170956	CEACAM3	0.0		
ENSG00000170959	DCDC1	0.0		
ENSG00000170961	HAS2	0.0		
ENSG00000170962	PDGFD	0.0		
ENSG00000170965	PLAC1	0.1		
ENSG00000170967	DDI1	0.0		
ENSG00000170989	S1PR1	1.8		
ENSG00000171004	HS6ST2	21.7		
ENSG00000171014	OR4D5	0.0		
ENSG00000171016	PYGO1	12.4		
ENSG00000171017	LRRC8E	7.7		
ENSG00000171033	PKIA	11.3		
ENSG00000171044	XKR6	1.6		
ENSG00000171045	TSNARE1	1.9		
ENSG00000171049	FPR2	0.1		
ENSG00000171051	FPR1	0.0		
ENSG00000171053	PATE1	0.0		
ENSG00000171054	OR13H1	0.0		
ENSG00000171055	FEZ2	42.4		
ENSG00000171056	SOX7	3.4		
ENSG00000171060	C8orf74	0.0		
ENSG00000171067	C11orf24	39.1		
ENSG00000171094	ALK	0.0		
ENSG00000171097	KYAT1	13.9		
ENSG00000171100	MTM1	6.1		
ENSG00000171102	OBP2B	0.0		
ENSG00000171103	TRMT61B	23.5		
ENSG00000171105	INSR	8.9		
ENSG00000171109	MFN1	25.4		
ENSG00000171115	GIMAP8	0.0		
ENSG00000171116	HSFX1	0.6		
ENSG00000171119	NRTN	3.2		
ENSG00000171121	KCNMB3	0.0		
ENSG00000171124	FUT3	0.0		
ENSG00000171126	KCNG3	4.7		
ENSG00000171130	ATP6V0E2	63.2		
ENSG00000171132	PRKCE	2.5		
ENSG00000171133	OR2K2	0.0		
ENSG00000171135	JAGN1	63.1		
ENSG00000171136	RLN3	0.0		
ENSG00000171148	TADA3	43.9		
ENSG00000171150	SOCS5	9.9		
ENSG00000171155	C1GALT1C1	16.2		
ENSG00000171159	C9orf16	7.5		
ENSG00000171160	MORN4	0.0		
ENSG00000171161	ZNF672	9.4		
ENSG00000171163	ZNF692	9.1		
ENSG00000171169	NAIF1	2.8		
ENSG00000171174	RBKS	0.6		
ENSG00000171180	OR2M4	0.0		
ENSG00000171189	GRIK1	0.0		
ENSG00000171195	MUC7	0.0		
ENSG00000171199	OPRPN	0.0		
ENSG00000171201	SMR3B	0.0		
ENSG00000171202	TMEM126A	53.8		
ENSG00000171204	TMEM126B	53.2		
ENSG00000171206	TRIM8	12.2		
ENSG00000171208	NETO2	86.4		
ENSG00000171209	CSN3	0.0		
ENSG00000171217	CLDN20	0.0		
ENSG00000171219	CDC42BPG	1.3		
ENSG00000171222	SCAND1	3.3		
ENSG00000171223	JUNB	2.5		
ENSG00000171224	FAM241B	16.6		
ENSG00000171227	TMEM37	3.0		
ENSG00000171234	UGT2B7	0.0		
ENSG00000171236	LRG1	0.0		
ENSG00000171241	SHCBP1	29.3		
ENSG00000171243	SOSTDC1	0.4		
ENSG00000171246	NPTX1	32.0		
ENSG00000171262	FAM98B	47.4		
ENSG00000171291	ZNF439	0.0		
ENSG00000171295	ZNF440	3.8		
ENSG00000171298	GAA	4.1		
ENSG00000171302	CANT1	27.1		
ENSG00000171303	KCNK3	0.0		
ENSG00000171307	ZDHHC16	48.2		
ENSG00000171310	CHST11	4.9		
ENSG00000171311	EXOSC1	52.5		
ENSG00000171314	PGAM1	639.8		
ENSG00000171316	CHD7	26.7		
ENSG00000171320	ESCO2	22.0		
ENSG00000171345	KRT19	0.1		
ENSG00000171346	KRT15	0.0		
ENSG00000171357	LURAP1	2.2		
ENSG00000171360	KRT38	0.0		
ENSG00000171365	CLCN5	9.9		
ENSG00000171368	TPPP	2.9		
ENSG00000171385	KCND3	0.4		
ENSG00000171388	APLN	1.4		
ENSG00000171396	KRTAP4-4	0.0		
ENSG00000171401	KRT13	0.0		
ENSG00000171402	XAGE3	0.0		
ENSG00000171403	KRT9	0.0		
ENSG00000171405	XAGE5	0.0		
ENSG00000171408	PDE7B	0.0		
ENSG00000171421	MRPL36	139.9		
ENSG00000171425	ZNF581	27.1		
ENSG00000171428	NAT1	4.5		
ENSG00000171431	KRT20	0.0		
ENSG00000171433	GLOD5	0.0		
ENSG00000171435	KSR2	0.0		
ENSG00000171443	ZNF524	1.1		
ENSG00000171444	MCC	8.2		
ENSG00000171446	KRT27	0.0		
ENSG00000171448	ZBTB26	6.1		
ENSG00000171450	CDK5R2	0.1		
ENSG00000171451	DSEL	1.7		
ENSG00000171453	POLR1C	64.7		
ENSG00000171456	ASXL1	45.3		
ENSG00000171459	OR1L6	0.0		
ENSG00000171462	DLK2	8.0		
ENSG00000171466	ZNF562	19.7		
ENSG00000171467	ZNF318	20.0		
ENSG00000171469	ZNF561	21.6		
ENSG00000171475	WIPF2	13.1		
ENSG00000171476	HOPX	1.4		
ENSG00000171478	SPACA5B	0.0		
ENSG00000171481	OR1L3	0.0		
ENSG00000171487	NLRP5	0.0		
ENSG00000171488	LRRC8C	10.1		
ENSG00000171489	SPACA5	0.1		
ENSG00000171490	RSL1D1	186.7		
ENSG00000171492	LRRC8D	43.6		
ENSG00000171495	MROH2B	0.0		
ENSG00000171496	OR1L8	0.0		
ENSG00000171497	PPID	127.9		
ENSG00000171501	OR1N2	0.0		
ENSG00000171502	COL24A1	0.6		
ENSG00000171503	ETFDH	22.1		
ENSG00000171505	OR1N1	0.0		
ENSG00000171509	RXFP1	0.0		
ENSG00000171517	LPAR3	19.0		
ENSG00000171522	PTGER4	0.2		
ENSG00000171530	TBCA	328.1		
ENSG00000171532	NEUROD2	0.0		
ENSG00000171533	MAP6	3.4		
ENSG00000171540	OTP	0.0		
ENSG00000171551	ECEL1	0.6		
ENSG00000171552	BCL2L1	42.9		
ENSG00000171557	FGG	0.0		
ENSG00000171560	FGA	0.0		
ENSG00000171561	OR2AT4	0.2		
ENSG00000171564	FGB	0.0		
ENSG00000171566	PLRG1	97.2		
ENSG00000171574	ZNF584	12.1		
ENSG00000171587	DSCAM	0.0		
ENSG00000171595	DNAI2	0.0		
ENSG00000171596	NMUR1	0.5		
ENSG00000171603	CLSTN1	41.2		
ENSG00000171604	CXXC5	6.7		
ENSG00000171606	ZNF274	10.1		
ENSG00000171608	PIK3CD	2.0		
ENSG00000171611	PTCRA	0.0		
ENSG00000171612	SLC25A33	22.2		
ENSG00000171617	ENC1	0.7		
ENSG00000171621	SPSB1	4.8		
ENSG00000171631	P2RY6	0.1		
ENSG00000171634	BPTF	74.4		
ENSG00000171643	S100Z	0.0		
ENSG00000171649	ZIK1	0.0		
ENSG00000171657	GPR82	0.0		
ENSG00000171659	GPR34	0.0		
ENSG00000171680	PLEKHG5	2.2		
ENSG00000171681	ATF7IP	34.3		
ENSG00000171695	LKAAEAR1	0.0		
ENSG00000171700	RGS19	7.0		
ENSG00000171703	TCEA2	12.3		
ENSG00000171711	DEFB4A	0.0		
ENSG00000171714	ANO5	5.0		
ENSG00000171720	HDAC3	72.9		
ENSG00000171722	SPATA46	0.0		
ENSG00000171723	GPHN	17.0		
ENSG00000171724	VAT1L	0.0		
ENSG00000171729	TMEM51	4.3		
ENSG00000171735	CAMTA1	53.6		
ENSG00000171747	LGALS4	0.0		
ENSG00000171757	LRRC34	1.8		
ENSG00000171759	PAH	0.0		
ENSG00000171763	SPATA5L1	14.8		
ENSG00000171766	GATM	17.0		
ENSG00000171772	SYCE1	0.0		
ENSG00000171773	NXNL1	0.2		
ENSG00000171777	RASGRP4	0.0		
ENSG00000171786	NHLH1	0.4		
ENSG00000171790	SLFNL1	0.0		
ENSG00000171791	BCL2	6.7		
ENSG00000171792	RHNO1	43.0		
ENSG00000171793	CTPS1	91.5		
ENSG00000171794	UTF1	0.0		
ENSG00000171798	KNDC1	0.0		
ENSG00000171804	WDR87	0.0		
ENSG00000171806	METTL18	11.5		
ENSG00000171811	CFAP46	0.9		
ENSG00000171812	COL8A2	0.0		
ENSG00000171813	PWWP2B	2.3		
ENSG00000171815	PCDHB1	0.0		
ENSG00000171817	ZNF540	0.8		
ENSG00000171819	ANGPTL7	0.0		
ENSG00000171823	FBXL14	3.9		
ENSG00000171824	EXOSC10	95.0		
ENSG00000171827	ZNF570	2.4		
ENSG00000171840	NINJ2	0.2		
ENSG00000171843	MLLT3	8.5		
ENSG00000171847	FAM90A1	3.2		
ENSG00000171848	RRM2	188.0		
ENSG00000171853	TRAPPC12	10.5		
ENSG00000171855	IFNB1	0.0		
ENSG00000171858	RPS21	1343.1		
ENSG00000171860	C3AR1	0.0		
ENSG00000171861	MRM3	33.0		
ENSG00000171862	PTEN	16.6		
ENSG00000171863	RPS7	2038.5		
ENSG00000171864	PRND	0.0		
ENSG00000171865	RNASEH1	32.6		
ENSG00000171867	PRNP	45.9		
ENSG00000171872	KLF17	0.0		
ENSG00000171873	ADRA1D	0.0		
ENSG00000171877	FRMD5	3.3		
ENSG00000171885	AQP4	0.0		
ENSG00000171903	CYP4F11	0.0		
ENSG00000171914	TLN2	10.3		
ENSG00000171916	LGALS9C	0.0		
ENSG00000171928	TVP23B	19.2		
ENSG00000171931	FBXW10	0.0		
ENSG00000171936	OR10H3	0.0		
ENSG00000171940	ZNF217	22.3		
ENSG00000171942	OR10H2	0.0		
ENSG00000171943	SRGAP2C	11.0		
ENSG00000171944	OR52A5	0.0		
ENSG00000171951	SCG2	0.2		
ENSG00000171953	ATPAF2	14.8		
ENSG00000171954	CYP4F22	0.2		
ENSG00000171956	FOXB1	0.0		
ENSG00000171960	PPIH	150.8		
ENSG00000171962	DRC3	0.6		
ENSG00000171970	ZNF57	7.5		
ENSG00000171984	SHLD1	2.8		
ENSG00000171988	JMJD1C	7.6		
ENSG00000171989	LDHAL6B	0.0		
ENSG00000171992	SYNPO	0.1		
ENSG00000172000	ZNF556	0.0		
ENSG00000172005	MAL	0.2		
ENSG00000172006	ZNF554	0.2		
ENSG00000172007	RAB33B	6.1		
ENSG00000172009	THOP1	37.8		
ENSG00000172014	ANKRD20A4P	0.6		
ENSG00000172016	REG3A	0.0		
ENSG00000172020	GAP43	0.4		
ENSG00000172023	REG1B	0.0		
ENSG00000172031	EPHX4	0.5		
ENSG00000172037	LAMB2	30.0		
ENSG00000172046	USP19	40.3		
ENSG00000172053	QARS1	166.3		
ENSG00000172057	ORMDL3	29.8		
ENSG00000172058	SERF1A	0.8		
ENSG00000172059	KLF11	6.8		
ENSG00000172061	LRRC15	0.0		
ENSG00000172062	SMN1	5.4		
ENSG00000172071	EIF2AK3	1.6		
ENSG00000172073	TEX37	0.0		
ENSG00000172081	MOB3A	12.0		
ENSG00000172086	KRCC1	6.3		
ENSG00000172113	NME6	21.9		
ENSG00000172115	CYCS	396.5		
ENSG00000172116	CD8B	0.1		
ENSG00000172123	SLFN12	0.4		
ENSG00000172137	CALB2	0.0		
ENSG00000172139	SLC9C1	0.0		
ENSG00000172146	OR1A1	0.0		
ENSG00000172150	OR1A2	0.0		
ENSG00000172154	OR8I2	0.0		
ENSG00000172155	LCE1D	0.0		
ENSG00000172156	CCL11	0.0		
ENSG00000172159	FRMD3	0.2		
ENSG00000172164	SNTB1	2.0		
ENSG00000172167	MTBP	13.9		
ENSG00000172171	TEFM	18.6		
ENSG00000172172	MRPL13	82.1		
ENSG00000172175	MALT1	10.8		
ENSG00000172179	PRL	0.0		
ENSG00000172183	ISG20	1.1		
ENSG00000172188	OR4C11	0.0		
ENSG00000172197	MBOAT1	7.6		
ENSG00000172199	OR8U1	0.0		
ENSG00000172201	ID4	0.0		
ENSG00000172208	OR4X2	0.0		
ENSG00000172209	GPR22	0.0		
ENSG00000172215	CXCR6	0.0		
ENSG00000172216	CEBPB	3.7		
ENSG00000172232	AZU1	0.0		
ENSG00000172236	TPSAB1	0.0		
ENSG00000172238	ATOH1	0.7		
ENSG00000172239	PAIP1	249.3		
ENSG00000172243	CLEC7A	0.0		
ENSG00000172244	C5orf34	11.3		
ENSG00000172247	C1QTNF4	0.0		
ENSG00000172260	NEGR1	0.0		
ENSG00000172262	ZNF131	38.9		
ENSG00000172264	MACROD2	0.3		
ENSG00000172269	DPAGT1	42.0		
ENSG00000172270	BSG	341.0		
ENSG00000172273	HINFP	18.0		
ENSG00000172288	CDY1	0.0		
ENSG00000172289	OR10V1	0.0		
ENSG00000172292	CERS6	32.2		
ENSG00000172296	SPTLC3	0.0		
ENSG00000172301	COPRS	116.0		
ENSG00000172315	TP53RK	23.1		
ENSG00000172318	B3GALT1	0.0		
ENSG00000172320	OR5A1	0.0		
ENSG00000172322	CLEC12A	0.0		
ENSG00000172324	OR5A2	0.4		
ENSG00000172331	BPGM	23.3		
ENSG00000172336	POP7	70.1		
ENSG00000172339	ALG14	1.5		
ENSG00000172340	SUCLG2	28.5		
ENSG00000172345	STARD5	1.1		
ENSG00000172346	CSDC2	0.0		
ENSG00000172348	RCAN2	0.0		
ENSG00000172349	IL16	0.0		
ENSG00000172350	ABCG4	1.0		
ENSG00000172352	CDY1B	0.0		
ENSG00000172354	GNB2	177.7		
ENSG00000172361	CFAP53	0.3		
ENSG00000172362	OR5B12	0.0		
ENSG00000172365	OR5B2	0.0		
ENSG00000172366	MCRIP2	2.4		
ENSG00000172367	PDZD3	0.0		
ENSG00000172375	C2CD2L	7.6		
ENSG00000172377	OR9I1	0.0		
ENSG00000172379	ARNT2	10.5		
ENSG00000172380	GNG12	36.6		
ENSG00000172382	PRSS27	0.0		
ENSG00000172399	MYOZ2	0.0		
ENSG00000172403	SYNPO2	0.4		
ENSG00000172404	DNAJB7	0.0		
ENSG00000172409	CLP1	29.2		
ENSG00000172410	INSL5	0.0		
ENSG00000172421	EFCAB3	0.0		
ENSG00000172425	TTC36	0.1		
ENSG00000172426	RSPH9	0.1		
ENSG00000172428	COPS9	138.4		
ENSG00000172432	GTPBP2	9.8		
ENSG00000172456	FGGY	1.6		
ENSG00000172457	OR9G4	0.0		
ENSG00000172458	IL17D	1.5		
ENSG00000172459	OR5AR1	0.0		
ENSG00000172461	FUT9	0.1		
ENSG00000172464	OR5AP2	0.0		
ENSG00000172465	TCEAL1	19.2		
ENSG00000172466	ZNF24	44.7		
ENSG00000172468	HSFY1	0.0		
ENSG00000172469	MANEA	14.1		
ENSG00000172476	RAB40A	0.2		
ENSG00000172478	MAB21L4	0.0		
ENSG00000172482	AGXT	0.0		
ENSG00000172487	OR8J1	0.0		
ENSG00000172489	OR5T3	0.0		
ENSG00000172493	AFF1	18.0		
ENSG00000172497	ACOT12	0.0		
ENSG00000172500	FIBP	48.5		
ENSG00000172508	CARNS1	0.0		
ENSG00000172519	OR10H5	0.1		
ENSG00000172530	BANP	14.4		
ENSG00000172531	PPP1CA	213.9		
ENSG00000172534	HCFC1	41.8		
ENSG00000172538	FAM170B	0.0		
ENSG00000172543	CTSW	0.0		
ENSG00000172548	NIPAL4	0.3		
ENSG00000172551	MUCL1	0.0		
ENSG00000172554	SNTG2	1.7		
ENSG00000172568	FNDC9	0.0		
ENSG00000172572	PDE3A	0.0		
ENSG00000172575	RASGRP1	2.4		
ENSG00000172578	KLHL6	0.0		
ENSG00000172586	CHCHD1	69.8		
ENSG00000172590	MRPL52	79.8		
ENSG00000172594	SMPDL3A	1.7		
ENSG00000172602	RND1	3.1		
ENSG00000172613	RAD9A	6.0		
ENSG00000172638	EFEMP2	0.0		
ENSG00000172640	OR10AD1	0.0		
ENSG00000172650	AGAP5	2.8		
ENSG00000172661	WASHC2C	23.2		
ENSG00000172663	TMEM134	2.9		
ENSG00000172667	ZMAT3	4.6		
ENSG00000172671	ZFAND4	1.1		
ENSG00000172673	THEMIS	0.0		
ENSG00000172680	MOS	0.0		
ENSG00000172687	ZNF738	17.8		
ENSG00000172689	MS4A10	0.0		
ENSG00000172716	SLFN11	78.8		
ENSG00000172717	FAM71D	0.0		
ENSG00000172724	CCL19	0.0		
ENSG00000172725	CORO1B	41.9		
ENSG00000172728	FUT10	10.4		
ENSG00000172731	LRRC20	14.3		
ENSG00000172732	MUS81	19.9		
ENSG00000172733	PURG	2.0		
ENSG00000172738	TMEM217	0.7		
ENSG00000172742	OR4D9	0.1		
ENSG00000172748	ZNF596	1.2		
ENSG00000172752	COL6A5	0.0		
ENSG00000172757	CFL1	1389.2		
ENSG00000172765	TMCC1	5.0		
ENSG00000172766	NAA16	7.7		
ENSG00000172769	OR5B3	0.0		
ENSG00000172771	EFCAB12	0.0		
ENSG00000172772	OR10W1	0.0		
ENSG00000172775	PSME3IP1	114.4		
ENSG00000172780	RAB43	0.5		
ENSG00000172782	FADS6	0.7		
ENSG00000172785	CBWD1	11.3		
ENSG00000172789	HOXC5	0.1		
ENSG00000172794	RAB37	0.0		
ENSG00000172795	DCP2	27.6		
ENSG00000172803	SNX32	0.0		
ENSG00000172809	RPL38	1888.2		
ENSG00000172817	CYP7B1	0.2		
ENSG00000172818	OVOL1	0.0		
ENSG00000172819	RARG	18.4		
ENSG00000172824	CES4A	0.0		
ENSG00000172828	CES3	1.1		
ENSG00000172830	SSH3	6.0		
ENSG00000172831	CES2	14.2		
ENSG00000172840	PDP2	20.8		
ENSG00000172845	SP3	57.8		
ENSG00000172867	KRT2	0.0		
ENSG00000172869	DMXL1	9.9		
ENSG00000172878	METAP1D	9.1		
ENSG00000172888	ZNF621	12.2		
ENSG00000172889	EGFL7	3.7		
ENSG00000172890	NADSYN1	15.9		
ENSG00000172893	DHCR7	128.8		
ENSG00000172901	LVRN	0.0		
ENSG00000172915	NBEA	3.7		
ENSG00000172922	RNASEH2C	14.0		
ENSG00000172927	MYEOV	0.0		
ENSG00000172932	ANKRD13D	4.5		
ENSG00000172935	MRGPRF	0.1		
ENSG00000172936	MYD88	43.2		
ENSG00000172938	MRGPRD	0.0		
ENSG00000172939	OXSR1	57.8		
ENSG00000172940	SLC22A13	0.0		
ENSG00000172943	PHF8	51.1		
ENSG00000172954	LCLAT1	38.8		
ENSG00000172955	ADH6	0.0		
ENSG00000172967	XKR3	0.0		
ENSG00000172969	FRG2C	0.0		
ENSG00000172977	KAT5	50.8		
ENSG00000172985	SH3RF3	0.2		
ENSG00000172986	GXYLT2	1.0		
ENSG00000172987	HPSE2	0.2		
ENSG00000172992	DCAKD	21.8		
ENSG00000172995	ARPP21	0.0		
ENSG00000173011	TADA2B	16.3		
ENSG00000173013	CCDC96	0.5		
ENSG00000173020	GRK2	41.3		
ENSG00000173039	RELA	36.8		
ENSG00000173040	EVC2	0.0		
ENSG00000173041	ZNF680	10.5		
ENSG00000173064	HECTD4	10.8		
ENSG00000173065	FAM222B	17.7		
ENSG00000173068	BNC2	5.1		
ENSG00000173080	RXFP4	0.0		
ENSG00000173083	HPSE	16.8		
ENSG00000173085	COQ2	23.9		
ENSG00000173093	CCDC63	0.0		
ENSG00000173110	HSPA6	0.5		
ENSG00000173113	TRMT112	367.8		
ENSG00000173114	LRRN3	1.5		
ENSG00000173120	KDM2A	31.3		
ENSG00000173124	ACSM6	0.0		
ENSG00000173137	ADCK5	0.1		
ENSG00000173141	MRPL57	18.3		
ENSG00000173145	NOC3L	39.2		
ENSG00000173153	ESRRA	16.9		
ENSG00000173156	RHOD	1.6		
ENSG00000173157	ADAMTS20	0.0		
ENSG00000173163	COMMD1	18.0		
ENSG00000173166	RAPH1	8.2		
ENSG00000173171	MTX1	40.6		
ENSG00000173175	ADCY5	0.6		
ENSG00000173193	PARP14	11.9		
ENSG00000173198	CYSLTR1	0.0		
ENSG00000173200	PARP15	0.0		
ENSG00000173207	CKS1B	468.0		
ENSG00000173208	ABCD2	0.0		
ENSG00000173210	ABLIM3	0.1		
ENSG00000173212	MAB21L3	0.1		
ENSG00000173213	TUBB8B	0.0		
ENSG00000173214	MFSD4B	5.5		
ENSG00000173218	VANGL1	11.2		
ENSG00000173221	GLRX	12.9		
ENSG00000173226	IQCB1	30.5		
ENSG00000173227	SYT12	0.2		
ENSG00000173230	GOLGB1	9.2		
ENSG00000173237	C11orf86	0.0		
ENSG00000173239	LIPM	0.0		
ENSG00000173250	GPR151	0.0		
ENSG00000173253	DMRT2	0.9		
ENSG00000173258	ZNF483	1.1		
ENSG00000173261	PLAC8L1	1.3		
ENSG00000173262	SLC2A14	0.1		
ENSG00000173264	GPR137	28.8		
ENSG00000173267	SNCG	0.0		
ENSG00000173269	MMRN2	0.0		
ENSG00000173272	MZT2A	7.2		
ENSG00000173273	TNKS	16.5		
ENSG00000173275	ZNF449	5.4		
ENSG00000173276	ZBTB21	14.1		
ENSG00000173281	PPP1R3B	1.3		
ENSG00000173285	OR10K1	0.1		
ENSG00000173302	GPR148	0.0		
ENSG00000173320	STOX2	7.4		
ENSG00000173327	MAP3K11	12.2		
ENSG00000173334	TRIB1	7.0		
ENSG00000173335	CST9	0.0		
ENSG00000173338	KCNK7	0.0		
ENSG00000173349	SFT2D3	3.5		
ENSG00000173366	AC097637.1	0.0		
ENSG00000173369	C1QB	0.0		
ENSG00000173372	C1QA	0.0		
ENSG00000173376	NDNF	0.0		
ENSG00000173389	IQCF1	0.0		
ENSG00000173391	OLR1	0.0		
ENSG00000173401	GLIPR1L1	0.0		
ENSG00000173402	DAG1	55.6		
ENSG00000173404	INSM1	1.2		
ENSG00000173406	DAB1	0.0		
ENSG00000173409	ARV1	40.6		
ENSG00000173418	NAA20	85.8		
ENSG00000173421	IHO1	0.0		
ENSG00000173431	RNASE8	0.0		
ENSG00000173432	SAA1	0.0		
ENSG00000173436	MICOS10	12.8		
ENSG00000173442	EHBP1L1	7.6		
ENSG00000173451	THAP2	10.9		
ENSG00000173452	TMEM196	0.0		
ENSG00000173456	RNF26	61.9		
ENSG00000173457	PPP1R14B	112.2		
ENSG00000173464	RNASE11	0.0		
ENSG00000173465	ZNRD2	29.5		
ENSG00000173467	AGR3	0.0		
ENSG00000173473	SMARCC1	91.2		
ENSG00000173480	ZNF417	10.9		
ENSG00000173482	PTPRM	0.2		
ENSG00000173486	FKBP2	70.5		
ENSG00000173511	VEGFB	15.8		
ENSG00000173517	PEAK1	14.6		
ENSG00000173530	TNFRSF10D	13.7		
ENSG00000173531	MST1	0.6		
ENSG00000173535	TNFRSF10C	0.2		
ENSG00000173540	GMPPB	18.6		
ENSG00000173542	MOB1B	15.2		
ENSG00000173545	ZNF622	27.5		
ENSG00000173546	CSPG4	0.1		
ENSG00000173548	SNX33	15.7		
ENSG00000173557	FAM166C	0.0		
ENSG00000173559	NABP1	5.7		
ENSG00000173567	ADGRF3	0.0		
ENSG00000173572	NLRP13	0.0		
ENSG00000173575	CHD2	17.6		
ENSG00000173578	XCR1	0.0		
ENSG00000173581	CCDC106	24.6		
ENSG00000173585	CCR9	0.0		
ENSG00000173588	CEP83	18.3		
ENSG00000173597	SULT1B1	0.1		
ENSG00000173598	NUDT4	102.4		
ENSG00000173599	PC	7.7		
ENSG00000173610	UGT2A1	0.0		
ENSG00000173611	SCAI	4.2		
ENSG00000173612	GPRC6A	0.0		
ENSG00000173614	NMNAT1	9.4		
ENSG00000173621	LRFN4	5.2		
ENSG00000173626	TRAPPC3L	0.3		
ENSG00000173627	APOBEC4	0.0		
ENSG00000173638	SLC19A1	9.0		
ENSG00000173641	HSPB7	0.0		
ENSG00000173653	RCE1	17.1		
ENSG00000173660	UQCRH	742.2		
ENSG00000173662	TAS1R1	0.1		
ENSG00000173673	HES3	0.0		
ENSG00000173674	EIF1AX	172.8		
ENSG00000173678	SPDYE2B	0.0		
ENSG00000173679	OR1L1	0.0		
ENSG00000173681	BCLAF3	4.6		
ENSG00000173692	PSMD1	169.4		
ENSG00000173698	ADGRG2	0.0		
ENSG00000173699	SPATA3	0.0		
ENSG00000173702	MUC13	0.0		
ENSG00000173705	SUSD5	13.7		
ENSG00000173706	HEG1	7.4		
ENSG00000173714	WFIKKN2	0.0		
ENSG00000173715	C11orf80	7.8		
ENSG00000173726	TOMM20	147.8		
ENSG00000173728	C1orf100	0.0		
ENSG00000173744	AGFG1	87.9		
ENSG00000173757	STAT5B	19.9		
ENSG00000173762	CD7	0.0		
ENSG00000173769	TOPAZ1	0.0		
ENSG00000173786	CNP	58.3		
ENSG00000173801	JUP	31.6		
ENSG00000173805	HAP1	0.5		
ENSG00000173809	TDRD12	0.3		
ENSG00000173812	EIF1	263.7		
ENSG00000173818	ENDOV	2.1		
ENSG00000173821	RNF213	9.3		
ENSG00000173825	TIGD3	1.3		
ENSG00000173826	KCNH6	0.0		
ENSG00000173838	MARCHF10	0.0		
ENSG00000173846	PLK3	3.7		
ENSG00000173848	NET1	54.9		
ENSG00000173852	DPY19L1	27.2		
ENSG00000173867	AC013489.1	2.1		
ENSG00000173868	PHOSPHO1	0.9		
ENSG00000173875	ZNF791	7.1		
ENSG00000173889	PHC3	15.3		
ENSG00000173890	GPR160	8.8		
ENSG00000173894	CBX2	43.0		
ENSG00000173898	SPTBN2	25.2		
ENSG00000173905	GOLIM4	44.4		
ENSG00000173908	KRT28	0.0		
ENSG00000173914	RBM4B	30.1		
ENSG00000173915	ATP5MD	502.2		
ENSG00000173917	HOXB2	8.2		
ENSG00000173918	C1QTNF1	1.0		
ENSG00000173926	MARCHF3	4.9		
ENSG00000173928	SWSAP1	3.4		
ENSG00000173930	SLCO4C1	1.4		
ENSG00000173933	RBM4	263.5		
ENSG00000173947	PIFO	0.8		
ENSG00000173950	XXYLT1	16.8		
ENSG00000173960	UBXN2A	12.7		
ENSG00000173976	RAX2	0.0		
ENSG00000173988	LRRC63	0.2		
ENSG00000173991	TCAP	0.3		
ENSG00000173992	CCS	7.2		
ENSG00000174004	NRROS	1.1		
ENSG00000174007	CEP19	3.8		
ENSG00000174010	KLHL15	8.4		
ENSG00000174013	FBXO45	33.9		
ENSG00000174015	CBY2	0.0		
ENSG00000174016	TENT5D	0.0		
ENSG00000174021	GNG5	127.3		
ENSG00000174032	SLC25A30	11.6		
ENSG00000174038	C9orf131	0.0		
ENSG00000174059	CD34	0.0		
ENSG00000174080	CTSF	6.8		
ENSG00000174099	MSRB3	7.7		
ENSG00000174106	LEMD3	18.5		
ENSG00000174109	C16orf91	20.6		
ENSG00000174123	TLR10	0.0		
ENSG00000174125	TLR1	0.1		
ENSG00000174130	TLR6	0.1		
ENSG00000174132	FAM174A	3.6		
ENSG00000174136	RGMB	10.4		
ENSG00000174137	FAM53A	0.0		
ENSG00000174145	NWD2	0.0		
ENSG00000174151	CYB561D1	5.1		
ENSG00000174156	GSTA3	0.6		
ENSG00000174165	ZDHHC24	1.9		
ENSG00000174173	TRMT10C	71.5		
ENSG00000174175	SELP	0.0		
ENSG00000174177	CTU2	14.8		
ENSG00000174197	MGA	25.9		
ENSG00000174206	C12orf66	6.9		
ENSG00000174225	ARL13A	0.0		
ENSG00000174226	SNX31	0.1		
ENSG00000174227	PIGG	17.2		
ENSG00000174231	PRPF8	356.3		
ENSG00000174233	ADCY6	9.2		
ENSG00000174236	REP15	1.0		
ENSG00000174238	PITPNA	64.2		
ENSG00000174243	DDX23	168.1		
ENSG00000174255	ZNF80	0.0		
ENSG00000174276	ZNHIT2	0.9		
ENSG00000174279	EVX2	0.0		
ENSG00000174282	ZBTB4	3.6		
ENSG00000174292	TNK1	0.0		
ENSG00000174306	ZHX3	7.9		
ENSG00000174307	PHLDA3	1.0		
ENSG00000174326	SLC16A11	0.0		
ENSG00000174327	SLC16A13	4.1		
ENSG00000174332	GLIS1	0.0		
ENSG00000174339	OR2Y1	0.0		
ENSG00000174343	CHRNA9	0.0		
ENSG00000174348	PODN	0.0		
ENSG00000174358	SLC6A19	0.0		
ENSG00000174370	C11orf45	2.4		
ENSG00000174371	EXO1	55.5		
ENSG00000174373	RALGAPA1	13.4		
ENSG00000174405	LIG4	10.2		
ENSG00000174417	TRHR	0.0		
ENSG00000174428	GTF2IRD2B	6.1		
ENSG00000174429	ABRA	0.0		
ENSG00000174437	ATP2A2	215.9		
ENSG00000174442	ZWILCH	156.4		
ENSG00000174444	RPL4	7026.5		
ENSG00000174446	SNAPC5	62.6		
ENSG00000174448	STARD6	0.0		
ENSG00000174450	GOLGA6L2	0.0		
ENSG00000174453	VWC2L	0.0		
ENSG00000174456	C12orf76	4.2		
ENSG00000174460	ZCCHC12	3.9		
ENSG00000174469	CNTNAP2	1.7		
ENSG00000174473	GALNTL6	0.0		
ENSG00000174482	LINGO2	0.0		
ENSG00000174483	BBS1	10.1		
ENSG00000174485	DENND4A	9.7		
ENSG00000174498	IGDCC3	7.2		
ENSG00000174500	GCSAM	0.0		
ENSG00000174501	ANKRD36C	3.0		
ENSG00000174502	SLC26A9	0.0		
ENSG00000174514	MFSD4A	0.9		
ENSG00000174516	PELI3	4.0		
ENSG00000174521	TTC9B	0.0		
ENSG00000174527	MYO1H	0.0		
ENSG00000174529	TMEM81	7.5		
ENSG00000174547	MRPL11	66.5		
ENSG00000174562	KLK15	0.0		
ENSG00000174564	IL20RB	0.0		
ENSG00000174567	GOLT1A	0.0		
ENSG00000174574	AKIRIN1	114.7		
ENSG00000174576	NPAS4	0.1		
ENSG00000174579	MSL2	24.6		
ENSG00000174586	ZNF497	0.7		
ENSG00000174599	TRAM1L1	2.0		
ENSG00000174600	CMKLR1	0.0		
ENSG00000174606	ANGEL2	17.8		
ENSG00000174607	UGT8	0.0		
ENSG00000174611	KY	0.3		
ENSG00000174628	IQCK	1.9		
ENSG00000174640	SLCO2A1	0.1		
ENSG00000174652	ZNF266	19.3		
ENSG00000174667	OR7D4	0.0		
ENSG00000174669	SLC29A2	11.4		
ENSG00000174672	BRSK2	13.3		
ENSG00000174684	B4GAT1	32.0		
ENSG00000174695	TMEM167A	52.0		
ENSG00000174697	LEP	0.0		
ENSG00000174705	SH3PXD2B	18.7		
ENSG00000174718	RESF1	31.3		
ENSG00000174720	LARP7	75.1		
ENSG00000174721	FGFBP3	2.2		
ENSG00000174738	NR1D2	14.6		
ENSG00000174740	PABPC5	0.0		
ENSG00000174744	BRMS1	64.9		
ENSG00000174748	RPL15	2257.1		
ENSG00000174749	FAM241A	3.9		
ENSG00000174775	HRAS	46.0		
ENSG00000174776	WDR49	0.0		
ENSG00000174780	SRP72	126.9		
ENSG00000174788	PCP2	0.0		
ENSG00000174791	RIN1	0.0		
ENSG00000174792	ODAPH	0.0		
ENSG00000174796	THAP6	12.4		
ENSG00000174799	CEP135	13.8		
ENSG00000174804	FZD4	3.1		
ENSG00000174807	CD248	0.2		
ENSG00000174808	BTC	0.0		
ENSG00000174827	PDZK1	0.2		
ENSG00000174837	ADGRE1	0.0		
ENSG00000174839	DENND6A	14.4		
ENSG00000174840	PDE12	24.8		
ENSG00000174842	GLMN	14.3		
ENSG00000174844	DNAH12	0.0		
ENSG00000174851	YIF1A	60.7		
ENSG00000174871	CNIH2	3.6		
ENSG00000174876	AMY1B	0.0		
ENSG00000174885	NLRP6	0.0		
ENSG00000174886	NDUFA11	118.6		
ENSG00000174891	RSRC1	48.4		
ENSG00000174898	CATSPERD	0.0		
ENSG00000174903	RAB1B	140.7		
ENSG00000174914	OR9G1	0.0		
ENSG00000174915	PTDSS2	15.7		
ENSG00000174917	MICOS13	25.8		
ENSG00000174928	C3orf33	3.7		
ENSG00000174937	OR5M3	0.0		
ENSG00000174938	SEZ6L2	4.4		
ENSG00000174939	ASPHD1	2.0		
ENSG00000174943	KCTD13	6.8		
ENSG00000174944	P2RY14	0.0		
ENSG00000174945	AMZ1	0.0		
ENSG00000174946	GPR171	0.0		
ENSG00000174948	GPR149	0.0		
ENSG00000174950	CD164L2	0.0		
ENSG00000174951	FUT1	1.9		
ENSG00000174953	DHX36	53.8		
ENSG00000174957	OR5J2	0.0		
ENSG00000174963	ZIC4	0.0		
ENSG00000174970	OR10AG1	0.0		
ENSG00000174982	OR4S2	0.0		
ENSG00000174989	FBXW8	10.1		
ENSG00000174990	CA5A	0.0		
ENSG00000174992	ZG16	0.0		
ENSG00000174996	KLC2	29.3		
ENSG00000175003	SLC22A1	0.0		
ENSG00000175018	TEX36	0.0		
ENSG00000175029	CTBP2	83.8		
ENSG00000175040	CHST2	2.3		
ENSG00000175048	ZDHHC14	2.2		
ENSG00000175054	ATR	10.9		
ENSG00000175063	UBE2C	2.2		
ENSG00000175065	DSG4	0.0		
ENSG00000175066	GK5	4.5		
ENSG00000175073	VCPIP1	6.2		
ENSG00000175077	RTP1	0.0		
ENSG00000175084	DES	0.0		
ENSG00000175087	PDIK1L	11.2		
ENSG00000175093	SPSB4	0.7		
ENSG00000175097	RAG2	0.0		
ENSG00000175104	TRAF6	9.6		
ENSG00000175105	ZNF654	5.3		
ENSG00000175106	TVP23C	8.4		
ENSG00000175110	MRPS22	64.6		
ENSG00000175115	PACS1	15.6		
ENSG00000175121	WFDC5	0.0		
ENSG00000175130	MARCKSL1	333.1		
ENSG00000175137	SH3BP5L	17.9		
ENSG00000175143	OR2T1	0.0		
ENSG00000175155	YPEL2	1.5		
ENSG00000175161	CADM2	1.2		
ENSG00000175164	ABO	0.0		
ENSG00000175166	PSMD2	290.3		
ENSG00000175175	PPM1E	19.9		
ENSG00000175182	FAM131A	0.0		
ENSG00000175183	CSRP2	75.3		
ENSG00000175189	INHBC	0.1		
ENSG00000175193	PARL	64.1		
ENSG00000175197	DDIT3	38.5		
ENSG00000175198	PCCA	9.1		
ENSG00000175202	HIGD2B	0.0		
ENSG00000175203	DCTN2	106.0		
ENSG00000175206	NPPA	0.0		
ENSG00000175213	ZNF408	6.7		
ENSG00000175215	CTDSP2	70.0		
ENSG00000175216	CKAP5	144.0		
ENSG00000175220	ARHGAP1	22.4		
ENSG00000175221	MED16	9.3		
ENSG00000175224	ATG13	42.7		
ENSG00000175229	GAL3ST3	0.0		
ENSG00000175262	C1orf127	0.0		
ENSG00000175264	CHST1	0.0		
ENSG00000175265	GOLGA8A	9.5		
ENSG00000175267	VWA3A	0.0		
ENSG00000175274	TP53I11	14.6		
ENSG00000175279	CENPS	16.1		
ENSG00000175283	DOLK	20.3		
ENSG00000175287	PHYHD1	0.4		
ENSG00000175294	CATSPER1	0.0		
ENSG00000175305	CCNE2	19.4		
ENSG00000175309	PHYKPL	7.7		
ENSG00000175311	ANKS4B	0.0		
ENSG00000175315	CST6	0.0		
ENSG00000175318	GRAMD2A	0.0		
ENSG00000175322	ZNF519	2.3		
ENSG00000175324	LSM1	61.2		
ENSG00000175325	PROP1	0.0		
ENSG00000175329	ISX	0.0		
ENSG00000175334	BANF1	641.7		
ENSG00000175336	APOF	0.0		
ENSG00000175344	CHRNA7	3.1		
ENSG00000175348	TMEM9B	22.3		
ENSG00000175352	NRIP3	5.5		
ENSG00000175354	PTPN2	39.0		
ENSG00000175356	SCUBE2	5.7		
ENSG00000175376	EIF1AD	42.2		
ENSG00000175387	SMAD2	77.2		
ENSG00000175390	EIF3F	9.9		
ENSG00000175395	ZNF25	0.9		
ENSG00000175398	OR10P1	0.0		
ENSG00000175414	ARL10	0.1		
ENSG00000175416	CLTB	51.4		
ENSG00000175426	PCSK1	0.0		
ENSG00000175445	LPL	0.8		
ENSG00000175449	RFESD	3.8		
ENSG00000175455	CCDC14	27.1		
ENSG00000175463	TBC1D10C	0.0		
ENSG00000175467	SART1	34.6		
ENSG00000175470	PPP2R2D	3.2		
ENSG00000175471	MCTP1	0.4		
ENSG00000175482	POLD4	0.4		
ENSG00000175485	OR52W1	0.0		
ENSG00000175489	LRRC25	0.1		
ENSG00000175497	DPP10	6.2		
ENSG00000175505	CLCF1	0.4		
ENSG00000175513	TSGA10IP	0.0		
ENSG00000175514	GPR152	0.0		
ENSG00000175518	UBQLNL	0.0		
ENSG00000175520	UBQLN3	0.0		
ENSG00000175535	PNLIP	0.0		
ENSG00000175536	LIPT2	2.8		
ENSG00000175538	KCNE3	1.8		
ENSG00000175544	CABP4	0.2		
ENSG00000175548	ALG10B	5.7		
ENSG00000175550	DRAP1	42.7		
ENSG00000175556	LONRF3	1.3		
ENSG00000175564	UCP3	0.7		
ENSG00000175567	UCP2	13.3		
ENSG00000175573	C11orf68	15.9		
ENSG00000175575	PAAF1	33.5		
ENSG00000175581	MRPL48	37.3		
ENSG00000175582	RAB6A	68.4		
ENSG00000175591	P2RY2	0.9		
ENSG00000175592	FOSL1	19.6		
ENSG00000175595	ERCC4	8.0		
ENSG00000175600	SUGCT	1.4		
ENSG00000175602	CCDC85B	2.4		
ENSG00000175606	TMEM70	24.9		
ENSG00000175619	OR4B1	0.0		
ENSG00000175634	RPS6KB2	25.9		
ENSG00000175643	RMI2	32.4		
ENSG00000175646	PRM1	0.0		
ENSG00000175662	TOM1L2	6.8		
ENSG00000175664	TEX26	0.0		
ENSG00000175691	ZNF77	6.1		
ENSG00000175697	GPR156	0.0		
ENSG00000175699	CCDC197	0.0		
ENSG00000175701	MTLN	13.2		
ENSG00000175707	KDF1	0.0		
ENSG00000175711	B3GNTL1	1.9		
ENSG00000175718	RBMXL3	0.0		
ENSG00000175727	MLXIP	24.0		
ENSG00000175745	NR2F1	5.7		
ENSG00000175756	AURKAIP1	86.5		
ENSG00000175764	TTLL11	6.8		
ENSG00000175766	EIF4E1B	0.0		
ENSG00000175768	TOMM5	212.0		
ENSG00000175782	SLC35E3	0.3		
ENSG00000175785	PRIMA1	5.2		
ENSG00000175787	ZNF169	5.7		
ENSG00000175792	RUVBL1	107.2		
ENSG00000175793	SFN	0.3		
ENSG00000175806	MSRA	0.4		
ENSG00000175809	CBLL2	0.0		
ENSG00000175820	CCDC168	0.0		
ENSG00000175826	CTDNEP1	90.8		
ENSG00000175832	ETV4	2.7		
ENSG00000175854	SWI5	48.1		
ENSG00000175857	GAPT	0.0		
ENSG00000175866	BAIAP2	26.1		
ENSG00000175868	CALCB	0.0		
ENSG00000175874	CREG2	0.0		
ENSG00000175877	TMEM270	0.0		
ENSG00000175879	HOXD8	4.7		
ENSG00000175893	ZDHHC21	4.8		
ENSG00000175894	TSPEAR	0.0		
ENSG00000175895	PLEKHF2	10.9		
ENSG00000175899	A2M	0.1		
ENSG00000175906	ARL4D	4.5		
ENSG00000175920	DOK7	0.0		
ENSG00000175928	LRRN1	32.3		
ENSG00000175931	UBE2O	34.2		
ENSG00000175938	ORAI3	1.4		
ENSG00000175946	KLHL38	0.0		
ENSG00000175970	UNC119B	55.9		
ENSG00000175984	DENND2C	1.4		
ENSG00000175985	PLEKHD1	0.3		
ENSG00000176009	ASCL3	0.0		
ENSG00000176014	TUBB6	84.7		
ENSG00000176018	LYSMD3	22.5		
ENSG00000176020	AMIGO3	0.0		
ENSG00000176022	B3GALT6	7.4		
ENSG00000176024	ZNF613	6.3		
ENSG00000176029	C11orf16	0.0		
ENSG00000176040	TMPRSS7	0.0		
ENSG00000176046	NUPR1	0.4		
ENSG00000176049	JAKMIP2	0.0		
ENSG00000176055	MBLAC2	6.0		
ENSG00000176058	TPRN	7.9		
ENSG00000176076	KCNE5	0.0		
ENSG00000176083	ZNF683	0.0		
ENSG00000176087	SLC35A4	0.0		
ENSG00000176092	CRYBG2	0.1		
ENSG00000176095	IP6K1	39.8		
ENSG00000176101	SSNA1	65.6		
ENSG00000176102	CSTF3	73.8		
ENSG00000176105	YES1	60.8		
ENSG00000176108	CHMP6	7.0		
ENSG00000176125	UFSP1	1.1		
ENSG00000176136	MC5R	0.0		
ENSG00000176142	TMEM39A	29.3		
ENSG00000176148	TCP11L1	14.5		
ENSG00000176153	GPX2	0.6		
ENSG00000176155	CCDC57	1.6		
ENSG00000176160	HSF5	0.0		
ENSG00000176165	FOXG1	3.4		
ENSG00000176170	SPHK1	11.7		
ENSG00000176171	BNIP3	46.2		
ENSG00000176177	ENTHD1	0.0		
ENSG00000176182	MYPOP	2.7		
ENSG00000176194	CIDEA	0.0		
ENSG00000176198	OR11H4	0.0		
ENSG00000176200	OR4D11	0.0		
ENSG00000176204	LRRTM4	0.2		
ENSG00000176208	ATAD5	9.1		
ENSG00000176209	SMIM19	31.8		
ENSG00000176219	OR11H6	0.0		
ENSG00000176222	ZNF404	0.6		
ENSG00000176225	RTTN	6.9		
ENSG00000176230	OR4K17	0.0		
ENSG00000176231	OR10H4	0.0		
ENSG00000176239	OR51B6	0.0		
ENSG00000176244	ACBD7	6.9		
ENSG00000176246	OR4L1	0.0		
ENSG00000176248	ANAPC2	12.9		
ENSG00000176253	OR4K13	0.0		
ENSG00000176256	HMGB4	0.0		
ENSG00000176261	ZBTB8OS	48.7		
ENSG00000176269	OR4F21	0.0		
ENSG00000176273	SLC35G1	6.7		
ENSG00000176281	OR4K5	0.0		
ENSG00000176293	ZNF135	0.0		
ENSG00000176294	OR4N2	0.0		
ENSG00000176299	OR4M1	0.0		
ENSG00000176302	FOXR1	0.0		
ENSG00000176340	COX8A	395.7		
ENSG00000176358	TAC4	0.0		
ENSG00000176371	ZSCAN2	6.9		
ENSG00000176381	PRR18	0.0		
ENSG00000176383	B3GNT4	1.7		
ENSG00000176386	CDC26	53.2		
ENSG00000176387	HSD11B2	5.1		
ENSG00000176390	CRLF3	12.8		
ENSG00000176393	RNPEP	52.5		
ENSG00000176396	EID2	29.0		
ENSG00000176399	DMRTA1	1.2		
ENSG00000176401	EID2B	2.3		
ENSG00000176402	GJC3	0.2		
ENSG00000176406	RIMS2	1.9		
ENSG00000176407	KCMF1	52.7		
ENSG00000176410	DNAJC30	4.1		
ENSG00000176422	SPRYD4	2.0		
ENSG00000176428	VPS37D	1.9		
ENSG00000176435	CLEC14A	0.0		
ENSG00000176438	SYNE3	1.1		
ENSG00000176444	CLK2	16.8		
ENSG00000176454	LPCAT4	13.8		
ENSG00000176463	SLCO3A1	2.7		
ENSG00000176472	ZNF575	0.0		
ENSG00000176473	WDR25	4.0		
ENSG00000176476	SGF29	12.4		
ENSG00000176485	PLAAT3	127.4		
ENSG00000176490	DIRAS1	10.1		
ENSG00000176495	OR5AN1	0.0		
ENSG00000176531	PHLDB3	2.1		
ENSG00000176532	PRR15	4.9		
ENSG00000176533	GNG7	3.5		
ENSG00000176540	OR4C5	0.0		
ENSG00000176542	USF3	4.5		
ENSG00000176547	OR4C3	0.0		
ENSG00000176555	OR4S1	0.0		
ENSG00000176563	CNTD1	0.0		
ENSG00000176566	DCAF4L2	0.0		
ENSG00000176567	OR4X1	0.0		
ENSG00000176571	CNBD1	0.0		
ENSG00000176595	KBTBD11	0.0		
ENSG00000176597	B3GNT5	24.7		
ENSG00000176601	MAP3K19	0.0		
ENSG00000176619	LMNB2	72.4		
ENSG00000176623	RMDN1	39.8		
ENSG00000176624	MEX3C	27.9		
ENSG00000176635	HORMAD2	0.0		
ENSG00000176641	RNF152	5.9		
ENSG00000176658	MYO1D	3.8		
ENSG00000176678	FOXL1	0.0		
ENSG00000176679	TGIF2LY	0.0		
ENSG00000176681	LRRC37A	0.0		
ENSG00000176692	FOXC2	0.2		
ENSG00000176695	OR4F17	0.0		
ENSG00000176697	BDNF	0.1		
ENSG00000176714	CCDC121	3.8		
ENSG00000176715	ACSF3	8.6		
ENSG00000176720	BOK	1.7		
ENSG00000176723	ZNF843	0.1		
ENSG00000176731	RBIS	84.8		
ENSG00000176732	PFN4	0.0		
ENSG00000176742	OR51V1	0.0		
ENSG00000176746	MAGEB6	0.0		
ENSG00000176749	CDK5R1	3.8		
ENSG00000176769	TCERG1L	0.0		
ENSG00000176771	NCKAP5	0.3		
ENSG00000176774	MAGEB18	0.0		
ENSG00000176782	DEFB104A	0.0		
ENSG00000176783	RUFY1	21.9		
ENSG00000176787	OR52E2	0.0		
ENSG00000176788	BASP1	98.2		
ENSG00000176797	DEFB103A	0.0		
ENSG00000176798	OR51L1	0.0		
ENSG00000176809	LRRC37A3	1.1		
ENSG00000176834	VSIG10	33.8		
ENSG00000176842	IRX5	3.0		
ENSG00000176845	METRNL	1.9		
ENSG00000176853	FAM91A1	30.8		
ENSG00000176871	WSB2	46.6		
ENSG00000176884	GRIN1	0.0		
ENSG00000176887	SOX11	0.0		
ENSG00000176890	TYMS	225.3		
ENSG00000176893	OR51G2	0.0		
ENSG00000176894	PXMP2	49.1		
ENSG00000176895	OR51A7	0.0		
ENSG00000176896	TCEANC	1.1		
ENSG00000176900	OR51T1	0.0		
ENSG00000176903	PNMA1	56.0		
ENSG00000176907	TCIM	0.0		
ENSG00000176909	MAMSTR	0.1		
ENSG00000176915	ANKLE2	41.8		
ENSG00000176919	C8G	0.0		
ENSG00000176920	FUT2	0.0		
ENSG00000176922	OR51S1	0.0		
ENSG00000176925	OR51F2	0.0		
ENSG00000176927	EFCAB5	0.1		
ENSG00000176928	GCNT4	1.4		
ENSG00000176945	MUC20	0.1		
ENSG00000176946	THAP4	63.8		
ENSG00000176953	NFATC2IP	44.3		
ENSG00000176956	LY6H	0.0		
ENSG00000176971	FIBIN	0.0		
ENSG00000176973	FAM89B	16.3		
ENSG00000176974	SHMT1	32.4		
ENSG00000176978	DPP7	30.7		
ENSG00000176979	TRIM60	0.0		
ENSG00000176986	SEC24C	78.3		
ENSG00000176988	FMR1NB	0.0		
ENSG00000176994	SMCR8	9.4		
ENSG00000177000	MTHFR	8.1		
ENSG00000177023	DEFB104B	0.0		
ENSG00000177025	C19orf18	0.0		
ENSG00000177030	DEAF1	18.1		
ENSG00000177034	MTX3	0.0		
ENSG00000177042	TMEM80	16.2		
ENSG00000177045	SIX5	7.7		
ENSG00000177047	IFNW1	0.0		
ENSG00000177051	FBXO46	12.1		
ENSG00000177054	ZDHHC13	26.0		
ENSG00000177058	SLC38A9	20.2		
ENSG00000177076	ACER2	0.8		
ENSG00000177082	WDR73	6.4		
ENSG00000177084	POLE	35.4		
ENSG00000177096	PHETA2	0.1		
ENSG00000177098	SCN4B	0.1		
ENSG00000177103	DSCAML1	0.1		
ENSG00000177105	RHOG	31.2		
ENSG00000177106	EPS8L2	0.6		
ENSG00000177108	ZDHHC22	0.3		
ENSG00000177119	ANO6	24.1		
ENSG00000177125	ZBTB34	12.1		
ENSG00000177138	FAM9B	0.0		
ENSG00000177143	CETN1	0.0		
ENSG00000177144	NUDT4B	6.8		
ENSG00000177150	FAM210A	18.2		
ENSG00000177151	OR2T35	0.0		
ENSG00000177156	TALDO1	185.6		
ENSG00000177169	ULK1	3.0		
ENSG00000177174	OR14C36	0.0		
ENSG00000177181	RIMKLA	4.2		
ENSG00000177182	CLVS1	0.0		
ENSG00000177186	OR2M7	0.0		
ENSG00000177189	RPS6KA3	32.8		
ENSG00000177191	B3GNT8	0.0		
ENSG00000177192	PUS1	44.4		
ENSG00000177200	CHD9	14.0		
ENSG00000177201	OR2T12	0.0		
ENSG00000177202	SPACA4	0.0		
ENSG00000177212	OR2T33	0.0		
ENSG00000177225	GATD1	16.7		
ENSG00000177238	TRIM72	0.1		
ENSG00000177239	MAN1B1	11.0		
ENSG00000177243	DEFB103B	0.0		
ENSG00000177257	DEFB4B	0.0		
ENSG00000177272	KCNA3	0.0		
ENSG00000177275	OR2AJ1	0.0		
ENSG00000177283	FZD8	0.5		
ENSG00000177291	GJD4	0.0		
ENSG00000177294	FBXO39	0.0		
ENSG00000177300	CLDN22	0.1		
ENSG00000177301	KCNA2	0.0		
ENSG00000177302	TOP3A	12.6		
ENSG00000177303	CASKIN2	8.2		
ENSG00000177311	ZBTB38	10.8		
ENSG00000177324	BEND2	0.0		
ENSG00000177352	CCDC71	19.3		
ENSG00000177354	C10orf71	0.0		
ENSG00000177363	LRRN4CL	0.1		
ENSG00000177370	TIMM22	26.0		
ENSG00000177374	HIC1	0.7		
ENSG00000177380	PPFIA3	5.0		
ENSG00000177383	MAGEF1	46.2		
ENSG00000177398	UMODL1	0.0		
ENSG00000177409	SAMD9L	0.0		
ENSG00000177414	UBE2U	0.0		
ENSG00000177425	PAWR	31.0		
ENSG00000177426	TGIF1	35.0		
ENSG00000177427	MIEF2	1.8		
ENSG00000177432	NAP1L5	22.2		
ENSG00000177453	NIM1K	0.3		
ENSG00000177455	CD19	0.0		
ENSG00000177459	ERICH5	8.0		
ENSG00000177462	OR2T8	0.1		
ENSG00000177463	NR2C2	21.2		
ENSG00000177464	GPR4	0.0		
ENSG00000177465	ACOT4	0.0		
ENSG00000177468	OLIG3	0.2		
ENSG00000177469	CAVIN1	46.8		
ENSG00000177476	OR2G3	0.0		
ENSG00000177479	ARIH2	77.9		
ENSG00000177483	RBM44	0.1		
ENSG00000177485	ZBTB33	31.9		
ENSG00000177489	OR2G2	0.0		
ENSG00000177494	ZBED2	0.0		
ENSG00000177504	VCX2	0.0		
ENSG00000177508	IRX3	12.6		
ENSG00000177511	ST8SIA3	0.0		
ENSG00000177519	RPRM	1.1		
ENSG00000177535	OR2B11	0.0		
ENSG00000177542	SLC25A22	22.4		
ENSG00000177548	RABEP2	2.2		
ENSG00000177551	NHLH2	0.2		
ENSG00000177556	ATOX1	129.2		
ENSG00000177558	FAM187B	0.0		
ENSG00000177565	TBL1XR1	42.9		
ENSG00000177570	SAMD12	2.0		
ENSG00000177575	CD163	0.0		
ENSG00000177576	C18orf32	5.1		
ENSG00000177595	PIDD1	2.1		
ENSG00000177599	ZNF491	0.0		
ENSG00000177600	RPLP2	1786.2		
ENSG00000177602	HASPIN	20.1		
ENSG00000177606	JUN	2.0		
ENSG00000177613	CSTF2T	21.2		
ENSG00000177614	PGBD5	2.4		
ENSG00000177627	C12orf54	0.0		
ENSG00000177628	GBA	35.9		
ENSG00000177646	ACAD9	33.8		
ENSG00000177663	IL17RA	5.6		
ENSG00000177666	PNPLA2	8.1		
ENSG00000177669	MBOAT4	0.0		
ENSG00000177673	TEX44	0.0		
ENSG00000177674	AGTRAP	27.9		
ENSG00000177675	CD163L1	0.0		
ENSG00000177679	SRRM3	0.2		
ENSG00000177683	THAP5	19.3		
ENSG00000177684	DEFB114	0.0		
ENSG00000177685	CRACR2B	2.1		
ENSG00000177688	SUMO4	0.0		
ENSG00000177689	MAGEB10	0.0		
ENSG00000177692	DNAJC28	0.1		
ENSG00000177693	OR4F4	0.0		
ENSG00000177694	NAALADL2	0.0		
ENSG00000177697	CD151	71.1		
ENSG00000177700	POLR2L	79.7		
ENSG00000177706	FAM20C	1.1		
ENSG00000177707	NECTIN3	33.2		
ENSG00000177710	SLC35G5	0.0		
ENSG00000177721	ANXA2R	5.0		
ENSG00000177728	TMEM94	15.8		
ENSG00000177731	FLII	26.2		
ENSG00000177732	SOX12	18.9		
ENSG00000177733	HNRNPA0	37.4		
ENSG00000177752	YIPF7	0.0		
ENSG00000177791	MYOZ1	0.0		
ENSG00000177807	KCNJ10	0.1		
ENSG00000177830	CHID1	53.1		
ENSG00000177839	PCDHB9	0.3		
ENSG00000177842	ZNF620	13.3		
ENSG00000177853	ZNF518A	11.8		
ENSG00000177854	TMEM187	3.9		
ENSG00000177868	SVBP	14.3		
ENSG00000177873	ZNF619	3.2		
ENSG00000177875	CCDC184	0.6		
ENSG00000177879	AP3S1	58.8		
ENSG00000177885	GRB2	84.0		
ENSG00000177888	ZBTB41	4.1		
ENSG00000177889	UBE2N	245.2		
ENSG00000177917	ARL6IP6	8.1		
ENSG00000177932	ZNF354C	0.0		
ENSG00000177938	CAPZA3	0.0		
ENSG00000177943	MAMDC4	0.3		
ENSG00000177947	ODF3	0.0		
ENSG00000177951	BET1L	25.6		
ENSG00000177954	RPS27	4624.1		
ENSG00000177963	RIC8A	76.4		
ENSG00000177971	IMP3	131.1		
ENSG00000177981	ASB8	28.3		
ENSG00000177984	LCN15	0.1		
ENSG00000177989	ODF3B	0.0		
ENSG00000177990	DPY19L2	2.7		
ENSG00000177992	SPATA31E1	0.0		
ENSG00000177994	C2orf73	0.0		
ENSG00000178015	GPR150	0.0		
ENSG00000178021	TSPYL6	0.0		
ENSG00000178026	LRRC75B	0.2		
ENSG00000178028	DMAP1	27.4		
ENSG00000178031	ADAMTSL1	6.6		
ENSG00000178033	CALHM5	0.0		
ENSG00000178035	IMPDH2	433.6		
ENSG00000178038	ALS2CL	0.0		
ENSG00000178053	MLF1	0.3		
ENSG00000178057	NDUFAF3	43.3		
ENSG00000178074	C2orf69	14.1		
ENSG00000178075	GRAMD1C	0.7		
ENSG00000178078	STAP2	1.1		
ENSG00000178084	HTR3C	0.0		
ENSG00000178093	TSSK6	0.1		
ENSG00000178096	BOLA1	0.0		
ENSG00000178104	PDE4DIP	25.7		
ENSG00000178105	DDX10	55.4		
ENSG00000178115	GOLGA8Q	0.0		
ENSG00000178125	PPP1R42	0.0		
ENSG00000178127	NDUFV2	157.5		
ENSG00000178149	DALRD3	13.4		
ENSG00000178150	ZNF114	9.5		
ENSG00000178163	ZNF518B	4.8		
ENSG00000178171	AMER3	0.0		
ENSG00000178172	SPINK6	0.0		
ENSG00000178175	ZNF366	0.0		
ENSG00000178177	LCORL	4.9		
ENSG00000178184	PARD6G	6.4		
ENSG00000178187	ZNF454	0.0		
ENSG00000178188	SH2B1	21.3		
ENSG00000178199	ZC3H12D	0.0		
ENSG00000178201	VN1R1	0.1		
ENSG00000178202	POGLUT3	35.6		
ENSG00000178209	PLEC	10.3		
ENSG00000178217	SH2D4B	0.0		
ENSG00000178222	RNF212	0.0		
ENSG00000178226	PRSS36	0.0		
ENSG00000178229	ZNF543	2.4		
ENSG00000178233	TMEM151B	0.2		
ENSG00000178234	GALNT11	17.6		
ENSG00000178235	SLITRK1	0.0		
ENSG00000178252	WDR6	107.8		
ENSG00000178257	PRM3	0.0		
ENSG00000178279	TNP2	0.0		
ENSG00000178287	SPAG11A	0.0		
ENSG00000178295	GEN1	16.4		
ENSG00000178297	TMPRSS9	0.0		
ENSG00000178301	AQP11	0.6		
ENSG00000178307	TMEM11	30.0		
ENSG00000178338	ZNF354B	9.4		
ENSG00000178342	KCNG2	0.0		
ENSG00000178343	SHISA3	23.3		
ENSG00000178358	OR2D3	0.0		
ENSG00000178363	CALML3	0.0		
ENSG00000178372	CALML5	0.0		
ENSG00000178381	ZFAND2A	10.2		
ENSG00000178385	PLEKHM3	1.7		
ENSG00000178386	ZNF223	0.0		
ENSG00000178394	HTR1A	0.0		
ENSG00000178395	CCDC185	0.0		
ENSG00000178397	FAM220A	18.2		
ENSG00000178401	DNAJC22	1.2		
ENSG00000178403	NEUROG2	24.9		
ENSG00000178404	CEP295NL	0.0		
ENSG00000178409	BEND3	12.2		
ENSG00000178425	NT5DC1	12.1		
ENSG00000178440	TIMM23B-AGAP6	1.4		
ENSG00000178445	GLDC	0.0		
ENSG00000178449	COX14	57.2		
ENSG00000178460	MCMDC2	0.0		
ENSG00000178462	TUBAL3	0.0		
ENSG00000178467	P4HTM	12.5		
ENSG00000178473	UCN3	0.0		
ENSG00000178498	DTX3	0.0		
ENSG00000178502	KLHL11	10.1		
ENSG00000178522	AMBN	0.5		
ENSG00000178531	CTXN1	4.7		
ENSG00000178537	SLC25A20	24.5		
ENSG00000178538	CA8	1.1		
ENSG00000178562	CD28	0.0		
ENSG00000178567	EPM2AIP1	7.7		
ENSG00000178568	ERBB4	0.2		
ENSG00000178573	MAF	0.7		
ENSG00000178585	CTNNBIP1	7.7		
ENSG00000178586	OR6B3	0.0		
ENSG00000178591	DEFB125	0.0		
ENSG00000178597	PSAPL1	0.0		
ENSG00000178602	OTOS	0.0		
ENSG00000178605	GTPBP6	15.0		
ENSG00000178607	ERN1	1.9		
ENSG00000178623	GPR35	0.0		
ENSG00000178645	C10orf53	0.0		
ENSG00000178662	CSRNP3	0.7		
ENSG00000178665	ZNF713	0.8		
ENSG00000178685	PARP10	0.4		
ENSG00000178690	DYNAP	0.9		
ENSG00000178691	SUZ12	56.0		
ENSG00000178694	NSUN3	3.9		
ENSG00000178695	KCTD12	6.6		
ENSG00000178700	DHFR2	3.3		
ENSG00000178718	RPP25	13.7		
ENSG00000178719	GRINA	136.8		
ENSG00000178726	THBD	0.0		
ENSG00000178732	GP5	0.0		
ENSG00000178741	COX5A	898.3		
ENSG00000178750	STX19	0.0		
ENSG00000178752	ERFE	13.7		
ENSG00000178761	FAM219B	35.9		
ENSG00000178764	ZHX2	10.1		
ENSG00000178772	CPN2	0.1		
ENSG00000178773	CPNE7	15.4		
ENSG00000178776	C5orf46	0.0		
ENSG00000178789	CD300LB	0.0		
ENSG00000178795	GDPD4	0.0		
ENSG00000178796	RIIAD1	0.0		
ENSG00000178802	MPI	60.0		
ENSG00000178804	H1-8	0.0		
ENSG00000178809	TRIM73	0.3		
ENSG00000178814	OPLAH	1.0		
ENSG00000178821	TMEM52	5.5		
ENSG00000178826	TMEM139	0.0		
ENSG00000178828	RNF186	0.0		
ENSG00000178852	EFCAB13	0.0		
ENSG00000178860	MSC	0.0		
ENSG00000178878	APOLD1	1.4		
ENSG00000178882	RFLNA	2.0		
ENSG00000178896	EXOSC4	33.8		
ENSG00000178904	DPY19L3	13.8		
ENSG00000178913	TAF7	95.9		
ENSG00000178917	ZNF852	4.3		
ENSG00000178919	FOXE1	0.9		
ENSG00000178921	PFAS	78.5		
ENSG00000178922	HYI	0.0		
ENSG00000178927	CYBC1	25.7		
ENSG00000178928	TPRX1	0.0		
ENSG00000178934	LGALS7B	0.0		
ENSG00000178935	ZNF552	7.6		
ENSG00000178947	SMIM10L2A	10.3		
ENSG00000178950	GAK	17.7		
ENSG00000178951	ZBTB7A	2.7		
ENSG00000178952	TUFM	244.2		
ENSG00000178965	ERICH3	0.0		
ENSG00000178966	RMI1	22.0		
ENSG00000178971	CTC1	7.0		
ENSG00000178974	FBXO34	17.5		
ENSG00000178980	SELENOW	293.6		
ENSG00000178982	EIF3K	221.2		
ENSG00000178988	MRFAP1L1	66.0		
ENSG00000178996	SNX18	10.8		
ENSG00000178997	EXD1	0.3		
ENSG00000178999	AURKB	140.1		
ENSG00000179002	TAS1R2	0.0		
ENSG00000179008	C14orf39	1.2		
ENSG00000179010	MRFAP1	425.4		
ENSG00000179021	C3orf38	23.7		
ENSG00000179023	KLHDC7A	0.0		
ENSG00000179029	TMEM107	8.3		
ENSG00000179041	RRS1	41.7		
ENSG00000179044	EXOC3L1	0.0		
ENSG00000179046	TRIML2	6.4		
ENSG00000179051	RCC2	121.0		
ENSG00000179055	OR13D1	0.0		
ENSG00000179057	IGSF22	0.0		
ENSG00000179058	C9orf50	0.0		
ENSG00000179059	ZFP42	0.2		
ENSG00000179071	CCDC89	0.0		
ENSG00000179083	FAM133A	0.1		
ENSG00000179085	DPM3	12.7		
ENSG00000179088	C12orf42	0.0		
ENSG00000179091	CYC1	217.9		
ENSG00000179094	PER1	9.4		
ENSG00000179097	HTR1F	0.0		
ENSG00000179104	TMTC2	9.7		
ENSG00000179111	HES7	8.3		
ENSG00000179115	FARSA	121.0		
ENSG00000179119	SPTY2D1	15.3		
ENSG00000179133	C10orf67	0.1		
ENSG00000179134	SAMD4B	65.3		
ENSG00000179142	CYP11B2	0.0		
ENSG00000179144	GIMAP7	0.0		
ENSG00000179148	ALOXE3	0.8		
ENSG00000179151	EDC3	99.0		
ENSG00000179152	TCAIM	8.0		
ENSG00000179163	FUCA1	15.3		
ENSG00000179165	PXT1	0.0		
ENSG00000179168	GGN	0.0		
ENSG00000179172	HNRNPCL1	0.0		
ENSG00000179178	TMEM125	0.0		
ENSG00000179195	ZNF664	135.7		
ENSG00000179213	SIGLECL1	0.0		
ENSG00000179218	CALR	906.1		
ENSG00000179222	MAGED1	215.5		
ENSG00000179240	GVQW3	1.9		
ENSG00000179241	LDLRAD3	10.0		
ENSG00000179242	CDH4	0.0		
ENSG00000179256	SMCO3	0.0		
ENSG00000179262	RAD23A	78.0		
ENSG00000179270	PCARE	0.0		
ENSG00000179271	GADD45GIP1	28.9		
ENSG00000179284	DAND5	0.0		
ENSG00000179292	TMEM151A	0.2		
ENSG00000179295	PTPN11	100.1		
ENSG00000179299	NSUN7	0.0		
ENSG00000179300	RTL3	0.0		
ENSG00000179304	FAM156B	25.3		
ENSG00000179314	WSCD1	10.0		
ENSG00000179331	RAB39A	7.4		
ENSG00000179335	CLK3	85.4		
ENSG00000179344	HLA-DQB1	0.0		
ENSG00000179348	GATA2	14.7		
ENSG00000179361	ARID3B	49.8		
ENSG00000179363	TMEM31	0.7		
ENSG00000179364	PACS2	13.5		
ENSG00000179387	ELMOD2	23.8		
ENSG00000179388	EGR3	0.2		
ENSG00000179397	CATSPERE	0.1		
ENSG00000179399	GPC5	0.3		
ENSG00000179403	VWA1	15.9		
ENSG00000179407	DNAJB8	0.0		
ENSG00000179409	GEMIN4	48.3		
ENSG00000179412	HNRNPCL4	0.0		
ENSG00000179431	FJX1	4.2		
ENSG00000179454	KLHL28	7.7		
ENSG00000179455	MKRN3	2.4		
ENSG00000179456	ZBTB18	20.1		
ENSG00000179468	OR9A2	0.0		
ENSG00000179476	C14orf28	0.6		
ENSG00000179477	ALOX12B	0.3		
ENSG00000179520	SLC17A8	0.0		
ENSG00000179526	SHARPIN	10.8		
ENSG00000179528	LBX2	0.0		
ENSG00000179532	DNHD1	1.1		
ENSG00000179542	SLITRK4	0.0		
ENSG00000179546	HTR1D	2.1		
ENSG00000179562	GCC1	13.1		
ENSG00000179564	LSMEM2	0.0		
ENSG00000179580	RNF151	0.0		
ENSG00000179583	CIITA	0.0		
ENSG00000179588	ZFPM1	0.1		
ENSG00000179593	ALOX15B	0.0		
ENSG00000179598	PLD6	41.2		
ENSG00000179600	GPHB5	0.0		
ENSG00000179603	GRM8	2.9		
ENSG00000179604	CDC42EP4	17.2		
ENSG00000179615	OR2AP1	0.0		
ENSG00000179626	OR6C4	0.0		
ENSG00000179627	ZBTB42	1.1		
ENSG00000179630	LACC1	0.3		
ENSG00000179632	MAF1	117.4		
ENSG00000179636	TPPP2	0.3		
ENSG00000179639	FCER1A	0.0		
ENSG00000179673	RPRML	0.0		
ENSG00000179674	ARL14	0.0		
ENSG00000179695	OR6C2	0.0		
ENSG00000179698	WDR97	0.0		
ENSG00000179709	NLRP8	0.0		
ENSG00000179715	PCED1B	0.0		
ENSG00000179750	APOBEC3B	1.3		
ENSG00000179751	SYCN	0.0		
ENSG00000179761	PIPOX	0.6		
ENSG00000179772	FOXS1	0.0		
ENSG00000179774	ATOH7	0.0		
ENSG00000179776	CDH5	0.0		
ENSG00000179796	LRRC3B	0.0		
ENSG00000179813	FAM216B	0.0		
ENSG00000179817	MRGPRX4	0.0		
ENSG00000179820	MYADM	14.6		
ENSG00000179826	MRGPRX3	0.0		
ENSG00000179832	MROH1	1.0		
ENSG00000179833	SERTAD2	10.9		
ENSG00000179841	AKAP5	2.8		
ENSG00000179846	NKPD1	0.0		
ENSG00000179855	GIPC3	4.4		
ENSG00000179859	RNF227	1.5		
ENSG00000179862	CITED4	2.4		
ENSG00000179869	ABCA13	0.7		
ENSG00000179873	NLRP11	0.5		
ENSG00000179886	TIGD5	0.4		
ENSG00000179889	PDXDC1	22.1		
ENSG00000179902	C1orf194	0.0		
ENSG00000179909	ZNF154	0.0		
ENSG00000179912	R3HDM2	13.7		
ENSG00000179913	B3GNT3	0.0		
ENSG00000179914	ITLN1	0.0		
ENSG00000179915	NRXN1	0.1		
ENSG00000179918	SEPHS2	44.5		
ENSG00000179919	OR10A7	0.0		
ENSG00000179921	GPBAR1	0.0		
ENSG00000179922	ZNF784	1.7		
ENSG00000179930	ZNF648	0.0		
ENSG00000179933	C14orf119	74.6		
ENSG00000179934	CCR8	0.0		
ENSG00000179938	GOLGA8J	0.0		
ENSG00000179941	BBS10	9.7		
ENSG00000179943	FIZ1	10.3		
ENSG00000179950	PUF60	86.5		
ENSG00000179954	SSC5D	0.0		
ENSG00000179958	DCTPP1	141.4		
ENSG00000179965	ZNF771	6.9		
ENSG00000179981	TSHZ1	2.9		
ENSG00000179988	PSTK	0.7		
ENSG00000180008	SOCS4	21.4		
ENSG00000180011	ZADH2	18.5		
ENSG00000180016	OR1E1	0.0		
ENSG00000180035	ZNF48	15.7		
ENSG00000180042	OR1R1P	0.0		
ENSG00000180043	FAM71E2	0.0		
ENSG00000180044	C3orf80	0.3		
ENSG00000180053	NKX2-6	0.0		
ENSG00000180061	TMEM150B	0.0		
ENSG00000180071	ANKRD18A	3.5		
ENSG00000180083	WFDC11	0.0		
ENSG00000180089	TMEM86B	0.1		
ENSG00000180090	OR3A1	0.0		
ENSG00000180096	SEPTIN1	0.0		
ENSG00000180098	TRNAU1AP	9.4		
ENSG00000180104	EXOC3	14.7		
ENSG00000180113	TDRD6	0.1		
ENSG00000180116	C12orf40	0.0		
ENSG00000180138	CSNK1A1L	0.0		
ENSG00000180155	LYNX1	0.2		
ENSG00000180176	TH	0.0		
ENSG00000180182	MED14	57.8		
ENSG00000180185	FAHD1	16.4		
ENSG00000180190	TDRP	0.0		
ENSG00000180198	RCC1	306.6		
ENSG00000180205	WFDC9	0.0		
ENSG00000180209	MYLPF	0.1		
ENSG00000180210	F2	0.1		
ENSG00000180219	FAM71C	0.0		
ENSG00000180228	PRKRA	42.0		
ENSG00000180233	ZNRF2	12.7		
ENSG00000180245	RRH	0.5		
ENSG00000180251	SLC9A4	0.0		
ENSG00000180257	ZNF816	8.5		
ENSG00000180263	FGD6	3.3		
ENSG00000180264	ADGRD2	0.0		
ENSG00000180269	GPR139	0.0		
ENSG00000180287	PLD5	0.9		
ENSG00000180304	OAZ2	126.7		
ENSG00000180305	WFDC10A	0.0		
ENSG00000180316	PNPLA1	0.0		
ENSG00000180318	ALX1	10.4		
ENSG00000180329	CCDC43	45.3		
ENSG00000180332	KCTD4	0.0		
ENSG00000180336	MEIOC	16.9		
ENSG00000180340	FZD2	3.6		
ENSG00000180346	TIGD2	8.2		
ENSG00000180347	ITPRID1	0.0		
ENSG00000180353	HCLS1	6.9		
ENSG00000180354	MTURN	16.4		
ENSG00000180357	ZNF609	43.1		
ENSG00000180370	PAK2	72.5		
ENSG00000180376	CCDC66	3.4		
ENSG00000180383	DEFB124	0.0		
ENSG00000180386	KRTAP9-7	0.0		
ENSG00000180398	MCFD2	67.0		
ENSG00000180423	HARBI1	4.6		
ENSG00000180424	DEFB123	0.0		
ENSG00000180425	C11orf71	2.8		
ENSG00000180432	CYP8B1	0.0		
ENSG00000180433	OR6K6	0.0		
ENSG00000180440	SERTM1	1.2		
ENSG00000180447	GAS1	0.0		
ENSG00000180448	ARHGAP45	2.1		
ENSG00000180475	OR10Q1	0.0		
ENSG00000180479	ZNF571	2.8		
ENSG00000180481	GLIPR1L2	0.0		
ENSG00000180483	DEFB119	0.0		
ENSG00000180488	MIGA1	6.3		
ENSG00000180509	KCNE1	0.0		
ENSG00000180530	NRIP1	2.2		
ENSG00000180532	ZSCAN4	0.0		
ENSG00000180535	BHLHA15	0.0		
ENSG00000180537	RNF182	14.3		
ENSG00000180543	TSPYL5	0.0		
ENSG00000180549	FUT7	0.0		
ENSG00000180573	H2AC6	0.0		
ENSG00000180574	EIF2S3B	1.0		
ENSG00000180592	SKIDA1	2.4		
ENSG00000180596	H2BC4	2.8		
ENSG00000180611	MB21D2	14.6		
ENSG00000180613	GSX2	0.5		
ENSG00000180616	SSTR2	0.0		
ENSG00000180626	ZNF594	6.8		
ENSG00000180628	PCGF5	12.6		
ENSG00000180638	SLC47A2	0.0		
ENSG00000180644	PRF1	0.0		
ENSG00000180658	OR2A4	0.0		
ENSG00000180660	MAB21L1	1.6		
ENSG00000180667	YOD1	0.1		
ENSG00000180694	TMEM64	26.9		
ENSG00000180697	C3orf22	0.0		
ENSG00000180708	OR10K2	0.0		
ENSG00000180720	CHRM4	1.3		
ENSG00000180730	SHISA2	0.8		
ENSG00000180739	S1PR5	1.8		
ENSG00000180745	CLRN3	0.0		
ENSG00000180758	GPR157	4.6		
ENSG00000180767	CHST13	0.1		
ENSG00000180772	AGTR2	0.0		
ENSG00000180773	SLC36A4	11.4		
ENSG00000180776	ZDHHC20	30.5		
ENSG00000180777	ANKRD30B	0.0		
ENSG00000180785	OR51E1	0.0		
ENSG00000180787	ZFP3	0.0		
ENSG00000180801	ARSJ	0.2		
ENSG00000180806	HOXC9	0.5		
ENSG00000180815	MAP3K15	4.9		
ENSG00000180817	PPA1	470.7		
ENSG00000180818	HOXC10	4.1		
ENSG00000180822	PSMG4	15.0		
ENSG00000180828	BHLHE22	3.3		
ENSG00000180834	MAP6D1	6.9		
ENSG00000180855	ZNF443	3.6		
ENSG00000180871	CXCR2	0.0		
ENSG00000180872	DEFB112	0.0		
ENSG00000180875	GREM2	1.7		
ENSG00000180878	C11orf42	0.0		
ENSG00000180879	SSR4	259.2		
ENSG00000180881	CAPS2	0.0		
ENSG00000180884	ZNF792	2.6		
ENSG00000180891	CUEDC1	9.3		
ENSG00000180900	SCRIB	7.9		
ENSG00000180901	KCTD2	0.0		
ENSG00000180902	D2HGDH	5.9		
ENSG00000180914	OXTR	2.0		
ENSG00000180917	CMTR2	11.1		
ENSG00000180919	OR56B4	0.0		
ENSG00000180921	FAM83H	3.5		
ENSG00000180929	GPR62	0.0		
ENSG00000180934	OR56A1	0.0		
ENSG00000180938	ZNF572	0.6		
ENSG00000180953	ST20	16.2		
ENSG00000180957	PITPNB	103.0		
ENSG00000180964	TCEAL8	19.6		
ENSG00000180974	OR52E4	0.0		
ENSG00000180979	LRRC57	13.2		
ENSG00000180988	OR52N2	0.0		
ENSG00000180992	MRPL14	71.2		
ENSG00000180998	GPR137C	2.5		
ENSG00000180999	C1orf105	0.0		
ENSG00000181001	OR52N1	0.0		
ENSG00000181004	BBS12	2.2		
ENSG00000181007	ZFP82	0.0		
ENSG00000181009	OR52N5	0.0		
ENSG00000181016	LSMEM1	0.2		
ENSG00000181017	OR56B2P	0.0		
ENSG00000181019	NQO1	79.1		
ENSG00000181023	OR56B1	0.0		
ENSG00000181026	AEN	148.0		
ENSG00000181027	FKRP	6.6		
ENSG00000181029	TRAPPC5	13.0		
ENSG00000181031	RPH3AL	0.8		
ENSG00000181035	SLC25A42	3.7		
ENSG00000181036	FCRL6	0.0		
ENSG00000181038	METTL23	23.8		
ENSG00000181045	SLC26A11	8.0		
ENSG00000181061	HIGD1A	143.0		
ENSG00000181072	CHRM2	0.0		
ENSG00000181074	OR52N4	0.0		
ENSG00000181085	MAPK15	0.1		
ENSG00000181090	EHMT1	34.8		
ENSG00000181092	ADIPOQ	0.0		
ENSG00000181104	F2R	23.1		
ENSG00000181135	ZNF707	2.5		
ENSG00000181143	MUC16	0.0		
ENSG00000181163	NPM1	2552.2		
ENSG00000181191	PJA1	99.0		
ENSG00000181192	DHTKD1	31.6		
ENSG00000181195	PENK	0.0		
ENSG00000181215	C4orf50	0.0		
ENSG00000181218	H2AW	2.9		
ENSG00000181220	ZNF746	10.0		
ENSG00000181222	POLR2A	2.1		
ENSG00000181234	TMEM132C	0.0		
ENSG00000181240	SLC25A41	0.6		
ENSG00000181264	TLCD5	10.1		
ENSG00000181273	OR5AK2	0.0		
ENSG00000181274	FRAT2	18.3		
ENSG00000181284	TMEM102	0.9		
ENSG00000181291	TMEM132E	1.1		
ENSG00000181315	ZNF322	19.7		
ENSG00000181322	NME9	0.0		
ENSG00000181323	SPEM1	0.0		
ENSG00000181333	HEPHL1	0.0		
ENSG00000181350	LRRC75A	0.2		
ENSG00000181371	OR5M8	0.0		
ENSG00000181374	CCL13	0.0		
ENSG00000181378	CFAP65	0.0		
ENSG00000181381	DDX60L	1.2		
ENSG00000181392	SYNE4	0.3		
ENSG00000181396	OGFOD3	8.1		
ENSG00000181404	WASHC1	7.4		
ENSG00000181408	UTS2R	0.0		
ENSG00000181409	AATK	0.6		
ENSG00000181418	DDN	12.0		
ENSG00000181433	SAGE1	0.0		
ENSG00000181444	ZNF467	2.2		
ENSG00000181449	SOX2	118.6		
ENSG00000181450	ZNF678	8.3		
ENSG00000181458	TMEM45A	2.4		
ENSG00000181467	RAP2B	3.9		
ENSG00000181472	ZBTB2	26.5		
ENSG00000181481	RNF135	13.2		
ENSG00000181499	OR6T1	0.0		
ENSG00000181513	ACBD4	2.6		
ENSG00000181518	OR8D4	0.0		
ENSG00000181523	SGSH	6.2		
ENSG00000181541	MAB21L2	0.0		
ENSG00000181544	FANCB	11.3		
ENSG00000181552	EDDM3B	0.0		
ENSG00000181555	SETD2	29.5		
ENSG00000181562	EDDM3A	0.0		
ENSG00000181585	TMIE	0.1		
ENSG00000181588	MEX3D	7.7		
ENSG00000181609	OR52D1	0.0		
ENSG00000181610	MRPS23	113.8		
ENSG00000181616	OR52H1	0.0		
ENSG00000181617	FDCSP	0.0		
ENSG00000181619	GPR135	0.4		
ENSG00000181625	SLX1B	3.0		
ENSG00000181626	ANKRD62	0.0		
ENSG00000181631	P2RY13	0.0		
ENSG00000181634	TNFSF15	0.0		
ENSG00000181638	ZFP41	4.9		
ENSG00000181649	PHLDA2	0.1		
ENSG00000181652	ATG9B	0.3		
ENSG00000181656	GPR88	0.2		
ENSG00000181666	ZNF875	16.5		
ENSG00000181690	PLAG1	3.4		
ENSG00000181693	OR8H1	0.0		
ENSG00000181698	OR5T1	0.0		
ENSG00000181704	YIPF6	29.8		
ENSG00000181718	OR5T2	0.1		
ENSG00000181722	ZBTB20	4.0		
ENSG00000181733	OR2Z1	0.0		
ENSG00000181744	DIPK2A	37.2		
ENSG00000181751	MACIR	12.6		
ENSG00000181752	OR8K5	0.0		
ENSG00000181754	AMIGO1	6.5		
ENSG00000181761	OR8H3	0.0		
ENSG00000181767	OR8H2	0.0		
ENSG00000181773	GPR3	1.4		
ENSG00000181778	TMEM252	0.0		
ENSG00000181781	ODF3L2	0.0		
ENSG00000181785	OR5AS1	0.2		
ENSG00000181786	ACTL9	0.0		
ENSG00000181788	SIAH2	28.6		
ENSG00000181789	COPG1	99.5		
ENSG00000181790	ADGRB1	0.9		
ENSG00000181803	OR6S1	0.0		
ENSG00000181804	SLC9A9	0.9		
ENSG00000181817	LSM10	51.2		
ENSG00000181826	RELL1	4.1		
ENSG00000181827	RFX7	18.7		
ENSG00000181830	SLC35C1	13.4		
ENSG00000181847	TIGIT	0.0		
ENSG00000181852	RNF41	47.4		
ENSG00000181856	SLC2A4	0.0		
ENSG00000181867	FTMT	0.0		
ENSG00000181873	IBA57	2.0		
ENSG00000181885	CLDN7	0.1		
ENSG00000181894	ZNF329	1.3		
ENSG00000181896	ZNF101	11.8		
ENSG00000181903	OR4C6	0.0		
ENSG00000181904	C5orf24	25.0		
ENSG00000181915	ADO	21.0		
ENSG00000181924	COA4	124.2		
ENSG00000181927	OR4P4	0.0		
ENSG00000181929	PRKAG1	42.5		
ENSG00000181938	GINS3	24.5		
ENSG00000181939	OR4C15	0.0		
ENSG00000181958	OR4A15	0.0		
ENSG00000181961	OR4A16	0.0		
ENSG00000181963	OR52K2	0.0		
ENSG00000181965	NEUROG1	0.0		
ENSG00000181982	CCDC149	1.4		
ENSG00000181991	MRPS11	17.9		
ENSG00000182004	SNRPE	258.1		
ENSG00000182010	RTKN2	13.1		
ENSG00000182013	PNMA8A	32.9		
ENSG00000182022	CHST15	1.5		
ENSG00000182035	ADIG	0.0		
ENSG00000182040	USH1G	0.4		
ENSG00000182050	MGAT4C	0.3		
ENSG00000182053	TRIM49B	0.0		
ENSG00000182054	IDH2	25.1		
ENSG00000182070	OR52A1	0.0		
ENSG00000182083	OR6B2	0.0		
ENSG00000182087	TMEM259	54.4		
ENSG00000182093	GET1	47.5		
ENSG00000182095	TNRC18	30.2		
ENSG00000182103	FAM181B	0.0		
ENSG00000182107	TMEM30B	0.0		
ENSG00000182108	DEXI	16.2		
ENSG00000182111	ZNF716	0.0		
ENSG00000182117	NOP10	599.1		
ENSG00000182118	FAM89A	12.0		
ENSG00000182132	KCNIP1	0.0		
ENSG00000182134	TDRKH	11.9		
ENSG00000182141	ZNF708	4.0		
ENSG00000182149	IST1	112.0		
ENSG00000182150	ERCC6L2	12.0		
ENSG00000182154	MRPL41	37.4		
ENSG00000182156	ENPP7	0.0		
ENSG00000182158	CREB3L2	21.9		
ENSG00000182162	P2RY8	0.0		
ENSG00000182168	UNC5C	2.0		
ENSG00000182170	MRGPRG	0.0		
ENSG00000182173	TSEN54	14.3		
ENSG00000182175	RGMA	8.4		
ENSG00000182177	ASB18	0.0		
ENSG00000182179	UBA7	0.1		
ENSG00000182180	MRPS16	43.1		
ENSG00000182183	SHISAL2A	0.0		
ENSG00000182185	RAD51B	4.1		
ENSG00000182187	CRYGB	0.0		
ENSG00000182195	LDOC1	3.4		
ENSG00000182196	ARL6IP4	129.1		
ENSG00000182197	EXT1	5.0		
ENSG00000182199	SHMT2	229.4		
ENSG00000182208	MOB2	28.1		
ENSG00000182218	HHIPL1	0.0		
ENSG00000182220	ATP6AP2	114.0		
ENSG00000182223	ZAR1	0.2		
ENSG00000182224	CYB5D1	18.9		
ENSG00000182230	FAM153B	0.1		
ENSG00000182240	BACE2	0.0		
ENSG00000182247	UBE2E2	24.5		
ENSG00000182253	SYNM	5.5		
ENSG00000182255	KCNA4	0.0		
ENSG00000182256	GABRG3	0.2		
ENSG00000182261	NLRP10	0.0		
ENSG00000182263	FIGN	6.2		
ENSG00000182264	IZUMO1	0.0		
ENSG00000182271	TMIGD1	0.0		
ENSG00000182272	B4GALNT4	4.8		
ENSG00000182287	AP1S2	31.7		
ENSG00000182307	C8orf33	67.5		
ENSG00000182308	DCAF4L1	0.6		
ENSG00000182310	SPACA6	0.0		
ENSG00000182315	MBD3L3	0.0		
ENSG00000182318	ZSCAN22	3.3		
ENSG00000182324	KCNJ14	0.7		
ENSG00000182325	FBXL6	2.4		
ENSG00000182326	C1S	0.3		
ENSG00000182327	GLTPD2	0.0		
ENSG00000182329	KIAA2012	0.0		
ENSG00000182330	PRAMEF8	0.0		
ENSG00000182333	LIPF	0.0		
ENSG00000182334	OR5P3	0.0		
ENSG00000182346	DAOA	0.0		
ENSG00000182348	ZNF804B	0.0		
ENSG00000182359	KBTBD3	1.3		
ENSG00000182362	YBEY	7.7		
ENSG00000182372	CLN8	4.9		
ENSG00000182378	PLCXD1	6.3		
ENSG00000182379	NXPH4	10.3		
ENSG00000182389	CACNB4	1.9		
ENSG00000182393	IFNL1	0.0		
ENSG00000182400	TRAPPC6B	19.2		
ENSG00000182405	PGBD4	0.8		
ENSG00000182415	CDY2A	0.0		
ENSG00000182446	NPLOC4	46.0		
ENSG00000182447	OTOL1	0.0		
ENSG00000182450	KCNK4	0.0		
ENSG00000182459	TEX19	1.9		
ENSG00000182463	TSHZ2	0.0		
ENSG00000182472	CAPN12	0.0		
ENSG00000182473	EXOC7	43.9		
ENSG00000182481	KPNA2	753.8		
ENSG00000182484	WASH6P	1.2		
ENSG00000182489	XKRX	0.0		
ENSG00000182492	BGN	0.0		
ENSG00000182504	CEP97	8.8		
ENSG00000182508	LHFPL1	0.0		
ENSG00000182511	FES	1.7		
ENSG00000182512	GLRX5	116.5		
ENSG00000182518	FAM104B	36.7		
ENSG00000182521	TBPL2	0.1		
ENSG00000182533	CAV3	0.0		
ENSG00000182534	MXRA7	92.5		
ENSG00000182541	LIMK2	20.9		
ENSG00000182544	MFSD5	24.9		
ENSG00000182545	RNASE10	0.0		
ENSG00000182551	ADI1	62.9		
ENSG00000182552	RWDD4	31.1		
ENSG00000182557	SPNS3	0.0		
ENSG00000182566	CLEC4G	0.0		
ENSG00000182568	SATB1	46.4		
ENSG00000182575	NXPH3	0.4		
ENSG00000182578	CSF1R	0.0		
ENSG00000182580	EPHB3	5.4		
ENSG00000182583	VCX	0.0		
ENSG00000288649	ACTL10	0.0		
ENSG00000182585	EPGN	0.0		
ENSG00000182591	KRTAP11-1	0.0		
ENSG00000182600	SNORC	0.0		
ENSG00000182601	HS3ST4	0.0		
ENSG00000182606	TRAK1	26.5		
ENSG00000182612	TSPAN10	0.1		
ENSG00000182613	OR2V2	0.0		
ENSG00000182621	PLCB1	3.7		
ENSG00000182628	SKA2	162.9		
ENSG00000182631	RXFP3	0.0		
ENSG00000182634	OR10G7	0.0		
ENSG00000182636	NDN	0.0		
ENSG00000182645	CCDC172	0.0		
ENSG00000182652	OR4Q3	0.0		
ENSG00000182667	NTM	0.0		
ENSG00000182670	TTC3	35.3		
ENSG00000182674	KCNB2	0.0		
ENSG00000182676	PPP1R27	0.0		
ENSG00000182685	BRICD5	1.1		
ENSG00000182687	GALR2	0.0		
ENSG00000182698	RESP18	0.0		
ENSG00000182700	IGIP	1.1		
ENSG00000182704	TSKU	10.9		
ENSG00000182712	CMC4	11.8		
ENSG00000182718	ANXA2	992.9		
ENSG00000182732	RGS6	0.0		
ENSG00000182742	HOXB4	11.8		
ENSG00000182747	SLC35D3	0.2		
ENSG00000182749	PAQR7	3.2		
ENSG00000182752	PAPPA	0.0		
ENSG00000182759	MAFA	0.4		
ENSG00000182768	NGRN	120.3		
ENSG00000182771	GRID1	0.3		
ENSG00000182774	RPS17	6162.5		
ENSG00000182782	HCAR2	0.0		
ENSG00000182783	OR2T29	0.0		
ENSG00000182791	CCDC87	0.2		
ENSG00000182793	GSTA5	0.0		
ENSG00000182795	C1orf116	0.0		
ENSG00000182798	MAGEB17	0.0		
ENSG00000182809	CRIP2	3.6		
ENSG00000182810	DDX28	10.1		
ENSG00000182816	KRTAP13-2	0.0		
ENSG00000182827	ACBD3	34.6		
ENSG00000182831	C16orf72	27.5		
ENSG00000182836	PLCXD3	0.0		
ENSG00000182853	VMO1	0.0		
ENSG00000182854	OR4F15	0.0		
ENSG00000182858	ALG12	10.7		
ENSG00000182866	LCK	0.0		
ENSG00000182870	GALNT9	0.0		
ENSG00000182871	COL18A1	4.6		
ENSG00000182872	RBM10	64.9		
ENSG00000182885	ADGRG3	0.0		
ENSG00000182890	GLUD2	3.7		
ENSG00000182896	TMEM95	0.0		
ENSG00000182898	TCHHL1	0.0		
ENSG00000182899	RPL35A	924.8		
ENSG00000182901	RGS7	0.0		
ENSG00000182902	SLC25A18	0.0		
ENSG00000182903	ZNF721	20.9		
ENSG00000182916	TCEAL7	0.0		
ENSG00000182919	C11orf54	37.5		
ENSG00000182923	CEP63	14.5		
ENSG00000182931	WFDC10B	0.0		
ENSG00000182934	SRPRA	91.1		
ENSG00000182938	OTOP3	0.0		
ENSG00000182944	EWSR1	471.5		
ENSG00000182950	ODF3L1	0.0		
ENSG00000182952	HMGN4	100.2		
ENSG00000182957	SPATA13	7.4		
ENSG00000182963	GJC1	29.2		
ENSG00000182968	SOX1	0.0		
ENSG00000182973	CNOT10	32.5		
ENSG00000182974	OR4M2B	0.0		
ENSG00000182979	MTA1	35.1		
ENSG00000182983	ZNF662	0.0		
ENSG00000182985	CADM1	4.8		
ENSG00000182986	ZNF320	0.1		
ENSG00000182993	C12orf60	2.1		
ENSG00000183010	PYCR1	148.2		
ENSG00000183011	NAA38	69.8		
ENSG00000183018	SPNS2	0.0		
ENSG00000183019	MCEMP1	0.0		
ENSG00000183020	AP2A2	8.9		
ENSG00000183023	SLC8A1	0.5		
ENSG00000183024	OR1G1	0.0		
ENSG00000183032	SLC25A21	0.0		
ENSG00000183034	OTOP2	0.0		
ENSG00000183035	CYLC1	0.0		
ENSG00000183036	PCP4	0.0		
ENSG00000183044	ABAT	2.1		
ENSG00000183048	SLC25A10	10.8		
ENSG00000183049	CAMK1D	8.4		
ENSG00000183054	RGPD6	0.2		
ENSG00000183060	LYSMD4	5.1		
ENSG00000183066	WBP2NL	0.0		
ENSG00000183067	IGSF5	0.8		
ENSG00000183072	NKX2-5	0.0		
ENSG00000183077	AFMID	43.5		
ENSG00000183087	GAS6	2.4		
ENSG00000183090	FREM3	0.0		
ENSG00000183091	NEB	0.1		
ENSG00000183092	BEGAIN	0.5		
ENSG00000183098	GPC6	5.7		
ENSG00000183111	ARHGEF37	0.4		
ENSG00000183114	FAM43B	0.5		
ENSG00000183117	CSMD1	0.1		
ENSG00000183128	CALHM3	0.0		
ENSG00000183134	PTGDR2	0.0		
ENSG00000183137	CEP57L1	16.1		
ENSG00000183145	RIPPLY3	0.0		
ENSG00000183148	ANKRD20A2P	0.1		
ENSG00000183150	GPR19	2.7		
ENSG00000183153	GJD3	0.0		
ENSG00000183155	RABIF	6.9		
ENSG00000183160	TMEM119	0.1		
ENSG00000183161	FANCF	7.2		
ENSG00000183166	CALN1	0.0		
ENSG00000183172	SMDT1	9.8		
ENSG00000183185	GABRR3	0.0		
ENSG00000183186	C2CD4C	2.4		
ENSG00000183196	CHST6	0.9		
ENSG00000183206	POTEC	0.0		
ENSG00000183207	RUVBL2	99.9		
ENSG00000183208	GDPGP1	4.5		
ENSG00000183230	CTNNA3	0.3		
ENSG00000183246	RIMBP3C	0.1		
ENSG00000183248	PRR36	5.1		
ENSG00000183251	OR51B4	0.0		
ENSG00000183255	PTTG1IP	73.0		
ENSG00000183258	DDX41	57.2		
ENSG00000183260	ABHD16B	0.0		
ENSG00000183269	OR52E8	0.0		
ENSG00000183273	CCDC60	0.0		
ENSG00000183281	PLGLB1	1.2		
ENSG00000183283	DAZAP2	134.2		
ENSG00000183287	CCBE1	0.2		
ENSG00000183291	SELENOF	135.2		
ENSG00000183303	OR5P2	0.0		
ENSG00000183304	FAM9A	0.0		
ENSG00000183305	MAGEA2B	0.0		
ENSG00000183307	TMEM121B	0.7		
ENSG00000183309	ZNF623	3.0		
ENSG00000183310	OR2T34	0.0		
ENSG00000183313	OR52L1	0.0		
ENSG00000183317	EPHA10	0.1		
ENSG00000183318	SPDYE4	0.0		
ENSG00000183323	CCDC125	10.3		
ENSG00000183324	REC114	0.0		
ENSG00000183336	BOLA2	0.4		
ENSG00000183337	BCOR	70.8		
ENSG00000183340	JRKL	5.9		
ENSG00000183346	CABCOCO1	0.0		
ENSG00000183347	GBP6	0.0		
ENSG00000183354	KIAA2026	4.2		
ENSG00000183378	OVCH2	0.0		
ENSG00000183379	SYNDIG1L	0.0		
ENSG00000183386	FHL3	9.5		
ENSG00000183389	OR56A4	0.0		
ENSG00000183395	PMCH	0.0		
ENSG00000183396	TMEM89	0.1		
ENSG00000183397	C19orf71	0.1		
ENSG00000183401	CCDC159	1.5		
ENSG00000183421	RIPK4	0.7		
ENSG00000183423	LRIT3	0.2		
ENSG00000183426	NPIPA1	26.4		
ENSG00000183431	SF3A3	136.7		
ENSG00000183434	TFDP3	0.0		
ENSG00000183439	TRIM61	1.4		
ENSG00000183454	GRIN2A	0.0		
ENSG00000183463	URAD	0.0		
ENSG00000183474	GTF2H2C	6.9		
ENSG00000183475	ASB7	9.2		
ENSG00000183476	SH2D7	0.0		
ENSG00000183479	TREX2	0.9		
ENSG00000183484	GPR132	0.0		
ENSG00000183486	MX2	0.0		
ENSG00000183495	EP400	13.7		
ENSG00000183496	MEX3B	8.2		
ENSG00000183508	TENT5C	0.1		
ENSG00000183513	COA5	21.2		
ENSG00000183520	UTP11	44.2		
ENSG00000183527	PSMG1	40.3		
ENSG00000183530	PRR14L	22.9		
ENSG00000183542	KLRC4	0.0		
ENSG00000183549	ACSM5	0.0		
ENSG00000183559	C10orf120	0.0		
ENSG00000183560	IZUMO1R	0.0		
ENSG00000183569	SERHL2	1.5		
ENSG00000183570	PCBP3	1.7		
ENSG00000183571	PGPEP1L	0.0		
ENSG00000183576	SETD3	40.8		
ENSG00000183578	TNFAIP8L3	1.2		
ENSG00000183579	ZNRF3	8.7		
ENSG00000183580	FBXL7	8.1		
ENSG00000183597	TANGO2	11.2		
ENSG00000183598	H3C13	0.0		
ENSG00000183605	SFXN4	57.5		
ENSG00000183607	GKN2	0.0		
ENSG00000183615	FAM167B	0.3		
ENSG00000183617	MRPL54	77.6		
ENSG00000183621	ZNF438	1.6		
ENSG00000183624	HMCES	94.8		
ENSG00000183625	CCR3	0.0		
ENSG00000183628	DGCR6	2.9		
ENSG00000183629	GOLGA8G	0.0		
ENSG00000183631	PRR32	0.0		
ENSG00000183632	TP53TG3	0.0		
ENSG00000183638	RP1L1	0.0		
ENSG00000183640	KRTAP8-1	0.0		
ENSG00000183644	HOATZ	0.0		
ENSG00000183647	ZNF530	3.6		
ENSG00000183648	NDUFB1	198.4		
ENSG00000183654	MARCHF11	0.0		
ENSG00000183655	KLHL25	12.5		
ENSG00000183662	TAFA1	0.0		
ENSG00000183665	TRMT12	14.7		
ENSG00000183668	PSG9	0.0		
ENSG00000183671	GPR1	0.7		
ENSG00000183682	BMP8A	0.0		
ENSG00000183684	ALYREF	241.9		
ENSG00000183688	RFLNB	11.2		
ENSG00000183690	EFHC2	0.3		
ENSG00000183691	NOG	2.2		
ENSG00000183695	MRGPRX2	0.0		
ENSG00000183696	UPP1	5.2		
ENSG00000183706	OR4N4	0.0		
ENSG00000183709	IFNL2	0.0		
ENSG00000183715	OPCML	0.0		
ENSG00000183718	TRIM52	4.2		
ENSG00000183722	LHFPL6	15.0		
ENSG00000183723	CMTM4	19.7		
ENSG00000183726	TMEM50A	56.3		
ENSG00000183733	FIGLA	0.0		
ENSG00000183734	ASCL2	0.0		
ENSG00000183735	TBK1	19.4		
ENSG00000183741	CBX6	17.0		
ENSG00000183742	MACC1	0.2		
ENSG00000183747	ACSM2A	0.0		
ENSG00000183751	TBL3	5.9		
ENSG00000183753	BPY2	0.0		
ENSG00000183760	ACP7	0.0		
ENSG00000183762	KREMEN1	24.6		
ENSG00000183763	TRAIP	18.5		
ENSG00000183765	CHEK2	42.7		
ENSG00000183770	FOXL2	0.0		
ENSG00000183773	AIFM3	0.1		
ENSG00000183775	KCTD16	0.0		
ENSG00000183778	B3GALT5	0.0		
ENSG00000183779	ZNF703	3.0		
ENSG00000183780	SLC35F3	0.1		
ENSG00000183783	KCTD8	2.2		
ENSG00000183785	TUBA8	2.2		
ENSG00000183793	NPIPA5	1.8		
ENSG00000183795	BPY2B	0.0		
ENSG00000183798	EMILIN3	11.1		
ENSG00000183801	OLFML1	0.0		
ENSG00000183807	FAM162B	0.3		
ENSG00000183808	RBM12B	42.3		
ENSG00000183813	CCR4	0.0		
ENSG00000183814	LIN9	15.9		
ENSG00000183826	BTBD9	3.2		
ENSG00000183828	NUDT14	1.1		
ENSG00000183831	ANKRD45	0.0		
ENSG00000183833	CFAP91	0.0		
ENSG00000183837	PNMA3	0.0		
ENSG00000183840	GPR39	0.0		
ENSG00000183844	FAM3B	0.0		
ENSG00000183850	ZNF730	1.8		
ENSG00000183853	KIRREL1	38.9		
ENSG00000183856	IQGAP3	17.5		
ENSG00000183862	CNGA2	0.0		
ENSG00000183864	TOB2	26.7		
ENSG00000183873	SCN5A	2.7		
ENSG00000183876	ARSI	0.2		
ENSG00000183878	UTY	0.0		
ENSG00000183888	SRARP	0.0		
ENSG00000183889	AC138969.1	36.9		
ENSG00000183891	TTC32	5.6		
ENSG00000183908	LRRC55	0.0		
ENSG00000183914	DNAH2	0.0		
ENSG00000183918	SH2D1A	0.0		
ENSG00000183921	SDR42E2	0.0		
ENSG00000183943	PRKX	21.1		
ENSG00000183955	KMT5A	41.6		
ENSG00000183960	KCNH8	1.0		
ENSG00000183963	SMTN	7.2		
ENSG00000183971	NPW	1.1		
ENSG00000183977	PP2D1	0.0		
ENSG00000183978	COA3	77.3		
ENSG00000183979	NPB	0.3		
ENSG00000184005	ST6GALNAC3	0.0		
ENSG00000184007	PTP4A2	172.2		
ENSG00000184009	ACTG1	1722.7		
ENSG00000184012	TMPRSS2	0.0		
ENSG00000184014	DENND5A	64.3		
ENSG00000184022	OR2T10	0.0		
ENSG00000184032	KRTAP20-2	0.0		
ENSG00000184033	CTAG1B	0.0		
ENSG00000184047	DIABLO	72.2		
ENSG00000184056	VPS33B	4.7		
ENSG00000184058	TBX1	12.0		
ENSG00000184060	ADAP2	17.6		
ENSG00000184076	UQCR10	200.6		
ENSG00000184083	FAM120C	10.6		
ENSG00000184108	TRIML1	0.0		
ENSG00000184110	EIF3C	361.4		
ENSG00000184113	CLDN5	0.0		
ENSG00000184117	NIPSNAP1	87.7		
ENSG00000184140	OR4F6	0.0		
ENSG00000184144	CNTN2	0.0		
ENSG00000184148	SPRR4	0.0		
ENSG00000184154	LRTOMT	6.3		
ENSG00000184155	OR10J5	0.0		
ENSG00000184156	KCNQ3	0.0		
ENSG00000184160	ADRA2C	0.2		
ENSG00000184162	NR2C2AP	36.0		
ENSG00000184163	C1QTNF12	0.0		
ENSG00000184164	CRELD2	37.1		
ENSG00000184166	OR1D2	0.2		
ENSG00000184178	SCFD2	22.2		
ENSG00000184182	UBE2F	62.3		
ENSG00000184185	KCNJ12	0.0		
ENSG00000184194	GPR173	9.5		
ENSG00000184203	PPP1R2	15.1		
ENSG00000184205	TSPYL2	11.6		
ENSG00000184206	GOLGA6L4	1.1		
ENSG00000184207	PGP	12.7		
ENSG00000184209	SNRNP35	24.3		
ENSG00000184210	DGAT2L6	0.0		
ENSG00000184216	IRAK1	57.6		
ENSG00000184220	CMSS1	70.3		
ENSG00000184221	OLIG1	0.6		
ENSG00000184226	PCDH9	2.1		
ENSG00000184227	ACOT1	0.0		
ENSG00000184232	OAF	8.9		
ENSG00000184254	ALDH1A3	8.8		
ENSG00000184260	H2AC20	0.3		
ENSG00000184261	KCNK12	0.0		
ENSG00000184270	H2AC21	0.3		
ENSG00000184271	POU6F1	1.2		
ENSG00000184276	DEFB108B	0.0		
ENSG00000184277	TM2D3	40.3		
ENSG00000184281	TSSC4	21.5		
ENSG00000184292	TACSTD2	0.0		
ENSG00000184293	CLECL1	0.0		
ENSG00000184302	SIX6	0.0		
ENSG00000184304	PRKD1	7.9		
ENSG00000184305	CCSER1	0.1		
ENSG00000184307	ZDHHC23	13.0		
ENSG00000184313	MROH7	0.0		
ENSG00000184330	S100A7A	0.0		
ENSG00000184343	SRPK3	0.0		
ENSG00000184344	GDF3	0.3		
ENSG00000184345	IQCF2	0.0		
ENSG00000184347	SLIT3	2.9		
ENSG00000184349	EFNA5	19.4		
ENSG00000184350	MRGPRE	0.0		
ENSG00000184351	KRTAP19-1	0.0		
ENSG00000184357	H1-5	0.0		
ENSG00000184361	SPATA32	0.0		
ENSG00000184363	PKP3	0.0		
ENSG00000184368	MAP7D2	0.0		
ENSG00000184371	CSF1	5.7		
ENSG00000184374	COLEC10	0.0		
ENSG00000184378	ACTRT3	1.5		
ENSG00000184381	PLA2G6	2.2		
ENSG00000184384	MAML2	3.6		
ENSG00000184388	PABPC1L2B	0.4		
ENSG00000184389	A3GALT2	0.0		
ENSG00000184394	OR4N5	0.0		
ENSG00000184402	SS18L1	10.5		
ENSG00000184408	KCND2	2.0		
ENSG00000184428	TOP1MT	33.8		
ENSG00000184432	COPB2	136.2		
ENSG00000184434	LRRC19	0.0		
ENSG00000184436	THAP7	6.1		
ENSG00000184445	KNTC1	34.1		
ENSG00000184451	CCR10	0.0		
ENSG00000184454	NCMAP	0.3		
ENSG00000184459	BPIFC	0.0		
ENSG00000184465	WDR27	3.1		
ENSG00000184470	TXNRD2	17.8		
ENSG00000184471	C1QTNF8	0.0		
ENSG00000184478	OR56A3	0.0		
ENSG00000184481	FOXO4	8.8		
ENSG00000184486	POU3F2	5.6		
ENSG00000184489	PTP4A3	0.1		
ENSG00000184492	FOXD4L1	0.1		
ENSG00000184497	TMEM255B	1.1		
ENSG00000184500	PROS1	1.4		
ENSG00000184502	GAST	0.0		
ENSG00000184507	NUTM1	0.0		
ENSG00000184508	HDDC3	11.1		
ENSG00000184515	BEX5	16.4		
ENSG00000184517	ZFP1	8.1		
ENSG00000184524	CEND1	0.0		
ENSG00000184530	C6orf58	0.0		
ENSG00000184544	DHRS7C	0.0		
ENSG00000184545	DUSP8	0.0		
ENSG00000184557	SOCS3	1.5		
ENSG00000184560	SPEM2	0.0		
ENSG00000184564	SLITRK6	0.0		
ENSG00000184571	PIWIL3	0.0		
ENSG00000184574	LPAR5	0.0		
ENSG00000184575	XPOT	99.1		
ENSG00000184584	STING1	0.4		
ENSG00000184588	PDE4B	0.3		
ENSG00000184599	TAFA3	0.0		
ENSG00000184601	C14orf180	0.0		
ENSG00000184602	SNN	22.7		
ENSG00000184611	KCNH7	0.0		
ENSG00000184613	NELL2	25.3		
ENSG00000184619	KRBA2	1.6		
ENSG00000184634	MED12	29.7		
ENSG00000184635	ZNF93	0.0		
ENSG00000184640	SEPTIN9	96.6		
ENSG00000184647	PRSS55	0.0		
ENSG00000184650	ODF4	0.0		
ENSG00000184659	FOXD4L4	0.0		
ENSG00000184661	CDCA2	42.9		
ENSG00000184672	RALYL	0.4		
ENSG00000184675	AMER1	12.5		
ENSG00000184677	ZBTB40	15.6		
ENSG00000184678	H2BC21	3.6		
ENSG00000184697	CLDN6	0.0		
ENSG00000184698	OR51M1	0.0		
ENSG00000184702	SEPTIN5	30.2		
ENSG00000184708	EIF4ENIF1	26.9		
ENSG00000184709	LRRC26	0.0		
ENSG00000184716	SERINC4	0.0		
ENSG00000184719	RNLS	0.0		
ENSG00000184724	KRTAP6-1	0.0		
ENSG00000184730	APOBR	0.0		
ENSG00000184731	FAM110C	0.0		
ENSG00000184735	DDX53	0.0		
ENSG00000184743	ATL3	21.8		
ENSG00000184752	NDUFA12	236.1		
ENSG00000184785	SMIM10	16.6		
ENSG00000184786	DYNLT2	0.0		
ENSG00000184787	UBE2G2	49.4		
ENSG00000184788	SATL1	0.6		
ENSG00000184792	OSBP2	6.2		
ENSG00000184811	TRARG1	0.0		
ENSG00000184814	PRR23B	0.0		
ENSG00000184828	ZBTB7C	0.1		
ENSG00000184831	APOO	68.5		
ENSG00000184838	PRR16	8.1		
ENSG00000184840	TMED9	49.6		
ENSG00000184845	DRD1	0.0		
ENSG00000184857	TMEM186	21.2		
ENSG00000184860	SDR42E1	0.0		
ENSG00000184863	RBM33	20.8		
ENSG00000184867	ARMCX2	0.0		
ENSG00000184887	BTBD6	41.3		
ENSG00000184895	SRY	0.0		
ENSG00000184897	H1-10	57.3		
ENSG00000184898	RBM43	1.1		
ENSG00000184900	SUMO3	96.8		
ENSG00000184903	IMMP2L	6.6		
ENSG00000184905	TCEAL2	5.7		
ENSG00000184908	CLCNKB	0.5		
ENSG00000184911	DMRTC1B	0.0		
ENSG00000184916	JAG2	4.0		
ENSG00000184922	FMNL1	0.0		
ENSG00000184923	NUTM2A	0.0		
ENSG00000184924	PTRHD1	10.4		
ENSG00000184925	LCN12	0.0		
ENSG00000184933	OR6A2	0.0		
ENSG00000184937	WT1	8.1		
ENSG00000184939	ZFP90	12.9		
ENSG00000184945	AQP12A	0.0		
ENSG00000184949	FAM227A	0.5		
ENSG00000184954	OR6C70	0.0		
ENSG00000184956	MUC6	0.0		
ENSG00000184967	NOC4L	10.2		
ENSG00000184979	USP18	21.6		
ENSG00000184983	NDUFA6	1.2		
ENSG00000184984	CHRM5	0.0		
ENSG00000184985	SORCS2	0.0		
ENSG00000184986	TMEM121	0.4		
ENSG00000184988	TMEM106A	0.8		
ENSG00000184990	SIVA1	23.2		
ENSG00000184992	BRI3BP	30.7		
ENSG00000184995	IFNE	0.0		
ENSG00000184999	SLC22A10	0.0		
ENSG00000185000	DGAT1	1.8		
ENSG00000185002	RFX6	0.0		
ENSG00000185008	ROBO2	10.9		
ENSG00000185009	AP3M1	76.7		
ENSG00000185010	F8	1.0		
ENSG00000185013	NT5C1B	0.0		
ENSG00000185015	CA13	2.2		
ENSG00000185019	UBOX5	3.2		
ENSG00000185022	MAFF	1.1		
ENSG00000185024	BRF1	14.4		
ENSG00000185028	LRRC14B	0.0		
ENSG00000185033	SEMA4B	3.7		
ENSG00000185038	MROH2A	0.0		
ENSG00000185040	SPDYE16	0.0		
ENSG00000185043	CIB1	48.0		
ENSG00000185046	ANKS1B	0.1		
ENSG00000185049	NELFA	21.3		
ENSG00000185052	SLC24A3	0.0		
ENSG00000185053	SGCZ	0.0		
ENSG00000185055	EFCAB10	0.0		
ENSG00000185056	C5orf47	0.0		
ENSG00000185069	KRT76	0.0		
ENSG00000185070	FLRT2	13.6		
ENSG00000185085	INTS5	24.6		
ENSG00000185088	RPS27L	116.5		
ENSG00000185090	MANEAL	11.1		
ENSG00000185100	ADSS1	0.2		
ENSG00000185101	ANO9	0.0		
ENSG00000185104	FAF1	37.3		
ENSG00000185105	MYADML2	0.0		
ENSG00000185112	FAM43A	2.3		
ENSG00000185115	NSMCE3	0.1		
ENSG00000185122	HSF1	35.2		
ENSG00000185127	C6orf120	17.2		
ENSG00000185129	PURA	8.9		
ENSG00000185130	H2BC13	0.0		
ENSG00000185133	INPP5J	2.5		
ENSG00000185149	NPY2R	0.0		
ENSG00000185155	MIXL1	1.7		
ENSG00000185156	MFSD6L	0.0		
ENSG00000185158	LRRC37B	9.3		
ENSG00000185163	DDX51	6.7		
ENSG00000185164	NOMO2	81.2		
ENSG00000185176	AQP12B	0.0		
ENSG00000185177	ZNF479	0.0		
ENSG00000185187	SIGIRR	9.7		
ENSG00000185189	NRBP2	7.0		
ENSG00000185198	PRSS57	0.0		
ENSG00000185201	IFITM2	1.1		
ENSG00000185215	TNFAIP2	11.6		
ENSG00000185219	ZNF445	4.4		
ENSG00000185220	PGBD2	4.7		
ENSG00000185222	TCEAL9	33.8		
ENSG00000185231	MC2R	0.0		
ENSG00000185236	RAB11B	29.4		
ENSG00000185238	PRMT3	27.2		
ENSG00000185245	GP1BA	0.0		
ENSG00000185246	PRPF39	9.0		
ENSG00000185247	MAGEA11	0.0		
ENSG00000185250	PPIL6	1.0		
ENSG00000185252	ZNF74	7.8		
ENSG00000185261	KIAA0825	0.3		
ENSG00000185262	UBALD2	12.1		
ENSG00000185264	TEX33	0.0		
ENSG00000185267	CDNF	0.1		
ENSG00000185269	NOTUM	2.4		
ENSG00000185271	KLHL33	0.0		
ENSG00000185272	RBM11	0.1		
ENSG00000185274	GALNT17	0.0		
ENSG00000185278	ZBTB37	3.2		
ENSG00000185290	NUPR2	1.9		
ENSG00000185291	IL3RA	0.0		
ENSG00000185294	SPPL2C	0.0		
ENSG00000185298	CCDC137	34.5		
ENSG00000185303	SFTPA2	0.0		
ENSG00000185304	RGPD2	0.0		
ENSG00000185305	ARL15	13.2		
ENSG00000185306	C12orf56	0.0		
ENSG00000185313	SCN10A	0.0		
ENSG00000185324	CDK10	5.8		
ENSG00000185338	SOCS1	0.4		
ENSG00000185339	TCN2	3.7		
ENSG00000185340	GAS2L1	6.0		
ENSG00000185344	ATP6V0A2	16.1		
ENSG00000185345	PRKN	0.1		
ENSG00000185347	TEDC1	3.2		
ENSG00000185352	HS6ST3	2.8		
ENSG00000185359	HGS	43.7		
ENSG00000185361	TNFAIP8L1	4.6		
ENSG00000185372	OR2V1	0.0		
ENSG00000185379	RAD51D	9.8		
ENSG00000185385	OR7A17	0.2		
ENSG00000185386	MAPK11	4.9		
ENSG00000185404	SP140L	0.0		
ENSG00000185414	MRPL30	25.9		
ENSG00000185418	TARS3	13.8		
ENSG00000185420	SMYD3	16.3		
ENSG00000185432	METTL7A	6.1		
ENSG00000185436	IFNLR1	6.6		
ENSG00000185437	SH3BGR	1.2		
ENSG00000185442	FAM174B	13.9		
ENSG00000185448	FAM47A	0.0		
ENSG00000185453	ZSWIM9	2.0		
ENSG00000185467	KPNA7	0.0		
ENSG00000185475	TMEM179B	33.4		
ENSG00000185477	GPRIN3	0.4		
ENSG00000185479	KRT6B	0.0		
ENSG00000185480	PARPBP	38.5		
ENSG00000185482	STAC3	0.9		
ENSG00000185483	ROR1	0.1		
ENSG00000185499	MUC1	1.0		
ENSG00000185504	FAAP100	4.9		
ENSG00000185507	IRF7	0.2		
ENSG00000185513	L3MBTL1	0.0		
ENSG00000185515	BRCC3	54.4		
ENSG00000185518	SV2B	0.0		
ENSG00000185519	FAM131C	1.0		
ENSG00000185522	LMNTD2	0.7		
ENSG00000185523	SPATA45	0.6		
ENSG00000185527	PDE6G	0.2		
ENSG00000185532	PRKG1	0.0		
ENSG00000185551	NR2F2	22.3		
ENSG00000185559	DLK1	0.7		
ENSG00000185561	TLCD2	1.5		
ENSG00000185565	LSAMP	0.2		
ENSG00000185567	AHNAK2	0.3		
ENSG00000185585	OLFML2A	0.4		
ENSG00000185591	SP1	43.6		
ENSG00000185608	MRPL40	118.8		
ENSG00000185610	DBX2	0.0		
ENSG00000185614	INKA1	0.5		
ENSG00000185615	PDIA2	3.9		
ENSG00000185619	PCGF3	16.5		
ENSG00000185621	LMLN	3.1		
ENSG00000185624	P4HB	248.8		
ENSG00000185627	PSMD13	154.6		
ENSG00000185630	PBX1	31.7		
ENSG00000185633	NDUFA4L2	0.7		
ENSG00000185634	SHC4	0.2		
ENSG00000185640	KRT79	0.0		
ENSG00000185650	ZFP36L1	8.8		
ENSG00000185651	UBE2L3	132.1		
ENSG00000185652	NTF3	0.0		
ENSG00000185658	BRWD1	17.5		
ENSG00000185662	SMIM23	0.0		
ENSG00000185664	PMEL	0.6		
ENSG00000185666	SYN3	5.4		
ENSG00000185668	POU3F1	0.3		
ENSG00000185669	SNAI3	0.3		
ENSG00000185670	ZBTB3	2.3		
ENSG00000185674	LYG2	0.0		
ENSG00000185681	MORN5	0.0		
ENSG00000185686	PRAME	4.3		
ENSG00000185697	MYBL1	3.5		
ENSG00000185716	MOSMO	7.6		
ENSG00000185721	DRG1	128.5		
ENSG00000185722	ANKFY1	29.3		
ENSG00000185728	YTHDF3	64.1		
ENSG00000185730	ZNF696	8.5		
ENSG00000185736	ADARB2	0.0		
ENSG00000185737	NRG3	0.0		
ENSG00000185739	SRL	0.0		
ENSG00000185742	C11orf87	0.0		
ENSG00000185745	IFIT1	1.0		
ENSG00000185753	CXorf38	7.6		
ENSG00000185758	CLDN24	0.0		
ENSG00000185760	KCNQ5	0.1		
ENSG00000185761	ADAMTSL5	3.5		
ENSG00000185774	KCNIP4	0.0		
ENSG00000185775	SPATA31A6	0.0		
ENSG00000185787	MORF4L1	1054.3		
ENSG00000185792	NLRP9	0.0		
ENSG00000185798	WDR53	18.9		
ENSG00000185800	DMWD	16.1		
ENSG00000185803	SLC52A2	18.4		
ENSG00000185808	PIGP	22.7		
ENSG00000185811	IKZF1	0.0		
ENSG00000185813	PCYT2	28.6		
ENSG00000185818	NAT8L	11.1		
ENSG00000185821	OR6C76	0.0		
ENSG00000185823	NPAP1	0.0		
ENSG00000185825	BCAP31	337.3		
ENSG00000185829	ARL17A	5.1		
ENSG00000185838	GNB1L	2.0		
ENSG00000185842	DNAH14	13.8		
ENSG00000185860	CCDC190	0.0		
ENSG00000185862	EVI2B	0.0		
ENSG00000185863	TMEM210	0.0		
ENSG00000185864	NPIPB4	9.4		
ENSG00000185869	ZNF829	0.0		
ENSG00000185873	TMPRSS11B	0.0		
ENSG00000185875	THNSL1	7.2		
ENSG00000185880	TRIM69	0.1		
ENSG00000185883	ATP6V0C	90.7		
ENSG00000185885	IFITM1	36.5		
ENSG00000185888	PRSS38	0.0		
ENSG00000185894	BPY2C	0.0		
ENSG00000185896	LAMP1	92.9		
ENSG00000185897	FFAR3	0.0		
ENSG00000185899	TAS2R60	0.0		
ENSG00000185900	POMK	13.5		
ENSG00000185905	C16orf54	0.0		
ENSG00000185909	KLHDC8B	5.6		
ENSG00000185915	KLHL34	0.0		
ENSG00000185917	SETD4	10.3		
ENSG00000185920	PTCH1	11.7		
ENSG00000185924	RTN4RL1	4.6		
ENSG00000185926	OR4C46	0.0		
ENSG00000185933	CALHM1	0.0		
ENSG00000185940	KRTAP5-5	0.0		
ENSG00000185942	NKAIN3	0.5		
ENSG00000185946	RNPC3	11.5		
ENSG00000185947	ZNF267	14.4		
ENSG00000185950	IRS2	2.2		
ENSG00000185955	C7orf61	0.3		
ENSG00000185958	FAM186A	0.0		
ENSG00000185960	SHOX	0.2		
ENSG00000185962	LCE3A	0.0		
ENSG00000185963	BICD2	21.8		
ENSG00000185966	LCE3E	0.0		
ENSG00000185972	CCIN	0.0		
ENSG00000185973	TMLHE	21.2		
ENSG00000185974	GRK1	0.0		
ENSG00000185982	DEFB128	0.0		
ENSG00000185985	SLITRK2	20.4		
ENSG00000185988	PLK5	0.0		
ENSG00000185989	RASA3	3.0		
ENSG00000186001	LRCH3	25.7		
ENSG00000186007	LEMD1	0.0		
ENSG00000186009	ATP4B	0.0		
ENSG00000186010	NDUFA13	313.0		
ENSG00000186017	ZNF566	9.5		
ENSG00000186020	ZNF529	8.7		
ENSG00000186026	ZNF284	1.5		
ENSG00000186038	HTR3E	0.0		
ENSG00000186047	DLEU7	0.0		
ENSG00000186049	KRT73	0.0		
ENSG00000186051	TAL2	2.9		
ENSG00000186063	AIDA	81.4		
ENSG00000186073	CDIN1	13.0		
ENSG00000186074	CD300LF	0.0		
ENSG00000186075	ZPBP2	0.2		
ENSG00000186081	KRT5	0.2		
ENSG00000186086	NBPF6	0.0		
ENSG00000186088	GSAP	0.1		
ENSG00000186090	HTR3D	0.0		
ENSG00000186092	OR4F5	0.0		
ENSG00000186094	AGBL4	0.0		
ENSG00000186103	ARGFX	0.1		
ENSG00000186104	CYP2R1	1.2		
ENSG00000186105	LRRC70	0.0		
ENSG00000186106	ANKRD46	18.5		
ENSG00000186111	PIP5K1C	6.5		
ENSG00000186113	OR5D14	0.0		
ENSG00000186115	CYP4F2	0.0		
ENSG00000186118	TEX38	0.0		
ENSG00000186119	OR5D18	0.0		
ENSG00000186130	ZBTB6	9.8		
ENSG00000186132	C2orf76	10.1		
ENSG00000186136	TAS2R42	0.0		
ENSG00000186141	POLR3C	30.6		
ENSG00000186143	PRR30	0.0		
ENSG00000186146	DEFB131A	0.0		
ENSG00000186150	UBL4B	0.0		
ENSG00000186153	WWOX	5.1		
ENSG00000186160	CYP4Z1	0.0		
ENSG00000186166	CENATAC	1.3		
ENSG00000186174	BCL9L	5.0		
ENSG00000186184	POLR1D	200.4		
ENSG00000186185	KIF18B	25.1		
ENSG00000186187	ZNRF1	13.0		
ENSG00000186188	FFAR4	0.0		
ENSG00000186190	BPIFB3	0.0		
ENSG00000186191	BPIFB4	0.0		
ENSG00000186193	SAPCD2	33.6		
ENSG00000186197	EDARADD	6.5		
ENSG00000186198	SLC51B	0.0		
ENSG00000186204	CYP4F12	0.0		
ENSG00000186205	MTARC1	28.3		
ENSG00000186207	LCE5A	0.0		
ENSG00000186212	SOWAHB	0.3		
ENSG00000186222	BLOC1S4	8.6		
ENSG00000186226	LCE1E	0.0		
ENSG00000186230	ZNF749	4.9		
ENSG00000186231	KLHL32	0.3		
ENSG00000186260	MRTFB	12.9		
ENSG00000186265	BTLA	0.2		
ENSG00000186272	ZNF17	4.6		
ENSG00000186280	KDM4D	2.1		
ENSG00000186281	GPAT2	0.0		
ENSG00000186283	TOR3A	53.7		
ENSG00000186288	PABPC1L2A	0.4		
ENSG00000186297	GABRA5	12.0		
ENSG00000186298	PPP1CC	295.3		
ENSG00000186300	ZNF555	4.9		
ENSG00000186306	OR10T2	0.0		
ENSG00000186310	NAP1L3	13.2		
ENSG00000186314	PRELID2	3.9		
ENSG00000186318	BACE1	24.3		
ENSG00000186326	RGS9BP	1.0		
ENSG00000186329	TMEM212	1.0		
ENSG00000186334	SLC36A3	0.0		
ENSG00000186335	SLC36A2	0.0		
ENSG00000186340	THBS2	2.4		
ENSG00000186350	RXRA	7.7		
ENSG00000186352	ANKRD37	6.5		
ENSG00000186364	NUDT17	1.8		
ENSG00000186367	MINAR2	0.0		
ENSG00000186376	ZNF75D	15.2		
ENSG00000186377	CYP4X1	0.0		
ENSG00000186393	KRT26	0.0		
ENSG00000186395	KRT10	5.4		
ENSG00000186399	GOLGA8R	0.0		
ENSG00000186407	CD300E	0.0		
ENSG00000186409	CCDC30	1.0		
ENSG00000186416	NKRF	43.8		
ENSG00000186417	GLDN	0.0		
ENSG00000186431	FCAR	0.0		
ENSG00000186432	KPNA4	27.4		
ENSG00000186439	TRDN	0.5		
ENSG00000186440	OR6P1	0.0		
ENSG00000186442	KRT3	0.0		
ENSG00000186446	ZNF501	0.0		
ENSG00000186448	ZNF197	4.8		
ENSG00000186451	SPATA12	0.0		
ENSG00000186452	TMPRSS12	0.0		
ENSG00000186453	FAM228A	0.0		
ENSG00000186458	DEFB132	0.0		
ENSG00000186462	NAP1L2	3.4		
ENSG00000186468	RPS23	3616.3		
ENSG00000186469	GNG2	10.4		
ENSG00000186470	BTN3A2	9.4		
ENSG00000186471	AKAP14	0.0		
ENSG00000186472	PCLO	5.7		
ENSG00000186474	KLK12	0.0		
ENSG00000186479	RGS7BP	0.0		
ENSG00000186480	INSIG1	53.1		
ENSG00000186487	MYT1L	0.0		
ENSG00000186496	ZNF396	1.0		
ENSG00000186501	TMEM222	28.3		
ENSG00000186509	OR9Q1	0.0		
ENSG00000186510	CLCNKA	0.0		
ENSG00000186513	OR9Q2	0.0		
ENSG00000186517	ARHGAP30	0.0		
ENSG00000186522	SEPTIN10	42.8		
ENSG00000186523	FAM86B1	0.4		
ENSG00000186526	CYP4F8	0.0		
ENSG00000186529	CYP4F3	0.0		
ENSG00000186532	SMYD4	12.9		
ENSG00000186562	DEFB105A	0.0		
ENSG00000186564	FOXD2	0.6		
ENSG00000186566	GPATCH8	23.3		
ENSG00000186567	CEACAM19	2.6		
ENSG00000186572	DEFB107A	0.0		
ENSG00000186575	NF2	25.1		
ENSG00000186577	SMIM29	12.7		
ENSG00000186579	DEFB106A	0.0		
ENSG00000186583	SPATC1	0.0		
ENSG00000186591	UBE2H	46.2		
ENSG00000186599	DEFB105B	0.0		
ENSG00000186603	HPDL	0.0		
ENSG00000186625	KATNA1	34.5		
ENSG00000186628	FSD2	0.0		
ENSG00000186635	ARAP1	23.2		
ENSG00000186638	KIF24	7.6		
ENSG00000186642	PDE2A	0.9		
ENSG00000186645	SPDYE17	0.0		
ENSG00000186648	CARMIL3	0.1		
ENSG00000186652	PRG2	0.0		
ENSG00000186654	PRR5	2.1		
ENSG00000186660	ZFP91	43.2		
ENSG00000186665	C17orf58	21.3		
ENSG00000186666	BCDIN3D	3.9		
ENSG00000186675	MAGEE2	0.0		
ENSG00000186684	CYP27C1	2.7		
ENSG00000186687	LYRM7	13.5		
ENSG00000186710	CFAP73	0.0		
ENSG00000186714	CCDC73	0.0		
ENSG00000186716	BCR	3.6		
ENSG00000186723	OR10H1	0.1		
ENSG00000186732	MPPED1	0.0		
ENSG00000186765	FSCN2	0.0		
ENSG00000186766	FOXI2	0.0		
ENSG00000186767	SPIN4	23.7		
ENSG00000186777	ZNF732	0.0		
ENSG00000186787	SPIN2B	16.7		
ENSG00000186788	SPATA31D3	0.0		
ENSG00000186790	FOXE3	0.0		
ENSG00000186792	HYAL3	7.0		
ENSG00000186795	KCNK18	0.0		
ENSG00000186803	IFNA10	0.0		
ENSG00000186806	VSIG10L	0.0		
ENSG00000186810	CXCR3	0.0		
ENSG00000186812	ZNF397	12.2		
ENSG00000186814	ZSCAN30	6.5		
ENSG00000186815	TPCN1	11.9		
ENSG00000186818	LILRB4	0.0		
ENSG00000186827	TNFRSF4	0.0		
ENSG00000186832	KRT16	0.0		
ENSG00000186834	HEXIM1	13.8		
ENSG00000186838	SELENOV	0.0		
ENSG00000186844	LCE1A	0.0		
ENSG00000186847	KRT14	0.0		
ENSG00000186854	TRABD2A	2.8		
ENSG00000186860	KRTAP17-1	0.0		
ENSG00000186862	PDZD7	0.2		
ENSG00000186866	POFUT2	13.1		
ENSG00000186867	QRFPR	0.0		
ENSG00000186868	MAPT	2.3		
ENSG00000186871	ERCC6L	27.8		
ENSG00000186881	OR13F1	0.0		
ENSG00000186886	OR5D3P	0.0		
ENSG00000186889	TMEM17	2.1		
ENSG00000186891	TNFRSF18	0.0		
ENSG00000186895	FGF3	0.0		
ENSG00000186897	C1QL4	5.5		
ENSG00000186907	RTN4RL2	11.9		
ENSG00000186908	ZDHHC17	12.1		
ENSG00000186910	SERPINA11	0.0		
ENSG00000186912	P2RY4	0.0		
ENSG00000186918	ZNF395	16.1		
ENSG00000186919	ZACN	0.0		
ENSG00000186924	KRTAP22-1	0.0		
ENSG00000186925	KRTAP19-6	0.0		
ENSG00000186930	KRTAP6-2	0.0		
ENSG00000186943	OR13C8	0.0		
ENSG00000186951	PPARA	7.1		
ENSG00000186952	TMEM232	0.2		
ENSG00000186965	KRTAP19-2	0.0		
ENSG00000186967	KRTAP19-4	0.0		
ENSG00000186970	KRTAP15-1	0.0		
ENSG00000186971	KRTAP13-4	0.0		
ENSG00000186973	FAM183A	0.0		
ENSG00000186976	EFCAB6	0.0		
ENSG00000186977	KRTAP19-5	0.0		
ENSG00000186980	KRTAP23-1	0.0		
ENSG00000186994	KANK3	0.5		
ENSG00000186998	EMID1	2.5		
ENSG00000187003	ACTL7A	0.0		
ENSG00000187005	KRTAP21-1	0.0		
ENSG00000187010	RHD	0.0		
ENSG00000187017	ESPN	2.3		
ENSG00000187021	PNLIPRP1	0.0		
ENSG00000187024	PTRH1	2.4		
ENSG00000187026	KRTAP21-2	0.0		
ENSG00000187033	SAMD7	0.0		
ENSG00000187037	GPR141	0.0		
ENSG00000187045	TMPRSS6	0.0		
ENSG00000187048	CYP4A11	0.0		
ENSG00000187049	TMEM216	26.1		
ENSG00000187051	RPS19BP1	87.8		
ENSG00000187054	TMPRSS11A	0.0		
ENSG00000187066	TMEM262	0.0		
ENSG00000187068	C3orf70	0.9		
ENSG00000187079	TEAD1	53.7		
ENSG00000187080	OR2AK2	0.0		
ENSG00000187082	DEFB106B	0.0		
ENSG00000187091	PLCD1	4.8		
ENSG00000187094	CCK	0.0		
ENSG00000187097	ENTPD5	8.5		
ENSG00000187098	MITF	3.7		
ENSG00000187105	HEATR4	0.0		
ENSG00000187109	NAP1L1	636.3		
ENSG00000187116	LILRA5	0.0		
ENSG00000187118	CMC1	8.7		
ENSG00000187122	SLIT1	0.3		
ENSG00000187123	LYPD6	5.3		
ENSG00000187134	AKR1C1	1.6		
ENSG00000187135	VSTM2B	0.2		
ENSG00000187140	FOXD3	1.2		
ENSG00000187144	SPATA21	0.0		
ENSG00000187147	RNF220	25.8		
ENSG00000187151	ANGPTL5	0.0		
ENSG00000187164	SHTN1	10.6		
ENSG00000187166	H1-7	0.0		
ENSG00000187170	LCE4A	0.0		
ENSG00000187173	LCE2A	0.0		
ENSG00000187175	KRTAP12-1	0.0		
ENSG00000187180	LCE2C	0.0		
ENSG00000187186	AL162231.1	5.9		
ENSG00000187187	ZNF546	0.4		
ENSG00000187189	TSPYL4	20.7		
ENSG00000187191	DAZ3	0.0		
ENSG00000187193	MT1X	131.4		
ENSG00000187210	GCNT1	9.5		
ENSG00000187223	LCE2D	0.0		
ENSG00000187231	SESTD1	11.0		
ENSG00000187238	LCE3B	0.0		
ENSG00000187239	FNBP1	33.0		
ENSG00000187240	DYNC2H1	5.5		
ENSG00000187242	KRT12	0.0		
ENSG00000187243	MAGED4B	20.5		
ENSG00000187244	BCAM	10.4		
ENSG00000187257	RSBN1L	26.8		
ENSG00000187258	NPSR1	1.0		
ENSG00000187260	WDR86	0.1		
ENSG00000187266	EPOR	2.8		
ENSG00000187268	FAM9C	0.0		
ENSG00000187272	KRTAP9-8	0.0		
ENSG00000187288	CIDEC	0.2		
ENSG00000187323	DCC	0.0		
ENSG00000187325	TAF9B	79.5		
ENSG00000187372	PCDHB13	1.7		
ENSG00000187391	MAGI2	1.1		
ENSG00000187398	LUZP2	4.4		
ENSG00000187416	LHFPL3	0.0		
ENSG00000187446	CHP1	56.0		
ENSG00000187474	FPR3	0.0		
ENSG00000187475	H1-6	0.0		
ENSG00000187479	C11orf96	0.4		
ENSG00000187486	KCNJ11	4.1		
ENSG00000187492	CDHR4	0.0		
ENSG00000187498	COL4A1	0.0		
ENSG00000187510	PLEKHG7	0.0		
ENSG00000187513	GJA4	0.0		
ENSG00000187514	PTMA	2830.6		
ENSG00000187516	H2AP	0.0		
ENSG00000187522	HSPA14	55.3		
ENSG00000187527	ATP13A5	0.0		
ENSG00000187531	SIRT7	10.5		
ENSG00000187533	PRR27	0.0		
ENSG00000187535	IFT140	1.7		
ENSG00000187537	POTEG	0.0		
ENSG00000187545	PRAMEF10	0.0		
ENSG00000187546	AGMO	0.0		
ENSG00000187550	SBK2	0.0		
ENSG00000187553	CYP26C1	0.0		
ENSG00000187554	TLR5	0.0		
ENSG00000187555	USP7	95.2		
ENSG00000187556	NANOS3	0.0		
ENSG00000187559	FOXD4L3	0.1		
ENSG00000187566	NHLRC1	0.0		
ENSG00000187569	DPPA3	0.0		
ENSG00000187581	COX8C	0.0		
ENSG00000187583	PLEKHN1	0.2		
ENSG00000187595	ZNF385C	0.3		
ENSG00000187601	MAGEH1	12.5		
ENSG00000187605	TET3	13.0		
ENSG00000187607	ZNF286A	42.4		
ENSG00000187608	ISG15	4.5		
ENSG00000187609	EXD3	1.0		
ENSG00000187612	OR5W2	0.0		
ENSG00000187616	MYMK	0.0		
ENSG00000187624	C17orf97	3.8		
ENSG00000187626	ZKSCAN4	2.9		
ENSG00000187627	RGPD1	0.0		
ENSG00000187630	DHRS4L2	22.3		
ENSG00000187634	SAMD11	8.8		
ENSG00000187642	PERM1	0.0		
ENSG00000187650	VMAC	0.3		
ENSG00000187658	C5orf52	0.0		
ENSG00000187664	HAPLN4	1.0		
ENSG00000187672	ERC2	2.4		
ENSG00000187676	B3GLCT	6.1		
ENSG00000187678	SPRY4	0.0		
ENSG00000187682	ERAS	0.1		
ENSG00000187688	TRPV2	0.2		
ENSG00000187689	AMTN	0.0		
ENSG00000187690	EZHIP	0.0		
ENSG00000187699	C2orf88	3.0		
ENSG00000187701	OR2T27	0.0		
ENSG00000187713	TMEM203	45.3		
ENSG00000187714	SLC18A3	0.0		
ENSG00000187715	KBTBD12	0.0		
ENSG00000187720	THSD4	1.8		
ENSG00000187726	DNAJB13	0.1		
ENSG00000187730	GABRD	0.7		
ENSG00000187733	AMY1C	0.0		
ENSG00000187735	TCEA1	182.3		
ENSG00000187736	NHEJ1	20.5		
ENSG00000187741	FANCA	27.7		
ENSG00000187742	SECISBP2	36.4		
ENSG00000187747	OR52B6	0.0		
ENSG00000187753	C9orf153	0.0		
ENSG00000187754	SSX7	0.0		
ENSG00000187758	ADH1A	0.0		
ENSG00000187764	SEMA4D	7.5		
ENSG00000187766	KRTAP10-8	0.0		
ENSG00000187772	LIN28B	31.2		
ENSG00000187773	DIPK1C	0.0		
ENSG00000187775	DNAH17	0.0		
ENSG00000187778	MCRS1	97.8		
ENSG00000187783	TMEM72	0.0		
ENSG00000187790	FANCM	9.5		
ENSG00000187791	FAM205C	0.0		
ENSG00000187792	ZNF70	2.0		
ENSG00000187796	CARD9	0.3		
ENSG00000187800	PEAR1	0.0		
ENSG00000187801	ZFP69B	3.1		
ENSG00000187806	TMEM202	0.0		
ENSG00000187808	SOWAHD	0.0		
ENSG00000187815	ZFP69	6.0		
ENSG00000187821	HELT	1.4		
ENSG00000187823	RTL4	0.0		
ENSG00000187824	TMEM220	2.8		
ENSG00000187833	C2orf78	0.0		
ENSG00000187837	H1-2	6.4		
ENSG00000187838	PLSCR3	7.0		
ENSG00000187840	EIF4EBP1	109.1		
ENSG00000187848	P2RX2	0.0		
ENSG00000187855	ASCL4	0.0		
ENSG00000187857	OR6C75	0.0		
ENSG00000187860	CCDC157	1.0		
ENSG00000187862	TTC24	0.0		
ENSG00000187866	FAM122A	5.3		
ENSG00000187867	PALM3	15.8		
ENSG00000187871	GFRAL	0.0		
ENSG00000187889	FYB2	0.0		
ENSG00000187902	SHISA7	0.0		
ENSG00000187905	LRRC74B	0.0		
ENSG00000187908	DMBT1	0.0		
ENSG00000187912	CLEC17A	0.0		
ENSG00000187918	OR51I2	0.0		
ENSG00000187922	LCN10	0.0		
ENSG00000187942	LDLRAD2	0.0		
ENSG00000187944	C2orf66	0.0		
ENSG00000187950	OVCH1	0.0		
ENSG00000187954	CYHR1	14.4		
ENSG00000187955	COL14A1	0.2		
ENSG00000187957	DNER	0.3		
ENSG00000187959	CPSF4L	0.2		
ENSG00000187961	KLHL17	8.5		
ENSG00000187969	ZCCHC13	0.0		
ENSG00000187980	PLA2G2C	0.0		
ENSG00000187987	ZSCAN23	0.6		
ENSG00000187994	RINL	1.7		
ENSG00000187997	C17orf99	0.0		
ENSG00000188000	OR7D2	0.0		
ENSG00000188001	TPRG1	0.0		
ENSG00000188010	MORN2	16.5		
ENSG00000188011	RTP5	0.0		
ENSG00000188015	S100A3	0.1		
ENSG00000188021	UBQLN2	50.0		
ENSG00000188026	RILPL1	7.5		
ENSG00000188032	C19orf67	0.0		
ENSG00000188033	ZNF490	1.7		
ENSG00000188037	CLCN1	0.0		
ENSG00000188038	NRN1L	0.1		
ENSG00000188039	NWD1	0.0		
ENSG00000188042	ARL4C	12.0		
ENSG00000188050	RNF133	0.0		
ENSG00000188051	TMEM221	1.3		
ENSG00000188056	TREML4	0.0		
ENSG00000188060	RAB42	4.1		
ENSG00000188064	WNT7B	0.9		
ENSG00000188070	C11orf95	15.2		
ENSG00000188076	SCGB1C1	0.0		
ENSG00000188086	PRSS45P	0.0		
ENSG00000188089	PLA2G4E	0.0		
ENSG00000188092	GPR89B	7.7		
ENSG00000188095	MESP2	0.3		
ENSG00000188100	FAM25A	0.0		
ENSG00000188107	EYS	0.2		
ENSG00000188112	C6orf132	0.1		
ENSG00000188120	DAZ1	0.0		
ENSG00000188124	OR2AG2	0.0		
ENSG00000188130	MAPK12	24.3		
ENSG00000188133	TMEM215	0.0		
ENSG00000188152	NUTM2G	0.0		
ENSG00000188153	COL4A5	13.2		
ENSG00000188155	KRTAP10-6	0.0		
ENSG00000188157	AGRN	4.1		
ENSG00000188158	NHS	3.5		
ENSG00000188162	OTOG	0.0		
ENSG00000188163	FAM166A	0.0		
ENSG00000188167	TMPPE	1.7		
ENSG00000188171	ZNF626	0.0		
ENSG00000188175	HEPACAM2	0.0		
ENSG00000188176	SMTNL2	2.7		
ENSG00000188177	ZC3H6	0.7		
ENSG00000188186	LAMTOR4	124.0		
ENSG00000188191	PRKAR1B	27.0		
ENSG00000188199	NUTM2B	0.1		
ENSG00000188211	NCR3LG1	14.4		
ENSG00000188215	DCUN1D3	4.8		
ENSG00000188219	POTEE	0.0		
ENSG00000188227	ZNF793	0.3		
ENSG00000188229	TUBB4B	539.5		
ENSG00000188234	AGAP4	1.8		
ENSG00000188243	COMMD6	56.1		
ENSG00000188257	PLA2G2A	0.0		
ENSG00000188263	IL17REL	0.0		
ENSG00000188266	HYKK	10.0		
ENSG00000188269	OR7A5	0.0		
ENSG00000188277	C15orf62	0.7		
ENSG00000188282	RUFY4	0.0		
ENSG00000188283	ZNF383	3.6		
ENSG00000188290	HES4	2.1		
ENSG00000188293	IGFL1	0.0		
ENSG00000188295	ZNF669	9.2		
ENSG00000188305	PEAK3	0.0		
ENSG00000188306	LRRIQ4	0.2		
ENSG00000188312	CENPP	11.6		
ENSG00000188313	PLSCR1	21.2		
ENSG00000188315	C3orf62	2.9		
ENSG00000188316	ENO4	0.0		
ENSG00000188321	ZNF559	9.5		
ENSG00000188322	SBK1	8.8		
ENSG00000188324	OR6C6	0.0		
ENSG00000188334	BSPH1	0.0		
ENSG00000188338	SLC38A3	1.9		
ENSG00000188340	OR6N2	0.0		
ENSG00000188342	GTF2F2	44.3		
ENSG00000188343	CIBAR1	54.0		
ENSG00000188352	FOCAD	20.8		
ENSG00000188368	PRR19	1.0		
ENSG00000188372	ZP3	3.8		
ENSG00000188373	C10orf99	0.0		
ENSG00000188375	H3-5	0.0		
ENSG00000188379	IFNA2	0.0		
ENSG00000188385	JAKMIP3	0.2		
ENSG00000188386	PPP3R2	0.0		
ENSG00000188389	PDCD1	0.0		
ENSG00000188393	CLEC2A	0.1		
ENSG00000188394	GPR21	0.0		
ENSG00000188396	TCTEX1D4	0.0		
ENSG00000188403	IGHV1OR15-9	0.0		
ENSG00000188404	SELL	0.0		
ENSG00000188408	MAGEB5	0.0		
ENSG00000188419	CHM	23.9		
ENSG00000188425	NANOS2	0.0		
ENSG00000188428	BLOC1S5	10.8		
ENSG00000188452	CERKL	0.4		
ENSG00000188467	SLC24A5	0.0		
ENSG00000188483	IER5L	0.3		
ENSG00000188486	H2AX	57.5		
ENSG00000188487	INSC	0.0		
ENSG00000188488	SERPINA5	0.0		
ENSG00000188493	C19orf54	23.0		
ENSG00000188501	LCTL	0.0		
ENSG00000188505	NCCRP1	1.7		
ENSG00000188508	KRTDAP	0.0		
ENSG00000188517	COL25A1	2.7		
ENSG00000188522	FAM83G	3.6		
ENSG00000188523	CFAP77	0.2		
ENSG00000188529	SRSF10	163.4		
ENSG00000188536	HBA2	0.0		
ENSG00000188542	DUSP28	0.9		
ENSG00000188549	CCDC9B	0.2		
ENSG00000188554	NBR1	48.5		
ENSG00000188558	OR2G6	0.0		
ENSG00000188559	RALGAPA2	9.4		
ENSG00000188566	NDOR1	10.0		
ENSG00000188573	FBLL1	0.4		
ENSG00000188580	NKAIN2	0.0		
ENSG00000188581	KRTAP1-1	0.0		
ENSG00000188582	PAQR9	0.2		
ENSG00000188585	CLEC20A	0.0		
ENSG00000188596	CFAP54	0.3		
ENSG00000188603	CLN3	25.8		
ENSG00000188610	FAM72B	23.1		
ENSG00000188611	ASAH2	1.4		
ENSG00000188612	SUMO2	470.3		
ENSG00000188613	NANOS1	2.7		
ENSG00000188620	HMX3	8.1		
ENSG00000188624	IGFL3	0.0		
ENSG00000188626	GOLGA8M	0.0		
ENSG00000188629	ZNF177	1.3		
ENSG00000188636	RTL6	16.3		
ENSG00000188641	DPYD	0.0		
ENSG00000188643	S100A16	1.1		
ENSG00000188647	PTAR1	39.4		
ENSG00000188649	CC2D2B	0.3		
ENSG00000188655	RNASE9	0.0		
ENSG00000188659	SAXO2	1.8		
ENSG00000188672	RHCE	0.0		
ENSG00000188674	C2orf80	0.0		
ENSG00000188676	IDO2	0.0		
ENSG00000188677	PARVB	45.9		
ENSG00000188687	SLC4A5	1.0		
ENSG00000188690	UROS	18.5		
ENSG00000188691	OR56A5	0.0		
ENSG00000188694	KRTAP24-1	0.0		
ENSG00000188706	ZDHHC9	38.0		
ENSG00000188707	ZBED6CL	0.0		
ENSG00000188710	QRFP	0.0		
ENSG00000188716	DUSP29	0.0		
ENSG00000188725	SMIM15	0.0		
ENSG00000188729	OSTN	0.0		
ENSG00000188730	VWC2	0.0		
ENSG00000188732	FAM221A	0.0		
ENSG00000188735	TMEM120B	9.6		
ENSG00000188738	FSIP2	0.0		
ENSG00000188739	RBM34	29.0		
ENSG00000188747	NOXA1	0.2		
ENSG00000188760	TMEM198	2.0		
ENSG00000188761	BCL2L15	0.0		
ENSG00000188763	FZD9	0.7		
ENSG00000188766	SPRED3	0.7		
ENSG00000188770	OPTC	0.0		
ENSG00000188771	PLET1	0.0		
ENSG00000188778	ADRB3	0.0		
ENSG00000188779	SKOR1	0.0		
ENSG00000188782	CATSPER4	0.0		
ENSG00000188783	PRELP	0.2		
ENSG00000188784	PLA2G2E	0.0		
ENSG00000188785	ZNF548	5.1		
ENSG00000188786	MTF1	7.6		
ENSG00000188800	TMCO2	0.0		
ENSG00000188803	SHISA6	0.0		
ENSG00000188807	TMEM201	12.4		
ENSG00000188811	NHLRC3	5.4		
ENSG00000188816	HMX2	2.2		
ENSG00000188817	SNTN	0.0		
ENSG00000188818	ZDHHC11	2.6		
ENSG00000188820	CALHM6	0.3		
ENSG00000188822	CNR2	0.0		
ENSG00000188827	SLX4	3.6		
ENSG00000188833	ENTPD8	0.0		
ENSG00000188846	RPL14	78.1		
ENSG00000188848	BEND4	33.2		
ENSG00000188859	FAM78B	0.3		
ENSG00000188868	ZNF563	2.4		
ENSG00000188869	TMC3	0.1		
ENSG00000188878	FBF1	2.5		
ENSG00000188883	KLRG2	15.7		
ENSG00000188886	ASTL	0.2		
ENSG00000188895	MSL1	74.7		
ENSG00000188897	AC099489.1	0.0		
ENSG00000188906	LRRK2	0.0		
ENSG00000188909	BSX	0.0		
ENSG00000188910	GJB3	0.0		
ENSG00000188916	INSYN2A	0.1		
ENSG00000188917	TRMT2B	17.5		
ENSG00000188921	HACD4	0.2		
ENSG00000188931	CFAP126	0.1		
ENSG00000188937	NYX	0.0		
ENSG00000188938	FAM120AOS	20.2		
ENSG00000188958	UTS2B	0.4		
ENSG00000188959	C9orf152	0.0		
ENSG00000188976	NOC2L	147.6		
ENSG00000188981	MSANTD1	0.0		
ENSG00000188984	AADACL3	0.0		
ENSG00000188986	NELFB	41.0		
ENSG00000188991	SLC15A5	0.0		
ENSG00000188992	LIPI	0.0		
ENSG00000188993	LRRC66	0.1		
ENSG00000188994	ZNF292	10.1		
ENSG00000188996	HUS1B	0.2		
ENSG00000188997	KCTD21	6.5		
ENSG00000189001	SBSN	0.0		
ENSG00000189007	ADAT2	4.3		
ENSG00000189013	KIR2DL4	0.0		
ENSG00000189023	MAGEB16	0.0		
ENSG00000189030	VHLL	0.1		
ENSG00000189037	DUSP21	0.0		
ENSG00000189042	ZNF567	9.1		
ENSG00000189043	NDUFA4	102.1		
ENSG00000189045	ANKDD1B	0.0		
ENSG00000189046	ALKBH2	55.9		
ENSG00000189050	RNFT1	11.7		
ENSG00000189051	RNF222	0.0		
ENSG00000189052	CGB5	0.0		
ENSG00000189056	RELN	2.1		
ENSG00000189057	FAM111B	39.5		
ENSG00000189058	APOD	0.4		
ENSG00000189060	H1-0	0.0		
ENSG00000189064	GAGE2A	0.0		
ENSG00000189067	LITAF	40.1		
ENSG00000189068	VSTM1	0.0		
ENSG00000189077	TMEM120A	7.6		
ENSG00000189079	ARID2	20.6		
ENSG00000189090	FAM25G	0.0		
ENSG00000189091	SF3B3	98.0		
ENSG00000189099	PRSS48	0.0		
ENSG00000189108	IL1RAPL2	0.0		
ENSG00000189114	BLOC1S3	8.5		
ENSG00000189120	SP6	0.1		
ENSG00000189127	ANKRD34B	1.2		
ENSG00000189129	PLAC9	0.1		
ENSG00000189132	FAM47B	0.0		
ENSG00000189134	NKAPL	0.0		
ENSG00000189139	FSCB	0.0		
ENSG00000189143	CLDN4	0.0		
ENSG00000189144	ZNF573	1.4		
ENSG00000189152	GRAPL	0.0		
ENSG00000189157	FAM47E	0.9		
ENSG00000189159	JPT1	344.3		
ENSG00000189164	ZNF527	3.1		
ENSG00000189167	ZAR1L	0.2		
ENSG00000189169	KRTAP10-12	0.0		
ENSG00000189171	S100A13	73.5		
ENSG00000189180	ZNF33A	19.3		
ENSG00000189181	OR14I1	0.0		
ENSG00000189182	KRT77	0.0		
ENSG00000189184	PCDH18	34.2		
ENSG00000189186	DCAF8L2	0.0		
ENSG00000189190	ZNF600	0.0		
ENSG00000189195	BTBD8	0.5		
ENSG00000189221	MAOA	6.1		
ENSG00000189227	C15orf61	4.4		
ENSG00000189233	NUGGC	0.0		
ENSG00000189241	TSPYL1	21.6		
ENSG00000189252	SPANXN3	0.0		
ENSG00000189253	TRIM64B	0.0		
ENSG00000189266	PNRC2	121.6		
ENSG00000189269	DRICH1	2.1		
ENSG00000189280	GJB5	0.0		
ENSG00000189283	FHIT	12.7		
ENSG00000189292	ALKAL2	0.5		
ENSG00000189298	ZKSCAN3	7.6		
ENSG00000189299	FOXR2	0.0		
ENSG00000189306	RRP7A	25.4		
ENSG00000189308	LIN54	20.8		
ENSG00000189319	FAM53B	12.7		
ENSG00000189320	FAM180A	0.0		
ENSG00000189325	BNIP5	0.0		
ENSG00000189326	SPANXN4	0.0		
ENSG00000189334	S100A14	0.0		
ENSG00000189337	KAZN	4.3		
ENSG00000189339	SLC35E2B	23.0		
ENSG00000189350	TOGARAM2	0.1		
ENSG00000189357	SPATA31D4	0.0		
ENSG00000189362	NEMP2	2.8		
ENSG00000189366	ALG1L	0.4		
ENSG00000189367	KIAA0408	1.0		
ENSG00000189369	GSPT2	0.0		
ENSG00000189375	TBC1D28	0.0		
ENSG00000189376	C8orf76	22.9		
ENSG00000189377	CXCL17	0.0		
ENSG00000189401	OTUD6A	0.0		
ENSG00000189403	HMGB1	1484.7		
ENSG00000189409	MMP23B	0.0		
ENSG00000189410	SH2D5	6.1		
ENSG00000189420	ZFP92	0.3		
ENSG00000189430	NCR1	0.0		
ENSG00000189431	RASSF10	0.0		
ENSG00000189433	GJB4	0.0		
ENSG00000196071	OR2L13	0.0		
ENSG00000196072	BLOC1S2	25.0		
ENSG00000196074	SYCP2	0.5		
ENSG00000196081	ZNF724	6.2		
ENSG00000196083	IL1RAP	3.0		
ENSG00000196090	PTPRT	0.0		
ENSG00000196091	MYBPC1	6.8		
ENSG00000196092	PAX5	0.1		
ENSG00000196098	OR5K4	0.0		
ENSG00000196099	OR6M1	0.0		
ENSG00000196104	SPOCK3	1.0		
ENSG00000196109	ZNF676	0.0		
ENSG00000196110	ZNF699	2.0		
ENSG00000196116	TDRD7	9.8		
ENSG00000196118	CCDC189	0.8		
ENSG00000196119	OR8A1	0.0		
ENSG00000196123	KIAA0895L	5.4		
ENSG00000196126	HLA-DRB1	0.0		
ENSG00000196131	VN1R2	0.0		
ENSG00000196132	MYT1	2.4		
ENSG00000196136	SERPINA3	0.0		
ENSG00000196139	AKR1C3	1.5		
ENSG00000196141	SPATS2L	35.2		
ENSG00000196150	ZNF250	5.3		
ENSG00000196151	WDSUB1	15.9		
ENSG00000196152	ZNF79	4.9		
ENSG00000196154	S100A4	8.8		
ENSG00000196155	PLEKHG4	8.4		
ENSG00000196156	KRTAP4-3	0.0		
ENSG00000196159	FAT4	2.8		
ENSG00000196169	KIF19	0.0		
ENSG00000196171	OR6K2	0.0		
ENSG00000196172	ZNF681	4.6		
ENSG00000196177	ACADSB	12.5		
ENSG00000196182	STK40	33.5		
ENSG00000196184	OR10J1	0.0		
ENSG00000196187	TMEM63A	7.5		
ENSG00000196188	CTSE	0.0		
ENSG00000196189	SEMA4A	0.9		
ENSG00000196196	HRCT1	0.0		
ENSG00000196199	MPHOSPH8	44.4		
ENSG00000196208	GREB1	3.1		
ENSG00000196209	SIRPB2	0.0		
ENSG00000196214	ZNF766	13.0		
ENSG00000196218	RYR1	0.2		
ENSG00000196220	SRGAP3	0.2		
ENSG00000196224	KRTAP5-3	0.0		
ENSG00000196227	FAM217B	15.2		
ENSG00000196228	SULT1C3	0.0		
ENSG00000196230	TUBB	2160.6		
ENSG00000196233	LCOR	16.5		
ENSG00000196235	SUPT5H	101.9		
ENSG00000196236	XPNPEP3	4.7		
ENSG00000196240	OR2T2	0.0		
ENSG00000196242	OR2C3	0.0		
ENSG00000196247	ZNF107	12.6		
ENSG00000196248	OR10S1	0.0		
ENSG00000196260	SFTA2	0.0		
ENSG00000196262	PPIA	4495.7		
ENSG00000196263	ZNF471	0.6		
ENSG00000196267	ZNF836	5.4		
ENSG00000196268	ZNF493	5.8		
ENSG00000196275	GTF2IRD2	0.1		
ENSG00000196277	GRM7	0.0		
ENSG00000196284	SUPT3H	9.0		
ENSG00000196289	BECN2	0.0		
ENSG00000196290	NIF3L1	96.8		
ENSG00000196296	ATP2A1	3.6		
ENSG00000196305	IARS1	254.4		
ENSG00000196313	POM121	43.5		
ENSG00000196323	ZBTB44	19.1		
ENSG00000196329	GIMAP5	0.0		
ENSG00000196335	STK31	0.2		
ENSG00000196337	CGB7	0.0		
ENSG00000196338	NLGN3	0.2		
ENSG00000196341	OR8D1	0.0		
ENSG00000196344	ADH7	0.0		
ENSG00000196345	ZKSCAN7	0.0		
ENSG00000196350	ZNF729	0.0		
ENSG00000196352	CD55	65.2		
ENSG00000196353	CPNE4	0.0		
ENSG00000196357	ZNF565	2.4		
ENSG00000196358	NTNG2	0.2		
ENSG00000196361	ELAVL3	0.0		
ENSG00000196363	WDR5	66.9		
ENSG00000196365	LONP1	92.1		
ENSG00000196367	TRRAP	29.1		
ENSG00000196368	NUDT11	69.3		
ENSG00000196369	SRGAP2B	15.6		
ENSG00000196371	FUT4	2.9		
ENSG00000196372	ASB13	12.2		
ENSG00000196376	SLC35F1	6.3		
ENSG00000196378	ZNF34	3.4		
ENSG00000196381	ZNF781	0.0		
ENSG00000196387	ZNF140	8.4		
ENSG00000196388	INCA1	0.7		
ENSG00000196391	ZNF774	2.2		
ENSG00000196396	PTPN1	30.8		
ENSG00000196405	EVL	49.0		
ENSG00000196406	SPANXD	0.0		
ENSG00000196407	THEM5	0.0		
ENSG00000196408	NOXO1	0.0		
ENSG00000196411	EPHB4	14.3		
ENSG00000196415	PRTN3	0.1		
ENSG00000196417	ZNF765	7.9		
ENSG00000196418	ZNF124	14.4		
ENSG00000196419	XRCC6	739.2		
ENSG00000196420	S100A5	0.1		
ENSG00000196421	C20orf204	0.0		
ENSG00000196422	PPP1R26	8.5		
ENSG00000196427	NBPF4	0.0		
ENSG00000196428	TSC22D2	19.8		
ENSG00000196431	CRYBA4	0.0		
ENSG00000196433	ASMT	0.0		
ENSG00000196436	NPIPB15	0.0		
ENSG00000196437	ZNF569	8.4		
ENSG00000196440	ARMCX4	0.0		
ENSG00000196449	YRDC	35.6		
ENSG00000196453	ZNF777	11.7		
ENSG00000196455	PIK3R4	30.7		
ENSG00000196456	ZNF775	1.5		
ENSG00000196458	ZNF605	4.2		
ENSG00000196459	TRAPPC2	13.8		
ENSG00000196460	RFX8	0.0		
ENSG00000196465	MYL6B	72.2		
ENSG00000196466	ZNF799	2.4		
ENSG00000196468	FGF16	0.0		
ENSG00000196470	SIAH1	20.3		
ENSG00000196475	GK2	0.0		
ENSG00000196476	C20orf96	8.9		
ENSG00000196482	ESRRG	3.3		
ENSG00000196497	IPO4	20.4		
ENSG00000196498	NCOR2	16.2		
ENSG00000196502	SULT1A1	3.1		
ENSG00000196503	ARL9	0.1		
ENSG00000196504	PRPF40A	90.8		
ENSG00000196505	GDAP2	8.1		
ENSG00000196507	TCEAL3	15.5		
ENSG00000196510	ANAPC7	71.8		
ENSG00000196511	TPK1	1.4		
ENSG00000196517	SLC6A9	11.0		
ENSG00000196526	AFAP1	8.6		
ENSG00000196531	NACA	1324.0		
ENSG00000196535	MYO18A	6.0		
ENSG00000196539	OR2T3	0.0		
ENSG00000196542	SPTSSB	0.0		
ENSG00000196544	BORCS6	3.9		
ENSG00000196547	MAN2A2	11.0		
ENSG00000196549	MME	5.2		
ENSG00000196550	FAM72A	20.9		
ENSG00000196553	CCDC196	0.0		
ENSG00000196557	CACNA1H	0.8		
ENSG00000196562	SULF2	27.2		
ENSG00000196565	HBG2	0.0		
ENSG00000196569	LAMA2	1.6		
ENSG00000196570	PFN3	0.0		
ENSG00000196576	PLXNB2	10.2		
ENSG00000196578	OR5AC2	0.0		
ENSG00000196581	AJAP1	0.0		
ENSG00000196584	XRCC2	12.8		
ENSG00000196586	MYO6	15.3		
ENSG00000196588	MRTFA	12.7		
ENSG00000196589	MBD3L2B	0.0		
ENSG00000196591	HDAC2	266.0		
ENSG00000196597	ZNF782	2.9		
ENSG00000196600	SLC22A25	0.0		
ENSG00000196604	POTEF	0.0		
ENSG00000196605	ZNF846	0.8		
ENSG00000196611	MMP1	0.0		
ENSG00000196616	ADH1B	0.5		
ENSG00000196620	UGT2B15	0.0		
ENSG00000196628	TCF4	17.9		
ENSG00000196632	WNK3	5.2		
ENSG00000196636	SDHAF3	49.6		
ENSG00000196639	HRH1	0.0		
ENSG00000196642	RABL6	76.8		
ENSG00000196646	ZNF136	4.3		
ENSG00000196652	ZKSCAN5	11.1		
ENSG00000196653	ZNF502	0.0		
ENSG00000196655	TRAPPC4	32.0		
ENSG00000196659	TTC30B	5.7		
ENSG00000196660	SLC30A10	0.0		
ENSG00000196663	TECPR2	6.2		
ENSG00000196664	TLR7	0.0		
ENSG00000196666	FAM180B	0.0		
ENSG00000196670	ZFP62	10.2		
ENSG00000196678	ERI2	21.8		
ENSG00000196683	TOMM7	672.4		
ENSG00000196684	HSH2D	0.0		
ENSG00000196689	TRPV1	2.0		
ENSG00000196693	ZNF33B	16.5		
ENSG00000196700	ZNF512B	14.1		
ENSG00000196704	AMZ2	68.6		
ENSG00000196705	ZNF431	8.5		
ENSG00000196711	ALKAL1	0.1		
ENSG00000196712	NF1	22.2		
ENSG00000196715	VKORC1L1	33.6		
ENSG00000196724	ZNF418	0.0		
ENSG00000196730	DAPK1	13.9		
ENSG00000196734	LCE1B	0.0		
ENSG00000196735	HLA-DQA1	0.0		
ENSG00000196739	COL27A1	6.2		
ENSG00000196743	GM2A	16.7		
ENSG00000196747	H2AC13	0.0		
ENSG00000196748	CLPSL2	0.6		
ENSG00000196754	S100A2	1.3		
ENSG00000196757	ZNF700	6.9		
ENSG00000196767	POU3F4	0.0		
ENSG00000196772	OR14A16	0.0		
ENSG00000196776	CD47	52.2		
ENSG00000196778	OR52K1	0.2		
ENSG00000196781	TLE1	1.0		
ENSG00000196782	MAML3	2.1		
ENSG00000196787	H2AC11	2.8		
ENSG00000196792	STRN3	33.5		
ENSG00000196793	ZNF239	0.0		
ENSG00000196800	SPINK14	0.0		
ENSG00000196805	SPRR2B	0.0		
ENSG00000196811	CHRNG	0.0		
ENSG00000196812	ZSCAN16	7.8		
ENSG00000196814	MVB12B	10.7		
ENSG00000196821	ILRUN	120.0		
ENSG00000196826	AC008758.1	0.0		
ENSG00000196832	OR11G2	0.0		
ENSG00000196834	POTEI	0.0		
ENSG00000196839	ADA	13.2		
ENSG00000196843	ARID5A	1.4		
ENSG00000196844	PATE2	0.0		
ENSG00000196850	PPTC7	23.1		
ENSG00000196859	KRT39	0.0		
ENSG00000196860	TOMM20L	0.0		
ENSG00000196862	RGPD4	0.0		
ENSG00000196865	NHLRC2	10.8		
ENSG00000196866	H2AC7	0.0		
ENSG00000196867	ZFP28	3.9		
ENSG00000196872	CRACDL	0.3		
ENSG00000196873	CBWD3	48.0		
ENSG00000196876	SCN8A	2.3		
ENSG00000196878	LAMB3	0.1		
ENSG00000196890	H2BU1	0.0		
ENSG00000196900	TEX43	0.0		
ENSG00000196911	KPNA5	6.3		
ENSG00000196912	ANKRD36B	1.1		
ENSG00000196914	ARHGEF12	54.1		
ENSG00000196917	HCAR1	0.0		
ENSG00000196923	PDLIM7	19.7		
ENSG00000196924	FLNA	224.0		
ENSG00000196932	TMEM26	0.0		
ENSG00000196935	SRGAP1	1.5		
ENSG00000196937	FAM3C	35.1		
ENSG00000196943	NOP9	20.4		
ENSG00000196944	OR2T4	0.0		
ENSG00000196946	ZNF705A	1.1		
ENSG00000196950	SLC39A10	28.6		
ENSG00000196954	CASP4	0.0		
ENSG00000196961	AP2A1	25.7		
ENSG00000196967	ZNF585A	5.1		
ENSG00000196968	FUT11	5.2		
ENSG00000196972	SMIM10L2B	0.4		
ENSG00000196975	ANXA4	23.8		
ENSG00000196976	LAGE3	37.5		
ENSG00000196981	WDR5B	3.9		
ENSG00000196990	FAM163B	0.0		
ENSG00000196993	NPIPB9	0.2		
ENSG00000196998	WDR45	35.3		
ENSG00000197006	METTL9	61.1		
ENSG00000197008	ZNF138	12.9		
ENSG00000197013	ZNF429	2.1		
ENSG00000197016	ZNF470	2.3		
ENSG00000197019	SERTAD1	2.4		
ENSG00000197020	ZNF100	11.0		
ENSG00000197021	EOLA2	37.8		
ENSG00000197024	ZNF398	12.0		
ENSG00000197037	ZSCAN25	11.0		
ENSG00000197043	ANXA6	165.9		
ENSG00000197044	ZNF441	1.6		
ENSG00000197045	GMFB	73.7		
ENSG00000197046	SIGLEC15	0.0		
ENSG00000197050	ZNF420	6.6		
ENSG00000197054	ZNF763	0.0		
ENSG00000197056	ZMYM1	9.0		
ENSG00000197057	DTHD1	0.0		
ENSG00000197061	H4C3	2.5		
ENSG00000197062	ZSCAN26	8.6		
ENSG00000197063	MAFG	13.9		
ENSG00000197070	ARRDC1	2.8		
ENSG00000197077	KIAA1671	25.5		
ENSG00000197079	KRT35	0.0		
ENSG00000197081	IGF2R	27.0		
ENSG00000197084	LCE1C	0.0		
ENSG00000197093	GAL3ST4	0.3		
ENSG00000197102	DYNC1H1	8.2		
ENSG00000197106	SLC6A17	0.0		
ENSG00000197110	IFNL3	0.0		
ENSG00000197111	PCBP2	830.1		
ENSG00000197114	ZGPAT	5.0		
ENSG00000197119	SLC25A29	12.7		
ENSG00000197121	PGAP1	4.0		
ENSG00000197122	SRC	15.1		
ENSG00000197123	ZNF679	0.0		
ENSG00000197124	ZNF682	5.9		
ENSG00000197125	OR8B8	0.0		
ENSG00000197128	ZNF772	2.5		
ENSG00000197134	ZNF257	0.0		
ENSG00000197136	PCNX3	11.0		
ENSG00000197140	ADAM32	0.1		
ENSG00000197142	ACSL5	0.0		
ENSG00000197147	LRRC8B	35.6		
ENSG00000197150	ABCB8	15.0		
ENSG00000197153	H3C12	0.9		
ENSG00000197157	SND1	150.7		
ENSG00000197162	ZNF785	0.1		
ENSG00000197165	SULT1A2	0.5		
ENSG00000197168	NEK5	0.0		
ENSG00000197170	PSMD12	51.1		
ENSG00000197172	MAGEA6	0.0		
ENSG00000197177	ADGRA1	0.0		
ENSG00000197181	PIWIL2	0.0		
ENSG00000197183	NOL4L	5.4		
ENSG00000197191	CYSRT1	0.5		
ENSG00000197208	SLC22A4	0.0		
ENSG00000197213	ZSCAN5B	0.0		
ENSG00000197217	ENTPD4	15.8		
ENSG00000197223	C1D	24.7		
ENSG00000197226	TBC1D9B	28.3		
ENSG00000197233	OR1J2	0.0		
ENSG00000197238	H4C11	0.0		
ENSG00000197241	SLC2A7	0.0		
ENSG00000197245	FAM110D	0.1		
ENSG00000197249	SERPINA1	0.0		
ENSG00000197253	TPSB2	0.0		
ENSG00000197256	KANK2	25.6		
ENSG00000197261	C6orf141	0.9		
ENSG00000197265	GTF2E2	49.1		
ENSG00000197272	IL27	0.0		
ENSG00000197273	GUCA2A	0.0		
ENSG00000197275	RAD54B	18.7		
ENSG00000197279	ZNF165	2.0		
ENSG00000197283	SYNGAP1	3.4		
ENSG00000197296	FITM2	5.7		
ENSG00000197299	BLM	25.7		
ENSG00000197302	ZNF720	12.7		
ENSG00000197309	OR10D3	0.0		
ENSG00000197312	DDI2	25.4		
ENSG00000197321	SVIL	8.6		
ENSG00000197323	TRIM33	27.6		
ENSG00000197324	LRP10	13.3		
ENSG00000197329	PELI1	11.1		
ENSG00000197343	ZNF655	18.0		
ENSG00000197345	MRPL21	143.8		
ENSG00000197353	LYPD2	0.0		
ENSG00000197355	UAP1L1	29.6		
ENSG00000197360	ZNF98	0.0		
ENSG00000197361	FBXL22	0.6		
ENSG00000197362	ZNF786	3.8		
ENSG00000197363	ZNF517	0.2		
ENSG00000197364	S100A7L2	0.0		
ENSG00000197372	ZNF675	15.2		
ENSG00000197375	SLC22A5	9.4		
ENSG00000197380	DACT3	3.6		
ENSG00000197381	ADARB1	7.8		
ENSG00000197385	ZNF860	1.0		
ENSG00000197386	HTT	20.6		
ENSG00000197403	OR6N1	0.0		
ENSG00000197405	C5AR1	0.2		
ENSG00000197406	DIO3	0.0		
ENSG00000197408	CYP2B6	0.1		
ENSG00000197409	H3C4	0.7		
ENSG00000197410	DCHS2	0.2		
ENSG00000197415	VEPH1	0.5		
ENSG00000197416	FABP12	0.0		
ENSG00000197417	SHPK	18.8		
ENSG00000197428	OR51D1	0.0		
ENSG00000197429	IPP	8.8		
ENSG00000197430	OPALIN	0.0		
ENSG00000197437	OR13G1	0.0		
ENSG00000197442	MAP3K5	13.6		
ENSG00000197444	OGDHL	7.4		
ENSG00000197446	CYP2F1	0.0		
ENSG00000197448	GSTK1	57.5		
ENSG00000197451	HNRNPAB	373.1		
ENSG00000197454	OR2L5	0.0		
ENSG00000197457	STMN3	52.2		
ENSG00000197461	PDGFA	1.5		
ENSG00000197465	GYPE	0.2		
ENSG00000197467	COL13A1	0.0		
ENSG00000197471	SPN	0.0		
ENSG00000197472	ZNF695	12.2		
ENSG00000197479	PCDHB11	0.2		
ENSG00000197483	ZNF628	0.5		
ENSG00000197487	GALP	0.0		
ENSG00000197496	SLC2A10	0.0		
ENSG00000197497	ZNF665	0.4		
ENSG00000197498	RPF2	51.5		
ENSG00000197506	SLC28A3	0.0		
ENSG00000197520	FAM177B	0.0		
ENSG00000197530	MIB2	0.5		
ENSG00000197532	OR6Y1	0.1		
ENSG00000197535	MYO5A	40.7		
ENSG00000197540	GZMM	0.0		
ENSG00000197548	ATG7	18.3		
ENSG00000197555	SIPA1L1	13.9		
ENSG00000197557	TTC30A	1.9		
ENSG00000197561	ELANE	0.0		
ENSG00000197562	RAB40C	5.8		
ENSG00000197563	PIGN	26.0		
ENSG00000197565	COL4A6	10.3		
ENSG00000197566	ZNF624	1.5		
ENSG00000197576	HOXA4	1.1		
ENSG00000197579	TOPORS	24.2		
ENSG00000197580	BCO2	0.0		
ENSG00000197584	KCNMB2	0.1		
ENSG00000197586	ENTPD6	40.1		
ENSG00000197587	DMBX1	2.3		
ENSG00000197591	OR11L1	0.0		
ENSG00000197594	ENPP1	1.3		
ENSG00000197599	CCDC154	0.0		
ENSG00000197601	FAR1	73.2		
ENSG00000197603	CPLANE1	2.4		
ENSG00000197608	ZNF841	1.0		
ENSG00000197614	MFAP5	0.6		
ENSG00000197616	MYH6	0.0		
ENSG00000197619	ZNF615	4.7		
ENSG00000197620	EOLA1	26.5		
ENSG00000197622	CDC42SE1	51.6		
ENSG00000197629	MPEG1	0.0		
ENSG00000197632	SERPINB2	0.0		
ENSG00000197635	DPP4	0.4		
ENSG00000197641	SERPINB13	0.0		
ENSG00000197646	PDCD1LG2	0.1		
ENSG00000197647	ZNF433	0.0		
ENSG00000197651	CCER1	0.0		
ENSG00000197653	DNAH10	0.0		
ENSG00000197658	SLC22A24	0.0		
ENSG00000197674	OR51C1P	0.0		
ENSG00000197683	KRTAP26-1	0.0		
ENSG00000197694	SPTAN1	80.7		
ENSG00000197696	NMB	34.0		
ENSG00000197702	PARVA	0.4		
ENSG00000197705	KLHL14	0.2		
ENSG00000197706	OR6C74	0.0		
ENSG00000197712	FAM114A1	0.1		
ENSG00000197713	RPE	69.7		
ENSG00000197714	ZNF460	2.0		
ENSG00000197721	CR1L	0.0		
ENSG00000197724	PHF2	17.7		
ENSG00000197728	RPS26	970.5		
ENSG00000197745	SCGB1D4	0.0		
ENSG00000197746	PSAP	207.5		
ENSG00000197747	S100A10	337.0		
ENSG00000197748	CFAP43	0.1		
ENSG00000197753	LHFPL5	0.2		
ENSG00000197756	RPL37A	3570.4		
ENSG00000197757	HOXC6	3.8		
ENSG00000197763	TXNRD3	6.3		
ENSG00000197766	CFD	1.8		
ENSG00000197768	STPG3	0.0		
ENSG00000197769	MAP1LC3C	0.1		
ENSG00000197771	MCMBP	65.1		
ENSG00000197774	EME2	0.0		
ENSG00000197776	KLHDC1	0.1		
ENSG00000197779	ZNF81	6.2		
ENSG00000197780	TAF13	50.9		
ENSG00000197782	ZNF780A	2.6		
ENSG00000197785	ATAD3A	27.5		
ENSG00000197786	OR5B17	0.0		
ENSG00000197790	OR52M1	0.0		
ENSG00000197798	FAM118B	33.5		
ENSG00000197808	ZNF461	2.5		
ENSG00000197816	CCDC180	0.4		
ENSG00000197818	SLC9A8	4.8		
ENSG00000197822	OCLN	7.2		
ENSG00000197826	CFAP299	0.0		
ENSG00000197837	H4-16	0.0		
ENSG00000197838	CYP2A13	0.0		
ENSG00000197841	ZNF181	5.9		
ENSG00000197849	OR8G1	0.0		
ENSG00000197852	INKA2	2.2		
ENSG00000197857	ZNF44	3.0		
ENSG00000197858	GPAA1	17.9		
ENSG00000197859	ADAMTSL2	0.0		
ENSG00000197860	SGTB	12.9		
ENSG00000197863	ZNF790	5.4		
ENSG00000197870	PRB3	0.0		
ENSG00000197872	CYRIA	1.5		
ENSG00000197879	MYO1C	29.2		
ENSG00000197885	NKIRAS1	20.4		
ENSG00000197887	OR1S2	0.0		
ENSG00000197888	UGT2B17	0.0		
ENSG00000197889	MEIG1	0.8		
ENSG00000197891	SLC22A12	0.0		
ENSG00000197892	KIF13B	3.7		
ENSG00000197893	NRAP	0.0		
ENSG00000197894	ADH5	135.0		
ENSG00000197901	SLC22A6	0.0		
ENSG00000197903	H2BC12	29.8		
ENSG00000197905	TEAD4	51.2		
ENSG00000197912	SPG7	21.5		
ENSG00000197915	HRNR	0.0		
ENSG00000197919	IFNA1	0.0		
ENSG00000197921	HES5	0.0		
ENSG00000197928	ZNF677	0.1		
ENSG00000197930	ERO1A	27.1		
ENSG00000197933	ZNF823	5.4		
ENSG00000197935	ZNF311	0.0		
ENSG00000197937	ZNF347	0.9		
ENSG00000197938	OR5H2	0.0		
ENSG00000197943	PLCG2	4.0		
ENSG00000197948	FCHSD1	3.5		
ENSG00000197951	ZNF71	2.0		
ENSG00000197953	AADACL2	0.0		
ENSG00000197956	S100A6	80.7		
ENSG00000197958	RPL12	1887.1		
ENSG00000197959	DNM3	1.5		
ENSG00000197961	ZNF121	18.8		
ENSG00000197965	MPZL1	97.5		
ENSG00000197969	VPS13A	13.7		
ENSG00000197971	MBP	3.8		
ENSG00000197976	AKAP17A	14.3		
ENSG00000197977	ELOVL2	21.3		
ENSG00000197978	GOLGA6L9	0.5		
ENSG00000197980	LEKR1	0.0		
ENSG00000197982	C1orf122	14.4		
ENSG00000197991	AL592490.1	0.0		
ENSG00000197992	CLEC9A	0.0		
ENSG00000197993	KEL	0.0		
ENSG00000198000	NOL8	43.5		
ENSG00000198001	IRAK4	5.3		
ENSG00000198003	CCDC151	0.5		
ENSG00000198010	DLGAP2	0.0		
ENSG00000198015	MRPL42	61.5		
ENSG00000198018	ENTPD7	6.0		
ENSG00000198019	FCGR1B	0.0		
ENSG00000198021	SPANXA1	0.0		
ENSG00000198026	ZNF335	10.7		
ENSG00000198028	ZNF560	0.0		
ENSG00000198033	TUBA3C	0.0		
ENSG00000198034	RPS4X	958.1		
ENSG00000198039	ZNF273	5.6		
ENSG00000198040	ZNF84	15.4		
ENSG00000198042	MAK16	45.6		
ENSG00000198046	ZNF667	0.0		
ENSG00000198049	AVPR1B	0.0		
ENSG00000198053	SIRPA	10.0		
ENSG00000198055	GRK6	24.3		
ENSG00000198056	PRIM1	60.3		
ENSG00000198060	MARCHF5	20.3		
ENSG00000198062	POTEH	0.0		
ENSG00000198064	NPIPB13	2.4		
ENSG00000198074	AKR1B10	0.0		
ENSG00000198075	SULT1C4	0.0		
ENSG00000198077	CYP2A7	0.0		
ENSG00000198081	ZBTB14	11.2		
ENSG00000198083	KRTAP9-9	0.0		
ENSG00000198087	CD2AP	23.0		
ENSG00000198088	NUP62CL	13.9		
ENSG00000198089	SFI1	3.2		
ENSG00000198090	KRTAP4-6	0.0		
ENSG00000198092	TMPRSS11F	0.0		
ENSG00000198093	ZNF649	9.4		
ENSG00000198099	ADH4	0.0		
ENSG00000198104	OR2T6	0.0		
ENSG00000198105	ZNF248	9.4		
ENSG00000198108	CHSY3	0.0		
ENSG00000198113	TOR4A	0.1		
ENSG00000198121	LPAR1	0.4		
ENSG00000198125	MB	0.2		
ENSG00000198128	OR2L3	0.0		
ENSG00000198129	DEFB107B	0.0		
ENSG00000198130	HIBCH	33.2		
ENSG00000198131	ZNF544	15.2		
ENSG00000198133	TMEM229B	0.2		
ENSG00000198142	SOWAHC	2.5		
ENSG00000198146	ZNF770	37.9		
ENSG00000198156	NPIPB6	0.3		
ENSG00000198157	HMGN5	158.6		
ENSG00000198160	MIER1	24.9		
ENSG00000198162	MAN1A2	11.0		
ENSG00000198168	SVIP	14.6		
ENSG00000198169	ZNF251	6.8		
ENSG00000198171	DDRGK1	33.5		
ENSG00000198173	FAM47C	0.0		
ENSG00000198176	TFDP1	183.0		
ENSG00000198178	CLEC4C	0.0		
ENSG00000198182	ZNF607	7.9		
ENSG00000198183	BPIFA1	0.0		
ENSG00000198185	ZNF334	0.0		
ENSG00000198189	HSD17B11	65.6		
ENSG00000198198	SZT2	3.7		
ENSG00000198203	SULT1C2	0.0		
ENSG00000198205	ZXDA	1.9		
ENSG00000198208	RPS6KL1	1.9		
ENSG00000198211	AC092143.1	0.0		
ENSG00000198216	CACNA1E	0.0		
ENSG00000198218	QRICH1	69.0		
ENSG00000198223	CSF2RA	0.1		
ENSG00000198225	FKBP1C	0.0		
ENSG00000198231	DDX42	90.3		
ENSG00000198242	RPL23A	1604.1		
ENSG00000198246	SLC29A3	5.7		
ENSG00000198252	STYX	13.1		
ENSG00000198258	UBL5	562.1		
ENSG00000198265	HELZ	23.3		
ENSG00000198270	TMEM116	4.8		
ENSG00000198271	KRTAP4-5	0.0		
ENSG00000198276	UCKL1	20.0		
ENSG00000198283	OR5B21	0.0		
ENSG00000198286	CARD11	0.0		
ENSG00000198298	ZNF485	4.2		
ENSG00000198300	PEG3	0.0		
ENSG00000198301	SDAD1	44.5		
ENSG00000198315	ZKSCAN8	16.7		
ENSG00000198324	PHETA1	3.3		
ENSG00000198326	TMEM239	0.0		
ENSG00000198331	HYLS1	12.2		
ENSG00000198336	MYL4	0.1		
ENSG00000198342	ZNF442	1.4		
ENSG00000198346	ZNF813	6.3		
ENSG00000198353	HOXC4	0.4		
ENSG00000198354	DCAF12L2	2.6		
ENSG00000198355	PIM3	22.3		
ENSG00000198356	GET3	84.5		
ENSG00000198363	ASPH	56.2		
ENSG00000198369	SPRED2	18.2		
ENSG00000198373	WWP2	20.8		
ENSG00000198380	GFPT1	47.1		
ENSG00000198382	UVRAG	19.5		
ENSG00000198390	KRTAP13-1	0.0		
ENSG00000198393	ZNF26	0.4		
ENSG00000198398	TMEM207	0.0		
ENSG00000198399	ITSN2	21.9		
ENSG00000198400	NTRK1	0.0		
ENSG00000198408	OGA	60.3		
ENSG00000198417	MT1F	51.5		
ENSG00000198420	TCAF1	34.8		
ENSG00000198429	ZNF69	0.1		
ENSG00000198431	TXNRD1	235.7		
ENSG00000198435	NRARP	13.9		
ENSG00000198440	ZNF583	2.0		
ENSG00000198443	KRTAP4-1	0.0		
ENSG00000198445	CCT8L2	0.0		
ENSG00000198452	OR14L1P	0.2		
ENSG00000198453	ZNF568	0.1		
ENSG00000198455	ZXDB	11.9		
ENSG00000198464	ZNF480	19.9		
ENSG00000198466	ZNF587	10.1		
ENSG00000198467	TPM2	3.7		
ENSG00000198471	RTP2	0.0		
ENSG00000198478	SH3BGRL2	7.0		
ENSG00000198482	ZNF808	4.2		
ENSG00000198483	ANKRD35	0.0		
ENSG00000198488	B3GNT6	0.0		
ENSG00000198492	YTHDF2	117.3		
ENSG00000198498	TMA16	54.6		
ENSG00000198502	HLA-DRB5	0.0		
ENSG00000198513	ATL1	8.4		
ENSG00000198515	CNGA1	0.2		
ENSG00000198517	MAFK	2.9		
ENSG00000198520	ARMH1	0.0		
ENSG00000198521	ZNF43	0.3		
ENSG00000198522	GPN1	67.6		
ENSG00000198523	PLN	0.0		
ENSG00000198535	C2CD4A	1.1		
ENSG00000198538	ZNF28	11.1		
ENSG00000198542	ITGBL1	0.0		
ENSG00000198546	ZNF511	41.9		
ENSG00000198547	C20orf203	0.2		
ENSG00000198551	ZNF627	6.0		
ENSG00000198553	KCNRG	0.8		
ENSG00000198554	WDHD1	72.9		
ENSG00000198556	ZNF789	3.2		
ENSG00000198561	CTNND1	58.8		
ENSG00000198563	DDX39B	42.8		
ENSG00000198569	SLC34A3	0.0		
ENSG00000198570	RD3	0.0		
ENSG00000198573	SPANXC	0.0		
ENSG00000198574	SH2D1B	0.0		
ENSG00000198576	ARC	0.5		
ENSG00000198585	NUDT16	15.7		
ENSG00000198586	TLK1	28.5		
ENSG00000198589	LRBA	22.1		
ENSG00000198597	ZNF536	11.0		
ENSG00000198598	MMP17	1.3		
ENSG00000198601	OR2M2	0.0		
ENSG00000198604	BAZ1A	68.4		
ENSG00000198610	AKR1C4	0.0		
ENSG00000198612	COPS8	102.4		
ENSG00000198624	CCDC69	3.0		
ENSG00000198625	MDM4	8.5		
ENSG00000198626	RYR2	0.3		
ENSG00000198633	ZNF534	0.0		
ENSG00000198642	KLHL9	19.2		
ENSG00000198643	FAM3D	0.0		
ENSG00000198646	NCOA6	29.3		
ENSG00000198648	STK39	26.7		
ENSG00000198650	TAT	0.0		
ENSG00000198663	C6orf89	38.3		
ENSG00000198668	CALM1	194.6		
ENSG00000198670	LPA	0.0		
ENSG00000198673	TAFA2	0.1		
ENSG00000198674	OR10G6	0.0		
ENSG00000198677	TTC37	54.5		
ENSG00000198678	OR5BS1P	0.0		
ENSG00000198680	TUSC1	5.3		
ENSG00000198681	MAGEA1	0.0		
ENSG00000198682	PAPSS2	13.9		
ENSG00000198689	SLC9A6	14.3		
ENSG00000198690	FAN1	4.7		
ENSG00000198691	ABCA4	0.0		
ENSG00000198692	EIF1AY	0.0		
ENSG00000198695	MT-ND6	25.1		
ENSG00000198700	IPO9	43.0		
ENSG00000198704	GPX6	0.0		
ENSG00000198707	CEP290	2.7		
ENSG00000198712	MT-CO2	1724.1		
ENSG00000198715	GLMP	0.6		
ENSG00000198718	TOGARAM1	9.8		
ENSG00000198719	DLL1	1.4		
ENSG00000198720	ANKRD13B	7.2		
ENSG00000198721	ECI2	83.6		
ENSG00000198722	UNC13B	35.4		
ENSG00000198723	TEX45	0.0		
ENSG00000198727	MT-CYB	556.2		
ENSG00000198728	LDB1	48.9		
ENSG00000198729	PPP1R14C	6.1		
ENSG00000198730	CTR9	54.0		
ENSG00000198732	SMOC1	0.0		
ENSG00000198734	F5	0.0		
ENSG00000198736	MSRB1	36.3		
ENSG00000198739	LRRTM3	4.1		
ENSG00000198740	ZNF652	2.9		
ENSG00000198742	SMURF1	0.0		
ENSG00000198743	SLC5A3	23.3		
ENSG00000198746	GPATCH3	15.8		
ENSG00000198752	CDC42BPB	54.9		
ENSG00000198753	PLXNB3	0.0		
ENSG00000198754	OXCT2	1.2		
ENSG00000198755	RPL10A	1832.7		
ENSG00000198756	COLGALT2	5.6		
ENSG00000198758	EPS8L3	0.0		
ENSG00000198759	EGFL6	0.0		
ENSG00000198763	MT-ND2	444.4		
ENSG00000198765	SYCP1	0.0		
ENSG00000198768	APCDD1L	0.0		
ENSG00000198771	RCSD1	0.0		
ENSG00000198774	RASSF9	0.0		
ENSG00000198780	FAM169A	10.2		
ENSG00000198783	ZNF830	14.5		
ENSG00000198785	GRIN3A	0.1		
ENSG00000198786	MT-ND5	191.2		
ENSG00000198788	MUC2	0.0		
ENSG00000198791	CNOT7	147.0		
ENSG00000198792	TMEM184B	24.9		
ENSG00000198793	MTOR	45.3		
ENSG00000198794	SCAMP5	15.6		
ENSG00000198795	ZNF521	0.0		
ENSG00000198796	ALPK2	0.0		
ENSG00000198797	BRINP2	0.0		
ENSG00000198798	MAGEB3	0.0		
ENSG00000198799	LRIG2	2.6		
ENSG00000198804	MT-CO1	1326.6		
ENSG00000198805	PNP	125.2		
ENSG00000198807	PAX9	2.1		
ENSG00000198812	LRRC10	0.0		
ENSG00000198814	GK	8.5		
ENSG00000198815	FOXJ3	31.1		
ENSG00000198816	ZNF358	16.5		
ENSG00000198818	SFT2D1	62.5		
ENSG00000198821	CD247	0.0		
ENSG00000198822	GRM3	0.0		
ENSG00000198824	CHAMP1	41.8		
ENSG00000198825	INPP5F	7.9		
ENSG00000198826	ARHGAP11A	55.3		
ENSG00000198829	SUCNR1	0.0		
ENSG00000198830	HMGN2	1564.6		
ENSG00000198832	SELENOM	6.9		
ENSG00000198833	UBE2J1	23.9		
ENSG00000198835	GJC2	0.2		
ENSG00000198836	OPA1	32.7		
ENSG00000198837	DENND4B	15.5		
ENSG00000198838	RYR3	0.0		
ENSG00000198839	ZNF277	5.7		
ENSG00000198840	MT-ND3	1504.4		
ENSG00000198841	KTI12	18.7		
ENSG00000198842	STYXL2	0.0		
ENSG00000198843	SELENOT	89.6		
ENSG00000198844	ARHGEF15	0.1		
ENSG00000198846	TOX	3.9		
ENSG00000198848	CES1	0.0		
ENSG00000198851	CD3E	0.0		
ENSG00000198853	RUSC2	6.0		
ENSG00000198854	C1orf68	0.0		
ENSG00000198855	FICD	2.7		
ENSG00000198856	OSTC	159.8		
ENSG00000198858	R3HDM4	15.4		
ENSG00000198860	TSEN15	44.2		
ENSG00000198862	LTN1	18.8		
ENSG00000198863	RUNDC1	11.3		
ENSG00000198865	CCDC152	0.0		
ENSG00000198870	STKLD1	0.0		
ENSG00000198873	GRK5	2.3		
ENSG00000198874	TYW1	24.9		
ENSG00000198876	DCAF12	64.4		
ENSG00000198879	SFMBT2	7.6		
ENSG00000198881	ASB12	0.3		
ENSG00000198883	PNMA5	0.0		
ENSG00000198885	ITPRIPL1	25.4		
ENSG00000198886	MT-ND4	496.1		
ENSG00000198887	SMC5	28.9		
ENSG00000198888	MT-ND1	316.3		
ENSG00000198889	DCAF12L1	0.0		
ENSG00000198890	PRMT6	23.9		
ENSG00000198892	SHISA4	0.1		
ENSG00000198894	CIPC	23.7		
ENSG00000198898	CAPZA2	20.4		
ENSG00000198899	MT-ATP6	653.2		
ENSG00000198900	TOP1	159.1		
ENSG00000198901	PRC1	188.8		
ENSG00000198908	BHLHB9	4.7		
ENSG00000198909	MAP3K3	13.4		
ENSG00000198910	L1CAM	3.5		
ENSG00000198911	SREBF2	68.7		
ENSG00000198912	C1orf174	27.6		
ENSG00000198914	POU3F3	6.5		
ENSG00000198915	RASGEF1A	1.3		
ENSG00000198917	SPOUT1	23.3		
ENSG00000198918	RPL39	5379.6		
ENSG00000198919	DZIP3	13.7		
ENSG00000198920	KIAA0753	17.8		
ENSG00000198924	DCLRE1A	18.6		
ENSG00000198925	ATG9A	43.2		
ENSG00000198929	NOS1AP	0.6		
ENSG00000198930	CSAG1	0.0		
ENSG00000198931	APRT	74.8		
ENSG00000198932	GPRASP1	0.5		
ENSG00000198933	TBKBP1	14.4		
ENSG00000198934	MAGEE1	5.8		
ENSG00000198937	CCDC167	90.4		
ENSG00000198938	MT-CO3	1769.9		
ENSG00000198939	ZFP2	2.6		
ENSG00000198944	SOWAHA	2.6		
ENSG00000198945	L3MBTL3	8.7		
ENSG00000198947	DMD	10.5		
ENSG00000198948	MFAP3L	10.9		
ENSG00000198951	NAGA	16.7		
ENSG00000198952	SMG5	97.3		
ENSG00000198954	KIFBP	57.0		
ENSG00000198959	TGM2	0.1		
ENSG00000198960	ARMCX6	23.8		
ENSG00000198961	PJA2	57.0		
ENSG00000198963	RORB	0.0		
ENSG00000198964	SGMS1	9.5		
ENSG00000198965	OR10R2	0.0		
ENSG00000198967	OR10Z1	0.2		
ENSG00000203326	ZNF525	0.2		
ENSG00000203485	INF2	9.4		
ENSG00000203499	IQANK1	0.9		
ENSG00000203546	AL139353.1	0.0		
ENSG00000203618	GP1BB	0.1		
ENSG00000203661	OR2T5	0.0		
ENSG00000203663	OR2L2	0.0		
ENSG00000203666	EFCAB2	8.2		
ENSG00000203667	COX20	17.8		
ENSG00000203668	CHML	20.6		
ENSG00000203685	STUM	0.3		
ENSG00000203697	CAPN8	0.0		
ENSG00000203705	TATDN3	13.0		
ENSG00000203710	CR1	0.0		
ENSG00000203722	RAET1G	0.9		
ENSG00000203724	C1orf53	2.2		
ENSG00000203727	SAMD5	0.3		
ENSG00000203730	TEDDM1	0.0		
ENSG00000203733	GJE1	0.0		
ENSG00000203734	ECT2L	0.0		
ENSG00000203737	GPR52	0.0		
ENSG00000203740	METTL11B	0.1		
ENSG00000203747	FCGR3A	0.0		
ENSG00000203756	TMEM244	0.0		
ENSG00000203757	OR6K3	0.0		
ENSG00000203760	CENPW	78.0		
ENSG00000203772	SPRN	0.5		
ENSG00000203778	FAM229B	8.4		
ENSG00000203780	FANK1	0.0		
ENSG00000203782	LORICRIN	0.0		
ENSG00000203783	PRR9	0.0		
ENSG00000203784	LELP1	0.0		
ENSG00000203785	SPRR2E	0.0		
ENSG00000203786	KPRP	0.0		
ENSG00000203791	EEF1AKMT2	6.8		
ENSG00000203795	FAM24A	0.0		
ENSG00000203797	DDO	0.0		
ENSG00000203805	PLPP4	0.1		
ENSG00000203811	H3C14	0.0		
ENSG00000203812	H2AC18	1.6		
ENSG00000203814	H2BC18	0.2		
ENSG00000203837	PNLIPRP3	0.0		
ENSG00000203852	H3C15	0.0		
ENSG00000203857	HSD3B1	0.0		
ENSG00000203859	HSD3B2	0.0		
ENSG00000203867	RBM20	0.1		
ENSG00000203870	SMIM9	0.0		
ENSG00000203872	C6orf163	0.4		
ENSG00000203877	RIPPLY2	0.0		
ENSG00000203879	GDI1	172.7		
ENSG00000203880	PCMTD2	17.6		
ENSG00000203883	SOX18	0.3		
ENSG00000203896	LIME1	0.0		
ENSG00000203907	OOEP	0.0		
ENSG00000203908	KHDC3L	0.0		
ENSG00000203909	DPPA5	0.0		
ENSG00000203910	C1orf146	0.0		
ENSG00000203923	SPANXN1	0.0		
ENSG00000203926	SPANXA2	0.0		
ENSG00000203933	CXorf66	0.0		
ENSG00000203942	C10orf62	0.0		
ENSG00000203943	SAMD13	0.4		
ENSG00000203950	RTL8A	14.8		
ENSG00000203952	CCDC160	0.3		
ENSG00000203963	C1orf141	0.0		
ENSG00000203965	EFCAB7	6.1		
ENSG00000203970	DEFB110	0.0		
ENSG00000203972	GLYATL3	0.0		
ENSG00000203985	LDLRAD1	0.0		
ENSG00000203989	RHOXF2B	0.0		
ENSG00000203995	ZYG11A	3.8		
ENSG00000204001	LCN8	0.0		
ENSG00000204006	C1orf185	0.0		
ENSG00000204007	GLT6D1	0.0		
ENSG00000204010	IFIT1B	0.0		
ENSG00000204019	CT83	0.0		
ENSG00000204020	LIPN	0.0		
ENSG00000204021	LIPK	0.0		
ENSG00000204022	LIPJ	0.0		
ENSG00000204025	TRPC5OS	0.0		
ENSG00000204033	LRIT2	0.0		
ENSG00000204052	LRRC73	0.3		
ENSG00000204060	FOXO6	0.0		
ENSG00000204065	TCEAL5	2.8		
ENSG00000204070	SYS1	25.6		
ENSG00000204071	TCEAL6	0.0		
ENSG00000204084	INPP5B	14.3		
ENSG00000204086	RPA4	0.7		
ENSG00000204099	NEU4	0.0		
ENSG00000204103	MAFB	0.0		
ENSG00000204104	TRAF3IP1	10.5		
ENSG00000204116	CHIC1	3.3		
ENSG00000204120	GIGYF2	44.2		
ENSG00000204128	C2orf72	0.0		
ENSG00000204130	RUFY2	3.2		
ENSG00000204131	NHSL2	1.6		
ENSG00000204136	GGTA1	0.0		
ENSG00000204138	PHACTR4	26.3		
ENSG00000204140	CLPSL1	0.0		
ENSG00000204147	ASAH2B	4.3		
ENSG00000204149	AGAP6	1.0		
ENSG00000204152	TIMM23B	1.8		
ENSG00000204160	ZDHHC18	33.8		
ENSG00000204161	TMEM273	0.0		
ENSG00000204165	CXorf65	0.0		
ENSG00000204172	AGAP9	2.3		
ENSG00000204174	NPY4R	0.0		
ENSG00000204175	GPRIN2	0.1		
ENSG00000204176	SYT15	0.0		
ENSG00000204178	MACO1	8.8		
ENSG00000204179	PTPN20	0.0		
ENSG00000204186	ZDBF2	3.0		
ENSG00000204193	TXNDC8	0.0		
ENSG00000204195	AWAT1	0.0		
ENSG00000204209	DAXX	0.3		
ENSG00000204217	BMPR2	16.8		
ENSG00000204219	TCEA3	0.5		
ENSG00000204220	PFDN6	69.5		
ENSG00000204227	RING1	31.6		
ENSG00000204228	HSD17B8	7.2		
ENSG00000204231	RXRB	0.0		
ENSG00000204237	OXLD1	0.0		
ENSG00000204246	OR13C3	0.0		
ENSG00000204248	COL11A2	0.0		
ENSG00000204252	HLA-DOA	0.0		
ENSG00000204256	BRD2	39.3		
ENSG00000204257	HLA-DMA	0.0		
ENSG00000204262	COL5A2	4.1		
ENSG00000204264	PSMB8	6.8		
ENSG00000204267	TAP2	15.8		
ENSG00000204271	SPIN3	5.7		
ENSG00000204272	NBDY	59.0		
ENSG00000204278	TMEM235	0.0		
ENSG00000204279	PAGE3	0.0		
ENSG00000204287	HLA-DRA	0.0		
ENSG00000204290	BTNL2	0.0		
ENSG00000204291	COL15A1	0.0		
ENSG00000204296	TSBP1	0.0		
ENSG00000204300	TMEM225	0.0		
ENSG00000204301	NOTCH4	0.0		
ENSG00000204304	PBX2	8.1		
ENSG00000204305	AGER	0.1		
ENSG00000204308	RNF5	80.3		
ENSG00000204310	AGPAT1	108.5		
ENSG00000204311	PJVK	1.7		
ENSG00000204314	PRRT1	0.0		
ENSG00000204315	FKBPL	11.3		
ENSG00000204316	MRPL38	79.2		
ENSG00000204323	SMIM5	0.0		
ENSG00000204334	ERICH2	2.0		
ENSG00000204335	SP5	0.3		
ENSG00000204344	STK19	0.0		
ENSG00000204345	CD300LD	0.0		
ENSG00000204347	BTBD17	0.0		
ENSG00000204348	DXO	10.1		
ENSG00000204351	SKIV2L	0.0		
ENSG00000204356	NELFE	47.4		
ENSG00000204361	NXPE2	0.0		
ENSG00000204363	SPANXN5	0.0		
ENSG00000204366	ZBTB12	0.0		
ENSG00000204370	SDHD	175.4		
ENSG00000204371	EHMT2	0.0		
ENSG00000204379	XAGE1A	0.0		
ENSG00000204381	LAYN	9.9		
ENSG00000204382	XAGE1B	0.0		
ENSG00000204385	SLC44A4	0.0		
ENSG00000204386	NEU1	2.2		
ENSG00000204388	HSPA1B	0.0		
ENSG00000204389	HSPA1A	0.0		
ENSG00000204390	HSPA1L	0.1		
ENSG00000204392	LSM2	109.3		
ENSG00000204394	VARS1	33.5		
ENSG00000204396	VWA7	0.5		
ENSG00000204406	MBD5	3.1		
ENSG00000204410	MSH5	0.0		
ENSG00000204414	CSHL1	0.0		
ENSG00000204420	MPIG6B	0.0		
ENSG00000204421	LY6G6C	0.0		
ENSG00000204424	LY6G6F	0.0		
ENSG00000204427	ABHD16A	0.0		
ENSG00000204428	LY6G5C	0.0		
ENSG00000204435	CSNK2B	1.0		
ENSG00000204438	GPANK1	0.0		
ENSG00000204439	C6orf47	0.0		
ENSG00000204442	FAM155A	0.3		
ENSG00000204444	APOM	0.4		
ENSG00000204449	TRIM49C	0.0		
ENSG00000204450	TRIM64	0.0		
ENSG00000204463	BAG6	17.3		
ENSG00000204469	PRRC2A	0.0		
ENSG00000204472	AIF1	0.0		
ENSG00000204475	NCR3	0.0		
ENSG00000204478	PRAMEF20	0.0		
ENSG00000204479	PRAMEF17	0.0		
ENSG00000204480	PRAMEF19	0.0		
ENSG00000204481	PRAMEF14	0.0		
ENSG00000204482	LST1	0.3		
ENSG00000204498	NFKBIL1	0.0		
ENSG00000204501	PRAMEF15	0.0		
ENSG00000204505	PRAMEF9	0.0		
ENSG00000204510	PRAMEF7	0.0		
ENSG00000204511	MCCD1	0.0		
ENSG00000204514	ZNF814	0.7		
ENSG00000204516	MICB	1.0		
ENSG00000204518	AADACL4	0.0		
ENSG00000204519	ZNF551	6.9		
ENSG00000204520	MICA	31.1		
ENSG00000204524	ZNF805	2.1		
ENSG00000204525	HLA-C	0.0		
ENSG00000204531	POU5F1	0.7		
ENSG00000204532	ZSCAN5C	0.0		
ENSG00000204536	CCHCR1	0.6		
ENSG00000204538	PSORS1C2	0.0		
ENSG00000204539	CDSN	0.0		
ENSG00000204540	PSORS1C1	0.0		
ENSG00000204542	C6orf15	0.0		
ENSG00000204544	MUC21	0.0		
ENSG00000204548	DEFB121	0.0		
ENSG00000204560	DHX16	47.0		
ENSG00000204564	C6orf136	0.4		
ENSG00000204568	MRPS18B	115.0		
ENSG00000204569	PPP1R10	24.3		
ENSG00000204571	KRTAP5-11	0.0		
ENSG00000204572	KRTAP5-10	0.0		
ENSG00000204574	ABCF1	61.7		
ENSG00000204576	PRR3	20.1		
ENSG00000204577	LILRB3	0.0		
ENSG00000204580	DDR1	5.7		
ENSG00000204583	LRCOL1	0.0		
ENSG00000204590	GNL1	15.4		
ENSG00000204592	HLA-E	12.8		
ENSG00000204595	DPRX	0.0		
ENSG00000204599	TRIM39	3.1		
ENSG00000204604	ZNF468	8.1		
ENSG00000204610	TRIM15	0.0		
ENSG00000204611	ZNF616	12.4		
ENSG00000204612	FOXB2	0.0		
ENSG00000204613	TRIM10	0.0		
ENSG00000204614	TRIM40	0.0		
ENSG00000204616	TRIM31	0.0		
ENSG00000204618	RNF39	0.0		
ENSG00000204619	PPP1R11	0.0		
ENSG00000204624	DISP3	0.0		
ENSG00000204628	RACK1	1867.9		
ENSG00000204632	HLA-G	0.0		
ENSG00000204634	TBC1D8	5.0		
ENSG00000204640	NMS	0.0		
ENSG00000204642	HLA-F	0.0		
ENSG00000204644	ZFP57	0.0		
ENSG00000204653	ASPDH	0.0		
ENSG00000204655	MOG	0.0		
ENSG00000204657	OR2H2	0.0		
ENSG00000204659	CBY3	0.0		
ENSG00000204669	C9orf57	0.0		
ENSG00000204671	IL31	0.0		
ENSG00000204673	AKT1S1	41.9		
ENSG00000204681	GABBR1	0.7		
ENSG00000204687	MAS1L	0.0		
ENSG00000204688	OR2H1	0.0		
ENSG00000204694	OR11A1	0.0		
ENSG00000204695	OR14J1	0.0		
ENSG00000204700	OR2J2	0.0		
ENSG00000204701	OR2J3	0.0		
ENSG00000204702	OR2J1	0.0		
ENSG00000204703	OR2B3	0.0		
ENSG00000204704	OR2W1	0.0		
ENSG00000204710	SPDYC	0.0		
ENSG00000204711	C9orf135	11.7		
ENSG00000204713	TRIM27	4.0		
ENSG00000204740	MALRD1	0.3		
ENSG00000204764	RANBP17	0.0		
ENSG00000204767	INSYN2B	0.1		
ENSG00000204779	FOXD4L5	0.5		
ENSG00000204805	AL391987.2	8.1		
ENSG00000204815	TTC25	0.2		
ENSG00000204822	MRPL53	32.5		
ENSG00000204839	MROH6	0.0		
ENSG00000204842	ATXN2	45.0		
ENSG00000204843	DCTN1	84.3		
ENSG00000204849	SPATA31A1	0.0		
ENSG00000204851	PNMA8B	0.0		
ENSG00000204852	TCTN1	4.7		
ENSG00000204856	FAM216A	38.1		
ENSG00000204859	ZBTB48	18.3		
ENSG00000204866	IGFL2	0.0		
ENSG00000204869	IGFL4	0.0		
ENSG00000204873	KRTAP9-3	0.0		
ENSG00000204880	KRTAP4-8	0.0		
ENSG00000204882	GPR20	0.0		
ENSG00000204887	KRTAP1-4	0.0		
ENSG00000204889	KRT40	0.0		
ENSG00000204897	KRT25	0.0		
ENSG00000204899	MZT1	53.6		
ENSG00000204909	SPINK9	0.9		
ENSG00000204913	LRRC3C	0.0		
ENSG00000204918	PRR20B	0.0		
ENSG00000204919	PRR20A	0.0		
ENSG00000204920	ZNF155	3.5		
ENSG00000204922	UQCC3	7.4		
ENSG00000204923	FBXO48	1.2		
ENSG00000204928	GRXCR2	0.0		
ENSG00000204930	FAM221B	0.0		
ENSG00000204936	CD177	0.1		
ENSG00000204941	PSG5	0.1		
ENSG00000204946	ZNF783	4.0		
ENSG00000204947	ZNF425	0.6		
ENSG00000204950	LRRC10B	0.0		
ENSG00000204952	FBXO47	0.0		
ENSG00000204954	C12orf73	19.1		
ENSG00000204956	PCDHGA1	0.1		
ENSG00000204961	PCDHA9	0.0		
ENSG00000204962	PCDHA8	0.0		
ENSG00000204963	PCDHA7	0.0		
ENSG00000204965	PCDHA5	0.0		
ENSG00000204967	PCDHA4	0.0		
ENSG00000204969	PCDHA2	0.0		
ENSG00000204970	PCDHA1	0.0		
ENSG00000204977	TRIM13	18.4		
ENSG00000204978	ERICH4	0.0		
ENSG00000204979	MS4A13	0.0		
ENSG00000204983	PRSS1	0.0		
ENSG00000204991	SPIRE2	2.2		
ENSG00000205002	AARD	0.0		
ENSG00000205022	PABPN1L	0.0		
ENSG00000205029	OR5D16	0.0		
ENSG00000205030	OR5L2	0.0		
ENSG00000205038	PKHD1L1	0.0		
ENSG00000205045	SLFN12L	0.0		
ENSG00000205060	SLC35B4	29.0		
ENSG00000205076	LGALS7	0.0		
ENSG00000205078	SYCE1L	0.2		
ENSG00000205084	TMEM231	0.8		
ENSG00000205085	FAM71F2	0.0		
ENSG00000205089	CCNI2	0.0		
ENSG00000205090	TMEM240	0.0		
ENSG00000205097	FRG2	0.0		
ENSG00000205108	FAM205A	0.0		
ENSG00000205111	CDKL4	0.7		
ENSG00000205116	TMEM88B	0.0		
ENSG00000205126	ACCSL	0.0		
ENSG00000205129	C4orf47	0.3		
ENSG00000205133	TRIQK	16.1		
ENSG00000205138	SDHAF1	9.5		
ENSG00000205143	ARID3C	0.2		
ENSG00000205155	PSENEN	65.3		
ENSG00000205177	C11orf91	0.5		
ENSG00000205186	FABP9	0.0		
ENSG00000205189	ZBTB10	16.7		
ENSG00000205208	C4orf46	20.6		
ENSG00000205209	SCGB2B2	0.2		
ENSG00000205213	LGR4	83.5		
ENSG00000205220	PSMB10	0.0		
ENSG00000205221	VIT	6.2		
ENSG00000205238	SPDYE2	0.0		
ENSG00000205250	E2F4	69.2		
ENSG00000205268	PDE7A	17.5		
ENSG00000205269	TMEM170B	10.0		
ENSG00000205274	TRBV20OR9-2	0.0		
ENSG00000205277	MUC12	0.0		
ENSG00000205279	CTXN3	0.0		
ENSG00000205301	MGAT4D	0.0		
ENSG00000205302	SNX2	24.6		
ENSG00000205307	SAP25	0.5		
ENSG00000205309	NT5M	0.1		
ENSG00000205323	SARNP	223.7		
ENSG00000205327	OR6C68	0.0		
ENSG00000205328	OR6C65	0.0		
ENSG00000205329	OR6C3	0.0		
ENSG00000205330	OR6C1	0.0		
ENSG00000205336	ADGRG1	0.0		
ENSG00000205339	IPO7	187.5		
ENSG00000205352	PRR13	167.8		
ENSG00000205356	TECPR1	5.7		
ENSG00000205358	MT1H	0.0		
ENSG00000205359	SLCO6A1	0.0		
ENSG00000205362	MT1A	0.0		
ENSG00000205363	INSYN1	1.9		
ENSG00000205364	MT1M	31.7		
ENSG00000205403	CFI	0.0		
ENSG00000205409	OR52E6	0.0		
ENSG00000205413	SAMD9	0.1		
ENSG00000205420	KRT6A	0.0		
ENSG00000205423	CNEP1R1	10.0		
ENSG00000205426	KRT81	0.0		
ENSG00000205436	EXOC3L4	0.0		
ENSG00000205439	KRTAP12-3	0.0		
ENSG00000205442	IZUMO3	0.0		
ENSG00000205445	KRTAP10-2	0.0		
ENSG00000205456	TP53TG3D	0.0		
ENSG00000205457	TP53TG3C	0.0		
ENSG00000205476	CCDC85C	39.2		
ENSG00000205495	OR52J3	0.0		
ENSG00000205496	OR51A2	0.0		
ENSG00000205497	OR51A4	0.0		
ENSG00000205502	C2CD4B	0.0		
ENSG00000205517	RGL3	0.0		
ENSG00000205531	NAP1L4	21.9		
ENSG00000205542	TMSB4X	1411.5		
ENSG00000205544	TMEM256	29.9		
ENSG00000205560	CPT1B	12.9		
ENSG00000205571	SMN2	0.9		
ENSG00000205572	SERF1B	2.6		
ENSG00000205581	HMGN1	317.4		
ENSG00000205592	MUC19	0.0		
ENSG00000205593	DENND6B	0.1		
ENSG00000205609	EIF3CL	11.0		
ENSG00000205629	LCMT1	35.9		
ENSG00000205639	MFSD2B	0.0		
ENSG00000205642	VCX3B	0.0		
ENSG00000205643	CDPF1	3.8		
ENSG00000205649	HTN3	0.0		
ENSG00000205659	LIN52	20.4		
ENSG00000205667	ARSH	0.0		
ENSG00000205669	ACOT6	0.0		
ENSG00000205670	SMIM11A	18.8		
ENSG00000205678	TECRL	0.0		
ENSG00000205683	DPF3	1.7		
ENSG00000205693	MANSC4	0.0		
ENSG00000205704	LINC00634	0.0		
ENSG00000205707	ETFRF1	14.2		
ENSG00000205710	C17orf107	0.0		
ENSG00000205718	MBD3L4	0.0		
ENSG00000205726	ITSN1	42.2		
ENSG00000205730	ITPRIPL2	6.0		
ENSG00000205744	DENND1C	0.1		
ENSG00000205755	CRLF2	0.0		
ENSG00000205758	CRYZL1	24.6		
ENSG00000205765	C5orf51	29.8		
ENSG00000205777	GAGE1	0.0		
ENSG00000205784	ARRDC5	0.0		
ENSG00000205795	CYS1	0.2		
ENSG00000205808	PLPP6	6.2		
ENSG00000205809	KLRC2	0.0		
ENSG00000205810	KLRC3	0.0		
ENSG00000205832	C16orf96	0.1		
ENSG00000205835	GMNC	0.0		
ENSG00000205838	TTC23L	0.0		
ENSG00000205846	CLEC6A	0.0		
ENSG00000205856	C22orf42	0.0		
ENSG00000205857	NANOGNB	0.0		
ENSG00000205858	LRRC72	0.0		
ENSG00000205863	C1QTNF9B	0.0		
ENSG00000205864	KRTAP5-6	0.0		
ENSG00000205867	KRTAP5-2	0.0		
ENSG00000205869	KRTAP5-1	0.0		
ENSG00000205882	DEFB134	0.0		
ENSG00000205883	DEFB135	0.0		
ENSG00000205884	DEFB136	0.4		
ENSG00000205899	BHLHA9	0.0		
ENSG00000205903	ZNF316	14.0		
ENSG00000205916	DAZ4	0.0		
ENSG00000205922	ONECUT3	0.0		
ENSG00000205923	CEMP1	0.0		
ENSG00000205927	OLIG2	6.5		
ENSG00000205929	C21orf62	0.0		
ENSG00000205937	RNPS1	217.3		
ENSG00000205944	DAZ2	0.0		
ENSG00000205978	NYNRIN	7.5		
ENSG00000205981	DNAJC19	37.8		
ENSG00000206013	IFITM5	0.0		
ENSG00000206026	SMIM21	0.0		
ENSG00000206043	C18orf63	0.0		
ENSG00000206047	DEFA1	0.0		
ENSG00000206052	DOK6	0.0		
ENSG00000206053	JPT2	223.5		
ENSG00000206069	TMEM211	0.0		
ENSG00000206072	SERPINB11	0.0		
ENSG00000206073	SERPINB4	0.0		
ENSG00000206075	SERPINB5	0.0		
ENSG00000206077	ZDHHC11B	2.1		
ENSG00000206102	KRTAP19-8	0.0		
ENSG00000206104	KRTAP20-3	0.0		
ENSG00000206105	KRTAP20-4	0.0		
ENSG00000206106	KRTAP22-2	0.0		
ENSG00000206107	KRTAP27-1	0.0		
ENSG00000206113	CFAP99	0.0		
ENSG00000206127	GOLGA8O	0.7		
ENSG00000206140	TMEM191C	0.0		
ENSG00000206150	RNASE13	0.0		
ENSG00000206172	HBA1	3.5		
ENSG00000206177	HBM	0.0		
ENSG00000206181	ELOA2	0.0		
ENSG00000206190	ATP10A	9.3		
ENSG00000206199	ANKUB1	0.1		
ENSG00000206203	TSSK2	0.0		
ENSG00000206260	PRR23A	0.0		
ENSG00000206262	FOXL2NB	0.2		
ENSG00000206384	COL6A6	0.0		
ENSG00000206418	RAB12	25.7		
ENSG00000206422	LRRC30	0.0		
ENSG00000206432	TMEM200C	0.0		
ENSG00000206474	OR10C1	0.0		
ENSG00000206503	HLA-A	0.2		
ENSG00000206527	HACD2	52.3		
ENSG00000206530	CFAP44	0.9		
ENSG00000206531	CD200R1L	0.0		
ENSG00000206535	LNP1	1.8		
ENSG00000206536	OR5K3	0.0		
ENSG00000206538	VGLL3	4.8		
ENSG00000206549	AC109583.1	0.0		
ENSG00000206557	TRIM71	8.4		
ENSG00000206559	ZCWPW2	0.2		
ENSG00000206560	ANKRD28	9.6		
ENSG00000206561	COLQ	0.2		
ENSG00000206562	METTL6	23.3		
ENSG00000206579	XKR4	0.0		
ENSG00000211445	GPX3	39.6		
ENSG00000211448	DIO2	2.9		
ENSG00000211450	SELENOH	26.6		
ENSG00000211452	DIO1	0.0		
ENSG00000211455	STK38L	19.0		
ENSG00000211456	SACM1L	50.4		
ENSG00000211460	TSN	55.0		
ENSG00000211584	SLC48A1	7.3		
ENSG00000211592	IGKC	0.0		
ENSG00000211593	IGKJ5	0.0		
ENSG00000211594	IGKJ4	0.0		
ENSG00000211595	IGKJ3	0.0		
ENSG00000211596	IGKJ2	0.0		
ENSG00000211597	IGKJ1	0.0		
ENSG00000211598	IGKV4-1	0.0		
ENSG00000211599	IGKV5-2	0.0		
ENSG00000211611	IGKV6-21	0.0		
ENSG00000211623	IGKV2D-26	0.0		
ENSG00000211625	IGKV3D-20	0.0		
ENSG00000211626	IGKV6D-41	0.0		
ENSG00000211632	IGKV3D-11	0.0		
ENSG00000211633	IGKV1D-42	0.0		
ENSG00000211637	IGLV4-69	0.0		
ENSG00000211638	IGLV8-61	0.0		
ENSG00000211639	IGLV4-60	0.0		
ENSG00000211640	IGLV6-57	0.0		
ENSG00000211641	IGLV11-55	0.0		
ENSG00000211642	IGLV10-54	0.0		
ENSG00000211643	IGLV5-52	36.0		
ENSG00000211644	IGLV1-51	1.9		
ENSG00000211645	IGLV1-50	0.2		
ENSG00000211647	IGLV5-48	0.0		
ENSG00000211648	IGLV1-47	0.0		
ENSG00000211649	IGLV7-46	0.0		
ENSG00000211650	IGLV5-45	0.0		
ENSG00000211651	IGLV1-44	0.0		
ENSG00000211652	IGLV7-43	0.0		
ENSG00000211653	IGLV1-40	0.0		
ENSG00000211654	IGLV5-37	0.0		
ENSG00000211655	IGLV1-36	0.0		
ENSG00000211656	IGLV2-33	0.0		
ENSG00000211657	IGLV3-32	0.0		
ENSG00000211658	IGLV3-27	0.0		
ENSG00000211659	IGLV3-25	0.0		
ENSG00000211660	IGLV2-23	0.0		
ENSG00000211661	IGLV3-22	0.0		
ENSG00000211662	IGLV3-21	0.0		
ENSG00000211663	IGLV3-19	0.0		
ENSG00000211664	IGLV2-18	0.0		
ENSG00000211665	IGLV3-16	0.0		
ENSG00000211666	IGLV2-14	0.0		
ENSG00000211667	IGLV3-12	0.0		
ENSG00000211668	IGLV2-11	0.0		
ENSG00000211669	IGLV3-10	0.0		
ENSG00000211670	IGLV3-9	0.0		
ENSG00000211672	IGLV4-3	0.0		
ENSG00000211673	IGLV3-1	0.0		
ENSG00000211674	IGLJ1	0.0		
ENSG00000211675	IGLC1	0.0		
ENSG00000211676	IGLJ2	0.0		
ENSG00000211677	IGLC2	0.0		
ENSG00000211678	IGLJ3	0.0		
ENSG00000211679	IGLC3	0.0		
ENSG00000211680	IGLJ4	0.0		
ENSG00000211681	IGLJ5	0.0		
ENSG00000211682	IGLJ6	0.0		
ENSG00000211684	IGLJ7	0.0		
ENSG00000211685	IGLC7	0.0		
ENSG00000211687	TRGJ2	0.0		
ENSG00000211688	TRGJP2	0.0		
ENSG00000211689	TRGC1	0.0		
ENSG00000211690	TRGJ1	0.0		
ENSG00000211691	TRGJP	0.0		
ENSG00000211692	TRGJP1	0.0		
ENSG00000211693	TRGV11	0.0		
ENSG00000211694	TRGV10	0.0		
ENSG00000211695	TRGV9	0.0		
ENSG00000211696	TRGV8	0.0		
ENSG00000211697	TRGV5	0.0		
ENSG00000211698	TRGV4	0.0		
ENSG00000211699	TRGV3	0.0		
ENSG00000211701	TRGV1	0.0		
ENSG00000211706	TRBV6-1	0.0		
ENSG00000211707	TRBV7-1	0.0		
ENSG00000211710	TRBV4-1	0.0		
ENSG00000211713	TRBV6-4	0.0		
ENSG00000211714	TRBV7-3	0.0		
ENSG00000211715	TRBV5-3	0.0		
ENSG00000211716	TRBV9	0.0		
ENSG00000211717	TRBV10-1	0.0		
ENSG00000211720	TRBV11-1	0.0		
ENSG00000211721	TRBV6-5	0.0		
ENSG00000211724	TRBV6-6	0.0		
ENSG00000211725	TRBV5-5	0.0		
ENSG00000211727	TRBV7-6	0.0		
ENSG00000211728	TRBV5-6	0.0		
ENSG00000211731	TRBV5-7	0.0		
ENSG00000211734	TRBV5-1	0.0		
ENSG00000211745	TRBV4-2	0.0		
ENSG00000211746	TRBV19	0.0		
ENSG00000211747	TRBV20-1	0.0		
ENSG00000211749	TRBV23-1	0.0		
ENSG00000211750	TRBV24-1	0.0		
ENSG00000211751	TRBC1	0.0		
ENSG00000211752	TRBV27	2.9		
ENSG00000211753	TRBV28	0.0		
ENSG00000211764	TRBJ2-1	0.0		
ENSG00000211765	TRBJ2-2	0.0		
ENSG00000211766	TRBJ2-2P	0.0		
ENSG00000211767	TRBJ2-3	0.0		
ENSG00000211768	TRBJ2-4	0.0		
ENSG00000211769	TRBJ2-5	0.0		
ENSG00000211770	TRBJ2-6	0.0		
ENSG00000211771	TRBJ2-7	0.0		
ENSG00000211772	TRBC2	0.0		
ENSG00000211776	TRAV2	0.0		
ENSG00000211777	TRAV3	0.0		
ENSG00000211778	TRAV4	0.0		
ENSG00000211779	TRAV5	0.0		
ENSG00000211780	TRAV6	0.0		
ENSG00000211781	TRAV7	0.0		
ENSG00000211782	TRAV8-1	0.0		
ENSG00000211783	TRAV9-1	0.0		
ENSG00000211784	TRAV10	0.0		
ENSG00000211785	TRAV12-1	0.0		
ENSG00000211786	TRAV8-2	0.0		
ENSG00000211787	TRAV8-3	0.0		
ENSG00000211788	TRAV13-1	0.0		
ENSG00000211789	TRAV12-2	0.0		
ENSG00000211790	TRAV8-4	0.0		
ENSG00000211791	TRAV13-2	0.0		
ENSG00000211792	TRAV14DV4	0.0		
ENSG00000211793	TRAV9-2	0.0		
ENSG00000211794	TRAV12-3	0.0		
ENSG00000211795	TRAV8-6	0.0		
ENSG00000211796	TRAV16	0.0		
ENSG00000211797	TRAV17	0.0		
ENSG00000211798	TRAV18	0.0		
ENSG00000211799	TRAV19	0.0		
ENSG00000211800	TRAV20	0.0		
ENSG00000211801	TRAV21	0.0		
ENSG00000211802	TRAV22	0.0		
ENSG00000211803	TRAV23DV6	0.0		
ENSG00000211804	TRDV1	0.0		
ENSG00000211805	TRAV24	0.0		
ENSG00000211806	TRAV25	0.0		
ENSG00000211807	TRAV26-1	0.0		
ENSG00000211808	TRAV8-7	0.0		
ENSG00000211809	TRAV27	0.0		
ENSG00000211810	TRAV29DV5	0.0		
ENSG00000211812	TRAV26-2	0.0		
ENSG00000211813	TRAV34	0.0		
ENSG00000211815	TRAV36DV7	0.0		
ENSG00000211816	TRAV38-1	0.0		
ENSG00000211817	TRAV38-2DV8	0.0		
ENSG00000211818	TRAV39	0.0		
ENSG00000211819	TRAV40	0.0		
ENSG00000211820	TRAV41	0.0		
ENSG00000211821	TRDV2	0.0		
ENSG00000211825	TRDJ1	0.0		
ENSG00000211826	TRDJ4	0.0		
ENSG00000211827	TRDJ2	0.0		
ENSG00000211828	TRDJ3	0.0		
ENSG00000211829	TRDC	0.0		
ENSG00000211831	TRAJ61	0.0		
ENSG00000211832	TRAJ59	0.0		
ENSG00000211833	TRAJ58	0.0		
ENSG00000211834	TRAJ57	3.1		
ENSG00000211835	TRAJ56	0.0		
ENSG00000211836	TRAJ54	0.0		
ENSG00000211837	TRAJ53	0.0		
ENSG00000211838	TRAJ52	0.0		
ENSG00000211839	TRAJ50	0.0		
ENSG00000211840	TRAJ49	0.0		
ENSG00000211841	TRAJ48	0.0		
ENSG00000211842	TRAJ47	0.0		
ENSG00000211843	TRAJ46	0.0		
ENSG00000211844	TRAJ45	0.0		
ENSG00000211845	TRAJ44	0.0		
ENSG00000211846	TRAJ43	0.0		
ENSG00000211847	TRAJ42	0.0		
ENSG00000211848	TRAJ41	0.0		
ENSG00000211849	TRAJ40	0.0		
ENSG00000211850	TRAJ39	0.0		
ENSG00000211851	TRAJ38	0.0		
ENSG00000211854	TRAJ35	0.0		
ENSG00000211855	TRAJ34	0.0		
ENSG00000211856	TRAJ33	0.0		
ENSG00000211857	TRAJ32	0.0		
ENSG00000211858	TRAJ31	0.0		
ENSG00000211859	TRAJ30	0.0		
ENSG00000211860	TRAJ29	0.0		
ENSG00000211861	TRAJ28	0.0		
ENSG00000211862	TRAJ27	0.0		
ENSG00000211863	TRAJ26	0.0		
ENSG00000211864	TRAJ25	0.0		
ENSG00000211865	TRAJ24	0.0		
ENSG00000211866	TRAJ23	0.0		
ENSG00000211867	TRAJ22	0.0		
ENSG00000211868	TRAJ21	0.0		
ENSG00000211869	TRAJ20	0.0		
ENSG00000211870	TRAJ19	0.0		
ENSG00000211871	TRAJ18	0.0		
ENSG00000211872	TRAJ17	0.0		
ENSG00000211873	TRAJ16	0.0		
ENSG00000211875	TRAJ14	0.0		
ENSG00000211876	TRAJ13	0.0		
ENSG00000211877	TRAJ12	0.0		
ENSG00000211878	TRAJ11	0.0		
ENSG00000211879	TRAJ10	0.0		
ENSG00000211880	TRAJ9	0.0		
ENSG00000211882	TRAJ7	0.0		
ENSG00000211883	TRAJ6	0.0		
ENSG00000211884	TRAJ5	0.0		
ENSG00000211885	TRAJ4	0.0		
ENSG00000211886	TRAJ3	0.0		
ENSG00000211887	TRAJ2	0.0		
ENSG00000211888	TRAJ1	0.0		
ENSG00000211890	IGHA2	0.0		
ENSG00000211891	IGHE	0.0		
ENSG00000211892	IGHG4	0.0		
ENSG00000211893	IGHG2	0.0		
ENSG00000211895	IGHA1	0.0		
ENSG00000211896	IGHG1	0.0		
ENSG00000211897	IGHG3	0.0		
ENSG00000211898	IGHD	0.0		
ENSG00000211899	IGHM	0.0		
ENSG00000211900	IGHJ6	0.0		
ENSG00000211904	IGHJ2	0.0		
ENSG00000211905	IGHJ1	0.0		
ENSG00000211907	IGHD1-26	0.0		
ENSG00000211909	IGHD5-24	0.0		
ENSG00000211911	IGHD3-22	0.0		
ENSG00000211912	IGHD2-21	0.0		
ENSG00000211914	IGHD6-19	0.0		
ENSG00000211915	IGHD5-18	0.0		
ENSG00000211917	IGHD3-16	0.0		
ENSG00000211918	IGHD2-15	0.0		
ENSG00000211920	IGHD6-13	0.0		
ENSG00000211921	IGHD5-12	0.0		
ENSG00000211923	IGHD3-10	0.0		
ENSG00000211924	IGHD3-9	0.0		
ENSG00000211925	IGHD2-8	0.0		
ENSG00000211928	IGHD5-5	0.0		
ENSG00000211930	IGHD3-3	0.0		
ENSG00000211931	IGHD2-2	0.0		
ENSG00000211933	IGHV6-1	0.0		
ENSG00000211934	IGHV1-2	0.0		
ENSG00000211935	IGHV1-3	0.0		
ENSG00000211937	IGHV2-5	0.0		
ENSG00000211938	IGHV3-7	0.0		
ENSG00000211941	IGHV3-11	0.0		
ENSG00000211942	IGHV3-13	0.0		
ENSG00000211943	IGHV3-15	0.0		
ENSG00000211944	IGHV3-16	0.0		
ENSG00000211945	IGHV1-18	0.0		
ENSG00000211946	IGHV3-20	0.0		
ENSG00000211947	IGHV3-21	0.0		
ENSG00000211949	IGHV3-23	0.0		
ENSG00000211950	IGHV1-24	0.0		
ENSG00000211951	IGHV2-26	0.0		
ENSG00000211952	IGHV4-28	0.0		
ENSG00000211955	IGHV3-33	0.0		
ENSG00000211956	IGHV4-34	0.0		
ENSG00000211957	IGHV3-35	0.0		
ENSG00000211958	IGHV3-38	0.0		
ENSG00000211959	IGHV4-39	0.0		
ENSG00000211961	IGHV1-45	0.0		
ENSG00000211962	IGHV1-46	0.0		
ENSG00000211964	IGHV3-48	0.0		
ENSG00000211965	IGHV3-49	0.0		
ENSG00000211966	IGHV5-51	0.0		
ENSG00000211967	IGHV3-53	0.0		
ENSG00000211968	IGHV1-58	0.0		
ENSG00000211970	IGHV4-61	0.0		
ENSG00000211972	IGHV3-66	0.0		
ENSG00000211973	IGHV1-69	0.0		
ENSG00000211974	IGHV2-70D	0.0		
ENSG00000211976	IGHV3-73	0.0		
ENSG00000211979	IGHV7-81	0.0		
ENSG00000212122	TSSK1B	0.0		
ENSG00000212123	PRR22	1.1		
ENSG00000212124	TAS2R19	0.0		
ENSG00000212126	TAS2R50	0.0		
ENSG00000212127	TAS2R14	0.0		
ENSG00000212128	TAS2R13	0.0		
ENSG00000212657	KRTAP16-1	0.0		
ENSG00000212658	KRTAP29-1	0.0		
ENSG00000212659	KRTAP9-6	0.0		
ENSG00000212710	CTAGE1	0.0		
ENSG00000212721	KRTAP4-11	0.0		
ENSG00000212722	KRTAP4-9	0.0		
ENSG00000212724	KRTAP2-3	0.0		
ENSG00000212725	KRTAP2-1	0.0		
ENSG00000212747	RTL8B	3.8		
ENSG00000212807	OR2A42	0.0		
ENSG00000212864	RNF208	4.6		
ENSG00000212899	KRTAP3-3	0.0		
ENSG00000212900	KRTAP3-2	0.0		
ENSG00000212901	KRTAP3-1	0.0		
ENSG00000212907	MT-ND4L	1155.8		
ENSG00000212916	MAP10	0.0		
ENSG00000212933	KRTAP12-4	0.0		
ENSG00000212935	KRTAP10-3	0.0		
ENSG00000212938	KRTAP6-3	0.0		
ENSG00000212993	POU5F1B	0.2		
ENSG00000213015	ZNF580	18.2		
ENSG00000213020	ZNF611	6.1		
ENSG00000213022	KLK9	0.0		
ENSG00000213023	SYT3	0.3		
ENSG00000213024	NUP62	108.3		
ENSG00000213030	CGB8	0.0		
ENSG00000213047	DENND1B	3.2		
ENSG00000213064	SFT2D2	13.2		
ENSG00000213066	CEP43	31.4		
ENSG00000213079	SCAF8	39.5		
ENSG00000213085	CFAP45	0.2		
ENSG00000213088	ACKR1	0.0		
ENSG00000213096	ZNF254	15.6		
ENSG00000213123	DYNLT2B	17.8		
ENSG00000213139	CRYGS	0.8		
ENSG00000213145	CRIP1	0.1		
ENSG00000213160	KLHL23	67.7		
ENSG00000213171	LINGO4	0.0		
ENSG00000213185	FAM24B	0.0		
ENSG00000213186	TRIM59	0.0		
ENSG00000213190	MLLT11	54.3		
ENSG00000213199	ASIC3	1.0		
ENSG00000213203	GIMAP1	0.0		
ENSG00000213213	CCDC183	0.2		
ENSG00000213214	ARHGEF35	0.0		
ENSG00000213215	OR2F1	0.0		
ENSG00000213218	CSH2	0.0		
ENSG00000213221	DNLZ	0.6		
ENSG00000213231	TCL1B	0.0		
ENSG00000213246	SUPT4H1	99.8		
ENSG00000213265	TSGA13	0.0		
ENSG00000213281	NRAS	88.2		
ENSG00000213316	LTC4S	0.0		
ENSG00000213337	ANKRD39	11.2		
ENSG00000213339	QTRT1	13.8		
ENSG00000213341	CHUK	38.7		
ENSG00000213347	MXD3	1.1		
ENSG00000213366	GSTM2	3.1		
ENSG00000213380	COG8	29.5		
ENSG00000213390	ARHGAP19	27.1		
ENSG00000213397	HAUS7	39.6		
ENSG00000213398	LCAT	3.1		
ENSG00000213401	MAGEA12	0.0		
ENSG00000213402	PTPRCAP	0.0		
ENSG00000213413	PVRIG	0.0		
ENSG00000213416	KRTAP4-12	0.0		
ENSG00000213417	KRTAP2-4	0.0		
ENSG00000213420	GPC2	1.4		
ENSG00000213424	KRT222	0.0		
ENSG00000213445	SIPA1	3.4		
ENSG00000213462	ERV3-1	2.6		
ENSG00000213463	SYNJ2BP	15.7		
ENSG00000213465	ARL2	82.9		
ENSG00000213471	TTLL13P	0.0		
ENSG00000213512	GBP7	0.0		
ENSG00000213516	RBMXL1	21.3		
ENSG00000213523	SRA1	2.1		
ENSG00000213533	STIMATE	15.1		
ENSG00000213551	DNAJC9	92.9		
ENSG00000213563	C8orf82	2.2		
ENSG00000213578	CPLX3	0.0		
ENSG00000213585	VDAC1	403.4		
ENSG00000213588	ZBTB9	4.8		
ENSG00000213593	TMX2	203.5		
ENSG00000213614	HEXA	74.5		
ENSG00000213619	NDUFS3	81.7		
ENSG00000213625	LEPROT	13.0		
ENSG00000213626	LBH	81.1		
ENSG00000213638	ADAT3	0.2		
ENSG00000213639	PPP1CB	112.6		
ENSG00000213648	SULT1A4	1.4		
ENSG00000213654	GPSM3	0.1		
ENSG00000213658	LAT	2.6		
ENSG00000213672	NCKIPSD	23.2		
ENSG00000213676	ATF6B	23.5		
ENSG00000213689	TREX1	0.9		
ENSG00000213694	S1PR3	0.3		
ENSG00000213699	SLC35F6	18.1		
ENSG00000213714	FAM209B	0.5		
ENSG00000213719	CLIC1	65.8		
ENSG00000213722	DDAH2	0.5		
ENSG00000213741	RPS29	2373.0		
ENSG00000213759	UGT2B11	0.0		
ENSG00000213760	ATP6V1G2	0.0		
ENSG00000213762	ZNF134	7.2		
ENSG00000213780	GTF2H4	10.7		
ENSG00000213782	DDX47	95.2		
ENSG00000213793	ZNF888	4.8		
ENSG00000213799	ZNF845	6.1		
ENSG00000213809	KLRK1	0.0		
ENSG00000213822	CEACAM18	0.0		
ENSG00000213853	EMP2	41.1		
ENSG00000213859	KCTD11	0.7		
ENSG00000213886	UBD	0.0		
ENSG00000213889	PPM1N	3.0		
ENSG00000213892	CEACAM16	0.0		
ENSG00000213901	SLC23A3	0.4		
ENSG00000213903	LTB4R	1.8		
ENSG00000213906	LTB4R2	1.1		
ENSG00000213918	DNASE1	4.2		
ENSG00000213920	MDP1	3.4		
ENSG00000213921	LEUTX	0.0		
ENSG00000213923	CSNK1E	96.1		
ENSG00000213927	CCL27	1.4		
ENSG00000213928	IRF9	1.6		
ENSG00000213930	GALT	1.3		
ENSG00000213931	HBE1	0.0		
ENSG00000213934	HBG1	0.0		
ENSG00000213937	CLDN9	0.0		
ENSG00000213949	ITGA1	0.1		
ENSG00000213965	NUDT19	16.7		
ENSG00000213967	ZNF726	15.2		
ENSG00000213973	ZNF99	0.0		
ENSG00000213977	TAX1BP3	39.1		
ENSG00000213983	AP1G2	16.2		
ENSG00000213988	ZNF90	0.0		
ENSG00000213995	NAXD	16.3		
ENSG00000213996	TM6SF2	0.0		
ENSG00000213999	MEF2B	0.3		
ENSG00000214013	GANC	12.6		
ENSG00000214021	TTLL3	6.9		
ENSG00000214022	REPIN1	36.4		
ENSG00000214026	MRPL23	64.5		
ENSG00000214029	ZNF891	3.0		
ENSG00000214042	IFNA7	0.0		
ENSG00000214046	SMIM7	44.5		
ENSG00000214050	FBXO16	2.3		
ENSG00000214063	TSPAN4	14.5		
ENSG00000214078	CPNE1	88.1		
ENSG00000214087	ARL16	32.6		
ENSG00000214097	SMCO1	0.0		
ENSG00000214102	WEE2	0.0		
ENSG00000214107	MAGEB1	0.0		
ENSG00000214113	LYRM4	58.9		
ENSG00000214114	MYCBP	29.1		
ENSG00000214128	TMEM213	0.0		
ENSG00000214140	PRCD	0.0		
ENSG00000214160	ALG3	64.1		
ENSG00000214193	SH3D21	1.4		
ENSG00000214194	SMIM30	55.8		
ENSG00000214212	C19orf38	0.3		
ENSG00000214216	IQCJ	0.0		
ENSG00000214226	C17orf67	0.9		
ENSG00000214237	MINDY4B	0.0		
ENSG00000214253	FIS1	65.8		
ENSG00000214274	ANG	2.8		
ENSG00000214279	SCART1	0.0		
ENSG00000214285	NPS	0.0		
ENSG00000214290	COLCA2	0.0		
ENSG00000214300	SPDYE3	0.0		
ENSG00000214309	MBLAC1	0.5		
ENSG00000214324	C3orf56	0.0		
ENSG00000214336	FOXI3	6.0		
ENSG00000214338	SOGA3	1.0		
ENSG00000214357	NEURL1B	0.7		
ENSG00000214360	EFCAB9	0.0		
ENSG00000214367	HAUS3	11.9		
ENSG00000214376	VSTM5	0.0		
ENSG00000214402	LCNL1	0.0		
ENSG00000214413	BBIP1	23.9		
ENSG00000214414	TRIM77	0.0		
ENSG00000214415	GNAT3	0.0		
ENSG00000214435	AS3MT	23.8		
ENSG00000214447	FAM187A	0.7		
ENSG00000214456	PLIN5	0.0		
ENSG00000214491	SEC14L6	0.1		
ENSG00000214510	SPINK13	0.0		
ENSG00000214511	HIGD1C	0.0		
ENSG00000214513	NOTO	0.0		
ENSG00000214517	PPME1	63.4		
ENSG00000214518	KRTAP2-2	0.0		
ENSG00000214530	STARD10	23.4		
ENSG00000214534	ZNF705E	0.1		
ENSG00000214562	NUTM2D	0.1		
ENSG00000214575	CPEB1	5.1		
ENSG00000214595	EML6	1.4		
ENSG00000214642	DEFB113	0.0		
ENSG00000214643	DEFB133	0.0		
ENSG00000214652	ZNF727	0.0		
ENSG00000214654	B3GNT10	7.1		
ENSG00000214655	ZSWIM8	10.1		
ENSG00000214681	IQCF5	0.0		
ENSG00000214686	IQCF6	0.0		
ENSG00000214688	C10orf105	0.0		
ENSG00000214694	ARHGEF33	0.0		
ENSG00000214700	C12orf71	0.0		
ENSG00000214706	IFRD2	40.2		
ENSG00000214711	CAPN14	0.0		
ENSG00000214717	ZBED1	19.5		
ENSG00000214736	TOMM6	597.3		
ENSG00000214753	HNRNPUL2	51.2		
ENSG00000214756	CSKMT	1.6		
ENSG00000214782	MS4A18	0.0		
ENSG00000214787	MS4A4E	0.3		
ENSG00000214814	FER1L6	0.0		
ENSG00000214819	CDRT15L2	0.0		
ENSG00000214827	MTCP1	2.6		
ENSG00000214842	RAD51AP2	0.0		
ENSG00000214860	EVPLL	0.0		
ENSG00000214866	DCDC2C	0.0		
ENSG00000214872	SMTNL1	0.0		
ENSG00000214891	TRIM64C	0.0		
ENSG00000214897	PNMA6E	0.0		
ENSG00000214929	SPATA31D1	0.0		
ENSG00000214940	NPIPA8	23.6		
ENSG00000214941	ZSWIM7	4.1		
ENSG00000214943	GPR33	0.0		
ENSG00000214944	ARHGEF28	1.4		
ENSG00000214946	TBC1D26	0.0		
ENSG00000214954	LRRC69	0.7		
ENSG00000214960	CRPPA	1.2		
ENSG00000214967	NPIPA7	13.9		
ENSG00000214978	GSG1L2	0.0		
ENSG00000215009	ACSM4	0.0		
ENSG00000215012	RTL10	8.6		
ENSG00000215018	COL28A1	0.0		
ENSG00000215021	PHB2	395.9		
ENSG00000215029	TCP11X2	0.0		
ENSG00000215041	NEURL4	7.8		
ENSG00000215045	GRID2IP	0.1		
ENSG00000215113	CXorf49B	0.0		
ENSG00000215114	UBXN2B	25.1		
ENSG00000215115	CXorf49	0.0		
ENSG00000215126	CBWD6	15.9		
ENSG00000215131	C16orf90	0.0		
ENSG00000215148	PRSS41	0.0		
ENSG00000215174	NLRP2B	0.0		
ENSG00000215182	MUC5AC	0.0		
ENSG00000215183	MSMP	0.0		
ENSG00000215186	GOLGA6B	0.0		
ENSG00000215187	FAM166B	0.1		
ENSG00000215193	PEX26	15.9		
ENSG00000215203	GRXCR1	0.0		
ENSG00000215217	C5orf49	0.0		
ENSG00000215218	UBE2QL1	0.0		
ENSG00000215251	FASTKD5	45.3		
ENSG00000215252	GOLGA8B	0.9		
ENSG00000215262	KCNU1	0.0		
ENSG00000215269	GAGE12G	0.0		
ENSG00000215271	HOMEZ	17.3		
ENSG00000215274	GAGE10	0.0		
ENSG00000215277	RNF212B	0.2		
ENSG00000215301	DDX3X	292.2		
ENSG00000215305	VPS16	25.0		
ENSG00000215343	ZNF705D	0.0		
ENSG00000215356	ZNF705B	0.0		
ENSG00000215372	ZNF705G	0.0		
ENSG00000215375	MYL5	4.0		
ENSG00000215397	SCRT2	0.0		
ENSG00000215421	ZNF407	4.2		
ENSG00000215440	NPEPL1	7.5		
ENSG00000215454	KRTAP10-4	0.0		
ENSG00000215455	KRTAP10-1	0.0		
ENSG00000215472	RPL17-C18orf32	26.2		
ENSG00000215474	SKOR2	0.0		
ENSG00000215475	SIAH3	0.0		
ENSG00000215529	EFCAB8	0.0		
ENSG00000215545	DEFB116	0.0		
ENSG00000215547	DEFB115	0.0		
ENSG00000215568	GAB4	0.0		
ENSG00000215595	C20orf202	0.0		
ENSG00000215612	HMX1	0.0		
ENSG00000215644	GCGR	0.0		
ENSG00000215695	RSC1A1	14.9		
ENSG00000215704	CELA2B	0.0		
ENSG00000215712	TMEM242	8.7		
ENSG00000215717	TMEM167B	15.1		
ENSG00000215784	FAM72D	13.6		
ENSG00000215788	TNFRSF25	0.6		
ENSG00000215817	ZC3H11B	0.0		
ENSG00000215845	TSTD1	0.1		
ENSG00000215853	RPTN	0.0		
ENSG00000215883	CYB5RL	10.1		
ENSG00000215906	LACTBL1	0.0		
ENSG00000215910	C1orf167	0.0		
ENSG00000215912	TTC34	0.0		
ENSG00000215915	ATAD3C	1.0		
ENSG00000216490	IFI30	69.9		
ENSG00000216588	IGSF23	0.0		
ENSG00000216649	GAGE12E	0.0		
ENSG00000216921	FAM240C	0.0		
ENSG00000216937	CCDC7	0.7		
ENSG00000217128	FNIP1	7.9		
ENSG00000217236	SP9	0.2		
ENSG00000217442	SYCE3	0.5		
ENSG00000217555	CKLF	70.5		
ENSG00000217930	PAM16	12.0		
ENSG00000218305	CDC14C	0.0		
ENSG00000218336	TENM3	16.0		
ENSG00000218739	CEBPZOS	22.4		
ENSG00000218819	TDRD15	0.0		
ENSG00000218823	PAPOLB	0.0		
ENSG00000218891	ZNF579	5.2		
ENSG00000219073	CELA3B	0.0		
ENSG00000219200	RNASEK	199.1		
ENSG00000219435	CATSPERZ	2.6		
ENSG00000219438	TAFA5	1.3		
ENSG00000219481	NBPF1	3.9		
ENSG00000219545	UMAD1	10.4		
ENSG00000219607	PPP1R3G	0.1		
ENSG00000219626	FAM228B	0.9		
ENSG00000220008	LINGO3	0.0		
ENSG00000220201	ZGLP1	1.2		
ENSG00000220205	VAMP2	34.8		
ENSG00000220948	TRIM51GP	0.0		
ENSG00000221813	OR6B1	0.0		
ENSG00000221818	EBF2	0.0		
ENSG00000221821	C6orf226	1.8		
ENSG00000221823	PPP3R1	74.4		
ENSG00000221826	PSG3	0.0		
ENSG00000221829	FANCG	25.3		
ENSG00000221836	OR2A5	0.0		
ENSG00000221837	KRTAP10-9	0.0		
ENSG00000221838	AP4M1	6.1		
ENSG00000221840	OR4A5	0.0		
ENSG00000221843	C2orf16	0.0		
ENSG00000221852	KRTAP1-5	0.0		
ENSG00000221855	TAS2R41	0.0		
ENSG00000221858	OR2A12	0.0		
ENSG00000221859	KRTAP10-10	0.0		
ENSG00000221864	KRTAP12-2	0.0		
ENSG00000221866	PLXNA4	0.0		
ENSG00000221867	MAGEA3	0.0		
ENSG00000221869	CEBPD	1.7		
ENSG00000221874	ZNF816-ZNF321P	0.8		
ENSG00000221878	PSG7	0.0		
ENSG00000221880	KRTAP1-3	0.0		
ENSG00000221882	OR3A2	0.0		
ENSG00000221886	ZBED8	6.2		
ENSG00000221887	HMSD	1.3		
ENSG00000221888	OR1C1	0.0		
ENSG00000221890	NPTXR	1.7		
ENSG00000221900	POM121L12	0.0		
ENSG00000221909	FAM200A	9.3		
ENSG00000221910	OR2F2	0.0		
ENSG00000221914	PPP2R2A	56.9		
ENSG00000221916	C19orf73	1.0		
ENSG00000221923	ZNF880	0.1		
ENSG00000221926	TRIM16	25.6		
ENSG00000221931	OR6X1	0.0		
ENSG00000221932	HEPN1	0.0		
ENSG00000221933	OR2A25	0.0		
ENSG00000221937	TAS2R40	0.0		
ENSG00000221938	OR2A14	0.0		
ENSG00000221944	TIGD1	4.1		
ENSG00000221946	FXYD7	1.8		
ENSG00000221947	XKR9	0.0		
ENSG00000221954	OR4C12	0.0		
ENSG00000221955	SLC12A8	0.0		
ENSG00000221963	APOL6	0.1		
ENSG00000221968	FADS3	13.7		
ENSG00000221970	OR2A1	0.0		
ENSG00000221977	OR4E2	0.0		
ENSG00000221978	CCNL2	26.8		
ENSG00000221983	UBA52	1881.9		
ENSG00000221986	MYBPHL	0.0		
ENSG00000221988	PPT2	2.6		
ENSG00000221989	OR2A2	0.0		
ENSG00000221994	ZNF630	0.0		
ENSG00000221995	TIAF1	0.7		
ENSG00000221996	OR52B4	0.0		
ENSG00000222009	BTBD19	0.0		
ENSG00000222011	FAM185A	1.0		
ENSG00000222014	RAB6C	0.0		
ENSG00000222018	FAM243A	0.0		
ENSG00000222028	PSMB11	0.0		
ENSG00000222036	POTEM	0.1		
ENSG00000222038	POTEJ	0.0		
ENSG00000222046	DCDC2B	0.0		
ENSG00000223350	IGLV9-49	0.0		
ENSG00000223417	TRIM49D1	0.0		
ENSG00000223443	USP17L2	0.0		
ENSG00000223496	EXOSC6	9.5		
ENSG00000223501	VPS52	25.3		
ENSG00000223510	CDRT15	0.0		
ENSG00000223547	ZNF844	0.0		
ENSG00000223569	USP17L15	0.0		
ENSG00000223572	CKMT1A	22.4		
ENSG00000223573	TINCR	0.6		
ENSG00000223591	CENPVL1	0.0		
ENSG00000223601	EBLN1	0.0		
ENSG00000223609	HBD	0.0		
ENSG00000223611	SUPT20HL2	0.0		
ENSG00000223614	ZNF735	0.0		
ENSG00000223638	RFPL4A	0.0		
ENSG00000223648	IGHV3-64	0.0		
ENSG00000223658	C1GALT1C1L	0.0		
ENSG00000223731	SUPT20HL1	0.0		
ENSG00000223802	CERS1	13.8		
ENSG00000223865	HLA-DPB1	0.0		
ENSG00000223953	C1QTNF5	0.0		
ENSG00000223997	TRDD1	0.0		
ENSG00000224041	IGKV3D-15	0.0		
ENSG00000224051	CPTP	4.8		
ENSG00000224089	CT47A10	0.0		
ENSG00000224107	ETDB	0.0		
ENSG00000224109	CENPVL3	1.1		
ENSG00000224373	IGHV4-59	0.0		
ENSG00000224383	PRR29	0.0		
ENSG00000224389	C4B	0.0		
ENSG00000224420	ADM5	5.9		
ENSG00000224440	CXorf51A	0.0		
ENSG00000224470	ATXN1L	13.4		
ENSG00000224531	SMIM13	26.3		
ENSG00000224578	HNRNPA1P48	0.0		
ENSG00000224586	GPX5	0.0		
ENSG00000224650	IGHV3-74	0.0		
ENSG00000224659	GAGE12J	0.0		
ENSG00000224712	NPIPA3	0.1		
ENSG00000224877	NDUFAF8	69.2		
ENSG00000224902	GAGE12H	0.0		
ENSG00000224916	APOC4-APOC2	0.0		
ENSG00000224940	PRRT4	0.4		
ENSG00000224960	PPP4R3C	0.0		
ENSG00000224982	TMEM233	0.0		
ENSG00000225110	PNMA6F	0.0		
ENSG00000225180	PVALEF	0.0		
ENSG00000225190	PLEKHM1	4.1		
ENSG00000225327	USP17L3	0.0		
ENSG00000225396	FAM236D	0.0		
ENSG00000225523	IGKV6D-21	0.0		
ENSG00000225526	MKRN2OS	0.0		
ENSG00000225528	Z82206.1	0.0		
ENSG00000225556	C2CD4D	0.0		
ENSG00000225614	ZNF469	0.0		
ENSG00000225663	MCRIP1	5.1		
ENSG00000225697	SLC26A6	12.1		
ENSG00000225698	IGHV3-72	0.0		
ENSG00000225781	OR6V1	0.0		
ENSG00000225805	DEFB131B	0.0		
ENSG00000225825	IGHD6-25	0.0		
ENSG00000225828	FAM229A	0.0		
ENSG00000225830	ERCC6	6.3		
ENSG00000225899	FRG2B	0.0		
ENSG00000225921	NOL7	46.9		
ENSG00000225932	CTAGE4	0.0		
ENSG00000225950	NTF4	0.1		
ENSG00000225968	ELFN1	0.5		
ENSG00000225973	PIGBOS1	4.6		
ENSG00000226023	CT47A6	0.0		
ENSG00000226124	FTCDNL1	0.9		
ENSG00000226174	TEX22	0.2		
ENSG00000226288	OR52I2	0.0		
ENSG00000226321	CROCC2	0.0		
ENSG00000226372	DCAF8L1	0.0		
ENSG00000226430	USP17L7	0.0		
ENSG00000226479	TMEM185B	8.8		
ENSG00000226490	AC138647.1	0.0		
ENSG00000226600	CT47A9	0.0		
ENSG00000226650	KIF4B	0.0		
ENSG00000226660	TRBV2	0.0		
ENSG00000226685	CT47A12	0.0		
ENSG00000226690	AC013470.2	1.4		
ENSG00000226742	HSBP1L1	28.5		
ENSG00000226761	TAS2R46	0.0		
ENSG00000226763	SRRM5	0.4		
ENSG00000226784	PGAM4	0.0		
ENSG00000226792	C13orf42	8.6		
ENSG00000226887	ERVMER34-1	0.0		
ENSG00000226929	CT47A11	0.0		
ENSG00000226941	RBMY1J	0.0		
ENSG00000226979	LTA	0.0		
ENSG00000227051	C14orf132	3.7		
ENSG00000227057	WDR46	3.9		
ENSG00000227059	ANHX	0.0		
ENSG00000227108	IGHD1-14	0.0		
ENSG00000227124	ZNF717	6.8		
ENSG00000227140	USP17L5	0.0		
ENSG00000227151	PRR20D	0.0		
ENSG00000227191	TRGC2	0.0		
ENSG00000227196	IGHD4-23	0.0		
ENSG00000227234	SPANXB1	0.0		
ENSG00000227268	KLLN	0.7		
ENSG00000227345	PARG	17.3		
ENSG00000227471	AKR1B15	0.0		
ENSG00000227488	GAGE12D	0.0		
ENSG00000227500	SCAMP4	24.7		
ENSG00000227507	LTB	0.0		
ENSG00000227551	USP17L12	0.0		
ENSG00000227729	RD3L	0.0		
ENSG00000227800	IGHD4-17	0.0		
ENSG00000227868	TEX46	0.0		
ENSG00000227877	MRLN	0.0		
ENSG00000228049	POLR2J2	1.1		
ENSG00000228075	BOD1L2	0.0		
ENSG00000228083	IFNA14	0.0		
ENSG00000228131	IGHD6-6	0.0		
ENSG00000228198	OR2M3	0.4		
ENSG00000228253	MT-ATP8	706.7		
ENSG00000228278	ORM2	0.0		
ENSG00000228300	FAM174C	15.3		
ENSG00000228325	IGKV3D-7	0.0		
ENSG00000228474	OST4	321.3		
ENSG00000228486	C2orf92	0.0		
ENSG00000228517	CT47A7	0.0		
ENSG00000228567	VN1R4	0.0		
ENSG00000228570	NUTM2E	0.2		
ENSG00000228594	FNDC10	0.9		
ENSG00000228607	CLDN25	0.0		
ENSG00000228672	PROB1	0.5		
ENSG00000228696	ARL17B	2.2		
ENSG00000228716	DHFR	214.4		
ENSG00000228727	SAPCD1	0.0		
ENSG00000228836	CT45A5	0.0		
ENSG00000228856	USP17L30	0.0		
ENSG00000228927	TSPY3	0.0		
ENSG00000228985	TRDD3	0.0		
ENSG00000229117	RPL41	8802.0		
ENSG00000229183	PGA4	0.0		
ENSG00000229292	RFPL4AL1	0.0		
ENSG00000229314	ORM1	0.0		
ENSG00000229453	SPINK8	0.0		
ENSG00000229474	PATL2	0.1		
ENSG00000229544	NKX1-2	0.5		
ENSG00000229549	TSPY8	0.0		
ENSG00000229571	PRAMEF25	0.0		
ENSG00000229579	USP17L26	0.0		
ENSG00000229637	PRAC2	0.0		
ENSG00000229665	PRR20C	0.0		
ENSG00000229674	H2AL1RP	0.0		
ENSG00000229676	ZNF492	3.3		
ENSG00000229769	TRBV10-2	0.0		
ENSG00000229809	ZNF688	2.2		
ENSG00000229833	PET100	52.3		
ENSG00000229859	PGA3	0.0		
ENSG00000229894	GK3P	0.0		
ENSG00000229924	FAM90A26	0.0		
ENSG00000229937	PRPS1L1	0.0		
ENSG00000229972	IQCF3	0.0		
ENSG00000230031	POTEB2	0.0		
ENSG00000230054	TEX53	0.0		
ENSG00000230062	ANKRD66	0.0		
ENSG00000230099	TRBV5-4	0.0		
ENSG00000230124	ACBD6	36.2		
ENSG00000230178	OR4F3	0.0		
ENSG00000230268	SSU72P8	0.0		
ENSG00000230301	OR5H6	0.0		
ENSG00000230347	CT47A8	0.0		
ENSG00000230358	SPDYE21	0.0		
ENSG00000230430	USP17L25	0.0		
ENSG00000230453	ANKRD18B	5.9		
ENSG00000230522	MBD3L2	0.0		
ENSG00000230549	USP17L1	0.0		
ENSG00000230561	CCDC192	0.0		
ENSG00000230594	CT47A4	0.0		
ENSG00000230601	TEX48	0.0		
ENSG00000230626	AC011005.1	0.0		
ENSG00000230657	PRB4	0.0		
ENSG00000230667	SETSIP	0.0		
ENSG00000230707	AL589987.1	2.1		
ENSG00000230778	ANKRD63	0.1		
ENSG00000230797	YY2	4.2		
ENSG00000230873	STMND1	0.0		
ENSG00000230989	HSBP1	88.3		
ENSG00000231051	USP17L28	0.0		
ENSG00000231068	KRTAP21-3	0.0		
ENSG00000231192	OR5H1	0.0		
ENSG00000231213	PLSCR5	0.0		
ENSG00000231256	CFAP97D1	0.0		
ENSG00000231274	SBK3	0.0		
ENSG00000231292	IGKV1OR2-108	0.0		
ENSG00000231389	HLA-DPA1	0.0		
ENSG00000231396	USP17L10	0.0		
ENSG00000231475	IGHV4-31	0.0		
ENSG00000231500	RPS18	5472.9		
ENSG00000231637	USP17L29	0.0		
ENSG00000231738	TSPAN19	0.1		
ENSG00000231767	RPS27AP5	0.1		
ENSG00000231824	AKAIN1	0.0		
ENSG00000231852	CYP21A2	0.0		
ENSG00000231861	OR5K2	0.0		
ENSG00000231887	PRH1	0.0		
ENSG00000231924	PSG1	0.0		
ENSG00000231925	TAPBP	0.3		
ENSG00000231989	PPP1R2B	0.0		
ENSG00000232030	MAGEB6B	0.0		
ENSG00000232040	ZBED9	0.0		
ENSG00000232070	TMEM253	0.3		
ENSG00000232112	TMA7	559.8		
ENSG00000232113	TEX50	0.0		
ENSG00000232119	MCTS1	18.0		
ENSG00000232125	DYTN	0.0		
ENSG00000232196	MTRNR2L4	0.1		
ENSG00000232216	IGHV3-43	0.0		
ENSG00000232237	ASCL5	0.0		
ENSG00000232258	TMEM114	0.0		
ENSG00000232263	KRTAP25-1	0.0		
ENSG00000232264	USP17L24	0.0		
ENSG00000232268	OR52I1	0.1		
ENSG00000232382	OR5K1	0.0		
ENSG00000232388	SMIM26	90.4		
ENSG00000232399	USP17L13	0.0		
ENSG00000232423	PRAMEF6	0.0		
ENSG00000232434	AJM1	0.3		
ENSG00000232543	IGHD4-11	0.0		
ENSG00000232593	KANTR	0.3		
ENSG00000232629	HLA-DQB2	0.0		
ENSG00000232653	GOLGA8N	0.4		
ENSG00000232810	TNF	0.0		
ENSG00000232838	PET117	19.0		
ENSG00000232859	LYRM9	0.5		
ENSG00000232869	TRBV29-1	0.0		
ENSG00000232948	DEFB130A	0.0		
ENSG00000233024	NPIPA9	26.0		
ENSG00000233041	PHGR1	0.0		
ENSG00000233050	DEFB130B	0.0		
ENSG00000233056	ERVH48-1	0.0		
ENSG00000233087	RAB6D	0.1		
ENSG00000233136	USP17L11	0.0		
ENSG00000233198	RNF224	0.0		
ENSG00000233232	NPIPB7	0.9		
ENSG00000233276	GPX1	98.8		
ENSG00000233306	TRGV2	0.0		
ENSG00000233412	OR5H15	0.0		
ENSG00000233436	BTBD18	0.0		
ENSG00000233493	TMEM238	0.5		
ENSG00000233608	TWIST2	0.7		
ENSG00000233655	IGHD4-4	0.0		
ENSG00000233670	PIRT	0.0		
ENSG00000233701	PRR23C	0.0		
ENSG00000233732	IGHV3OR16-10	0.0		
ENSG00000233757	AC092835.1	3.1		
ENSG00000233802	TRIM49D2	0.0		
ENSG00000233803	TSPY4	0.0		
ENSG00000233816	IFNA13	0.0		
ENSG00000233822	H2BC15	1.0		
ENSG00000233917	POTEB	0.0		
ENSG00000233927	RPS28	114.9		
ENSG00000233932	CTXN2	0.1		
ENSG00000233954	UQCRHL	0.1		
ENSG00000233999	IGKV3OR2-268	0.0		
ENSG00000234068	PAGE2	0.0		
ENSG00000234127	TRIM26	0.0		
ENSG00000234186	C16orf82	0.0		
ENSG00000234224	TMEM229A	0.3		
ENSG00000234278	PRR20E	0.0		
ENSG00000234284	ZNF879	0.0		
ENSG00000234289	H2BS1	0.0		
ENSG00000234409	CCDC188	0.0		
ENSG00000234414	RBMY1A1	0.0		
ENSG00000234438	KBTBD13	0.0		
ENSG00000234444	ZNF736	3.4		
ENSG00000234465	PINLYP	0.0		
ENSG00000234469	CLDN34	0.0		
ENSG00000234511	C5orf58	0.0		
ENSG00000234545	FAM133B	28.5		
ENSG00000234560	OR10G8	0.0		
ENSG00000234602	MCIDAS	2.9		
ENSG00000234616	JRK	7.0		
ENSG00000234719	NPIPB2	1.3		
ENSG00000234745	HLA-B	116.4		
ENSG00000234776	C11orf94	0.0		
ENSG00000234828	IQCM	0.0		
ENSG00000234829	IFNA17	0.0		
ENSG00000234906	APOC2	0.0		
ENSG00000234965	SHISA8	0.1		
ENSG00000235007	AL158151.3	0.0		
ENSG00000235034	C19orf81	0.3		
ENSG00000235098	ANKRD65	0.3		
ENSG00000235106	BRD3OS	15.4		
ENSG00000235109	ZSCAN31	2.1		
ENSG00000235118	FAM237A	0.0		
ENSG00000235162	C12orf75	36.6		
ENSG00000235169	SMIM1	0.4		
ENSG00000235173	HGH1	3.8		
ENSG00000235194	PPP1R3E	2.1		
ENSG00000235268	KDM4E	0.0		
ENSG00000235272	RAMACL	0.1		
ENSG00000235376	RPEL1	0.0		
ENSG00000235387	SPAAR	0.0		
ENSG00000235453	SMIM27	9.4		
ENSG00000235568	NFAM1	0.0		
ENSG00000235608	NKX1-1	0.0		
ENSG00000235631	RNF148	0.0		
ENSG00000235699	CXorf51B	0.0		
ENSG00000235711	ANKRD34C	0.0		
ENSG00000235718	MFRP	0.0		
ENSG00000235750	KIAA0040	6.3		
ENSG00000235780	USP17L27	0.0		
ENSG00000235863	B3GALT4	0.0		
ENSG00000235942	LCE6A	0.0		
ENSG00000235961	PNMA6A	2.8		
ENSG00000236027	PATE3	0.0		
ENSG00000236032	OR5H14	0.0		
ENSG00000236104	ZBTB22	0.3		
ENSG00000236125	USP17L4	0.0		
ENSG00000236126	CT47A3	0.0		
ENSG00000236170	IGHD1-1	0.0		
ENSG00000236279	CLEC2L	0.0		
ENSG00000236287	ZBED5	39.8		
ENSG00000236320	SLFN14	0.0		
ENSG00000236334	PPIAL4G	0.0		
ENSG00000236362	GAGE12F	0.0		
ENSG00000236371	CT47A1	0.0		
ENSG00000236383	CCDC200	0.0		
ENSG00000236396	SLC35G4	0.0		
ENSG00000236398	TAS2R39	0.0		
ENSG00000236424	TSPY10	0.0		
ENSG00000236444	UBE2L5	0.1		
ENSG00000236446	CT47B1	0.0		
ENSG00000236543	AL354761.1	0.0		
ENSG00000236597	IGHD7-27	0.0		
ENSG00000236609	ZNF853	7.2		
ENSG00000236637	IFNA4	0.0		
ENSG00000236699	ARHGEF38	0.0		
ENSG00000236737	GAGE12B	0.0		
ENSG00000236761	CTAGE9	0.0		
ENSG00000236782	AL391650.1	0.0		
ENSG00000236980	C3orf84	0.0		
ENSG00000236981	OR10G9	0.0		
ENSG00000237020	IGHD1-20	0.0		
ENSG00000237038	USP17L8	0.0		
ENSG00000237110	TAAR9	0.0		
ENSG00000237136	C4orf51	0.0		
ENSG00000237172	B3GNT9	0.3		
ENSG00000237190	CDKN2AIPNL	59.2		
ENSG00000237197	IGHD1-7	0.0		
ENSG00000237235	TRDD2	0.0		
ENSG00000237247	MBD3L5	0.0		
ENSG00000237254	TRBV30	0.0		
ENSG00000237289	CKMT1B	28.4		
ENSG00000237330	RNF223	0.0		
ENSG00000237353	PATE4	0.0		
ENSG00000237378	AL445989.1	0.0		
ENSG00000237388	OR4A47	0.0		
ENSG00000237412	PRSS56	0.0		
ENSG00000237440	ZNF737	0.6		
ENSG00000237441	RGL2	0.6		
ENSG00000237452	MEIOSIN	0.0		
ENSG00000237489	C10orf143	0.6		
ENSG00000237515	SHISA9	0.1		
ENSG00000237521	OR7E24	0.0		
ENSG00000237524	TEX51	0.0		
ENSG00000237541	HLA-DQA2	0.0		
ENSG00000237649	KIFC1	87.1		
ENSG00000237651	C2orf74	0.0		
ENSG00000237671	GAGE12C	0.0		
ENSG00000237693	IRGM	0.1		
ENSG00000237700	PRAMEF33	0.0		
ENSG00000237702	TRBV3-1	0.0		
ENSG00000237763	AMY1A	0.0		
ENSG00000237765	FAM200B	14.5		
ENSG00000237957	CT47A5	0.0		
ENSG00000237988	OR2I1P	0.0		
ENSG00000238074	TSPY9P	0.0		
ENSG00000238083	LRRC37A2	0.0		
ENSG00000238205	MPC1L	0.0		
ENSG00000238210	ETDA	0.0		
ENSG00000238227	TMEM250	12.6		
ENSG00000238243	OR2W3	3.9		
ENSG00000238269	PAGE2B	0.0		
ENSG00000239264	TXNDC5	195.5		
ENSG00000239282	CASTOR1	1.8		
ENSG00000239305	RNF103	8.7		
ENSG00000239306	RBM14	63.4		
ENSG00000239382	ALKBH6	5.1		
ENSG00000239388	ASB14	0.0		
ENSG00000239389	PCDHA13	0.0		
ENSG00000239395	AC118470.1	0.0		
ENSG00000239474	KLHL41	0.1		
ENSG00000239571	IGKV2D-30	0.0		
ENSG00000239590	OR1J4	0.0		
ENSG00000239605	STPG4	0.0		
ENSG00000239620	PRR20G	0.0		
ENSG00000239642	MEIKIN	0.0		
ENSG00000239672	NME1	542.5		
ENSG00000239697	TNFSF12	1.4		
ENSG00000239704	CDRT4	3.0		
ENSG00000239713	APOBEC3G	0.2		
ENSG00000239732	TLR9	0.0		
ENSG00000239779	WBP1	24.8		
ENSG00000239789	MRPS17	38.6		
ENSG00000239810	PRAMEF11	0.0		
ENSG00000239819	IGKV1D-8	0.0		
ENSG00000239839	DEFA3	0.0		
ENSG00000239855	IGKV1-6	0.0		
ENSG00000239857	GET4	29.3		
ENSG00000239862	IGKV1-37	0.0		
ENSG00000239886	KRTAP9-2	0.0		
ENSG00000239887	C1orf226	3.7		
ENSG00000239900	ADSL	203.5		
ENSG00000239951	IGKV3-20	0.0		
ENSG00000239961	LILRA4	0.0		
ENSG00000239975	IGKV1D-33	0.0		
ENSG00000239998	LILRA2	0.0		
ENSG00000240021	TEX35	0.2		
ENSG00000240038	AMY2B	0.1		
ENSG00000240041	IGHJ4	0.0		
ENSG00000240045	STRIT1	0.0		
ENSG00000240053	LY6G5B	2.7		
ENSG00000240065	PSMB9	0.2		
ENSG00000240184	PCDHGC3	6.1		
ENSG00000240204	SMKR1	2.3		
ENSG00000240224	UGT1A5	0.0		
ENSG00000240230	COX19	4.3		
ENSG00000240247	DEFA1B	0.0		
ENSG00000240303	ACAD11	8.0		
ENSG00000240344	PPIL3	19.3		
ENSG00000240382	IGKV1-17	0.0		
ENSG00000240386	LCE1F	0.0		
ENSG00000240403	KIR3DL2	0.0		
ENSG00000240432	KRTAP13-3	0.0		
ENSG00000240445	FOXO3B	11.6		
ENSG00000240505	TNFRSF13B	0.0		
ENSG00000240542	KRTAP9-1	0.0		
ENSG00000240563	L1TD1	0.0		
ENSG00000240583	AQP1	0.0		
ENSG00000240654	C1QTNF9	0.0		
ENSG00000240671	IGKV1-8	0.0		
ENSG00000240682	ISY1	56.3		
ENSG00000240694	PNMA2	39.5		
ENSG00000240720	LRRD1	0.0		
ENSG00000240747	KRBOX1	0.0		
ENSG00000240764	PCDHGC5	0.0		
ENSG00000240771	ARHGEF25	16.2		
ENSG00000240849	PEDS1	10.4		
ENSG00000240857	RDH14	10.8		
ENSG00000240864	IGKV1-16	0.0		
ENSG00000240871	KRTAP4-7	0.0		
ENSG00000240891	PLCXD2	0.8		
ENSG00000240972	MIF	155.0		
ENSG00000241058	NSUN6	17.1		
ENSG00000241106	HLA-DOB	2.6		
ENSG00000241119	UGT1A9	0.0		
ENSG00000241123	KRTAP10-5	0.0		
ENSG00000241127	YAE1	35.2		
ENSG00000241128	OR14A2	0.0		
ENSG00000241149	ZNF722P	0.0		
ENSG00000241186	TDGF1	1.8		
ENSG00000241224	C3orf85	0.1		
ENSG00000241233	KRTAP5-8	0.0		
ENSG00000241241	KRTAP4-16	0.0		
ENSG00000241244	IGKV1D-16	0.0		
ENSG00000241258	CRCP	26.7		
ENSG00000241294	IGKV2-24	0.0		
ENSG00000241322	CDRT1	0.6		
ENSG00000241343	RPL36A	727.8		
ENSG00000241351	IGKV3-11	0.0		
ENSG00000241360	PDXP	52.8		
ENSG00000241370	RPP21	0.0		
ENSG00000241399	CD302	5.5		
ENSG00000241404	EGFL8	0.4		
ENSG00000241468	ATP5MF	1064.0		
ENSG00000241476	SSX2	0.0		
ENSG00000241484	ARHGAP8	8.5		
ENSG00000241489	AC244197.3	1.7		
ENSG00000241553	ARPC4	102.9		
ENSG00000241563	CORT	0.0		
ENSG00000241566	IGKV2D-24	0.0		
ENSG00000241595	KRTAP9-4	0.0		
ENSG00000241598	KRTAP5-4	0.0		
ENSG00000241635	UGT1A1	0.0		
ENSG00000241644	INMT	0.0		
ENSG00000241685	ARPC1A	208.0		
ENSG00000241690	AL035460.1	0.0		
ENSG00000241697	TMEFF1	4.6		
ENSG00000241755	IGKV1-9	0.0		
ENSG00000241794	SPRR2A	0.0		
ENSG00000241837	ATP5PO	549.0		
ENSG00000241839	PLEKHO2	9.0		
ENSG00000241852	C8orf58	5.6		
ENSG00000241878	PISD	7.9		
ENSG00000241935	HOGA1	0.0		
ENSG00000241945	PWP2	1.5		
ENSG00000241973	PI4KA	33.4		
ENSG00000242019	KIR3DL3	0.0		
ENSG00000242028	HYPK	30.3		
ENSG00000242076	IGKV1-33	0.0		
ENSG00000242110	AMACR	2.8		
ENSG00000242114	MTFP1	74.0		
ENSG00000242120	MDFIC2	0.0		
ENSG00000242173	ARHGDIG	7.6		
ENSG00000242220	TCP10L	0.0		
ENSG00000242221	PSG2	0.0		
ENSG00000242247	ARFGAP3	18.7		
ENSG00000242252	BGLAP	0.0		
ENSG00000242259	C22orf39	16.3		
ENSG00000242265	PEG10	1015.3		
ENSG00000242362	CT47A2	0.0		
ENSG00000242366	UGT1A8	0.0		
ENSG00000242371	IGKV1-39	0.0		
ENSG00000242372	EIF6	234.6		
ENSG00000242389	RBMY1E	0.0		
ENSG00000242419	PCDHGC4	0.0		
ENSG00000242441	GTF2A1L	0.3		
ENSG00000242472	IGHJ5	0.0		
ENSG00000242485	MRPL20	247.6		
ENSG00000242498	ARPIN	0.1		
ENSG00000242515	UGT1A10	0.0		
ENSG00000242534	IGKV2D-28	0.0		
ENSG00000242550	SERPINB10	0.0		
ENSG00000242574	HLA-DMB	0.0		
ENSG00000242580	IGKV1D-43	0.0		
ENSG00000242612	DECR2	2.1		
ENSG00000242616	GNG10	94.4		
ENSG00000242689	CNTF	2.3		
ENSG00000242715	CCDC169	5.5		
ENSG00000242732	RTL5	0.8		
ENSG00000242766	IGKV1D-17	0.0		
ENSG00000242802	AP5Z1	0.7		
ENSG00000242852	ZNF709	2.0		
ENSG00000242866	STRC	0.0		
ENSG00000242875	RBMY1B	0.0		
ENSG00000242887	IGHJ3	0.0		
ENSG00000242950	ERVW-1	0.3		
ENSG00000243056	EIF4EBP3	0.7		
ENSG00000243063	IGKV3-7	0.0		
ENSG00000243073	PRAMEF4	0.0		
ENSG00000243130	PSG11	0.0		
ENSG00000243135	UGT1A3	0.0		
ENSG00000243137	PSG4	0.2		
ENSG00000243147	MRPL33	171.6		
ENSG00000243156	MICAL3	30.1		
ENSG00000243207	PPAN-P2RY11	1.7		
ENSG00000243232	PCDHAC2	1.3		
ENSG00000243238	IGKV2-30	0.0		
ENSG00000243244	STON1	8.3		
ENSG00000243264	IGKV2D-29	0.0		
ENSG00000243279	PRAF2	1.6		
ENSG00000243284	VSIG8	0.0		
ENSG00000243290	IGKV1-12	0.0		
ENSG00000243317	STMP1	43.9		
ENSG00000243335	KCTD7	14.4		
ENSG00000243364	EFNA4	12.3		
ENSG00000243414	TICAM2	0.6		
ENSG00000243449	C4orf48	0.6		
ENSG00000243466	IGKV1-5	0.0		
ENSG00000243477	NAA80	5.3		
ENSG00000243480	AMY2A	0.0		
ENSG00000243489	KRTAP10-11	0.0		
ENSG00000243509	TNFRSF6B	0.0		
ENSG00000243543	WFDC6	0.0		
ENSG00000243566	UPK3B	0.0		
ENSG00000243627	SMIM34A	0.0		
ENSG00000243646	IL10RB	13.2		
ENSG00000243649	CFB	0.0		
ENSG00000243660	ZNF487	0.6		
ENSG00000243667	WDR92	13.0		
ENSG00000243678	NME2	947.3		
ENSG00000243708	PLA2G4B	1.0		
ENSG00000243709	LEFTY1	0.0		
ENSG00000243710	CFAP57	0.2		
ENSG00000243716	NPIPB5	41.2		
ENSG00000243725	TTC4	43.7		
ENSG00000243729	OR5V1	0.0		
ENSG00000243749	TMEM35B	8.1		
ENSG00000243772	KIR2DL3	0.0		
ENSG00000243789	JMJD7	4.3		
ENSG00000243811	APOBEC3D	0.3		
ENSG00000243896	OR2A7	0.0		
ENSG00000243910	TUBA4B	0.0		
ENSG00000243927	MRPS6	124.6		
ENSG00000243943	ZNF512	41.3		
ENSG00000243955	GSTA1	0.0		
ENSG00000243978	RTL9	0.1		
ENSG00000243989	ACY1	14.7		
ENSG00000244005	NFS1	42.6		
ENSG00000244020	MT1HL1	0.0		
ENSG00000244025	KRTAP19-3	0.0		
ENSG00000244038	DDOST	250.4		
ENSG00000244045	TMEM199	21.8		
ENSG00000244057	LCE3C	0.0		
ENSG00000244067	GSTA2	0.0		
ENSG00000244094	SPRR2F	0.0		
ENSG00000244115	DNAJC25-GNG10	11.7		
ENSG00000244116	IGKV2-28	0.0		
ENSG00000244122	UGT1A7	0.0		
ENSG00000244165	P2RY11	1.7		
ENSG00000244187	TMEM141	14.0		
ENSG00000244219	TMEM225B	0.4		
ENSG00000244234	GMCL2	0.0		
ENSG00000244242	IFITM10	0.0		
ENSG00000244255	AL645922.1	0.0		
ENSG00000244274	DBNDD2	74.7		
ENSG00000244355	LY6G6D	0.0		
ENSG00000244362	KRTAP19-7	0.0		
ENSG00000244395	RBMY1D	0.0		
ENSG00000244405	ETV5	0.8		
ENSG00000244411	KRTAP5-7	0.0		
ENSG00000244414	CFHR1	0.0		
ENSG00000244437	IGKV3-15	0.0		
ENSG00000244462	RBM12	144.8		
ENSG00000244474	UGT1A4	0.0		
ENSG00000244476	ERVFRD-1	0.0		
ENSG00000244482	LILRA6	0.0		
ENSG00000244486	SCARF2	3.4		
ENSG00000244509	APOBEC3C	6.5		
ENSG00000244537	KRTAP4-2	0.0		
ENSG00000244575	IGKV1-27	0.0		
ENSG00000244588	RAD21L1	0.0		
ENSG00000244607	CCDC13	0.0		
ENSG00000244617	ASPRV1	0.8		
ENSG00000244623	OR2AE1	0.0		
ENSG00000244624	KRTAP20-1	0.0		
ENSG00000244687	UBE2V1	129.5		
ENSG00000244693	CTAGE8	0.0		
ENSG00000244694	PTCHD4	0.0		
ENSG00000244731	C4A	0.1		
ENSG00000244734	HBB	0.0		
ENSG00000244752	CRYBB2	0.0		
ENSG00000244754	N4BP2L2	36.1		
ENSG00000245680	ZNF585B	0.0		
ENSG00000245848	CEBPA	5.8		
ENSG00000246705	H2AJ	6.2		
ENSG00000246922	UBAP1L	0.4		
ENSG00000247077	PGAM5	132.9		
ENSG00000247315	ZCCHC3	29.2		
ENSG00000247595	SPTY2D1OS	0.0		
ENSG00000247596	TWF2	11.9		
ENSG00000247626	MARS2	27.2		
ENSG00000247746	USP51	1.0		
ENSG00000248098	BCKDHA	15.0		
ENSG00000248099	INSL3	0.0		
ENSG00000248109	MARCOL	0.0		
ENSG00000248144	ADH1C	0.0		
ENSG00000248167	TRIM39-RPP21	0.0		
ENSG00000248235	AC037459.1	0.1		
ENSG00000248329	APELA	8.1		
ENSG00000248333	CDK11B	18.6		
ENSG00000248383	PCDHAC1	0.1		
ENSG00000248385	TARM1	0.0		
ENSG00000248405	PRR5-ARHGAP8	0.5		
ENSG00000248483	POU5F2	0.2		
ENSG00000248485	PCP4L1	1.9		
ENSG00000248487	ABHD14A	9.0		
ENSG00000248592	STIMATE-MUSTN1	1.0		
ENSG00000248643	RBM14-RBM4	1.8		
ENSG00000248672	LY75-CD302	0.0		
ENSG00000248712	CCDC153	0.3		
ENSG00000248713	C4orf54	0.0		
ENSG00000248746	ACTN3	0.0		
ENSG00000248751	AC004997.1	0.1		
ENSG00000248767	FOXL3	0.0		
ENSG00000248771	SMIM31	0.0		
ENSG00000248871	TNFSF12-TNFSF13	0.5		
ENSG00000248905	FMN1	0.1		
ENSG00000248919	ATP5MF-PTCD1	11.6		
ENSG00000248920	USP17L19	0.0		
ENSG00000248933	USP17L22	0.0		
ENSG00000248993	AL645941.2	0.0		
ENSG00000249104	USP17L17	0.0		
ENSG00000249115	HAUS5	9.1		
ENSG00000249139	EPPIN-WFDC6	0.0		
ENSG00000249141	AL159163.1	0.2		
ENSG00000249156	TAF11L12	0.0		
ENSG00000249158	PCDHA11	0.1		
ENSG00000249209	AP000311.1	1.2		
ENSG00000249222	ATP5MGL	0.0		
ENSG00000249240	AC069368.1	0.0		
ENSG00000249242	TMEM150C	5.0		
ENSG00000249319	AC068533.4	0.3		
ENSG00000249437	NAIP	0.0		
ENSG00000249471	ZNF324B	6.9		
ENSG00000249481	SPATS1	0.0		
ENSG00000249581	CLRN2	0.0		
ENSG00000249590	AC004832.3	0.3		
ENSG00000249624	AP000295.1	0.0		
ENSG00000249662	LINC02218	0.0		
ENSG00000249693	THEGL	0.0		
ENSG00000249709	ZNF564	2.5		
ENSG00000249715	FER1L5	0.0		
ENSG00000249751	ECSCR	0.0		
ENSG00000249773	AC092647.5	1.7		
ENSG00000249811	USP17L21	0.0		
ENSG00000249853	HS3ST5	1.1		
ENSG00000249860	MTRNR2L5	0.0		
ENSG00000249861	LGALS16	0.0		
ENSG00000249884	RNF103-CHMP3	0.3		
ENSG00000249915	PDCD6	137.3		
ENSG00000249931	GOLGA8K	0.1		
ENSG00000249961	TERB1	0.0		
ENSG00000249967	AL355315.1	0.0		
ENSG00000249992	TMEM158	5.1		
ENSG00000250021	ARPIN-AP3S2	15.9		
ENSG00000250036	IGKV1D-37	0.0		
ENSG00000250067	YJEFN3	0.2		
ENSG00000250120	PCDHA10	0.0		
ENSG00000250151	ARPC4-TTLL3	3.1		
ENSG00000250254	PTTG2	0.0		
ENSG00000250264	AL669918.1	2.1		
ENSG00000250298	GIMD1	0.0		
ENSG00000250305	TRMT9B	0.1		
ENSG00000250312	ZNF718	4.4		
ENSG00000250317	SMIM20	37.9		
ENSG00000250349	AF241726.1	1.2		
ENSG00000250361	GYPB	0.0		
ENSG00000250366	TUNAR	7.0		
ENSG00000250374	TRIM75P	0.0		
ENSG00000250423	KIAA1210	0.0		
ENSG00000250424	AC004691.2	0.0		
ENSG00000250479	CHCHD10	109.2		
ENSG00000250506	CDK3	10.2		
ENSG00000250510	GPR162	2.8		
ENSG00000250565	ATP6V1E2	4.2		
ENSG00000250571	GLI4	3.4		
ENSG00000250641	LY6G6F-LY6G6D	0.0		
ENSG00000250644	AC068580.4	0.4		
ENSG00000250673	REELD1	0.0		
ENSG00000250709	CCDC169-SOHLH2	0.2		
ENSG00000250719	P3R3URF	0.0		
ENSG00000250722	SELENOP	0.2		
ENSG00000250741	NT5C1B-RDH14	0.0		
ENSG00000250745	USP17L20	0.0		
ENSG00000250782	TAF11L14	0.0		
ENSG00000250799	PRODH2	0.0		
ENSG00000250803	AC010255.2	0.0		
ENSG00000250821	EXOC1L	0.1		
ENSG00000250844	USP17L18	0.0		
ENSG00000250913	USP17L23	0.0		
ENSG00000251012	AC083800.1	0.0		
ENSG00000251039	IGKV2D-40	0.0		
ENSG00000251154	AC002456.2	0.0		
ENSG00000251184	AL672142.1	0.0		
ENSG00000251192	ZNF674	2.9		
ENSG00000251201	TMED7-TICAM2	1.8		
ENSG00000251246	AL691442.1	0.0		
ENSG00000251247	ZNF345	2.1		
ENSG00000251258	RFPL4B	0.0		
ENSG00000251287	ALG1L2	0.0		
ENSG00000251322	SHANK3	0.9		
ENSG00000251349	MSANTD3-TMEFF1	31.4		
ENSG00000251357	AP000350.4	0.0		
ENSG00000251369	ZNF550	4.4		
ENSG00000251380	DCANP1	0.0		
ENSG00000251493	FOXD1	4.2		
ENSG00000251503	CENPS-CORT	6.4		
ENSG00000251537	AC005324.2	0.0		
ENSG00000251546	IGKV1D-39	0.0		
ENSG00000251569	AC093899.2	0.7		
ENSG00000251655	PRB1	0.0		
ENSG00000251664	PCDHA12	0.0		
ENSG00000251692	PTX4	0.0		
ENSG00000253117	OC90	0.0		
ENSG00000253148	RGS21	0.0		
ENSG00000253159	PCDHGA12	0.0		
ENSG00000253188	TRBV6-7	0.0		
ENSG00000253250	C8orf88	0.2		
ENSG00000253251	SHLD3	5.1		
ENSG00000253276	CCDC71L	3.6		
ENSG00000253291	TRBV7-7	0.0		
ENSG00000253293	HOXA10	15.5		
ENSG00000253304	TMEM200B	2.3		
ENSG00000253305	PCDHGB6	0.0		
ENSG00000253309	SERPINE3	0.0		
ENSG00000253313	C1orf210	0.0		
ENSG00000253352	TUG1	17.7		
ENSG00000253368	TRNP1	11.5		
ENSG00000253409	TRBV7-4	0.0		
ENSG00000253457	SMIM18	0.0		
ENSG00000253485	PCDHGA5	0.0		
ENSG00000253506	NACA2	0.0		
ENSG00000253534	TRBV6-8	0.0		
ENSG00000253537	PCDHGA7	0.0		
ENSG00000253548	PYDC2	0.0		
ENSG00000253598	SLC10A5	0.3		
ENSG00000253626	EIF5AL1	0.1		
ENSG00000253649	PRSS51	0.0		
ENSG00000253710	ALG11	18.2		
ENSG00000253719	ATXN7L3B	28.4		
ENSG00000253729	PRKDC	131.3		
ENSG00000253731	PCDHGA6	0.1		
ENSG00000253767	PCDHGA8	0.0		
ENSG00000253797	UTP14C	0.0		
ENSG00000253831	ETV3L	0.0		
ENSG00000253846	PCDHGA10	3.5		
ENSG00000253873	PCDHGA11	0.1		
ENSG00000253910	PCDHGB2	0.4		
ENSG00000253953	PCDHGB4	0.0		
ENSG00000253958	CLDN23	0.0		
ENSG00000254004	ZNF260	12.8		
ENSG00000254087	LYN	22.2		
ENSG00000258724	PINX1	0.1		
ENSG00000254122	PCDHGB7	0.2		
ENSG00000254126	CD8B2	0.0		
ENSG00000254167	IGHV8-51-1	0.0		
ENSG00000254206	NPIPB11	1.8		
ENSG00000254221	PCDHGB1	0.3		
ENSG00000254245	PCDHGA3	0.0		
ENSG00000254402	LRRC24	0.0		
ENSG00000254415	SIGLEC14	0.0		
ENSG00000254440	PBOV1	0.0		
ENSG00000254466	OR4D10	0.0		
ENSG00000254469	AP002495.1	4.9		
ENSG00000254470	AP5B1	8.7		
ENSG00000254505	CHMP4A	47.5		
ENSG00000254521	SIGLEC12	0.0		
ENSG00000254535	PABPC4L	11.4		
ENSG00000254550	OMP	0.0		
ENSG00000254585	MAGEL2	0.0		
ENSG00000254598	CSNK2A3	0.4		
ENSG00000254636	ARMS2	0.0		
ENSG00000254647	INS	0.0		
ENSG00000254656	RTL1	0.0		
ENSG00000254685	FPGT	13.6		
ENSG00000254692	AL136295.1	1.5		
ENSG00000254706	AL512785.2	0.4		
ENSG00000254709	IGLL5	0.0		
ENSG00000254726	MEX3A	26.5		
ENSG00000254737	OR10G4	0.0		
ENSG00000254772	EEF1G	2229.8		
ENSG00000254788	CKLF-CMTM1	2.8		
ENSG00000254827	SLC22A18AS	0.0		
ENSG00000254834	OR5M10	0.0		
ENSG00000254852	NPIPA2	0.2		
ENSG00000254858	MPV17L2	29.4		
ENSG00000254901	BORCS8	12.9		
ENSG00000254979	AP000781.2	0.0		
ENSG00000254986	DPP3	52.1		
ENSG00000254996	ANKHD1-EIF4EBP3	17.5		
ENSG00000254997	KRTAP5-9	0.0		
ENSG00000254999	BRK1	159.7		
ENSG00000255009	UBTFL1	0.0		
ENSG00000255012	OR5M1	0.0		
ENSG00000255071	SAA2-SAA4	0.0		
ENSG00000255072	PIGY	35.6		
ENSG00000255112	CHMP1B	16.8		
ENSG00000255150	EID3	0.3		
ENSG00000255151	GLYATL1B	0.0		
ENSG00000255154	HTD2	18.5		
ENSG00000255181	CCDC166	0.0		
ENSG00000255192	NANOGP8	0.0		
ENSG00000255223	OR5M11	0.0		
ENSG00000255245	FXYD6-FXYD2	0.0		
ENSG00000255251	PRR23D1	0.0		
ENSG00000255274	SMIM35	0.0		
ENSG00000255298	OR8G5	0.0		
ENSG00000255302	EID1	130.2		
ENSG00000255307	OR52B2	0.0		
ENSG00000255346	NOX5	0.0		
ENSG00000255359	CCDC179	0.0		
ENSG00000255374	TAS2R43	0.0		
ENSG00000255378	PRR23D2	0.0		
ENSG00000255393	OOSP4B	0.0		
ENSG00000255398	HCAR3	0.0		
ENSG00000255408	PCDHA3	0.9		
ENSG00000255423	EBLN2	1.0		
ENSG00000255432	AP001458.2	0.3		
ENSG00000255439	AC135050.2	0.0		
ENSG00000255501	CARD18	0.0		
ENSG00000255524	NPIPB8	0.0		
ENSG00000255526	NEDD8-MDP1	0.3		
ENSG00000255529	POLR2M	26.2		
ENSG00000255552	LY6G6E	0.0		
ENSG00000255561	FDXACB1	2.6		
ENSG00000255569	TRAV1-1	0.0		
ENSG00000255582	OR10G2	0.0		
ENSG00000255587	RAB44	0.0		
ENSG00000255639	AC005833.1	9.3		
ENSG00000255641	AC068775.1	0.0		
ENSG00000255690	TRIL	0.0		
ENSG00000255713	OR4D2	0.0		
ENSG00000255730	AC011462.1	0.0		
ENSG00000255804	OR6J1	0.0		
ENSG00000255823	MTRNR2L8	10.0		
ENSG00000255833	TIFAB	0.0		
ENSG00000255835	AL117348.2	0.0		
ENSG00000255837	TAS2R20	0.0		
ENSG00000255855	KDM4F	0.0		
ENSG00000255974	CYP2A6	0.0		
ENSG00000256043	CTSO	0.2		
ENSG00000256045	MTRNR2L10	0.1		
ENSG00000256053	COA8	14.6		
ENSG00000256060	TRAPPC2B	8.4		
ENSG00000256061	DNAAF4	1.9		
ENSG00000256087	ZNF432	4.8		
ENSG00000256100	AP000721.1	0.1		
ENSG00000256162	SMLR1	0.0		
ENSG00000256188	TAS2R30	0.0		
ENSG00000256222	MTRNR2L3	0.0		
ENSG00000256223	ZNF10	6.8		
ENSG00000256229	ZNF486	0.0		
ENSG00000256235	SMIM3	12.5		
ENSG00000256269	HMBS	41.6		
ENSG00000256294	ZNF225	5.0		
ENSG00000256349	AP002748.5	0.0		
ENSG00000256374	PPIAL4D	0.0		
ENSG00000256394	ASIC5	0.0		
ENSG00000256436	TAS2R31	0.0		
ENSG00000256453	DND1	0.7		
ENSG00000256463	SALL3	4.7		
ENSG00000256500	AL139300.1	12.4		
ENSG00000256514	AP003419.1	8.1		
ENSG00000256525	POLG2	9.3		
ENSG00000256537	SMIM10L1	9.9		
ENSG00000256553	TRAV1-2	0.0		
ENSG00000256574	OR13A1	0.0		
ENSG00000256590	TRDV3	0.0		
ENSG00000256591	AP003108.2	4.5		
ENSG00000256618	MTRNR2L1	18.1		
ENSG00000256646	AC010132.3	0.0		
ENSG00000256660	CLEC12B	0.0		
ENSG00000256671	LIMS4	0.0		
ENSG00000256683	ZNF350	4.9		
ENSG00000256713	PGA5	0.0		
ENSG00000256762	STH	0.2		
ENSG00000256771	ZNF253	0.0		
ENSG00000256797	KLRF2	0.0		
ENSG00000256806	C17orf100	0.9		
ENSG00000256812	CAPNS2	0.0		
ENSG00000256825	AC026786.1	0.0		
ENSG00000256870	SLC5A8	0.0		
ENSG00000256892	MTRNR2L7	0.0		
ENSG00000256977	LIMS3	0.0		
ENSG00000256980	KHDC1L	0.2		
ENSG00000257008	GPR142	0.0		
ENSG00000257017	HP	0.0		
ENSG00000257046	SLCO1B3-SLCO1B7	0.0		
ENSG00000257057	C11orf97	0.0		
ENSG00000257093	DENND11	1.0		
ENSG00000257103	LSM14A	57.0		
ENSG00000257108	NHLRC4	0.0		
ENSG00000257115	OR11H12	0.0		
ENSG00000257138	TAS2R38	0.0		
ENSG00000257184	AC004080.3	0.0		
ENSG00000257218	GATC	30.7		
ENSG00000257315	ZBED6	3.3		
ENSG00000257335	MGAM	0.0		
ENSG00000257365	FNTB	47.5		
ENSG00000257390	AC023055.1	1.0		
ENSG00000257411	AC034102.2	33.6		
ENSG00000257446	ZNF878	0.3		
ENSG00000257529	RPL36A-HNRNPH2	692.9		
ENSG00000257591	ZNF625	0.0		
ENSG00000257594	GALNT4	0.9		
ENSG00000257704	INAFM1	2.2		
ENSG00000257727	CNPY2	92.3		
ENSG00000257743	MGAM2	0.0		
ENSG00000257767	AC002996.1	0.0		
ENSG00000257921	AC025165.3	0.0		
ENSG00000257923	CUX1	19.4		
ENSG00000257949	TEN1	7.7		
ENSG00000257987	TEX49	0.0		
ENSG00000258083	OR9A4	0.0		
ENSG00000258102	MAP1LC3B2	0.4		
ENSG00000258223	PRSS58	0.0		
ENSG00000258227	CLEC5A	0.0		
ENSG00000258289	CHURC1	51.7		
ENSG00000258311	AC009779.3	1.8		
ENSG00000258315	C17orf49	34.5		
ENSG00000258366	RTEL1	5.5		
ENSG00000258405	ZNF578	1.1		
ENSG00000258417	AC100868.1	0.3		
ENSG00000258429	PDF	1.8		
ENSG00000258436	RNASE12	0.0		
ENSG00000258453	OR11H2	0.0		
ENSG00000258465	AL139011.2	0.0		
ENSG00000258472	AC005726.1	0.0		
ENSG00000258484	SPESP1	0.0		
ENSG00000258529	AP001781.2	0.0		
ENSG00000258588	TRIM6-TRIM34	0.0		
ENSG00000258643	BCL2L2-PABPN1	16.9		
ENSG00000258644	SYNJ2BP-COX16	0.0		
ENSG00000258659	TRIM34	0.4		
ENSG00000258674	AC011448.1	1.2		
ENSG00000258691	AL355102.2	0.0		
ENSG00000258713	C20orf141	0.0		
ENSG00000258728	AL162231.3	0.0		
ENSG00000258817	OR4C13	0.0		
ENSG00000258818	RNASE4	1.4		
ENSG00000258839	MC1R	1.5		
ENSG00000258873	DUXA	0.0		
ENSG00000258881	AC007040.2	0.4		
ENSG00000258890	CEP95	21.2		
ENSG00000258947	TUBB3	148.9		
ENSG00000258986	TMEM179	0.1		
ENSG00000258989	AL355916.3	0.3		
ENSG00000258992	TSPY1	0.0		
ENSG00000259024	TVP23C-CDRT4	4.3		
ENSG00000259030	FPGT-TNNI3K	0.1		
ENSG00000259060	AL163195.3	0.0		
ENSG00000259066	AL110118.1	0.0		
ENSG00000259075	POC1B-GALNT4	2.1		
ENSG00000259092	TRAV30	0.0		
ENSG00000259112	NDUFC2-KCTD14	4.5		
ENSG00000259120	SMIM6	0.0		
ENSG00000259132	AL132780.3	2.9		
ENSG00000259171	AL163636.1	0.6		
ENSG00000259207	ITGB3	0.1		
ENSG00000259224	SLC35G6	0.0		
ENSG00000259261	IGHV4OR15-8	0.0		
ENSG00000259303	IGHV2OR16-5	0.0		
ENSG00000259305	ZHX1-C8orf76	3.5		
ENSG00000259330	INAFM2	26.3		
ENSG00000259332	ST20-MTHFS	44.2		
ENSG00000259371	AL136295.3	0.0		
ENSG00000259384	GH1	0.0		
ENSG00000259399	TGIF2-RAB5IF	18.9		
ENSG00000259417	CTXND1	0.0		
ENSG00000259431	THTPA	12.1		
ENSG00000259490	IGHV3OR15-7	0.0		
ENSG00000259494	MRPL46	107.4		
ENSG00000259571	BLID	0.0		
ENSG00000259680	IGHV3OR16-17	0.0		
ENSG00000259784	AC093525.1	0.0		
ENSG00000259803	SLC22A31	0.0		
ENSG00000259823	LYPD8	0.0		
ENSG00000259916	AL845331.1	0.0		
ENSG00000259956	RBM15B	22.0		
ENSG00000260001	TGFBR3L	0.1		
ENSG00000260007	AC107871.1	1.6		
ENSG00000260027	HOXB7	0.1		
ENSG00000260097	SPDYE6	0.0		
ENSG00000260170	AC090527.2	0.2		
ENSG00000260220	CCDC187	0.0		
ENSG00000260230	FRRS1L	0.0		
ENSG00000260238	PMF1-BGLAP	10.8		
ENSG00000260272	AC093525.2	0.2		
ENSG00000260286	ARMH2	0.0		
ENSG00000260287	TBC1D3G	0.0		
ENSG00000260314	MRC1	0.0		
ENSG00000260325	HSPB9	0.4		
ENSG00000260342	AC138811.2	9.8		
ENSG00000260371	AC026464.3	2.6		
ENSG00000260428	SCX	0.0		
ENSG00000260456	C16orf95	3.0		
ENSG00000260458	KCNJ18	0.0		
ENSG00000260537	AC012184.2	0.0		
ENSG00000260596	DUX4	0.0		
ENSG00000260643	AC092718.2	3.0		
ENSG00000260691	ANKRD20A1	0.9		
ENSG00000260734	TLE7	0.0		
ENSG00000260802	SERTM2	0.0		
ENSG00000260836	AC245033.1	0.7		
ENSG00000260861	AL049634.2	0.0		
ENSG00000260903	XKR7	0.0		
ENSG00000260914	AC026464.4	62.2		
ENSG00000260916	CCPG1	9.5		
ENSG00000261052	SULT1A3	38.8		
ENSG00000261115	TMEM178B	6.0		
ENSG00000261130	AC140504.1	0.0		
ENSG00000261150	EPPK1	1.4		
ENSG00000261210	CLEC19A	0.0		
ENSG00000261221	ZNF865	1.6		
ENSG00000261236	BOP1	21.2		
ENSG00000261247	GOLGA8T	0.0		
ENSG00000261272	MUC22	0.0		
ENSG00000261308	FIGNL2	0.6		
ENSG00000261341	AC010325.1	0.2		
ENSG00000261371	PECAM1	0.0		
ENSG00000261456	TUBB8	0.1		
ENSG00000261509	TP53TG3B	0.0		
ENSG00000261587	TMEM249	0.0		
ENSG00000261594	TPBGL	0.2		
ENSG00000261609	GAN	2.7		
ENSG00000261649	GOLGA6L7	0.0		
ENSG00000261652	C15orf65	0.0		
ENSG00000261667	LY6L	0.0		
ENSG00000261678	SCRT1	0.0		
ENSG00000261701	HPR	0.0		
ENSG00000261717	AC009163.5	0.0		
ENSG00000261739	GOLGA8S	0.0		
ENSG00000261740	BOLA2-SMG1P6	12.1		
ENSG00000261787	TCF24	2.2		
ENSG00000261793	AL929554.1	0.0		
ENSG00000261794	GOLGA8H	1.2		
ENSG00000261796	ISY1-RAB43	5.1		
ENSG00000261832	AC138894.1	0.0		
ENSG00000261857	MIA	0.4		
ENSG00000261873	SMIM36	0.0		
ENSG00000261934	PCDHGA9	0.1		
ENSG00000261949	GFY	0.0		
ENSG00000262152	LINC00514	0.0		
ENSG00000262165	AC233723.1	0.0		
ENSG00000262179	MYMX	0.0		
ENSG00000262209	PCDHGB3	0.0		
ENSG00000262246	CORO7	6.1		
ENSG00000262406	MMP12	0.0		
ENSG00000262461	SPDYE9	0.0		
ENSG00000262484	CCER2	0.2		
ENSG00000262543	SMIM28	0.0		
ENSG00000262576	PCDHGA4	0.1		
ENSG00000262628	OR1D5	0.0		
ENSG00000262655	SPON1	0.0		
ENSG00000262660	AC139530.2	0.0		
ENSG00000262664	OVCA2	36.2		
ENSG00000262814	MRPL12	87.6		
ENSG00000262874	C19orf84	0.0		
ENSG00000262919	CCNQ	38.4		
ENSG00000263001	GTF2I	221.1		
ENSG00000263002	ZNF234	6.4		
ENSG00000263020	AL662899.2	0.1		
ENSG00000263155	MYZAP	0.0		
ENSG00000263201	DPEP2NB	0.0		
ENSG00000263353	PPIAL4A	0.1		
ENSG00000263429	TMEM238L	0.0		
ENSG00000263464	PPIAL4C	0.0		
ENSG00000263465	SRSF8	16.2		
ENSG00000263513	FAM72C	17.2		
ENSG00000263528	IKBKE	0.1		
ENSG00000263620	AC129492.3	0.3		
ENSG00000263639	MSMB	0.0		
ENSG00000263715	LINC02210-CRHR1	0.0		
ENSG00000263761	GDF2	0.0		
ENSG00000263874	LINC00672	0.0		
ENSG00000263956	NBPF11	5.4		
ENSG00000263961	RHEX	0.0		
ENSG00000264006	AKR1C8P	0.0		
ENSG00000264230	ANXA8L1	0.0		
ENSG00000264343	NOTCH2NLA	6.9		
ENSG00000264364	DYNLL2	33.8		
ENSG00000264424	MYH4	0.0		
ENSG00000264522	OTUD7B	13.2		
ENSG00000264668	AC138696.1	0.0		
ENSG00000264717	NPY4R2	0.0		
ENSG00000265107	GJA5	0.0		
ENSG00000265118	AC134669.1	0.0		
ENSG00000265190	ANXA8	0.0		
ENSG00000265203	RBP3	0.0		
ENSG00000265241	RBM8A	289.3		
ENSG00000265303	AC099850.2	0.3		
ENSG00000265354	TIMM23	168.0		
ENSG00000265491	RNF115	6.0		
ENSG00000265590	CFAP298-TCP10L	29.0		
ENSG00000265681	RPL17	2690.1		
ENSG00000265763	ZNF488	1.2		
ENSG00000265808	SEC22B	18.3		
ENSG00000265817	FSBP	4.7		
ENSG00000265972	TXNIP	13.0		
ENSG00000266028	SRGAP2	30.0		
ENSG00000266074	BAHCC1	2.4		
ENSG00000266094	RASSF5	3.5		
ENSG00000266173	STRADA	21.4		
ENSG00000266202	AC005697.1	0.0		
ENSG00000266265	KLF14	0.0		
ENSG00000266338	NBPF15	17.5		
ENSG00000266412	NCOA4	72.6		
ENSG00000266472	MRPS21	96.8		
ENSG00000266524	GDF10	0.0		
ENSG00000266714	MYO15B	0.0		
ENSG00000266826	IGBP1P2	0.0		
ENSG00000266953	AC092073.1	0.0		
ENSG00000266964	FXYD1	1.1		
ENSG00000266967	AARSD1	55.2		
ENSG00000267001	AC006538.2	0.0		
ENSG00000267041	ZNF850	2.6		
ENSG00000267060	PTGES3L	1.4		
ENSG00000267140	AC007998.2	0.9		
ENSG00000267157	AC011499.1	0.0		
ENSG00000267168	AC005837.2	0.0		
ENSG00000267173	AC245748.1	0.0		
ENSG00000267179	AC008770.2	0.0		
ENSG00000267206	LCN6	0.0		
ENSG00000267221	C17orf113	0.5		
ENSG00000267261	AC099811.2	0.0		
ENSG00000267281	ATF7-NPFF	0.1		
ENSG00000267318	AC005702.1	1.4		
ENSG00000267335	AC008687.1	0.0		
ENSG00000267360	AC012309.1	0.0		
ENSG00000267368	UPK3BL1	2.6		
ENSG00000267467	APOC4	0.0		
ENSG00000267508	ZNF285	0.0		
ENSG00000267534	S1PR2	1.2		
ENSG00000267561	AC093155.3	0.3		
ENSG00000267618	AC004223.3	0.0		
ENSG00000267631	CGB1	0.1		
ENSG00000267673	FDX2	32.3		
ENSG00000267680	ZNF224	8.1		
ENSG00000267710	EDDM13	0.0		
ENSG00000267740	AC024592.3	0.9		
ENSG00000267748	AC011479.1	0.0		
ENSG00000267795	SMIM22	0.1		
ENSG00000267796	LIN37	8.2		
ENSG00000267855	NDUFA7	29.0		
ENSG00000267881	AC243967.1	0.0		
ENSG00000267909	CCDC177	0.0		
ENSG00000267952	AC008878.1	1.1		
ENSG00000267978	MAGEA9B	0.0		
ENSG00000268009	SSX4	0.0		
ENSG00000268041	ERFL	0.1		
ENSG00000268043	NBPF12	9.4		
ENSG00000268083	AC008982.1	0.0		
ENSG00000268089	GABRQ	2.1		
ENSG00000268104	SLC6A14	0.0		
ENSG00000268133	AC003002.1	0.0		
ENSG00000268163	AC004076.1	0.0		
ENSG00000268182	SMIM17	0.3		
ENSG00000268221	OPN1MW	0.0		
ENSG00000268223	ARL14EPL	0.0		
ENSG00000268235	TCP11X1	0.0		
ENSG00000268320	SCGB1C2	0.0		
ENSG00000268350	FAM156A	11.8		
ENSG00000268361	L34079.1	0.0		
ENSG00000268434	AC011530.1	0.2		
ENSG00000268447	SSX2B	0.0		
ENSG00000268465	AC008403.1	0.0		
ENSG00000268480	NFILZ	0.0		
ENSG00000268500	AC018755.2	0.0		
ENSG00000268533	AC003002.2	0.6		
ENSG00000268606	MAGEA2	0.0		
ENSG00000268629	TEX13A	0.0		
ENSG00000268643	AC006486.1	3.8		
ENSG00000268651	CTAG1A	0.0		
ENSG00000268655	AC008687.4	0.0		
ENSG00000268674	AC213203.1	0.0		
ENSG00000268696	ZNF723	0.0		
ENSG00000268738	HSFX2	0.0		
ENSG00000268750	AC010522.1	2.4		
ENSG00000268790	AC008764.4	0.9		
ENSG00000268799	H3Y2	0.0		
ENSG00000268870	AC008758.5	0.0		
ENSG00000268902	CSAG2	0.0		
ENSG00000268916	CSAG3	0.0		
ENSG00000268940	CT45A1	0.0		
ENSG00000268964	ERVV-2	0.0		
ENSG00000268988	SPANXN2	0.0		
ENSG00000268994	FAM236B	0.0		
ENSG00000269026	AC003006.1	0.2		
ENSG00000269028	MTRNR2L12	196.7		
ENSG00000269035	AC010319.2	0.0		
ENSG00000269058	CALR3	0.2		
ENSG00000269067	ZNF728	0.0		
ENSG00000269095	AC010646.1	0.0		
ENSG00000269096	CT45A3	0.0		
ENSG00000269113	TRABD2B	0.1		
ENSG00000269190	FBXO17	4.2		
ENSG00000269313	MAGIX	0.3		
ENSG00000269335	IKBKG	15.0		
ENSG00000269343	ZNF587B	5.9		
ENSG00000269404	SPIB	1.4		
ENSG00000269405	NXF2	0.0		
ENSG00000269433	OPN1MW3	0.0		
ENSG00000269437	NXF2B	0.0		
ENSG00000269466	H3Y1	0.0		
ENSG00000269502	DMRTC1	0.0		
ENSG00000269526	ERVV-1	0.0		
ENSG00000269533	AC003002.3	0.0		
ENSG00000269547	AC011455.2	0.0		
ENSG00000269556	TMEM185A	23.1		
ENSG00000269586	CT45A10	0.1		
ENSG00000269590	AC010422.5	0.3		
ENSG00000269699	ZIM2	0.0		
ENSG00000269711	AC008763.3	0.0		
ENSG00000269713	NBPF9	18.2		
ENSG00000269720	CCDC194	0.0		
ENSG00000269743	SLC25A53	2.0		
ENSG00000269791	SSX4B	0.0		
ENSG00000269825	AC022150.4	4.6		
ENSG00000269855	RNF225	0.0		
ENSG00000269858	EGLN2	70.8		
ENSG00000269897	COMMD3-BMI1	2.8		
ENSG00000269955	FMC1-LUC7L2	59.7		
ENSG00000269964	MEI4	0.0		
ENSG00000270011	ZNF559-ZNF177	0.2		
ENSG00000270170	NCBP2AS2	42.8		
ENSG00000270181	BIVM-ERCC5	0.2		
ENSG00000270185	IGHD1OR15-1B	0.0		
ENSG00000270188	MTRNR2L11	0.9		
ENSG00000270249	AC093668.1	0.0		
ENSG00000270276	H4C15	0.4		
ENSG00000270299	AL121758.1	0.0		
ENSG00000270339	PPIAL4H	0.0		
ENSG00000270379	HEATR9	0.0		
ENSG00000270394	MTRNR2L13	0.0		
ENSG00000270451	IGHD4OR15-4B	0.0		
ENSG00000270467	IGHV3OR16-12	0.0		
ENSG00000270472	IGHV3OR16-9	0.0		
ENSG00000270505	IGHV1OR15-1	0.0		
ENSG00000270550	IGHV3-30	0.0		
ENSG00000270601	PRAMEF5	0.0		
ENSG00000270617	URGCP-MRPS24	0.3		
ENSG00000270629	NBPF14	20.0		
ENSG00000270647	TAF15	254.0		
ENSG00000270672	MTRNR2L6	0.3		
ENSG00000270757	HSPE1-MOB4	20.9		
ENSG00000270765	GAS2L2	0.0		
ENSG00000270800	RPS10-NUDT3	23.7		
ENSG00000270806	C17orf50	0.0		
ENSG00000270824	IGHD5OR15-5B	0.0		
ENSG00000270882	H4C14	0.0		
ENSG00000270885	RASL10B	24.3		
ENSG00000270946	CT45A9	0.0		
ENSG00000270961	IGHD5OR15-5A	0.0		
ENSG00000271079	CTAGE15	0.0		
ENSG00000271092	TLCD4-RWDD3	3.0		
ENSG00000271130	IGHV3OR16-8	0.0		
ENSG00000271178	IGHV3OR16-13	0.0		
ENSG00000271254	AC240274.1	14.3		
ENSG00000271271	UGT2A2	0.0		
ENSG00000271303	SRXN1	50.3		
ENSG00000271317	IGHD4OR15-4A	0.0		
ENSG00000271321	CTAGE6	0.0		
ENSG00000271336	IGHD1OR15-1A	0.0		
ENSG00000271383	NBPF19	47.8		
ENSG00000271425	NBPF10	4.0		
ENSG00000271447	MMP28	0.0		
ENSG00000271449	CT45A2	0.0		
ENSG00000271503	CCL5	0.0		
ENSG00000271567	PPIAL4E	0.0		
ENSG00000271601	LIX1L	14.6		
ENSG00000271605	MILR1	0.0		
ENSG00000271810	AL603832.3	0.6		
ENSG00000271824	SMIM32	0.0		
ENSG00000272031	ANKRD34A	0.9		
ENSG00000272047	GTF2H5	12.0		
ENSG00000272104	Z84492.1	0.0		
ENSG00000272196	H2AC19	0.0		
ENSG00000272297	AC018709.1	0.0		
ENSG00000272325	NUDT3	11.0		
ENSG00000272333	KMT2B	11.3		
ENSG00000272391	POM121C	39.6		
ENSG00000272398	CD24	124.1		
ENSG00000272414	FAM47E-STBD1	0.0		
ENSG00000272514	CFAP206	0.0		
ENSG00000272573	MUSTN1	0.6		
ENSG00000272602	ZNF595	50.3		
ENSG00000272617	AC026464.6	38.3		
ENSG00000272636	DOC2B	3.5		
ENSG00000272674	PCDHB16	0.7		
ENSG00000272772	AC104109.3	1.5		
ENSG00000272804	KRTAP10-7	0.0		
ENSG00000272822	AC073610.1	0.8		
ENSG00000272886	DCP1A	25.3		
ENSG00000272899	ATP6V1FNB	0.3		
ENSG00000272968	RBAK-RBAKDN	0.0		
ENSG00000273045	C2orf15	1.4		
ENSG00000273047	AL121845.2	0.0		
ENSG00000273049	AC012531.3	0.0		
ENSG00000273079	GRIN2B	0.0		
ENSG00000273088	AL713999.1	0.0		
ENSG00000273111	LYPD4	0.0		
ENSG00000273136	NBPF26	27.8		
ENSG00000273154	AL121845.3	0.2		
ENSG00000273155	AC092587.1	0.5		
ENSG00000273171	AC002094.3	0.0		
ENSG00000273173	SNURF	0.0		
ENSG00000273213	H3-2	0.0		
ENSG00000273217	AC008695.1	0.0		
ENSG00000273238	TMEM271	0.0		
ENSG00000273274	ZBTB8B	0.6		
ENSG00000273291	AC092042.3	0.0		
ENSG00000273496	AC011841.1	0.6		
ENSG00000273513	TBC1D3K	0.0		
ENSG00000273514	FOXD4L6	0.0		
ENSG00000273520	SPDYE8	0.0		
ENSG00000273540	AGBL1	0.0		
ENSG00000273542	H4C12	0.5		
ENSG00000273554	AC136616.1	0.0		
ENSG00000273559	CWC25	8.2		
ENSG00000273590	SMIM11B	17.0		
ENSG00000273604	EPOP	22.6		
ENSG00000273611	ZNHIT3	25.7		
ENSG00000273696	CT45A7	0.1		
ENSG00000273703	H2BC14	0.0		
ENSG00000273706	LHX1	3.8		
ENSG00000273748	AL592183.1	8.9		
ENSG00000273749	CYFIP1	31.9		
ENSG00000273777	CEACAM20	0.0		
ENSG00000273802	H2BC8	1.3		
ENSG00000273820	USP27X	6.0		
ENSG00000273841	TAF9	92.4		
ENSG00000273899	NOL12	11.6		
ENSG00000273962	IGKV2-40	0.0		
ENSG00000273976	GOLGA6L1	0.0		
ENSG00000273983	H3C8	0.9		
ENSG00000274070	CASTOR2	4.7		
ENSG00000274102	OR4M2	0.0		
ENSG00000274175	AC133551.1	0.0		
ENSG00000274180	NATD1	1.8		
ENSG00000274183	H2AB1	0.0		
ENSG00000274209	ANTXRL	0.0		
ENSG00000274211	SOCS7	12.8		
ENSG00000274226	TBC1D3H	0.0		
ENSG00000274252	GGTLC3	0.0		
ENSG00000274274	GAGE13	0.0		
ENSG00000274276	CBSL	0.2		
ENSG00000274286	ADRA2B	0.5		
ENSG00000274290	H2BC6	0.3		
ENSG00000274349	ZNF658	3.0		
ENSG00000274386	TMEM269	0.2		
ENSG00000274391	TPTE	0.0		
ENSG00000274419	TBC1D3D	0.0		
ENSG00000274443	C8orf89	0.0		
ENSG00000274512	TBC1D3L	6.1		
ENSG00000274523	RCC1L	29.8		
ENSG00000274529	SEBOX	0.0		
ENSG00000274559	CU639417.1	0.4		
ENSG00000274576	IGHV2-70	0.0		
ENSG00000274588	DGKK	0.0		
ENSG00000274600	RIMBP3B	0.2		
ENSG00000274611	TBC1D3	0.0		
ENSG00000274618	H4C6	0.0		
ENSG00000274641	H2BC17	2.9		
ENSG00000274736	CCL23	0.0		
ENSG00000274749	KRTAP7-1	0.0		
ENSG00000274750	H3C6	0.0		
ENSG00000274752	TRBV12-3	0.0		
ENSG00000274764	PRAMEF27	0.0		
ENSG00000274791	F8A2	0.0		
ENSG00000274792	AC171558.1	0.0		
ENSG00000274808	TBC1D3B	0.5		
ENSG00000274810	NPHP3-ACAD11	0.2		
ENSG00000274847	MAFIP	2.3		
ENSG00000274933	TBC1D3I	0.0		
ENSG00000274944	AL139260.3	0.0		
ENSG00000274997	H2AC12	0.6		
ENSG00000275004	ZNF280B	2.8		
ENSG00000275023	MLLT6	0.1		
ENSG00000275034	TP53TG3E	0.0		
ENSG00000275052	PPP4R3B	39.9		
ENSG00000275063	AC233755.1	0.0		
ENSG00000275066	SYNRG	15.8		
ENSG00000275074	NUDT18	2.3		
ENSG00000275111	ZNF2	5.1		
ENSG00000275113	GAGE2E	0.0		
ENSG00000275126	H4C13	0.0		
ENSG00000275152	CCL16	0.0		
ENSG00000275158	TRBV12-5	0.0		
ENSG00000275163	AC117457.1	0.0		
ENSG00000275183	LENG9	0.0		
ENSG00000275221	H2AC15	0.5		
ENSG00000275243	TRBV16	0.0		
ENSG00000275249	AC171558.3	0.0		
ENSG00000275302	CCL4	0.0		
ENSG00000275342	PRAG1	1.0		
ENSG00000275379	H3C11	0.0		
ENSG00000275385	CCL18	0.0		
ENSG00000275395	FCGBP	0.0		
ENSG00000275410	HNF1B	0.0		
ENSG00000275464	FP565260.1	42.9		
ENSG00000275489	C17orf98	0.0		
ENSG00000275493	AL627230.1	6.4		
ENSG00000275520	FAM236A	0.0		
ENSG00000275553	ELOA3CP	0.0		
ENSG00000275572	GRIFIN	0.0		
ENSG00000275591	XKR5	0.0		
ENSG00000275663	H4C7	0.0		
ENSG00000275674	AC091167.6	0.4		
ENSG00000275700	AATF	141.8		
ENSG00000275713	H2BC9	0.0		
ENSG00000275714	H3C1	1.0		
ENSG00000275718	CCL15	0.0		
ENSG00000275722	LYZL6	0.0		
ENSG00000275740	AC091959.1	8.2		
ENSG00000275743	TRBV14	0.0		
ENSG00000275774	HNRNPCL2	0.0		
ENSG00000275778	AC018630.2	0.0		
ENSG00000275791	TRBV10-3	0.0		
ENSG00000275793	RIMBP3	0.3		
ENSG00000275832	ARHGAP23	1.7		
ENSG00000275835	TUBGCP5	16.0		
ENSG00000275869	AC136612.1	0.0		
ENSG00000275895	U2AF1L5	275.3		
ENSG00000275896	PRSS2	0.0		
ENSG00000275954	TBC1D3F	0.0		
ENSG00000275969	SPATA31A3	0.0		
ENSG00000275993	SIK1B	5.5		
ENSG00000276017	AC007325.1	0.0		
ENSG00000276023	DUSP14	0.2		
ENSG00000276040	SPATA31A7	0.0		
ENSG00000276043	UHRF1	81.2		
ENSG00000276045	ORAI1	3.4		
ENSG00000276070	CCL4L2	0.0		
ENSG00000276076	CRYAA2	0.0		
ENSG00000276085	CCL3L3	0.0		
ENSG00000276119	OR13C2	0.0		
ENSG00000276180	H4C9	0.8		
ENSG00000276203	ANKRD20A3P	0.1		
ENSG00000276231	PIK3R6	0.0		
ENSG00000276234	TADA2A	8.9		
ENSG00000276240	OR4E1	0.0		
ENSG00000276256	AC011043.1	12.6		
ENSG00000276289	KCNE1B	0.0		
ENSG00000276293	PIP4K2B	44.9		
ENSG00000276302	AL021997.2	0.4		
ENSG00000276345	AC004556.3	0.7		
ENSG00000276368	H2AC14	0.0		
ENSG00000276405	TRBV13	0.0		
ENSG00000276409	CCL14	0.0		
ENSG00000276410	H2BC3	0.0		
ENSG00000276430	FAM25C	0.0		
ENSG00000276547	PCDHGB5	0.0		
ENSG00000276557	TRBV18	0.0		
ENSG00000276566	IGKV1D-13	0.0		
ENSG00000276581	SPATA31A5	0.0		
ENSG00000276597	TRBV11-3	0.0		
ENSG00000276600	RAB7B	0.0		
ENSG00000276612	FP565260.2	1.6		
ENSG00000276644	DACH1	22.5		
ENSG00000276699	TRAJ36	0.0		
ENSG00000276747	PADI6	0.0		
ENSG00000276760	AC136352.2	0.0		
ENSG00000276775	IGHV4-4	0.0		
ENSG00000276819	TRBV15	0.0		
ENSG00000276903	H2AC16	0.0		
ENSG00000276950	GSTT4	0.0		
ENSG00000276953	TRBV12-4	0.0		
ENSG00000276966	H4C5	0.7		
ENSG00000277058	HNRNPCL3	0.0		
ENSG00000277075	H2AC8	1.5		
ENSG00000277117	FP565260.3	1.4		
ENSG00000277149	TYW1B	1.9		
ENSG00000277150	F8A3	2.6		
ENSG00000277157	H4C4	2.3		
ENSG00000277161	PIGW	16.5		
ENSG00000277196	AC007325.2	18.8		
ENSG00000277203	F8A1	13.3		
ENSG00000277224	H2BC7	0.5		
ENSG00000277258	PCGF2	3.4		
ENSG00000277277	FAM243B	0.0		
ENSG00000277282	IGHV1OR21-1	0.0		
ENSG00000277322	GOLGA6L6	0.0		
ENSG00000277363	SRCIN1	1.2		
ENSG00000277399	GPR179	0.0		
ENSG00000277400	AC145212.1	4.0		
ENSG00000277443	MARCKS	67.9		
ENSG00000277462	ZNF670	6.3		
ENSG00000277475	AC213203.2	0.0		
ENSG00000277481	PKD1L3	0.0		
ENSG00000277494	GPIHBP1	0.0		
ENSG00000277531	PNMA8C	0.4		
ENSG00000277535	AL772284.1	0.0		
ENSG00000277556	OR13C5	0.0		
ENSG00000277586	NEFL	0.0		
ENSG00000277630	BX072566.1	0.0		
ENSG00000277632	CCL3	0.0		
ENSG00000277639	AC007906.2	0.0		
ENSG00000277666	AC136352.3	0.0		
ENSG00000277734	TRAC	0.2		
ENSG00000277745	H2AB3	0.0		
ENSG00000277758	FO681492.1	0.0		
ENSG00000277761	AC136616.2	0.0		
ENSG00000277775	H3C7	0.0		
ENSG00000277791	PSMB3	279.3		
ENSG00000277836	AC141272.1	0.0		
ENSG00000277856	AC233755.2	0.0		
ENSG00000277858	H2AB2	0.0		
ENSG00000277865	GOLGA6L22	0.0		
ENSG00000277880	TRBV17	0.0		
ENSG00000277893	SRD5A2	0.0		
ENSG00000277932	OR52E5	0.0		
ENSG00000277972	CISD3	0.1		
ENSG00000278023	RDM1	3.6		
ENSG00000278030	TRBV7-9	0.0		
ENSG00000278053	DDX52	10.5		
ENSG00000278057	TEX28	0.0		
ENSG00000278085	CT45A8	0.0		
ENSG00000278129	ZNF8	2.7		
ENSG00000278139	P3R3URF-PIK3R3	0.0		
ENSG00000278195	SSTR3	0.0		
ENSG00000278196	IGLV2-8	0.0		
ENSG00000278198	AC011043.2	0.6		
ENSG00000278224	PRICKLE4	0.0		
ENSG00000278259	MYO19	48.0		
ENSG00000278263	AC135068.1	0.0		
ENSG00000278289	CT45A6	0.0		
ENSG00000278299	TBC1D3C	0.0		
ENSG00000278311	GGNBP2	37.2		
ENSG00000278318	ZNF229	0.0		
ENSG00000278384	AL354822.1	1.1		
ENSG00000278463	H2AC4	0.1		
ENSG00000278505	C17orf78	0.0		
ENSG00000278522	POTEB3	0.0		
ENSG00000278535	DHRS11	11.5		
ENSG00000278540	ACACA	7.5		
ENSG00000278558	TMEM191B	0.0		
ENSG00000278570	NR2E3	0.2		
ENSG00000278588	H2BC10	0.9		
ENSG00000278599	TBC1D3E	0.0		
ENSG00000278615	C11orf98	115.0		
ENSG00000278619	MRM1	0.2		
ENSG00000278633	AC023491.2	0.0		
ENSG00000278637	H4C1	1.5		
ENSG00000278646	AC008162.2	0.0		
ENSG00000278661	TRAJ37	0.0		
ENSG00000278662	GOLGA6L10	0.1		
ENSG00000278677	H2AC17	2.3		
ENSG00000278685	IQCA1L	0.0		
ENSG00000278704	BX004987.1	1.0		
ENSG00000278705	H4C2	0.4		
ENSG00000278782	AC136616.3	0.0		
ENSG00000278803	PWWP4	0.0		
ENSG00000278817	AC007325.4	0.7		
ENSG00000278828	H3C10	1.1		
ENSG00000278845	MRPL45	0.2		
ENSG00000278848	TP53TG3F	0.0		
ENSG00000278857	IGKV1D-12	0.0		
ENSG00000278870	OR51G1	0.0		
ENSG00000278889	OR2S2	0.0		
ENSG00000278961	SMIM34B	0.0		
ENSG00000279000	OR10A6	0.0		
ENSG00000279012	OR51B2	0.0		
ENSG00000279051	OR6Q1	0.0		
ENSG00000279111	OR10X1	0.0		
ENSG00000279116	OR8D2	0.0		
ENSG00000279169	PRAMEF13	0.0		
ENSG00000279170	TSTD3	0.7		
ENSG00000279263	OR2L8	0.0		
ENSG00000279270	OR52R1	0.0		
ENSG00000279301	OR2T11	0.0		
ENSG00000279395	OR5L1	0.0		
ENSG00000279408	OR4N4C	0.0		
ENSG00000279486	OR2AG1	0.0		
ENSG00000279493	FP565260.4	0.0		
ENSG00000279514	OR4C16	0.0		
ENSG00000279761	OR5D13	0.0		
ENSG00000279765	AC013394.1	37.7		
ENSG00000279782	PPIAL4F	0.0		
ENSG00000279804	PRAMEF18	0.0		
ENSG00000279961	OR8U3	0.0		
ENSG00000279983	AC244517.10	0.2		
ENSG00000280021	OR51F1	0.0		
ENSG00000280071	GATD3B	77.2		
ENSG00000280090	OR8B4	0.0		
ENSG00000280094	OR1B1	0.0		
ENSG00000280165	PCDH20	3.0		
ENSG00000280204	OR1S1	0.0		
ENSG00000280236	OR12D2	0.0		
ENSG00000280267	PRAMEF26	0.0		
ENSG00000280314	OR8K3	0.0		
ENSG00000280411	IGHV1-69D	0.0		
ENSG00000280433	FP565260.6	5.6		
ENSG00000280571	AC006059.2	0.0		
ENSG00000280670	CCDC163	0.2		
ENSG00000280709	LINC02203	0.0		
ENSG00000280778	AC243547.3	0.0		
ENSG00000280789	PAGR1	15.2		
ENSG00000280969	RPS4Y2	0.0		
ENSG00000281039	AC005154.5	1.0		
ENSG00000281106	TMEM272	0.1		
ENSG00000281179	AC135068.5	0.0		
ENSG00000281406	BLACAT1	0.0		
ENSG00000281613	AL365214.2	0.0		
ENSG00000281887	GIMAP1-GIMAP5	0.0		
ENSG00000281958	TRBJ1-4	0.0		
ENSG00000281990	IGHV1-69-2	0.0		
ENSG00000281991	TMEM265	0.0		
ENSG00000282089	IGHD3OR15-3B	0.0		
ENSG00000282122	IGHV7-4-1	0.0		
ENSG00000282133	TRBJ1-3	0.0		
ENSG00000282173	TRBJ1-5	0.0		
ENSG00000282218	AL132671.2	0.0		
ENSG00000282246	AL157392.5	1.4		
ENSG00000282268	IGHD2OR15-2B	0.0		
ENSG00000282278	AC058822.1	1.5		
ENSG00000282301	CYP3A7-CYP3A51P	0.0		
ENSG00000282320	TRBJ1-1	0.0		
ENSG00000282419	TEX13D	0.0		
ENSG00000282420	TRBJ1-2	0.0		
ENSG00000282431	TRBD1	0.0		
ENSG00000282499	TRBV25-1	0.0		
ENSG00000282520	IGHD3OR15-3A	0.0		
ENSG00000282599	IGHD2OR15-2A	0.0		
ENSG00000282608	ADORA3	0.0		
ENSG00000282639	IGHV3-64D	0.0		
ENSG00000282651	IGHV5-10-1	0.0		
ENSG00000282757	DUXB	0.0		
ENSG00000282780	TRBJ1-6	0.0		
ENSG00000282804	AL512428.1	0.0		
ENSG00000282815	TEX13C	0.0		
ENSG00000282872	C1orf232	0.0		
ENSG00000282881	TMEM275	0.0		
ENSG00000282936	AC004706.3	1.7		
ENSG00000282939	TRBV7-2	0.0		
ENSG00000282988	AL031777.2	0.1		
ENSG00000283039	KLF18	0.0		
ENSG00000283063	TRBV6-2	0.0		
ENSG00000283071	LBHD2	0.0		
ENSG00000283093	CENPVL2	0.0		
ENSG00000283149	AC068631.2	31.8		
ENSG00000283154	IQCJ-SCHIP1	11.3		
ENSG00000283189	AC104452.1	0.0		
ENSG00000283199	C13orf46	0.0		
ENSG00000283201	AC092329.3	7.0		
ENSG00000283205	AL353572.3	0.0		
ENSG00000283208	AC001226.2	0.0		
ENSG00000283227	SPRR5	0.0		
ENSG00000283247	CCDC201	0.0		
ENSG00000283267	FAM237B	0.0		
ENSG00000283268	TEX54	0.0		
ENSG00000283288	SMIM33	0.0		
ENSG00000283297	TEX52	0.0		
ENSG00000283321	AC019117.1	0.1		
ENSG00000283324	CTXND2	0.0		
ENSG00000283329	FAM240B	0.0		
ENSG00000283361	CFAP97D2	0.0		
ENSG00000283378	CNTNAP3C	0.4		
ENSG00000283428	CCDC195	0.0		
ENSG00000283434	CSNKA2IP	0.0		
ENSG00000283439	SPEM3	0.0		
ENSG00000283463	HSFX4	0.0		
ENSG00000283473	FAM240A	0.0		
ENSG00000283496	ZNF511-PRAP1	0.0		
ENSG00000283516	LITAFD	0.0		
ENSG00000283526	PRRT1B	0.0		
ENSG00000283528	TCAF2C	0.0		
ENSG00000283536	AC021072.1	0.0		
ENSG00000283567	C19orf85	0.0		
ENSG00000283594	FAM236C	0.0		
ENSG00000283599	BX276092.9	0.0		
ENSG00000283632	EXOC3L2	0.0		
ENSG00000283644	ETDC	0.0		
ENSG00000283654	LMLN2	0.0		
ENSG00000283683	MYOCOS	0.0		
ENSG00000283697	HSFX3	0.0		
ENSG00000283703	VSIG10L2	0.0		
ENSG00000283706	PRSS50	0.0		
ENSG00000283740	TAF11L11	0.0		
ENSG00000283755	CPHXL	0.0		
ENSG00000283758	PMIS2	0.0		
ENSG00000283761	AC118553.2	2.6		
ENSG00000283765	AC131160.1	4.2		
ENSG00000283776	TAF11L13	0.0		
ENSG00000283782	AC116366.1	2.5		
ENSG00000283787	PRR33	0.0		
ENSG00000283809	AC007326.4	350.1		
ENSG00000283873	SSU72P4	0.0		
ENSG00000283886	BX664615.2	0.0		
ENSG00000283900	TPTEP2-CSNK1E	0.5		
ENSG00000283952	AC092017.2	0.0		
ENSG00000283967	TAF11L8	0.0		
ENSG00000283980	GNG14	0.0		
ENSG00000283988	TAF11L9	0.0		
ENSG00000283992	SLURP2	0.0		
ENSG00000284018	SSU72P5	0.0		
ENSG00000284024	AC069544.1	24.1		
ENSG00000284042	TAF11L6	0.0		
ENSG00000284057	AP001273.2	4.0		
ENSG00000284188	AL451007.3	0.0		
ENSG00000284194	SCO2	19.3		
ENSG00000284234	TAF11L5	0.0		
ENSG00000284283	TAF11L4	0.0		
ENSG00000284292	AC004922.1	0.1		
ENSG00000284299	AL590132.1	0.0		
ENSG00000284306	SSU72P2	0.0		
ENSG00000284308	C2orf81	0.2		
ENSG00000284356	TAF11L10	0.0		
ENSG00000284373	TAF11L2	0.0		
ENSG00000284395	PERCC1	0.0		
ENSG00000284438	SSU72P7	0.0		
ENSG00000284439	TAF11L3	0.0		
ENSG00000284465	TAF11L7	0.0		
ENSG00000284479	SMIM39	0.0		
ENSG00000284484	AC025287.4	0.0		
ENSG00000284491	THSD8	0.0		
ENSG00000284505	LYNX1-SLURP2	0.0		
ENSG00000284512	AC092718.7	0.0		
ENSG00000284526	AC015802.6	0.1		
ENSG00000284546	SSU72P3	0.0		
ENSG00000284554	AL022318.4	0.0		
ENSG00000284609	OR8B3	0.0		
ENSG00000284629	SCYGR1	0.0		
ENSG00000284631	SCYGR4	0.0		
ENSG00000284635	SCYGR8	0.0		
ENSG00000284638	AC005551.1	0.0		
ENSG00000284643	SCYGR2	0.0		
ENSG00000284662	OR4F16	0.0		
ENSG00000284667	SCYGR5	0.0		
ENSG00000284680	OR8B2	0.0		
ENSG00000284684	AC092442.1	0.0		
ENSG00000284691	AC073111.3	0.1		
ENSG00000284701	TMEM247	0.0		
ENSG00000284704	SCYGR3	0.0		
ENSG00000284713	SMIM38	0.0		
ENSG00000284718	SCYGR7	0.0		
ENSG00000284723	OR8S1	0.0		
ENSG00000284725	SCYGR6	0.0		
ENSG00000284730	TMDD1	0.0		
ENSG00000284732	AP002512.3	0.0		
ENSG00000284733	OR4F29	0.0		
ENSG00000284753	EEF1AKMT4	31.1		
ENSG00000284762	AC022414.1	0.4		
ENSG00000285053	TBCE	3.4		
ENSG00000284773	AC114490.2	0.1		
ENSG00000284776	AL121900.1	49.7		
ENSG00000284779	AC132217.2	0.0		
ENSG00000284791	SMIM41	0.0		
ENSG00000284797	AC008397.1	0.0		
ENSG00000284844	AP000812.3	0.0		
ENSG00000284862	CCDC39	0.1		
ENSG00000284873	OOSP1	0.1		
ENSG00000284895	AC119676.1	0.0		
ENSG00000284917	EEF1AKMT4-ECE2	0.0		
ENSG00000284922	AP000812.4	0.4		
ENSG00000284931	AC104389.6	0.0		
ENSG00000284934	AC048338.2	0.0		
ENSG00000284956	AC107959.5	0.8		
ENSG00000284969	AL049629.2	0.3		
ENSG00000284976	BX255925.3	6.9		
ENSG00000284981	UPK3BL2	0.8		
ENSG00000285010	OOSP4A	0.0		
ENSG00000285025	AL022312.1	0.0		
ENSG00000285043	AC093512.2	25.4		
ENSG00000285077	ARHGAP11B	1.6		
ENSG00000285082	AL160272.2	0.0		
ENSG00000285085	AL662884.4	0.0		
ENSG00000285130	AL358113.1	0.1		
ENSG00000285133	AC022506.1	0.0		
ENSG00000285162	AC004593.2	0.0		
ENSG00000285188	AC008397.2	0.0		
ENSG00000285218	AC026316.4	0.0		
ENSG00000285231	OOSP3	0.3		
ENSG00000285245	AL162417.1	0.0		
ENSG00000285253	AC090517.4	0.5		
ENSG00000285283	AL035078.4	21.8		
ENSG00000285292	ABCF2-H2BE1	57.9		
ENSG00000285304	Z83844.2	9.2		
ENSG00000285330	AC126283.1	0.2		
ENSG00000285382	FO393400.1	0.1		
ENSG00000285404	Z82190.2	0.0		
ENSG00000285446	Z84488.1	0.0		
ENSG00000285447	ZNF883	0.0		
ENSG00000285458	AC093827.5	0.7		
ENSG00000285471	AC007846.2	0.0		
ENSG00000285472	AC134980.2	0.0		
ENSG00000285480	H2BE1	0.0		
ENSG00000285508	AL034430.1	0.0		
ENSG00000285509	TBCEL-TECTA	0.2		
ENSG00000285526	AC020907.6	0.0		
ENSG00000285547	AL133500.1	0.3		
ENSG00000285566	AL445238.1	0.0		
ENSG00000285585	AC069444.2	0.0		
ENSG00000285607	FAM90A9P	0.0		
ENSG00000285620	FAM90A16P	0.0		
ENSG00000285625	AC117378.1	2.2		
ENSG00000285655	AC009879.2	0.0		
ENSG00000285657	FAM90A19P	0.0		
ENSG00000285687	FAM90A22P	0.0		
ENSG00000285708	AC097634.4	0.0		
ENSG00000285720	FAM90A17P	0.0		
ENSG00000285723	AL034430.2	0.0		
ENSG00000285733	AL031315.1	0.0		
ENSG00000285749	AC097636.1	0.0		
ENSG00000285762	AC253536.7	0.0		
ENSG00000285765	FAM90A23P	0.0		
ENSG00000285772	AC000120.2	0.0		
ENSG00000285814	FAM90A14P	0.0		
ENSG00000285815	GET1-SH3BGR	0.6		
ENSG00000285827	AP001267.5	2.8		
ENSG00000285837	AC024598.1	0.0		
ENSG00000285868	AC008676.3	0.0		
ENSG00000285880	AC144573.1	0.0		
ENSG00000285891	MSANTD5	0.0		
ENSG00000285913	FAM90A18P	0.0		
ENSG00000285920	AC087721.2	10.1		
ENSG00000285937	FAM90A8P	0.0		
ENSG00000285938	AC072022.2	0.0		
ENSG00000285946	AL162596.1	0.0		
ENSG00000285947	AC127029.3	0.0		
ENSG00000285950	FAM90A10P	0.0		
ENSG00000285953	AC000120.3	6.4		
ENSG00000285975	FAM90A7P	0.0		
ENSG00000285976	AL135905.2	29.4		
ENSG00000285982	AC012213.5	0.7		
ENSG00000286014	SPDYE15	0.0		
ENSG00000286015	CR589904.2	0.0		
ENSG00000286019	NOTCH2NLB	2.0		
ENSG00000286022	AL121899.2	0.0		
ENSG00000286038	SPDYE13	0.0		
ENSG00000286053	ASDURF	0.7		
ENSG00000286075	AC009412.1	0.0		
ENSG00000286079	AL627230.3	0.0		
ENSG00000286095	SPEGNB	0.0		
ENSG00000286098	AC008770.4	0.1		
ENSG00000286102	FAM246A	0.0		
ENSG00000286105	AL353579.1	0.0		
ENSG00000286106	NOTCH2NLR	3.5		
ENSG00000286112	AL441992.2	0.6		
ENSG00000286131	AC083977.1	0.0		
ENSG00000286135	AL603764.2	0.0		
ENSG00000286137	SPDYE14	0.0		
ENSG00000286140	DERPC	62.0		
ENSG00000286143	AC053503.6	0.0		
ENSG00000286165	AC012488.2	0.1		
ENSG00000286175	FAM246B	0.0		
ENSG00000286185	AC242842.3	0.0		
ENSG00000286190	AC055839.2	4.1		
ENSG00000286219	NOTCH2NLC	5.1		
ENSG00000286221	AC009070.1	0.0		
ENSG00000286224	AP000471.1	0.0		
ENSG00000286228	SPDYE11	0.0		
ENSG00000286235	AL035461.3	8.4		
ENSG00000286237	ARMCX5-GPRASP2	1.6		
ENSG00000286264	AP001453.3	0.6		
ENSG00000286268	AF196969.1	0.3		
ENSG00000286522	H3C2	0.9		
ENSG00000286920	SMIM40	0.0		
ENSG00000287080	H3C3	0.0		
ENSG00000287363	GUCA1ANB	0.0		
ENSG00000287585	AC231656.1	0.0		
ENSG00000287856	AL445524.2	8.5		
ENSG00000288000	AL031681.2	0.0		
ENSG00000288053	AC231657.3	0.0		
ENSG00000288460	SMIM42	0.0		
ENSG00000288520	AL357075.4	0.6		
ENSG00000288529	AL035699.1	0.0		
ENSG00000288558	DUS4L-BCAP29	3.1		
ENSG00000288570	AL359092.3	0.0		
ENSG00000288593	AP001054.1	0.0		
ENSG00000288602	C8orf44-SGK3	5.5		
ENSG00000288607	AC012254.6	0.0		
ENSG00000288608	AC010973.3	0.0		
ENSG00000288611	NPBWR1	0.0		
ENSG00000288614	AL031178.1	0.0		
ENSG00000288616	AC090373.2	0.0		
ENSG00000288623	AC063943.2	0.0		
ENSG00000288625	AC068870.4	0.0		
ENSG00000288626	AC242628.1	0.0		
ENSG00000288629	AC099569.1	0.0		
ENSG00000288631	AC012254.7	0.0		
ENSG00000288634	AC079741.2	1.6		
ENSG00000288635	AC106873.8	0.1		
ENSG00000288636	AL049569.3	11.0		
ENSG00000288637	AC013477.1	0.3		
ENSG00000288639	AC093246.1	0.0		
ENSG00000288642	CDR1	0.0		
ENSG00000288644	AC114402.2	0.0		
ENSG00000288645	AC084756.2	0.0		
ENSG00000288646	AL031178.2	0.0		
ENSG00000288654	AC119733.1	0.0		
ENSG00000288656	AC020765.6	0.0		
ENSG00000288658	AC010980.1	0.0		
ENSG00000288661	AL451106.1	0.0		
ENSG00000288671	AC006486.3	0.0		
ENSG00000288675	AP006621.6	0.3		
ENSG00000288677	AC105206.4	0.0		
ENSG00000288678	AL136115.4	0.0		
ENSG00000288681	AC136475.9	0.0		
ENSG00000288684	AL353671.1	0.2		
ENSG00000288695	AC064824.1	0.2		
