protein,RNA line ab,RNA type ab,binary_RNA line ab,binary_RNA type ab,one_hot_0,one_hot_1,one_hot_2,one_hot_3
9606.ENSP00000362111,59.5,96.4,1,1,1,0,0,0
9606.ENSP00000362122,0,0,0,0,0.25,0.25,0.25,0.25
9606.ENSP00000360644,194.5,69.5,1,1,0,0,1,0
9606.ENSP00000356746,3.6,11.4,1,1,0,1,0,0
9606.ENSP00000286031,12.5,3.2,1,1,0,0,1,0
9606.ENSP00000363117,0,1.3,0,1,1,0,0,0
9606.ENSP00000356399,0,844.7,0,1,1,0,0,0
9606.ENSP00000002165,173.7,33,1,1,1,0,0,0
9606.ENSP00000229416,128.3,106.2,1,1,0,0,1,0
9606.ENSP00000345702,42.1,6.9,1,1,1,0,0,0
9606.ENSP00000363530,2,1.9,1,1,0.25,0.25,0.25,0.25
9606.ENSP00000363520,5.8,4.4,1,1,0,0,1,0
9606.ENSP00000363944,29,12.9,1,1,0,0,1,0
9606.ENSP00000318066,0,9.6,0,1,0,0,1,0
9606.ENSP00000002829,22,0.6,1,1,0,1,0,0
9606.ENSP00000003084,0,0.4,0,1,1,0,0,0
9606.ENSP00000265742,11.6,14.3,1,1,0,0,1,0
9606.ENSP00000003100,108.7,36.9,1,1,1,0,0,0
9606.ENSP00000378015,16.6,9.8,1,1,1,0,0,0
9606.ENSP00000351284,9,2.5,1,1,0.25,0.25,0.25,0.25
9606.ENSP00000378040,29,53.3,1,1,0,0,1,0
9606.ENSP00000226299,115.3,104.1,1,1,0,0,0,1
9606.ENSP00000370588,364.9,120.6,1,1,1,0,0,0
9606.ENSP00000002596,0,0.5,0,1,1,0,0,0
9606.ENSP00000411613,0,0,0,0,1,0,0,0
9606.ENSP00000222462,0,0,0,0,0.25,0.25,0.25,0.25
9606.ENSP00000379228,0.2,0,1,0,0,1,0,0
9606.ENSP00000385334,40.5,2.7,1,1,0,1,0,0
9606.ENSP00000325240,202.3,100.9,1,1,0,1,0,0
9606.ENSP00000377059,16.7,6.2,1,1,1,0,0,0
9606.ENSP00000417626,0,1038,0,1,0,0,0,1
9606.ENSP00000000412,113.4,26.6,1,1,0,0,0,1
9606.ENSP00000443191,0.3,1.1,1,1,0,0,1,0
9606.ENSP00000001146,0.4,1,1,1,0,0,1,0
9606.ENSP00000385570,0,1.1,0,1,0,1,0,0
9606.ENSP00000457625,54,1.8,1,1,0,0,1,0
9606.ENSP00000264276,7.2,20.6,1,1,0,0,1,0
9606.ENSP00000286186,13.5,6.3,1,1,1,0,0,0
9606.ENSP00000312455,82.7,83.9,1,1,0,0,1,0
9606.ENSP00000233156,379.5,344.4,1,1,0,0,1,0
9606.ENSP00000002125,18.5,4.7,1,1,0,1,0,0
9606.ENSP00000343054,43.5,31.6,1,1,0,0,1,0
9606.ENSP00000180173,0.4,0,1,0,0.25,0.25,0.25,0.25
9606.ENSP00000004531,31.8,204.9,1,1,0.25,0.25,0.25,0.25
9606.ENSP00000000233,140.6,41.1,1,1,0.25,0.25,0.25,0.25
9606.ENSP00000468032,0.5,1.6,1,1,1,0,0,0
9606.ENSP00000475924,113.2,142.2,1,1,0.25,0.25,0.25,0.25
9606.ENSP00000317128,56,5.4,1,1,0,0,1,0
9606.ENSP00000346921,245.7,152.8,1,1,0,0,1,0
9606.ENSP00000226279,0,3.2,0,1,1,0,0,0
9606.ENSP00000001008,67.7,52.4,1,1,1,0,0,0
9606.ENSP00000383042,131.9,11.5,1,1,0,0,1,0
9606.ENSP00000266022,46.3,24.7,1,1,0,1,0,0
9606.ENSP00000158166,2,0.5,1,1,1,0,0,0
9606.ENSP00000416739,28.9,15.2,1,1,0,0,1,0
9606.ENSP00000307666,2.2,4.1,1,1,0,0,1,0
9606.ENSP00000468057,0.6,0.2,1,1,1,0,0,0
9606.ENSP00000320038,2.3,1.1,1,1,0,0,1,0
9606.ENSP00000458770,500.4,356.9,1,1,0,0,1,0
9606.ENSP00000005178,0,119.1,0,1,0,1,0,0
9606.ENSP00000357915,0,0,0,0,0,0,1,0
9606.ENSP00000231749,0.1,0.2,1,1,0.25,0.25,0.25,0.25
9606.ENSP00000384881,0,0,0,0,0.25,0.25,0.25,0.25
9606.ENSP00000368332,0,0,0,0,0.25,0.25,0.25,0.25
9606.ENSP00000400101,57.3,154.6,1,1,0,0,0,1
9606.ENSP00000265437,19.7,22.9,1,1,1,0,0,0
9606.ENSP00000434614,52.1,26.2,1,1,0,1,0,0
9606.ENSP00000262418,0.2,1.3,1,1,1,0,0,0
9606.ENSP00000352561,0,0,0,0,1,0,0,0
9606.ENSP00000326579,37.7,19.2,1,1,0,0,1,0
9606.ENSP00000005340,36.5,3.9,1,1,0,0,0,1
9606.ENSP00000161006,0,0,0,0,1,0,0,0
9606.ENSP00000470142,55.1,23,1,1,0,1,0,0
9606.ENSP00000005587,16,9.1,1,1,1,0,0,0
9606.ENSP00000360671,528.9,386.3,1,1,0,0,1,0
9606.ENSP00000378145,1,0.5,1,1,1,0,0,0
9606.ENSP00000006015,0.4,0,1,0,1,0,0,0
9606.ENSP00000292614,123.6,256.9,1,1,0.25,0.25,0.25,0.25
9606.ENSP00000225296,28.4,24.8,1,1,1,0,0,0
9606.ENSP00000321684,0,0,0,0,1,0,0,0
9606.ENSP00000406482,0,0.7,0,1,1,0,0,0
9606.ENSP00000367787,23.3,7.8,1,1,1,0,0,0
9606.ENSP00000005386,22,19,1,1,0,0,1,0
9606.ENSP00000289416,21.1,40.4,1,1,1,0,0,0
9606.ENSP00000261377,6.6,1.7,1,1,1,0,0,0
9606.ENSP00000377914,88.7,20.9,1,1,1,0,0,0
9606.ENSP00000478298,22,8.6,1,1,0,0,1,0
9606.ENSP00000367823,2.9,6.9,1,1,0,0,1,0
9606.ENSP00000480707,0.6,37.5,1,1,0,0,1,0
9606.ENSP00000265717,0,0.7,0,1,1,0,0,0
9606.ENSP00000312244,7.7,17,1,1,1,0,0,0
9606.ENSP00000262367,20.6,23.3,1,1,0,0,1,0
9606.ENSP00000345824,0,0.4,0,1,0,1,0,0
9606.ENSP00000225275,0,0,0,0,1,0,0,0
9606.ENSP00000222381,0.3,433.7,1,1,1,0,0,0
9606.ENSP00000318690,34.2,24.3,1,1,0,0,1,0
9606.ENSP00000006526,6.8,2.3,1,1,0,1,0,0
9606.ENSP00000413575,8.2,33.4,1,1,0,0,0,1
9606.ENSP00000265723,6.9,204.6,1,1,0,0,0,1
9606.ENSP00000312379,21.2,30.4,1,1,1,0,0,0
9606.ENSP00000006777,36.4,35.5,1,1,1,0,0,0
9606.ENSP00000293894,0.1,0,1,0,0.25,0.25,0.25,0.25
9606.ENSP00000305721,14.4,68.3,1,1,0,0,1,0
9606.ENSP00000382511,19,5.9,1,1,0,1,0,0
9606.ENSP00000444596,16.7,43.2,1,1,0.25,0.25,0.25,0.25
9606.ENSP00000347834,14.9,26.7,1,1,0.25,0.25,0.25,0.25
9606.ENSP00000349252,0.6,4.2,1,1,1,0,0,0
9606.ENSP00000420927,19.2,58.3,1,1,0,1,0,0
9606.ENSP00000007722,1.2,0.1,1,1,0,0,1,0
9606.ENSP00000368475,10.9,23,1,1,0,1,0,0
9606.ENSP00000408411,69.2,182,1,1,0,0,1,0
9606.ENSP00000262407,0.8,0,1,0,1,0,0,0
9606.ENSP00000321388,4.8,1.9,1,1,0.25,0.25,0.25,0.25
9606.ENSP00000261386,44.8,23.3,1,1,0.25,0.25,0.25,0.25
9606.ENSP00000351422,12.1,231.5,1,1,0,0,1,0
9606.ENSP00000376188,413.3,0.1,1,1,1,0,0,0
9606.ENSP00000007414,3.8,0.7,1,1,1,0,0,0
9606.ENSP00000463245,186.2,12.5,1,1,0,0,1,0
9606.ENSP00000007699,0,1.3,0,1,1,0,0,0
9606.ENSP00000007735,0,0,0,0,1,0,0,0
9606.ENSP00000482657,2.4,5.3,1,1,0,1,0,0
9606.ENSP00000303960,0,0.1,0,1,1,0,0,0
9606.ENSP00000005284,0,0,0,0,1,0,0,0
9606.ENSP00000005286,33.4,0,1,0,0,1,0,0
9606.ENSP00000482835,64.7,71.5,1,1,0,0,0,1
9606.ENSP00000321106,0,0,0,0,1,0,0,0
9606.ENSP00000219069,37.4,4.8,1,1,0,0,1,0
9606.ENSP00000006053,97.9,10,1,1,0,0,1,0
9606.ENSP00000006658,45.8,19.4,1,1,0,1,0,0
9606.ENSP00000352011,0.2,0,1,0,0.25,0.25,0.25,0.25
9606.ENSP00000326737,79.9,21.1,1,1,1,0,0,0
9606.ENSP00000428480,7.2,0,1,0,0.25,0.25,0.25,0.25
9606.ENSP00000451263,4.7,3.3,1,1,0,0,1,0
9606.ENSP00000005257,31.9,31.3,1,1,0,1,0,0
9606.ENSP00000005260,22.8,15.7,1,1,0,0,1,0
9606.ENSP00000380692,6.4,16,1,1,0,0,0,1
9606.ENSP00000405327,0,11.5,0,1,0.25,0.25,0.25,0.25
9606.ENSP00000347581,21.6,3.8,1,1,0,0,1,0
9606.ENSP00000473990,11.8,2,1,1,0,0,1,0
9606.ENSP00000360323,0.1,1.4,1,1,0,0,1,0
9606.ENSP00000403042,7.3,4.2,1,1,0,0,1,0
9606.ENSP00000378365,0.6,0,1,0,0.25,0.25,0.25,0.25
9606.ENSP00000264042,21.7,10.4,1,1,0,0,0,1
9606.ENSP00000005226,0,0,0,0,1,0,0,0
9606.ENSP00000275428,76.8,59.8,1,1,0,0,1,0
9606.ENSP00000265728,0.5,9.1,1,1,0.25,0.25,0.25,0.25
9606.ENSP00000393333,0.2,1.1,1,1,0.25,0.25,0.25,0.25
9606.ENSP00000384477,31.6,14.8,1,1,0,0,1,0
9606.ENSP00000353893,0.1,0,1,0,0.25,0.25,0.25,0.25
9606.ENSP00000261643,18.3,8.4,1,1,0,0,1,0
9606.ENSP00000397566,22.1,3.9,1,1,0,0,0,1
9606.ENSP00000221265,58.1,23.5,1,1,1,0,0,0
9606.ENSP00000309457,17.6,23.3,1,1,0,0,1,0
9606.ENSP00000368994,1.6,2.1,1,1,1,0,0,0
9606.ENSP00000337445,54.6,27.1,1,1,0,0,1,0
9606.ENSP00000297029,0.2,0.1,1,1,1,0,0,0
9606.ENSP00000370546,4.6,95.7,1,1,0,0,0,1
9606.ENSP00000370430,35.3,67,1,1,1,0,0,0
9606.ENSP00000404570,0,0,0,0,0.25,0.25,0.25,0.25
9606.ENSP00000349616,30.5,95.8,1,1,1,0,0,0
9606.ENSP00000265334,1.6,1.9,1,1,0.25,0.25,0.25,0.25
9606.ENSP00000474090,0.1,8.6,1,1,0.25,0.25,0.25,0.25
9606.ENSP00000005995,0,0,0,0,1,0,0,0
9606.ENSP00000262891,18.9,9.6,1,1,0,1,0,0
9606.ENSP00000426809,5.6,0.1,1,1,1,0,0,0
9606.ENSP00000471455,136.9,67,1,1,0,0,1,0
9606.ENSP00000385739,0,0.1,0,1,0,0,1,0
9606.ENSP00000380378,25.8,31.6,1,1,1,0,0,0
9606.ENSP00000327251,0,0,0,0,0,1,0,0
9606.ENSP00000262442,0,0,0,0,1,0,0,0
9606.ENSP00000436773,44.5,24.2,1,1,1,0,0,0
9606.ENSP00000392411,0,0.2,0,1,1,0,0,0
9606.ENSP00000407552,0.6,0.7,1,1,1,0,0,0
9606.ENSP00000006275,17.6,120.3,1,1,0,0,1,0
9606.ENSP00000378485,1.6,1.8,1,1,1,0,0,0
9606.ENSP00000006724,0,0,0,0,1,0,0,0
9606.ENSP00000376544,0.5,1.7,1,1,1,0,0,0
9606.ENSP00000396320,0,0,0,0,0.25,0.25,0.25,0.25
9606.ENSP00000350734,2.6,7.5,1,1,0,1,0,0
9606.ENSP00000358931,0,0,0,0,1,0,0,0
9606.ENSP00000404100,4.4,0,1,0,1,0,0,0
9606.ENSP00000455026,28.8,5,1,1,0,0,1,0
9606.ENSP00000262316,6.2,2,1,1,0.25,0.25,0.25,0.25
9606.ENSP00000293872,53,9.2,1,1,0,0,1,0
9606.ENSP00000418081,0,0,0,0,1,0,0,0
9606.ENSP00000324510,1.8,3.3,1,1,0,1,0,0
9606.ENSP00000007390,54.1,51.4,1,1,0,0,1,0
9606.ENSP00000026218,14.1,11.8,1,1,0,1,0,0
9606.ENSP00000380559,8.3,2.6,1,1,0,1,0,0
9606.ENSP00000345772,41.4,9.7,1,1,0.25,0.25,0.25,0.25
9606.ENSP00000331736,0,7.1,0,1,1,0,0,0
9606.ENSP00000366800,57.4,8.6,1,1,0.25,0.25,0.25,0.25
9606.ENSP00000356729,0,411.6,0,1,0,0,0,1
9606.ENSP00000349298,3.3,1,1,1,0.25,0.25,0.25,0.25
9606.ENSP00000362057,0.5,0,1,0,0.25,0.25,0.25,0.25
9606.ENSP00000355249,2.8,0.4,1,1,1,0,0,0
9606.ENSP00000262193,709.5,423.2,1,1,0,0,1,0
9606.ENSP00000295987,0,1.2,0,1,1,0,0,0
9606.ENSP00000341280,13.5,15.1,1,1,0,0,1,0
9606.ENSP00000369325,2.5,3.5,1,1,0,1,0,0
9606.ENSP00000009105,0,0,0,0,0.25,0.25,0.25,0.25
9606.ENSP00000384442,19.7,14.2,1,1,1,0,0,0
9606.ENSP00000367890,74,86.4,1,1,0,0,1,0
9606.ENSP00000377265,0,0,0,0,1,0,0,0
9606.ENSP00000008391,0,0,0,0,0.25,0.25,0.25,0.25
9606.ENSP00000308597,0,0.2,0,1,1,0,0,0
9606.ENSP00000297044,4.1,0.9,1,1,1,0,0,0
9606.ENSP00000265727,2.4,0.1,1,1,0.25,0.25,0.25,0.25
9606.ENSP00000011473,57.5,89.4,1,1,0,1,0,0
9606.ENSP00000376702,3.6,9.9,1,1,1,0,0,0
9606.ENSP00000262013,39.7,45.6,1,1,1,0,0,0
9606.ENSP00000164024,3.9,0.2,1,1,1,0,0,0
9606.ENSP00000377040,11.3,223.2,1,1,0,0,0,1
9606.ENSP00000380185,14.3,2,1,1,1,0,0,0
9606.ENSP00000401115,37,70.2,1,1,0,0,1,0
9606.ENSP00000471735,28.9,21.9,1,1,0,1,0,0
9606.ENSP00000379512,551.4,4707.3,1,1,0,0,0,1
9606.ENSP00000008527,13.9,15.7,1,1,0,1,0,0
9606.ENSP00000008938,0.2,0,1,0,1,0,0,0
9606.ENSP00000380781,20.9,29,1,1,0,0,1,0
9606.ENSP00000428540,36,139.7,1,1,0,0,0,1
9606.ENSP00000337816,0,0.2,0,1,0,1,0,0
9606.ENSP00000432218,488,135.7,1,1,0.25,0.25,0.25,0.25
9606.ENSP00000262304,4.7,17,1,1,0,0,1,0
9606.ENSP00000330572,1.5,0.1,1,1,0.25,0.25,0.25,0.25
9606.ENSP00000377686,82.6,12.8,1,1,0.25,0.25,0.25,0.25
9606.ENSP00000427926,8.4,2,1,1,0,0,1,0
9606.ENSP00000233099,11.8,6.6,1,1,0,0,1,0
9606.ENSP00000337688,108.2,1107.7,1,1,0,1,0,0
9606.ENSP00000429374,3364.1,2771.6,1,1,0,1,0,0
9606.ENSP00000481762,352.7,176.3,1,1,0,1,0,0
9606.ENSP00000309198,33.6,39.9,1,1,0,0,1,0
9606.ENSP00000351697,13.8,12.1,1,1,0,0,1,0
9606.ENSP00000403954,0,14.8,0,1,0.25,0.25,0.25,0.25
9606.ENSP00000364524,0,0,0,0,0.25,0.25,0.25,0.25
9606.ENSP00000383690,16.7,641.9,1,1,1,0,0,0
9606.ENSP00000229447,0.1,24.6,1,1,1,0,0,0
9606.ENSP00000010299,10.4,18.2,1,1,1,0,0,0
9606.ENSP00000355991,0,4,0,1,1,0,0,0
9606.ENSP00000261534,6,3.6,1,1,1,0,0,0
9606.ENSP00000356602,87.9,23.8,1,1,0,0,1,0
9606.ENSP00000320886,89.7,201.1,1,1,0.25,0.25,0.25,0.25
9606.ENSP00000342434,54.6,58.5,1,1,1,0,0,0
9606.ENSP00000011619,42.8,15.5,1,1,0,0,1,0
9606.ENSP00000341843,0,0.2,0,1,0.25,0.25,0.25,0.25
9606.ENSP00000295050,8.4,8.4,1,1,1,0,0,0
9606.ENSP00000354920,22.4,9.3,1,1,0,0,1,0
9606.ENSP00000441755,3.7,12.3,1,1,1,0,0,0
9606.ENSP00000378165,184.1,53.5,1,1,0,0,0,1
9606.ENSP00000203407,342.8,167.1,1,1,0,0,0,1
9606.ENSP00000009041,42.9,12,1,1,0,1,0,0
9606.ENSP00000371958,26.8,38.6,1,1,1,0,0,0
9606.ENSP00000405423,0,0,0,0,1,0,0,0
9606.ENSP00000325017,74.4,2.9,1,1,0,1,0,0
9606.ENSP00000482285,8.7,5.8,1,1,1,0,0,0
9606.ENSP00000467494,0.4,0,1,0,0,0,1,0
9606.ENSP00000333024,3,3.4,1,1,1,0,0,0
9606.ENSP00000231721,15.9,0,1,0,0.25,0.25,0.25,0.25
9606.ENSP00000339958,24.6,11.7,1,1,0,1,0,0
9606.ENSP00000312946,0.1,13,1,1,0,1,0,0
9606.ENSP00000313309,0.1,8,1,1,0,0,1,0
9606.ENSP00000339260,0,18.9,0,1,0.25,0.25,0.25,0.25
9606.ENSP00000339801,5.8,4.4,1,1,0,0,0,1
9606.ENSP00000354280,0,6.5,0,1,1,0,0,0
9606.ENSP00000395723,9.4,5.1,1,1,0,1,0,0
9606.ENSP00000011653,1,25.2,1,1,1,0,0,0
9606.ENSP00000390932,3.7,1.4,1,1,1,0,0,0
9606.ENSP00000483570,0,0.4,0,1,1,0,0,0
9606.ENSP00000417404,3.7,10.3,1,1,0,1,0,0
9606.ENSP00000318094,37.6,5.9,1,1,0.25,0.25,0.25,0.25
9606.ENSP00000346671,28.6,68.2,1,1,0,0,1,0
9606.ENSP00000356575,3.7,3.6,1,1,0.25,0.25,0.25,0.25
9606.ENSP00000481732,0,0.2,0,1,1,0,0,0
9606.ENSP00000395574,38,49.6,1,1,0,0,1,0
9606.ENSP00000363638,131.2,28.6,1,1,0.25,0.25,0.25,0.25
9606.ENSP00000234488,15.3,6.9,1,1,1,0,0,0
9606.ENSP00000307513,0,0,0,0,1,0,0,0
9606.ENSP00000376886,26.8,0,1,0,0,1,0,0
9606.ENSP00000230671,0,0,0,0,0.25,0.25,0.25,0.25
9606.ENSP00000011898,27.8,30.7,1,1,1,0,0,0
9606.ENSP00000335615,3.1,18.2,1,1,0,0,1,0
9606.ENSP00000315136,6.4,9.8,1,1,0,0,1,0
9606.ENSP00000376827,15.2,5.7,1,1,0,1,0,0
9606.ENSP00000390849,5.4,26.3,1,1,1,0,0,0
9606.ENSP00000262648,0,0,0,0,0.25,0.25,0.25,0.25
9606.ENSP00000380557,33.2,13.7,1,1,0,0,1,0
9606.ENSP00000468304,13.6,10.1,1,1,0,0,0,1
9606.ENSP00000225298,96.6,18.4,1,1,0,0,1,0
9606.ENSP00000374552,22.2,12.7,1,1,0,0,1,0
9606.ENSP00000261647,6.5,34.9,1,1,0,0,1,0
9606.ENSP00000349428,420.2,73.8,1,1,0,1,0,0
9606.ENSP00000347716,1.8,0,1,0,1,0,0,0
9606.ENSP00000444201,3.6,60.8,1,1,1,0,0,0
9606.ENSP00000408576,17.5,7.7,1,1,0,0,1,0
9606.ENSP00000265970,21.6,25.7,1,1,0,0,1,0
9606.ENSP00000339328,4.3,0.9,1,1,1,0,0,0
9606.ENSP00000265748,50.1,0.4,1,1,1,0,0,0
9606.ENSP00000263381,11.4,14.6,1,1,0,0,0,1
9606.ENSP00000362751,23.7,13.9,1,1,1,0,0,0
9606.ENSP00000052754,0.7,2.2,1,1,1,0,0,0
9606.ENSP00000012049,23.9,1.4,1,1,1,0,0,0
9606.ENSP00000012443,55.9,20.3,1,1,0,1,0,0
9606.ENSP00000367229,7.6,8,1,1,0,0,1,0
9606.ENSP00000263881,39,17.5,1,1,1,0,0,0
9606.ENSP00000376035,0,0,0,0,1,0,0,0
9606.ENSP00000262629,0,24.3,0,1,1,0,0,0
9606.ENSP00000233047,7.6,0.4,1,1,0,0,1,0
9606.ENSP00000359337,0,0,0,0,1,0,0,0
9606.ENSP00000418960,29.7,19.2,1,1,0,1,0,0
9606.ENSP00000013807,36.7,32.9,1,1,0,1,0,0
9606.ENSP00000085219,2.5,0.2,1,1,1,0,0,0
9606.ENSP00000484146,146.3,0.8,1,1,0,0,1,0
9606.ENSP00000368798,13.7,16.9,1,1,0,0,1,0
9606.ENSP00000470248,4.6,2.7,1,1,1,0,0,0
9606.ENSP00000231751,0,0,0,0,1,0,0,0
9606.ENSP00000220562,13.8,9.4,1,1,0,0,1,0
9606.ENSP00000447149,36.4,110.4,1,1,0.25,0.25,0.25,0.25
9606.ENSP00000359956,98.3,88.9,1,1,0,1,0,0
9606.ENSP00000363512,0,2.1,0,1,1,0,0,0
9606.ENSP00000449960,5.5,15.1,1,1,0,0,1,0
9606.ENSP00000013070,22.6,9.5,1,1,0,1,0,0
9606.ENSP00000013125,21.5,7.9,1,1,1,0,0,0
9606.ENSP00000327116,0.2,5.1,1,1,1,0,0,0
9606.ENSP00000157812,81.2,62.9,1,1,0,0,1,0
9606.ENSP00000285599,11,36.1,1,1,0.25,0.25,0.25,0.25
9606.ENSP00000231706,0,0.4,0,1,1,0,0,0
9606.ENSP00000064724,5.9,0.6,1,1,1,0,0,0
9606.ENSP00000366299,248.8,74,1,1,1,0,0,0
9606.ENSP00000378760,57.3,23.2,1,1,1,0,0,0
9606.ENSP00000454264,30,43,1,1,0,0,1,0
9606.ENSP00000425809,97.6,30.4,1,1,0,1,0,0
9606.ENSP00000358739,6.4,6.9,1,1,0,0,1,0
9606.ENSP00000394734,27.5,33.1,1,1,0,0,1,0
9606.ENSP00000228347,12,11.1,1,1,0,0,1,0
9606.ENSP00000251089,13.9,9.3,1,1,1,0,0,0
9606.ENSP00000378028,22.5,29.8,1,1,0,0,1,0
9606.ENSP00000358824,7.5,7.3,1,1,0,1,0,0
9606.ENSP00000440402,20.5,5.5,1,1,1,0,0,0
9606.ENSP00000014930,60.1,134.6,1,1,1,0,0,0
9606.ENSP00000014914,1.9,0.2,1,1,1,0,0,0
9606.ENSP00000414517,0.2,3.9,1,1,0,1,0,0
9606.ENSP00000323280,0,1.3,0,1,1,0,0,0
9606.ENSP00000326550,66.6,5.3,1,1,1,0,0,0
9606.ENSP00000358283,19.8,56.2,1,1,0,0,1,0
9606.ENSP00000265465,10.6,2.4,1,1,0,1,0,0
9606.ENSP00000262577,14.4,9.1,1,1,0,0,1,0
9606.ENSP00000431984,85.3,33.1,1,1,0,1,0,0
9606.ENSP00000323036,0.2,0,1,0,1,0,0,0
9606.ENSP00000438144,326.3,196.7,1,1,0,0,1,0
9606.ENSP00000264451,9.7,21.8,1,1,0,0,1,0
9606.ENSP00000391668,0.6,1.6,1,1,1,0,0,0
9606.ENSP00000016171,30.8,27.9,1,1,0,0,1,0
9606.ENSP00000374507,8.5,0.8,1,1,1,0,0,0
9606.ENSP00000328004,6.5,112.2,1,1,0,1,0,0
9606.ENSP00000381053,42.7,31.9,1,1,0.25,0.25,0.25,0.25
9606.ENSP00000365891,0,3.5,0,1,1,0,0,0
9606.ENSP00000376807,32.4,0,1,0,1,0,0,0
9606.ENSP00000318822,66.4,52.3,1,1,0,1,0,0
9606.ENSP00000354346,111.5,0.2,1,1,0,0,0,1
9606.ENSP00000289547,17.8,33.9,1,1,0,0,1,0
9606.ENSP00000017003,17.8,6.1,1,1,0.25,0.25,0.25,0.25
9606.ENSP00000016946,7.1,0.5,1,1,0,1,0,0
9606.ENSP00000342538,0,0,0,0,0.25,0.25,0.25,0.25
9606.ENSP00000347626,2.6,30.4,1,1,0,1,0,0
9606.ENSP00000230658,0,0,0,0,0,0,1,0
9606.ENSP00000319851,76.3,42.1,1,1,0,1,0,0
9606.ENSP00000314976,0,0,0,0,1,0,0,0
9606.ENSP00000234701,0,0,0,0,1,0,0,0
9606.ENSP00000359594,0.1,0,1,0,1,0,0,0
9606.ENSP00000266014,84.7,39.3,1,1,0,0,0,1
9606.ENSP00000421326,34.9,25.2,1,1,0,1,0,0
9606.ENSP00000302665,0,240.9,0,1,1,0,0,0
9606.ENSP00000471683,94.3,0.3,1,1,1,0,0,0
9606.ENSP00000019317,30.8,95.6,1,1,0,1,0,0
9606.ENSP00000370394,11.5,26,1,1,0,1,0,0
9606.ENSP00000447006,0,0,0,0,1,0,0,0
9606.ENSP00000233202,0.2,6.6,1,1,1,0,0,0
9606.ENSP00000419465,53.2,22.5,1,1,0,0,1,0
9606.ENSP00000264167,67.6,32.5,1,1,0,1,0,0
9606.ENSP00000441786,15.8,7.7,1,1,0,0,1,0
9606.ENSP00000354490,0.7,0,1,0,0,1,0,0
9606.ENSP00000313953,36.5,3.2,1,1,0,0,0,1
9606.ENSP00000301310,1.1,4.6,1,1,1,0,0,0
9606.ENSP00000318684,6.2,0.2,1,1,0,1,0,0
9606.ENSP00000354498,5.4,0.5,1,1,0,1,0,0
9606.ENSP00000318916,0,3.6,0,1,1,0,0,0
9606.ENSP00000216862,100.8,0,1,0,1,0,0,0
9606.ENSP00000480626,3.6,0.7,1,1,0,0,0,1
9606.ENSP00000020926,0.1,0,1,0,0,0,1,0
9606.ENSP00000380034,0.3,7.9,1,1,0,0,1,0
9606.ENSP00000009530,198.2,48,1,1,1,0,0,0
9606.ENSP00000222390,0.2,0,1,0,0,1,0,0
9606.ENSP00000352676,13.8,41.9,1,1,0,1,0,0
9606.ENSP00000362340,11.2,3.9,1,1,1,0,0,0
9606.ENSP00000406367,0.2,0.8,1,1,0.25,0.25,0.25,0.25
9606.ENSP00000216923,20.2,5.6,1,1,0.25,0.25,0.25,0.25
9606.ENSP00000261245,45.4,29.9,1,1,1,0,0,0
9606.ENSP00000375919,10,61.4,1,1,0,1,0,0
9606.ENSP00000382800,0.3,1.2,1,1,1,0,0,0
9606.ENSP00000325863,20.7,5.6,1,1,0,0,1,0
9606.ENSP00000346127,106.7,0.1,1,1,0.25,0.25,0.25,0.25
9606.ENSP00000370115,34,21.2,1,1,1,0,0,0
9606.ENSP00000222382,2.6,3.8,1,1,0,0,1,0
9606.ENSP00000023064,6.7,12.7,1,1,1,0,0,0
9606.ENSP00000480893,17.6,9.1,1,1,0,0,1,0
9606.ENSP00000451648,0,0.1,0,1,1,0,0,0
9606.ENSP00000263650,0,0.7,0,1,0,0,1,0
9606.ENSP00000156471,5.5,15.5,1,1,0.25,0.25,0.25,0.25
9606.ENSP00000402608,17,1781.9,1,1,0,0,0,1
9606.ENSP00000360281,9.2,250,1,1,0,0,1,0
9606.ENSP00000377710,0.2,6.8,1,1,1,0,0,0
9606.ENSP00000023939,134.5,64,1,1,1,0,0,0
9606.ENSP00000393097,0,0,0,0,1,0,0,0
9606.ENSP00000445135,0.2,0,1,0,0.25,0.25,0.25,0.25
9606.ENSP00000428137,0,0,0,0,0,1,0,0
9606.ENSP00000322242,109.6,52.2,1,1,0,0,1,0
9606.ENSP00000399863,8.9,4.9,1,1,0,0,1,0
9606.ENSP00000358413,38.1,22.2,1,1,1,0,0,0
9606.ENSP00000402457,0.6,0,1,0,0,1,0,0
9606.ENSP00000433999,56.2,71.8,1,1,1,0,0,0
9606.ENSP00000392709,72.5,89.9,1,1,0,1,0,0
9606.ENSP00000025008,19.7,44.3,1,1,1,0,0,0
9606.ENSP00000262455,21.1,65.7,1,1,0.25,0.25,0.25,0.25
9606.ENSP00000378416,49.5,270.9,1,1,0,0,1,0
9606.ENSP00000263464,1.8,2.9,1,1,0,1,0,0
9606.ENSP00000025301,7.6,19.1,1,1,0,0,1,0
9606.ENSP00000356410,34.7,42.6,1,1,0,0,1,0
9606.ENSP00000216294,8.4,5.7,1,1,0.25,0.25,0.25,0.25
9606.ENSP00000416583,53.3,53.4,1,1,0.25,0.25,0.25,0.25
9606.ENSP00000392270,135.4,83.6,1,1,0,0,1,0
9606.ENSP00000359478,172.2,215.9,1,1,0,0,0,1
9606.ENSP00000319831,10.5,1.7,1,1,1,0,0,0
9606.ENSP00000358120,9.1,1,1,1,0.25,0.25,0.25,0.25
9606.ENSP00000359258,29.9,103.5,1,1,0,0,1,0
9606.ENSP00000361990,16.6,30.3,1,1,0,0,1,0
9606.ENSP00000263277,0.5,2.7,1,1,1,0,0,0
9606.ENSP00000412292,10.1,1.9,1,1,1,0,0,0
9606.ENSP00000479060,19.9,55.8,1,1,0,1,0,0
9606.ENSP00000358423,0.2,12,1,1,0,1,0,0
9606.ENSP00000357440,22.2,4.9,1,1,1,0,0,0
9606.ENSP00000363124,15.4,17.2,1,1,0,1,0,0
9606.ENSP00000451406,1.9,1769.5,1,1,0,0,0,1
9606.ENSP00000477707,30.6,58.9,1,1,0,1,0,0
9606.ENSP00000379038,5.1,81.9,1,1,1,0,0,0
9606.ENSP00000299821,58.4,8.8,1,1,0,1,0,0
9606.ENSP00000361900,101.6,8.7,1,1,1,0,0,0
9606.ENSP00000357998,43.5,106.9,1,1,0,1,0,0
9606.ENSP00000362728,22.5,56.6,1,1,0,1,0,0
9606.ENSP00000446007,3.4,13.9,1,1,1,0,0,0
9606.ENSP00000347979,11.6,18.9,1,1,0.25,0.25,0.25,0.25
9606.ENSP00000426455,154,19.7,1,1,0,1,0,0
9606.ENSP00000398632,1.8,7.1,1,1,1,0,0,0
9606.ENSP00000360626,0,0,0,0,0,0,1,0
9606.ENSP00000314036,0.1,0.2,1,1,0,1,0,0
9606.ENSP00000357022,0,0.5,0,1,1,0,0,0
9606.ENSP00000289361,5.9,4.3,1,1,0,0,1,0
9606.ENSP00000371607,16.9,4.8,1,1,0,1,0,0
9606.ENSP00000329127,0.6,1.2,1,1,0,0,1,0
9606.ENSP00000357178,0,0,0,0,0.25,0.25,0.25,0.25
9606.ENSP00000356713,151,49,1,1,1,0,0,0
9606.ENSP00000029410,27.6,16.1,1,1,1,0,0,0
9606.ENSP00000376123,0.7,0.7,1,1,1,0,0,0
9606.ENSP00000408002,30.5,9,1,1,0,1,0,0
9606.ENSP00000365435,0,14.1,0,1,1,0,0,0
9606.ENSP00000410083,6.5,32.9,1,1,0,0,1,0
9606.ENSP00000431603,0.2,1.3,1,1,1,0,0,0
9606.ENSP00000419765,16.5,22.2,1,1,1,0,0,0
9606.ENSP00000261889,101.3,33,1,1,0,1,0,0
9606.ENSP00000237264,30.2,12.3,1,1,1,0,0,0
9606.ENSP00000266503,14.1,3.1,1,1,1,0,0,0
9606.ENSP00000435210,99.6,47.6,1,1,0,0,0,1
9606.ENSP00000336887,25.1,56.1,1,1,0,1,0,0
9606.ENSP00000265709,0,0.1,0,1,1,0,0,0
9606.ENSP00000226284,0,0,0,0,0.25,0.25,0.25,0.25
9606.ENSP00000356134,30.9,28.5,1,1,0,1,0,0
9606.ENSP00000445408,36.2,37.7,1,1,0,1,0,0
9606.ENSP00000359393,148.7,100.9,1,1,1,0,0,0
9606.ENSP00000367721,42.2,9.7,1,1,0.25,0.25,0.25,0.25
9606.ENSP00000363591,31.9,4.1,1,1,1,0,0,0
9606.ENSP00000363571,0,0,0,0,0.25,0.25,0.25,0.25
9606.ENSP00000412869,0.5,1.9,1,1,0,0,1,0
9606.ENSP00000053867,232.7,76.5,1,1,0.25,0.25,0.25,0.25
9606.ENSP00000033079,8.3,4.3,1,1,1,0,0,0
9606.ENSP00000264245,0,0.5,0,1,0,1,0,0
9606.ENSP00000337289,19.1,4.6,1,1,1,0,0,0
9606.ENSP00000234677,121.8,146.5,1,1,1,0,0,0
9606.ENSP00000341483,83.5,11.8,1,1,0,1,0,0
9606.ENSP00000347602,8.9,37.9,1,1,0.25,0.25,0.25,0.25
9606.ENSP00000371559,75.7,11.1,1,1,1,0,0,0
9606.ENSP00000407509,19.9,13.8,1,1,0,0,1,0
9606.ENSP00000323580,11.5,19.2,1,1,0.25,0.25,0.25,0.25
9606.ENSP00000262374,103.2,16.1,1,1,0,1,0,0
9606.ENSP00000438993,12.7,15.1,1,1,0,1,0,0
9606.ENSP00000222388,23.9,13.1,1,1,1,0,0,0
9606.ENSP00000035307,27.9,7.9,1,1,0,0,1,0
9606.ENSP00000035383,0,4.5,0,1,0.25,0.25,0.25,0.25
9606.ENSP00000353910,19.1,1.8,1,1,0,1,0,0
9606.ENSP00000313454,14.2,22.7,1,1,1,0,0,0
9606.ENSP00000354952,4.9,0.2,1,1,0,0,1,0
9606.ENSP00000264649,21,28.6,1,1,0,0,1,0
9606.ENSP00000249636,14.5,31.8,1,1,0,0,1,0
9606.ENSP00000295736,8,4.1,1,1,1,0,0,0
9606.ENSP00000453293,0.1,1,1,1,0,0,1,0
9606.ENSP00000345083,95.4,64.7,1,1,1,0,0,0
9606.ENSP00000262103,0,0.1,0,1,1,0,0,0
9606.ENSP00000233143,2486.1,433.8,1,1,0.25,0.25,0.25,0.25
9606.ENSP00000426421,5.3,5.9,1,1,1,0,0,0
9606.ENSP00000428968,16.8,38.1,1,1,0,1,0,0
9606.ENSP00000356563,19.1,22,1,1,0,0,1,0
9606.ENSP00000037243,144.5,151.9,1,1,0,1,0,0
9606.ENSP00000037502,0,0,0,0,1,0,0,0
9606.ENSP00000348471,16,8.3,1,1,1,0,0,0
9606.ENSP00000037869,129.4,61.4,1,1,0,0,1,0
9606.ENSP00000211998,33.5,27.6,1,1,0,1,0,0
9606.ENSP00000265036,43,0,1,0,1,0,0,0
9606.ENSP00000261891,0.1,1.5,1,1,0.25,0.25,0.25,0.25
9606.ENSP00000411012,18.3,3.5,1,1,0,0,1,0
9606.ENSP00000355493,41.9,35,1,1,0,0,1,0
9606.ENSP00000265404,0,0,0,0,1,0,0,0
9606.ENSP00000262768,41.9,6.5,1,1,1,0,0,0
9606.ENSP00000371321,42.9,93.2,1,1,1,0,0,0
9606.ENSP00000377700,18.1,18.4,1,1,0,0,0,1
9606.ENSP00000264414,77.6,37,1,1,0,1,0,0
9606.ENSP00000262113,0,8.1,0,1,0,0,1,0
9606.ENSP00000039007,0.2,132.6,1,1,0,0,0,1
9606.ENSP00000261835,0,1.4,0,1,0.25,0.25,0.25,0.25
9606.ENSP00000359837,18.5,12,1,1,1,0,0,0
9606.ENSP00000387549,0,0,0,0,1,0,0,0
9606.ENSP00000260187,11.5,22,1,1,0,0,1,0
9606.ENSP00000420194,0.1,0.1,1,1,1,0,0,0
9606.ENSP00000251412,24.4,2.7,1,1,0,0,1,0
9606.ENSP00000428223,146.2,127.2,1,1,0,0,1,0
9606.ENSP00000261937,0.4,0.8,1,1,1,0,0,0
9606.ENSP00000264670,66.4,28.3,1,1,0,0,0,1
9606.ENSP00000364742,8.2,9,1,1,0,0,1,0
9606.ENSP00000322956,15,9,1,1,0,0,1,0
9606.ENSP00000040663,12.7,10.4,1,1,0,1,0,0
9606.ENSP00000314441,31.2,6.9,1,1,0,1,0,0
9606.ENSP00000040584,0.1,0,1,0,0.25,0.25,0.25,0.25
9606.ENSP00000264595,16.4,22.2,1,1,0,1,0,0
9606.ENSP00000264864,27.6,35.1,1,1,0,0,1,0
9606.ENSP00000040738,20,27.6,1,1,1,0,0,0
9606.ENSP00000325425,51.6,56.5,1,1,1,0,0,0
9606.ENSP00000061240,0,0,0,0,0.25,0.25,0.25,0.25
9606.ENSP00000351811,30.4,0.1,1,1,0,1,0,0
9606.ENSP00000339299,12.3,13.8,1,1,0,1,0,0
9606.ENSP00000265077,2.4,3.4,1,1,1,0,0,0
9606.ENSP00000387122,15.4,12.7,1,1,0,0,1,0
9606.ENSP00000262101,2.6,2.3,1,1,1,0,0,0
9606.ENSP00000261769,30,52.7,1,1,0,0,1,0
9606.ENSP00000230640,35.4,26.9,1,1,0,0,0,1
9606.ENSP00000265104,0,8.2,0,1,1,0,0,0
9606.ENSP00000337159,10.9,14.7,1,1,1,0,0,0
9606.ENSP00000400099,23.1,7.9,1,1,0,0,1,0
9606.ENSP00000263413,0.2,327.4,1,1,0,1,0,0
9606.ENSP00000427123,21.8,19.6,1,1,1,0,0,0
9606.ENSP00000265007,0,0,0,0,1,0,0,0
9606.ENSP00000323511,15.7,15.8,1,1,0,1,0,0
9606.ENSP00000448310,0.5,0,1,0,1,0,0,0
9606.ENSP00000457991,6.3,3.8,1,1,1,0,0,0
9606.ENSP00000265295,37.5,2.7,1,1,0,1,0,0
9606.ENSP00000428756,24.7,56.2,1,1,0,1,0,0
9606.ENSP00000364295,25.3,8.7,1,1,1,0,0,0
9606.ENSP00000371294,18.4,6.9,1,1,0.25,0.25,0.25,0.25
9606.ENSP00000043402,0.7,2.8,1,1,0.25,0.25,0.25,0.25
9606.ENSP00000322579,49.5,13.3,1,1,0,0,1,0
9606.ENSP00000264463,0,0,0,0,1,0,0,0
9606.ENSP00000074304,8.3,3.2,1,1,1,0,0,0
9606.ENSP00000262094,0,0.6,0,1,0,1,0,0
9606.ENSP00000044462,257.8,222.9,1,1,0,0,1,0
9606.ENSP00000401633,0,5.3,0,1,0.25,0.25,0.25,0.25
9606.ENSP00000265245,22.7,11.2,1,1,0,1,0,0
9606.ENSP00000381740,12.4,8.5,1,1,0,0,1,0
9606.ENSP00000265131,0.1,0,1,0,1,0,0,0
9606.ENSP00000054650,14.3,10.9,1,1,0,0,0,1
9606.ENSP00000332663,0.1,1.9,1,1,1,0,0,0
9606.ENSP00000337353,21.3,3.9,1,1,0,0,1,0
9606.ENSP00000478931,114.9,25.9,1,1,1,0,0,0
9606.ENSP00000377176,2.1,4.4,1,1,1,0,0,0
9606.ENSP00000251871,1.8,3.6,1,1,0.25,0.25,0.25,0.25
9606.ENSP00000295802,54.3,48,1,1,0,0,1,0
9606.ENSP00000263867,22,1.1,1,1,1,0,0,0
9606.ENSP00000263270,179.6,342.9,1,1,0.25,0.25,0.25,0.25
9606.ENSP00000305941,0,13,0,1,0.25,0.25,0.25,0.25
9606.ENSP00000046087,0,0,0,0,1,0,0,0
9606.ENSP00000220616,0,0.4,0,1,1,0,0,0
9606.ENSP00000265769,0,0.7,0,1,1,0,0,0
9606.ENSP00000281437,0,0.2,0,1,1,0,0,0
9606.ENSP00000292782,14.1,50.4,1,1,0,0,1,0
9606.ENSP00000354425,8.5,2.9,1,1,1,0,0,0
9606.ENSP00000365514,2.3,0,1,0,0.25,0.25,0.25,0.25
9606.ENSP00000046794,0,1.6,0,1,1,0,0,0
9606.ENSP00000321810,13.8,8.1,1,1,0,0,1,0
9606.ENSP00000358301,0.1,0.2,1,1,1,0,0,0
9606.ENSP00000361662,0,2.5,0,1,0.25,0.25,0.25,0.25
9606.ENSP00000438788,32.5,1.5,1,1,0,1,0,0
9606.ENSP00000304669,170.2,65,1,1,0,0,1,0
9606.ENSP00000369274,21,41.6,1,1,0,0,0,1
9606.ENSP00000370021,2.2,40.4,1,1,0,1,0,0
9606.ENSP00000337451,0,0,0,0,0,0,1,0
9606.ENSP00000324173,1118.1,309.1,1,1,0,0,1,0
9606.ENSP00000261590,42.3,19.8,1,1,0,1,0,0
9606.ENSP00000369895,13.8,13.5,1,1,0,1,0,0
9606.ENSP00000344314,8.4,12.1,1,1,1,0,0,0
9606.ENSP00000316861,0.4,0.9,1,1,1,0,0,0
9606.ENSP00000354660,0,0,0,0,1,0,0,0
9606.ENSP00000288368,0,1,0,1,1,0,0,0
9606.ENSP00000350954,7.5,5.3,1,1,1,0,0,0
9606.ENSP00000161863,12,25.9,1,1,0,0,1,0
9606.ENSP00000401264,18.6,8.2,1,1,0,1,0,0
9606.ENSP00000352522,35,20.2,1,1,0,1,0,0
9606.ENSP00000370625,72,25.3,1,1,0,0,1,0
9606.ENSP00000443598,5.8,34.3,1,1,0,1,0,0
9606.ENSP00000302895,0.3,3,1,1,1,0,0,0
9606.ENSP00000356448,46.4,43.4,1,1,0,1,0,0
9606.ENSP00000264613,134.2,1435,1,1,1,0,0,0
9606.ENSP00000261588,7.4,1,1,1,0,0,1,0
9606.ENSP00000341680,22.8,6.5,1,1,0,1,0,0
9606.ENSP00000367879,0,0.9,0,1,1,0,0,0
9606.ENSP00000348453,0,0,0,0,1,0,0,0
9606.ENSP00000261250,7.3,3.4,1,1,0,1,0,0
9606.ENSP00000369380,38.3,52.1,1,1,1,0,0,0
9606.ENSP00000370242,2,7.1,1,1,0,0,1,0
9606.ENSP00000338967,0,0,0,0,0,0,0,1
9606.ENSP00000265018,0.1,2.5,1,1,1,0,0,0
9606.ENSP00000353375,99.6,55.5,1,1,1,0,0,0
9606.ENSP00000357484,35.7,39,1,1,0,1,0,0
9606.ENSP00000357494,0,0.2,0,1,0.25,0.25,0.25,0.25
9606.ENSP00000003302,15.6,10.2,1,1,0,0,1,0
9606.ENSP00000408617,0,0.6,0,1,0,0,1,0
9606.ENSP00000309036,17.7,10,1,1,0,1,0,0
9606.ENSP00000480832,117.9,45.7,1,1,0,1,0,0
9606.ENSP00000403465,5.2,1.7,1,1,1,0,0,0
9606.ENSP00000251810,18.5,19.8,1,1,0,1,0,0
9606.ENSP00000376989,6.6,21.2,1,1,0,0,1,0
9606.ENSP00000053243,0,0.7,0,1,0.25,0.25,0.25,0.25
9606.ENSP00000456480,5.4,4,1,1,0,1,0,0
9606.ENSP00000442786,0.3,0,1,0,0.25,0.25,0.25,0.25
9606.ENSP00000053468,56,62.1,1,1,0,1,0,0
9606.ENSP00000377784,0,0,0,0,1,0,0,0
9606.ENSP00000311513,14.6,41.1,1,1,1,0,0,0
9606.ENSP00000478104,3.2,20.7,1,1,1,0,0,0
9606.ENSP00000443926,0,6,0,1,1,0,0,0
9606.ENSP00000277165,66.7,169.5,1,1,0,1,0,0
9606.ENSP00000387010,49.6,13.3,1,1,0.25,0.25,0.25,0.25
9606.ENSP00000361834,28.7,0,1,0,1,0,0,0
9606.ENSP00000228280,2.3,0.4,1,1,1,0,0,0
9606.ENSP00000265038,10.3,9.5,1,1,0.25,0.25,0.25,0.25
9606.ENSP00000370443,0.6,0.2,1,1,1,0,0,0
9606.ENSP00000473348,12.4,141.7,1,1,0,0,0,1
9606.ENSP00000054666,92.3,37.1,1,1,0.25,0.25,0.25,0.25
9606.ENSP00000482093,2.5,23.9,1,1,0,0,0,1
9606.ENSP00000054668,0.1,0,1,0,0.25,0.25,0.25,0.25
9606.ENSP00000478699,0.1,0,1,0,0.25,0.25,0.25,0.25
9606.ENSP00000268933,1.6,0,1,0,1,0,0,0
9606.ENSP00000386043,2.2,11.3,1,1,1,0,0,0
9606.ENSP00000054950,44.7,49.6,1,1,0,1,0,0
9606.ENSP00000351807,0.8,3.6,1,1,1,0,0,0
9606.ENSP00000055077,37.3,14.7,1,1,1,0,0,0
9606.ENSP00000344546,23.5,45.7,1,1,1,0,0,0
9606.ENSP00000313854,65.7,95.5,1,1,0,0,1,0
9606.ENSP00000383199,167.2,45.2,1,1,1,0,0,0
9606.ENSP00000365380,0.2,1.2,1,1,1,0,0,0
9606.ENSP00000055335,0.8,2.3,1,1,0,0,1,0
9606.ENSP00000261416,93,66.4,1,1,0,1,0,0
9606.ENSP00000370013,2.8,6.6,1,1,0,0,1,0
9606.ENSP00000055682,0,0.1,0,1,0.25,0.25,0.25,0.25
9606.ENSP00000450749,43.8,39.7,1,1,0,0,1,0
9606.ENSP00000379762,0,0.3,0,1,0,0,1,0
9606.ENSP00000056217,0.4,6.9,1,1,0,0,1,0
9606.ENSP00000056233,16.8,0,1,0,1,0,0,0
9606.ENSP00000368468,18.5,86.8,1,1,1,0,0,0
9606.ENSP00000378400,21.8,17,1,1,1,0,0,0
9606.ENSP00000389903,30.8,20.5,1,1,0.25,0.25,0.25,0.25
9606.ENSP00000405812,0.1,0.1,1,1,0.25,0.25,0.25,0.25
9606.ENSP00000354360,3.2,0.9,1,1,1,0,0,0
9606.ENSP00000349003,0,0,0,0,1,0,0,0
9606.ENSP00000426613,0,0,0,0,0.25,0.25,0.25,0.25
9606.ENSP00000394560,43.6,14.8,1,1,1,0,0,0
9606.ENSP00000375069,0,0,0,0,0.25,0.25,0.25,0.25
9606.ENSP00000391669,44.7,21,1,1,0,1,0,0
9606.ENSP00000265978,7.3,17.3,1,1,0,1,0,0
9606.ENSP00000409555,128.1,155.4,1,1,0,0,1,0
9606.ENSP00000439937,31.1,0.5,1,1,1,0,0,0
9606.ENSP00000372088,26,0.1,1,1,1,0,0,0
9606.ENSP00000264233,5.7,0.2,1,1,0.25,0.25,0.25,0.25
9606.ENSP00000289153,21.4,17.8,1,1,0,0,1,0
9606.ENSP00000261623,674.1,22.1,1,1,1,0,0,0
9606.ENSP00000265097,80.4,3.6,1,1,0,1,0,0
9606.ENSP00000475750,42.5,620.7,1,1,0,0,1,0
9606.ENSP00000475489,13.9,19.5,1,1,1,0,0,0
9606.ENSP00000404296,10.3,33,1,1,0,1,0,0
9606.ENSP00000319730,6.3,12.6,1,1,1,0,0,0
9606.ENSP00000358541,14.7,47.5,1,1,0,0,1,0
9606.ENSP00000446184,37.3,7.3,1,1,0.25,0.25,0.25,0.25
9606.ENSP00000264433,13.7,93,1,1,0,0,0,1
9606.ENSP00000261507,143.6,471.9,1,1,0,0,1,0
9606.ENSP00000039989,24.6,44.3,1,1,0,1,0,0
9606.ENSP00000332744,0,0,0,0,0.25,0.25,0.25,0.25
9606.ENSP00000265342,1.7,0,1,0,0.25,0.25,0.25,0.25
9606.ENSP00000343288,41.4,84.1,1,1,0,1,0,0
9606.ENSP00000344071,0,0,0,0,0.25,0.25,0.25,0.25
9606.ENSP00000235835,75.7,103.9,1,1,0,0,0,1
9606.ENSP00000364320,69.3,18.8,1,1,1,0,0,0
9606.ENSP00000062104,2.5,0,1,0,0.25,0.25,0.25,0.25
9606.ENSP00000263897,27.1,59.2,1,1,0,0,1,0
9606.ENSP00000328118,0,0,0,0,0.25,0.25,0.25,0.25
9606.ENSP00000337501,0.5,0,1,0,1,0,0,0
9606.ENSP00000324532,1.8,1,1,1,0,0,1,0
9606.ENSP00000261558,14.7,30.9,1,1,0,0,1,0
9606.ENSP00000426654,17.5,5.6,1,1,1,0,0,0
9606.ENSP00000155840,0.4,0,1,0,0,0,1,0
9606.ENSP00000480332,73,57,1,1,0,0,1,0
9606.ENSP00000346634,88.6,76.8,1,1,0,0,0,1
9606.ENSP00000247665,343.1,203.1,1,1,0,0,1,0
9606.ENSP00000347213,34.3,0.8,1,1,1,0,0,0
9606.ENSP00000263636,0.1,0.3,1,1,1,0,0,0
9606.ENSP00000264183,10.4,26.8,1,1,0,1,0,0
9606.ENSP00000355512,7.8,23.2,1,1,0,0,1,0
9606.ENSP00000355499,2.4,29.9,1,1,0,1,0,0
9606.ENSP00000295718,0.4,0.3,1,1,1,0,0,0
9606.ENSP00000438468,1.5,1.6,1,1,0,0,0,1
9606.ENSP00000263934,26.3,31.1,1,1,0,0,1,0
9606.ENSP00000370256,2.3,0.9,1,1,0.25,0.25,0.25,0.25
9606.ENSP00000336724,27.6,6.9,1,1,1,0,0,0
9606.ENSP00000350719,0.9,26.9,1,1,1,0,0,0
9606.ENSP00000330278,2.7,0.2,1,1,0.25,0.25,0.25,0.25
9606.ENSP00000342481,20,10.8,1,1,1,0,0,0
9606.ENSP00000360310,0,0,0,0,0.25,0.25,0.25,0.25
9606.ENSP00000064571,0,1.3,0,1,0.25,0.25,0.25,0.25
9606.ENSP00000263671,0.5,115.8,1,1,0,0,1,0
9606.ENSP00000064778,12.3,15.8,1,1,1,0,0,0
9606.ENSP00000064780,4.5,0.2,1,1,0.25,0.25,0.25,0.25
9606.ENSP00000261304,0,5.5,0,1,0,0,1,0
9606.ENSP00000264279,161.1,45.6,1,1,0,0,1,0
9606.ENSP00000383866,77.5,58,1,1,0,0,1,0
9606.ENSP00000262186,0,0.1,0,1,0.25,0.25,0.25,0.25
9606.ENSP00000326804,59.7,40.2,1,1,1,0,0,0
9606.ENSP00000341597,10.5,20.7,1,1,0,0,1,0
9606.ENSP00000444645,31.7,25.4,1,1,0,1,0,0
9606.ENSP00000356426,39.7,37.9,1,1,0,0,1,0
9606.ENSP00000356389,30.9,37.8,1,1,1,0,0,0
9606.ENSP00000233057,16.2,21.4,1,1,0,0,1,0
9606.ENSP00000441214,46.7,13,1,1,0,0,1,0
9606.ENSP00000262189,5.2,37.2,1,1,0.25,0.25,0.25,0.25
9606.ENSP00000359621,0,0.1,0,1,1,0,0,0
9606.ENSP00000384040,0,0,0,0,0,0,1,0
9606.ENSP00000338173,60.2,48.6,1,1,0,0,1,0
9606.ENSP00000339844,94.7,95,1,1,0.25,0.25,0.25,0.25
9606.ENSP00000266041,0.9,93,1,1,1,0,0,0
9606.ENSP00000273283,6.8,803.2,1,1,1,0,0,0
9606.ENSP00000406598,17.9,48,1,1,1,0,0,0
9606.ENSP00000265069,62.3,33.7,1,1,0,0,0,1
9606.ENSP00000360017,1.9,1.8,1,1,0,0,1,0
9606.ENSP00000307822,0,0,0,0,0.25,0.25,0.25,0.25
9606.ENSP00000324403,0,0,0,0,1,0,0,0
9606.ENSP00000362994,0.3,0.8,1,1,1,0,0,0
9606.ENSP00000362774,20.2,15.8,1,1,0,1,0,0
9606.ENSP00000288167,72.1,12.3,1,1,0,0,0,1
9606.ENSP00000357750,11.7,4.6,1,1,0,0,1,0
9606.ENSP00000370555,31.8,17.8,1,1,0,1,0,0
9606.ENSP00000321573,40.3,18.6,1,1,0,0,1,0
9606.ENSP00000283752,0,0,0,0,1,0,0,0
9606.ENSP00000356591,36.5,18.7,1,1,1,0,0,0
9606.ENSP00000070846,37.7,37.3,1,1,1,0,0,0
9606.ENSP00000263187,0,0,0,0,0.25,0.25,0.25,0.25
9606.ENSP00000364731,18.5,120.7,1,1,0.25,0.25,0.25,0.25
9606.ENSP00000369538,371,145.9,1,1,1,0,0,0
9606.ENSP00000358092,0,1.1,0,1,0,0,1,0
9606.ENSP00000358072,7,23.9,1,1,1,0,0,0
9606.ENSP00000261226,0,0.6,0,1,0,1,0,0
9606.ENSP00000246151,54.6,35.5,1,1,1,0,0,0
9606.ENSP00000383973,34.8,12.4,1,1,0,1,0,0
9606.ENSP00000263966,17.6,5.8,1,1,1,0,0,0
9606.ENSP00000321195,7.1,14.8,1,1,1,0,0,0
9606.ENSP00000264144,0.1,0,1,0,1,0,0,0
9606.ENSP00000369390,0.3,11.7,1,1,0,0,1,0
9606.ENSP00000243253,274.6,95.4,1,1,0.25,0.25,0.25,0.25
9606.ENSP00000389168,24.4,26.7,1,1,1,0,0,0
9606.ENSP00000405963,0.1,0,1,0,0,1,0,0
9606.ENSP00000379098,0.3,3.7,1,1,1,0,0,0
9606.ENSP00000364691,1,1.3,1,1,1,0,0,0
9606.ENSP00000299853,81.9,12.6,1,1,0,1,0,0
9606.ENSP00000350310,5,14.1,1,1,0,0,1,0
9606.ENSP00000438527,18.5,0.2,1,1,1,0,0,0
9606.ENSP00000283109,29.9,10.3,1,1,1,0,0,0
9606.ENSP00000072644,12.4,19.7,1,1,0,0,1,0
9606.ENSP00000360483,34.6,6.5,1,1,1,0,0,0
9606.ENSP00000265022,2.9,0,1,0,1,0,0,0
9606.ENSP00000399938,17,4.7,1,1,0,0,1,0
9606.ENSP00000301712,9.5,4.5,1,1,1,0,0,0
9606.ENSP00000389414,0.6,7.3,1,1,1,0,0,0
9606.ENSP00000263549,6.7,10.6,1,1,0,1,0,0
9606.ENSP00000360268,191.9,23.5,1,1,1,0,0,0
9606.ENSP00000040877,10,5.8,1,1,0.25,0.25,0.25,0.25
9606.ENSP00000263985,43.1,17.9,1,1,0,0,1,0
9606.ENSP00000264444,6.2,4.7,1,1,1,0,0,0
9606.ENSP00000261211,11.3,11.2,1,1,0,1,0,0
9606.ENSP00000320650,7.3,74.8,1,1,0,0,0,1
9606.ENSP00000075120,202,2.6,1,1,1,0,0,0
9606.ENSP00000020673,0.1,1.3,1,1,0.25,0.25,0.25,0.25
9606.ENSP00000484525,13.6,4.3,1,1,0,0,1,0
9606.ENSP00000228251,91.2,21,1,1,0,0,1,0
9606.ENSP00000075503,0.2,0,1,0,1,0,0,0
9606.ENSP00000341292,44.2,65.3,1,1,0,1,0,0
9606.ENSP00000265872,54.5,36.4,1,1,0,0,0,1
9606.ENSP00000290291,96.7,41.8,1,1,0,0,0,1
9606.ENSP00000262958,0,0.1,0,1,1,0,0,0
9606.ENSP00000078445,23.1,82.9,1,1,0,1,0,0
9606.ENSP00000363260,9.1,15,1,1,0.25,0.25,0.25,0.25
9606.ENSP00000334941,38.7,4,1,1,0,0,1,0
9606.ENSP00000263694,83.3,23.5,1,1,0,0,1,0
9606.ENSP00000261655,0,0,0,0,0.25,0.25,0.25,0.25
9606.ENSP00000359114,0,0,0,0,0.25,0.25,0.25,0.25
9606.ENSP00000382241,17,9.3,1,1,0,1,0,0
9606.ENSP00000354223,194,463.6,1,1,0,0,0,1
9606.ENSP00000333664,141.7,791.9,1,1,0,0,0,1
9606.ENSP00000443459,29.4,0.4,1,1,1,0,0,0
9606.ENSP00000080059,9.7,1.6,1,1,0.25,0.25,0.25,0.25
9606.ENSP00000370981,0.1,0,1,0,0,0,1,0
9606.ENSP00000384725,0,0.4,0,1,0.25,0.25,0.25,0.25
9606.ENSP00000426653,0.1,0,1,0,0.25,0.25,0.25,0.25
9606.ENSP00000363391,7.5,5.6,1,1,1,0,0,0
9606.ENSP00000354251,80.7,35.9,1,1,0,1,0,0
9606.ENSP00000081029,103,72.6,1,1,1,0,0,0
9606.ENSP00000264424,0,1.1,0,1,0,1,0,0
9606.ENSP00000437738,31.2,12,1,1,0,0,1,0
9606.ENSP00000371341,12.5,14.4,1,1,0,0,1,0
9606.ENSP00000377250,10.7,31.7,1,1,0.25,0.25,0.25,0.25
9606.ENSP00000264012,0.1,0,1,0,1,0,0,0
9606.ENSP00000370519,0,0.6,0,1,0.25,0.25,0.25,0.25
9606.ENSP00000264779,50.3,40.5,1,1,0,0,1,0
9606.ENSP00000228027,61.3,104.3,1,1,0.25,0.25,0.25,0.25
9606.ENSP00000337081,1.9,0.2,1,1,1,0,0,0
9606.ENSP00000342056,267.1,24.3,1,1,0,0,1,0
9606.ENSP00000263800,0,0.3,0,1,0.25,0.25,0.25,0.25
9606.ENSP00000318158,263.8,13.2,1,1,1,0,0,0
9606.ENSP00000290246,26.9,1.8,1,1,1,0,0,0
9606.ENSP00000298767,38.8,52.6,1,1,0,1,0,0
9606.ENSP00000262291,127.9,86.5,1,1,0,1,0,0
9606.ENSP00000083182,23.3,18.5,1,1,1,0,0,0
9606.ENSP00000406046,45.2,1.4,1,1,0,1,0,0
9606.ENSP00000312942,0,0.1,0,1,1,0,0,0
9606.ENSP00000388806,489,209.4,1,1,1,0,0,0
9606.ENSP00000338627,1.2,4.9,1,1,0.25,0.25,0.25,0.25
9606.ENSP00000379946,4,3.7,1,1,0,0,1,0
9606.ENSP00000245222,13.6,18.7,1,1,0.25,0.25,0.25,0.25
9606.ENSP00000447001,2329.4,1599.2,1,1,0,1,0,0
9606.ENSP00000084798,0.4,58.9,1,1,0.25,0.25,0.25,0.25
9606.ENSP00000085068,135,299.9,1,1,0,0,0,1
9606.ENSP00000307863,195.6,24.2,1,1,0,0,1,0
9606.ENSP00000406209,75.4,103.9,1,1,1,0,0,0
9606.ENSP00000314343,27.4,49.7,1,1,0.25,0.25,0.25,0.25
9606.ENSP00000323816,0.5,0,1,0,0.25,0.25,0.25,0.25
9606.ENSP00000086933,0,0,0,0,1,0,0,0
9606.ENSP00000359271,8.2,27.2,1,1,0,1,0,0
9606.ENSP00000359417,9.2,7.6,1,1,0,1,0,0
9606.ENSP00000264039,27.1,20.3,1,1,1,0,0,0
9606.ENSP00000238561,6.9,5.2,1,1,1,0,0,0
9606.ENSP00000380514,94.2,239.7,1,1,0,0,1,0
9606.ENSP00000426503,59.1,20.6,1,1,1,0,0,0
9606.ENSP00000351273,26.2,12.8,1,1,0,1,0,0
9606.ENSP00000316891,0.1,9.1,1,1,1,0,0,0
9606.ENSP00000261191,32.9,8.4,1,1,1,0,0,0
9606.ENSP00000342322,111.3,48.4,1,1,0.25,0.25,0.25,0.25
9606.ENSP00000389870,0.2,0,1,0,0.25,0.25,0.25,0.25
9606.ENSP00000432305,2.3,2.7,1,1,1,0,0,0
9606.ENSP00000182290,0.1,0.7,1,1,0,0,0,1
9606.ENSP00000361959,0,0.2,0,1,1,0,0,0
9606.ENSP00000190165,0,0,0,0,1,0,0,0
9606.ENSP00000480884,20.9,78.9,1,1,0,0,1,0
9606.ENSP00000397925,0,0,0,0,1,0,0,0
9606.ENSP00000172229,3.2,0,1,0,1,0,0,0
9606.ENSP00000376458,3.5,1.3,1,1,0.25,0.25,0.25,0.25
9606.ENSP00000367406,15.9,14,1,1,0.25,0.25,0.25,0.25
9606.ENSP00000385571,24.5,126.3,1,1,0,0,1,0
9606.ENSP00000265388,37.4,24.6,1,1,0,0,1,0
9606.ENSP00000390762,0,0,0,0,0.25,0.25,0.25,0.25
9606.ENSP00000305071,44.2,16.4,1,1,0,0,1,0
9606.ENSP00000162044,24.5,20.7,1,1,0,1,0,0
9606.ENSP00000443256,1.5,0.5,1,1,1,0,0,0
9606.ENSP00000361562,314.2,62.3,1,1,0,0,0,1
9606.ENSP00000472286,23.2,23.2,1,1,1,0,0,0
9606.ENSP00000262461,3.8,7.3,1,1,0,0,1,0
9606.ENSP00000261369,23.6,13.7,1,1,0,1,0,0
9606.ENSP00000333640,0,2.7,0,1,0,0,1,0
9606.ENSP00000263097,185.6,29,1,1,1,0,0,0
9606.ENSP00000263094,5.2,3.3,1,1,0,1,0,0
9606.ENSP00000261368,0,0.2,0,1,0.25,0.25,0.25,0.25
9606.ENSP00000358716,3.2,5.7,1,1,1,0,0,0
9606.ENSP00000261721,36.2,9.8,1,1,0,1,0,0
9606.ENSP00000443291,2.1,0,1,0,0,0,1,0
9606.ENSP00000379290,6.7,0,1,0,1,0,0,0
9606.ENSP00000342931,0,0,0,0,1,0,0,0
9606.ENSP00000437082,1.2,0,1,0,1,0,0,0
9606.ENSP00000354733,8,10.4,1,1,0,0,0,1
9606.ENSP00000406490,30.7,9.3,1,1,0.25,0.25,0.25,0.25
9606.ENSP00000328269,44.4,18.4,1,1,0,1,0,0
9606.ENSP00000386972,0.1,2.5,1,1,0,1,0,0
9606.ENSP00000354633,53.7,57.3,1,1,0.25,0.25,0.25,0.25
9606.ENSP00000353518,15.5,6.9,1,1,1,0,0,0
9606.ENSP00000347416,99.1,44.5,1,1,0.25,0.25,0.25,0.25
9606.ENSP00000363064,16.1,7.3,1,1,1,0,0,0
9606.ENSP00000408005,74.5,245.8,1,1,0,1,0,0
9606.ENSP00000219066,62.1,911.2,1,1,0,0,1,0
9606.ENSP00000192788,17.7,4.1,1,1,0,0,1,0
9606.ENSP00000358867,19.4,49.6,1,1,1,0,0,0
9606.ENSP00000261574,185.8,39.7,1,1,1,0,0,0
9606.ENSP00000357838,77.2,166.2,1,1,0,1,0,0
9606.ENSP00000308179,20.1,28.4,1,1,0.25,0.25,0.25,0.25
9606.ENSP00000359552,23.4,32,1,1,0,0,1,0
9606.ENSP00000476117,85.8,38.8,1,1,0,1,0,0
9606.ENSP00000182527,59.2,30.8,1,1,0,0,1,0
9606.ENSP00000173229,0.1,8.4,1,1,1,0,0,0
9606.ENSP00000262441,0.7,0,1,0,1,0,0,0
9606.ENSP00000418268,23.8,0,1,0,1,0,0,0
9606.ENSP00000328405,4.1,0.9,1,1,1,0,0,0
9606.ENSP00000267101,145.8,89.6,1,1,0,0,1,0
9606.ENSP00000184183,0,0,0,0,1,0,0,0
9606.ENSP00000282272,0.3,7.8,1,1,1,0,0,0
9606.ENSP00000325448,284.9,48.5,1,1,0,0,1,0
9606.ENSP00000310015,11.1,12.4,1,1,0,0,1,0
9606.ENSP00000323313,91.5,44.7,1,1,0,0,1,0
9606.ENSP00000362590,17.7,3.3,1,1,0.25,0.25,0.25,0.25
9606.ENSP00000184266,200,628.9,1,1,0,0,1,0
9606.ENSP00000364912,14.6,27.6,1,1,0,0,1,0
9606.ENSP00000353452,21.7,183.3,1,1,1,0,0,0
9606.ENSP00000338788,183.1,184.6,1,1,0,0,1,0
9606.ENSP00000410402,26.9,17.6,1,1,1,0,0,0
9606.ENSP00000438863,8.4,1.1,1,1,0.25,0.25,0.25,0.25
9606.ENSP00000400459,0,0,0,0,1,0,0,0
9606.ENSP00000358770,13.8,21.7,1,1,0,1,0,0
9606.ENSP00000358695,7,11.4,1,1,0,0,1,0
9606.ENSP00000340937,0.1,0,1,0,1,0,0,0
9606.ENSP00000345023,2.8,3.5,1,1,0,0,1,0
9606.ENSP00000298428,7.7,11.6,1,1,0.25,0.25,0.25,0.25
9606.ENSP00000263125,0.3,0,1,0,0.25,0.25,0.25,0.25
9606.ENSP00000466542,0.4,3.1,1,1,0,1,0,0
9606.ENSP00000264607,27.5,11.9,1,1,1,0,0,0
9606.ENSP00000181796,74.1,179.7,1,1,1,0,0,0
9606.ENSP00000358719,0,13.1,0,1,0,1,0,0
9606.ENSP00000261439,33.8,22.4,1,1,0,0,1,0
9606.ENSP00000181839,15.9,28.8,1,1,1,0,0,0
9606.ENSP00000377617,134.6,0.9,1,1,1,0,0,0
9606.ENSP00000480916,3,5.2,1,1,0,1,0,0
9606.ENSP00000162391,5,8.3,1,1,0,1,0,0
9606.ENSP00000361626,1265.5,532.6,1,1,0,1,0,0
9606.ENSP00000370078,7.2,0.3,1,1,0.25,0.25,0.25,0.25
9606.ENSP00000261461,19.7,51.5,1,1,0,0,1,0
9606.ENSP00000384638,0,0,0,0,1,0,0,0
9606.ENSP00000385269,96.2,83.2,1,1,1,0,0,0
9606.ENSP00000361554,0.3,1.1,1,1,0.25,0.25,0.25,0.25
9606.ENSP00000301180,27.9,15.9,1,1,1,0,0,0
9606.ENSP00000378414,74.8,16.6,1,1,0,0,1,0
9606.ENSP00000361473,19.7,12.2,1,1,0,1,0,0
9606.ENSP00000396620,55.3,20.5,1,1,0.25,0.25,0.25,0.25
9606.ENSP00000361646,0,4.1,0,1,0.25,0.25,0.25,0.25
9606.ENSP00000264938,6.6,0,1,0,1,0,0,0
9606.ENSP00000264051,26.9,17.5,1,1,0,1,0,0
9606.ENSP00000356379,11.4,2.5,1,1,0.25,0.25,0.25,0.25
9606.ENSP00000312367,0,1.6,0,1,1,0,0,0
9606.ENSP00000477602,61.2,14,1,1,0,1,0,0
9606.ENSP00000227163,0,2.2,0,1,1,0,0,0
9606.ENSP00000331111,33.6,35,1,1,0,0,1,0
9606.ENSP00000350833,0.1,0.1,1,1,0.25,0.25,0.25,0.25
9606.ENSP00000183605,0,0,0,0,1,0,0,0
9606.ENSP00000326200,12,8.5,1,1,1,0,0,0
9606.ENSP00000478320,14.5,17.9,1,1,1,0,0,0
9606.ENSP00000163416,34.3,32.3,1,1,0,0,1,0
9606.ENSP00000410294,1.8,3.1,1,1,0,0,1,0
9606.ENSP00000359990,22.5,18,1,1,0,0,1,0
9606.ENSP00000173527,56.4,80.9,1,1,0.25,0.25,0.25,0.25
9606.ENSP00000334314,1.3,1.1,1,1,1,0,0,0
9606.ENSP00000333934,39.2,22.4,1,1,0.25,0.25,0.25,0.25
9606.ENSP00000370741,35.9,42.8,1,1,0,1,0,0
9606.ENSP00000480445,22.1,10.9,1,1,0.25,0.25,0.25,0.25
9606.ENSP00000388241,0,0.2,0,1,0.25,0.25,0.25,0.25
9606.ENSP00000353010,2.9,21.3,1,1,1,0,0,0
9606.ENSP00000262215,13.5,17.7,1,1,0,1,0,0
9606.ENSP00000327453,11.1,847.6,1,1,0,0,0,1
9606.ENSP00000367069,3,1.7,1,1,1,0,0,0
9606.ENSP00000262146,34.7,39.7,1,1,0,0,0,1
9606.ENSP00000477973,0,27.4,0,1,1,0,0,0
9606.ENSP00000372326,14.7,31,1,1,0,0,1,0
9606.ENSP00000348349,3.2,6.5,1,1,0,0,1,0
9606.ENSP00000370517,13.9,0.4,1,1,0,1,0,0
9606.ENSP00000370748,99.3,316.8,1,1,0,0,1,0
9606.ENSP00000343023,20,35.6,1,1,0,1,0,0
9606.ENSP00000419923,35.9,273.4,1,1,0,1,0,0
9606.ENSP00000264775,15.1,47.2,1,1,1,0,0,0
9606.ENSP00000341198,8.5,7.8,1,1,0,0,1,0
9606.ENSP00000262213,125.1,189.5,1,1,0,0,1,0
9606.ENSP00000362643,6.4,2.1,1,1,1,0,0,0
9606.ENSP00000162749,84.4,133.3,1,1,0,1,0,0
9606.ENSP00000377840,0.9,0,1,0,1,0,0,0
9606.ENSP00000359356,5.9,50.5,1,1,1,0,0,0
9606.ENSP00000442478,3,5.2,1,1,0,0,1,0
9606.ENSP00000320171,823.5,3.8,1,1,1,0,0,0
9606.ENSP00000251636,12.9,44.4,1,1,0,0,1,0
9606.ENSP00000411010,8.5,20.7,1,1,1,0,0,0
9606.ENSP00000371345,22.2,6.7,1,1,1,0,0,0
9606.ENSP00000371475,8.7,1.6,1,1,0,1,0,0
9606.ENSP00000173898,2.8,0,1,0,0.25,0.25,0.25,0.25
9606.ENSP00000355899,7.8,49.2,1,1,0,0,1,0
9606.ENSP00000400175,406.5,178.5,1,1,1,0,0,0
9606.ENSP00000262415,49.3,13.7,1,1,0,1,0,0
9606.ENSP00000367830,46,13.7,1,1,1,0,0,0
9606.ENSP00000355889,125.2,84.5,1,1,0,0,1,0
9606.ENSP00000261205,0,0,0,0,1,0,0,0
9606.ENSP00000381007,0.2,0,1,0,1,0,0,0
9606.ENSP00000217901,48.3,34.5,1,1,1,0,0,0
9606.ENSP00000322832,30.1,17,1,1,0,0,0,1
9606.ENSP00000164640,0,0.1,0,1,1,0,0,0
9606.ENSP00000263519,0,0,0,0,1,0,0,0
9606.ENSP00000382697,4,39,1,1,1,0,0,0
9606.ENSP00000415151,46.6,15.4,1,1,0.25,0.25,0.25,0.25
9606.ENSP00000387536,4.5,12.6,1,1,0,0,1,0
9606.ENSP00000401853,86,9.5,1,1,1,0,0,0
9606.ENSP00000264606,7,5.5,1,1,1,0,0,0
9606.ENSP00000349547,21.8,5.3,1,1,0,0,1,0
9606.ENSP00000339824,111,19.2,1,1,1,0,0,0
9606.ENSP00000395590,32,31.8,1,1,0,0,1,0
9606.ENSP00000184956,8.3,3.7,1,1,0.25,0.25,0.25,0.25
9606.ENSP00000464814,163.8,81.6,1,1,0,1,0,0
9606.ENSP00000468678,8.4,10.5,1,1,0.25,0.25,0.25,0.25
9606.ENSP00000346389,11.8,40.1,1,1,1,0,0,0
9606.ENSP00000156084,48.7,19.3,1,1,1,0,0,0
9606.ENSP00000314129,25,12.6,1,1,0,1,0,0
9606.ENSP00000365962,4.3,3.9,1,1,0,1,0,0
9606.ENSP00000339787,253.1,33.2,1,1,0,1,0,0
9606.ENSP00000357583,36.3,13.7,1,1,0,0,1,0
9606.ENSP00000156109,22.5,14.4,1,1,1,0,0,0
9606.ENSP00000365606,24.6,18.5,1,1,0,1,0,0
9606.ENSP00000326948,32.4,5.7,1,1,0,0,0,1
9606.ENSP00000262293,46.5,0.7,1,1,0.25,0.25,0.25,0.25
9606.ENSP00000438346,0.2,0.7,1,1,1,0,0,0
9606.ENSP00000420387,31.2,14,1,1,0,1,0,0
9606.ENSP00000263857,32.5,8.3,1,1,0,1,0,0
9606.ENSP00000175091,584.8,500.1,1,1,0,0,1,0
9606.ENSP00000378320,26.3,9.3,1,1,0,0,1,0
9606.ENSP00000331103,89.9,26.1,1,1,0,0,1,0
9606.ENSP00000378236,0,0,0,0,0.25,0.25,0.25,0.25
9606.ENSP00000263736,14.8,12.3,1,1,0,0,1,0
9606.ENSP00000385000,23.5,8.9,1,1,1,0,0,0
9606.ENSP00000338864,0.2,1.7,1,1,0,1,0,0
9606.ENSP00000384211,36.4,28.7,1,1,0,0,1,0
9606.ENSP00000312778,9.7,2.3,1,1,0,0,0,1
9606.ENSP00000249396,11,18.5,1,1,1,0,0,0
9606.ENSP00000185150,106.2,82.3,1,1,0,1,0,0
9606.ENSP00000164133,3.2,2.7,1,1,1,0,0,0
9606.ENSP00000164139,0.1,0,1,0,1,0,0,0
9606.ENSP00000365320,0.5,0,1,0,1,0,0,0
9606.ENSP00000265340,32.9,0,1,0,1,0,0,0
9606.ENSP00000426070,0,0,0,0,0.25,0.25,0.25,0.25
9606.ENSP00000385727,3.3,38.4,1,1,1,0,0,0
9606.ENSP00000283296,0,3.5,0,1,0.25,0.25,0.25,0.25
9606.ENSP00000376421,0,0,0,0,0.25,0.25,0.25,0.25
9606.ENSP00000175238,0,0,0,0,1,0,0,0
9606.ENSP00000261396,20.6,9.3,1,1,0,1,0,0
9606.ENSP00000356110,89.4,655.7,1,1,0,0,0,1
9606.ENSP00000299138,3.9,42.4,1,1,0,1,0,0
9606.ENSP00000314030,47.9,50.7,1,1,0,1,0,0
9606.ENSP00000164227,10.1,28.8,1,1,1,0,0,0
9606.ENSP00000367323,16.6,1,1,1,1,0,0,0
9606.ENSP00000261200,0.3,84.2,1,1,0.25,0.25,0.25,0.25
9606.ENSP00000265643,0.1,0,1,0,1,0,0,0
9606.ENSP00000261340,2.3,0.9,1,1,0,1,0,0
9606.ENSP00000367284,33.5,16.3,1,1,1,0,0,0
9606.ENSP00000367309,42.9,213.2,1,1,0,0,0,1
9606.ENSP00000261523,4.5,87,1,1,0,0,0,1
9606.ENSP00000176183,0,0,0,0,0.25,0.25,0.25,0.25
9606.ENSP00000212355,54.3,17.3,1,1,1,0,0,0
9606.ENSP00000393847,0,0,0,0,0.25,0.25,0.25,0.25
9606.ENSP00000367065,0.3,0.1,1,1,0.25,0.25,0.25,0.25
9606.ENSP00000286371,149.3,7.5,1,1,0,1,0,0
9606.ENSP00000424827,8.9,21.1,1,1,1,0,0,0
9606.ENSP00000164305,5.9,5.6,1,1,0,0,1,0
9606.ENSP00000261845,76.2,53.2,1,1,0,0,1,0
9606.ENSP00000261837,20,10,1,1,1,0,0,0
9606.ENSP00000379601,15,39.9,1,1,1,0,0,0
9606.ENSP00000337358,0,29.5,0,1,0,1,0,0
9606.ENSP00000263202,105.7,59.4,1,1,1,0,0,0
9606.ENSP00000261349,4.9,35.7,1,1,0,0,1,0
9606.ENSP00000261170,0,0.2,0,1,0.25,0.25,0.25,0.25
9606.ENSP00000176195,0.1,0,1,0,1,0,0,0
9606.ENSP00000264555,25.6,15.3,1,1,0.25,0.25,0.25,0.25
9606.ENSP00000363779,77,13.5,1,1,0,1,0,0
9606.ENSP00000436455,76.5,162.8,1,1,0,1,0,0
9606.ENSP00000239940,153.9,13.3,1,1,0,1,0,0
9606.ENSP00000363667,7.5,27.4,1,1,0,0,1,0
9606.ENSP00000451752,0,0,0,0,1,0,0,0
9606.ENSP00000423602,0,0.5,0,1,0,0,1,0
9606.ENSP00000264664,0,0,0,0,0.25,0.25,0.25,0.25
9606.ENSP00000363852,32.4,142.3,1,1,0,1,0,0
9606.ENSP00000261556,3.5,11.4,1,1,0,0,1,0
9606.ENSP00000263073,13.9,8.4,1,1,0,0,1,0
9606.ENSP00000484855,11.4,31.5,1,1,0,1,0,0
9606.ENSP00000441158,4.7,1.5,1,1,1,0,0,0
9606.ENSP00000215530,0.2,0.4,1,1,0.25,0.25,0.25,0.25
9606.ENSP00000166139,28.1,2,1,1,0,0,1,0
9606.ENSP00000263196,42.4,23.1,1,1,1,0,0,0
9606.ENSP00000292363,62.2,22.2,1,1,1,0,0,0
9606.ENSP00000174618,7.8,10.4,1,1,0.25,0.25,0.25,0.25
9606.ENSP00000374359,10.2,11.5,1,1,0.25,0.25,0.25,0.25
9606.ENSP00000394085,46.2,9.3,1,1,0,1,0,0
9606.ENSP00000265421,42.6,14.9,1,1,0,0,1,0
9606.ENSP00000156626,0,0,0,0,1,0,0,0
9606.ENSP00000262139,55.4,12.6,1,1,1,0,0,0
9606.ENSP00000444411,0.3,0.6,1,1,0,0,1,0
9606.ENSP00000367343,33.9,14.6,1,1,0,0,1,0
9606.ENSP00000261797,29.9,38.6,1,1,0,0,0,1
9606.ENSP00000175506,52.9,0.1,1,1,1,0,0,0
9606.ENSP00000428787,7.7,4.1,1,1,0,1,0,0
9606.ENSP00000251102,0.7,0,1,0,0.25,0.25,0.25,0.25
9606.ENSP00000225276,0.1,0,1,0,0.25,0.25,0.25,0.25
9606.ENSP00000337103,0,0,0,0,1,0,0,0
9606.ENSP00000313007,634.7,296.4,1,1,1,0,0,0
9606.ENSP00000361158,5.1,7.2,1,1,0,1,0,0
9606.ENSP00000262498,93.1,40,1,1,0,0,1,0
9606.ENSP00000262506,42.1,16.4,1,1,0.25,0.25,0.25,0.25
9606.ENSP00000452414,3.3,9.5,1,1,0,0,1,0
9606.ENSP00000353575,34.6,27,1,1,0,0,1,0
9606.ENSP00000381412,0,0,0,0,0,0,1,0
9606.ENSP00000367028,65.2,8.8,1,1,0,1,0,0
9606.ENSP00000383118,213,244.5,1,1,1,0,0,0
9606.ENSP00000315410,16.2,0.2,1,1,1,0,0,0
9606.ENSP00000166244,0,0,0,0,0.25,0.25,0.25,0.25
9606.ENSP00000402152,0.7,0,1,0,1,0,0,0
9606.ENSP00000264926,8.3,3.7,1,1,1,0,0,0
9606.ENSP00000392043,42,35.3,1,1,0,0,1,0
9606.ENSP00000155858,0,0,0,0,0.25,0.25,0.25,0.25
9606.ENSP00000233154,39.1,1.7,1,1,1,0,0,0
9606.ENSP00000343658,332.4,33.8,1,1,0,0,1,0
9606.ENSP00000264968,31.6,7.9,1,1,1,0,0,0
9606.ENSP00000386717,5861.7,2548.8,1,1,0,0,1,0
9606.ENSP00000427687,256.5,61.7,1,1,1,0,0,0
9606.ENSP00000398789,4.7,13.2,1,1,0.25,0.25,0.25,0.25
9606.ENSP00000016913,0,0,0,0,1,0,0,0
9606.ENSP00000336923,0.7,10.4,1,1,0.25,0.25,0.25,0.25
9606.ENSP00000427015,0.5,11.3,1,1,0,1,0,0
9606.ENSP00000320566,6.1,11.5,1,1,1,0,0,0
9606.ENSP00000167106,1.6,1.7,1,1,0,1,0,0
9606.ENSP00000157600,7.3,13.3,1,1,1,0,0,0
9606.ENSP00000401191,89.3,53.3,1,1,0,0,1,0
9606.ENSP00000337053,41.2,103.2,1,1,0,1,0,0
9606.ENSP00000166345,42.1,0.5,1,1,1,0,0,0
9606.ENSP00000358777,142.7,37.3,1,1,0,0,1,0
9606.ENSP00000262965,89.5,4.5,1,1,0,1,0,0
9606.ENSP00000155926,1.8,4.8,1,1,1,0,0,0
9606.ENSP00000233078,97.6,35.6,1,1,0,0,1,0
9606.ENSP00000412302,27.7,33.4,1,1,1,0,0,0
9606.ENSP00000165524,0,0,0,0,1,0,0,0
9606.ENSP00000308944,11.5,18.1,1,1,1,0,0,0
9606.ENSP00000377225,67.1,44.4,1,1,1,0,0,0
9606.ENSP00000320521,15.2,28.4,1,1,0,0,1,0
9606.ENSP00000484669,41.7,6.6,1,1,0.25,0.25,0.25,0.25
9606.ENSP00000386213,0,0.4,0,1,1,0,0,0
9606.ENSP00000319141,0.5,2.8,1,1,0,1,0,0
9606.ENSP00000262150,0.2,0,1,0,0.25,0.25,0.25,0.25
9606.ENSP00000439467,100,32,1,1,0,0,1,0
9606.ENSP00000266682,0,0,0,0,1,0,0,0
9606.ENSP00000370750,84.1,195.7,1,1,1,0,0,0
9606.ENSP00000309591,24.7,37,1,1,0,1,0,0
9606.ENSP00000340688,0.9,0.2,1,1,0,1,0,0
9606.ENSP00000168148,0,249.6,0,1,0.25,0.25,0.25,0.25
9606.ENSP00000377941,191,76.6,1,1,1,0,0,0
9606.ENSP00000251119,6.2,3.4,1,1,0,1,0,0
9606.ENSP00000262752,0,1.2,0,1,0,0,1,0
9606.ENSP00000320543,13.8,8.8,1,1,1,0,0,0
9606.ENSP00000175756,21.8,20.4,1,1,0,0,1,0
9606.ENSP00000326888,2,12.5,1,1,0,1,0,0
9606.ENSP00000326627,0,0,0,0,0.25,0.25,0.25,0.25
9606.ENSP00000311684,0.1,0,1,0,1,0,0,0
9606.ENSP00000263925,1,4.4,1,1,0,1,0,0
9606.ENSP00000345774,130.9,136.5,1,1,0,0,1,0
9606.ENSP00000353224,207,84.7,1,1,0,1,0,0
9606.ENSP00000348069,30.1,53.8,1,1,1,0,0,0
9606.ENSP00000262839,0,2,0,1,0.25,0.25,0.25,0.25
9606.ENSP00000265343,18.3,20.9,1,1,0,1,0,0
9606.ENSP00000363019,11.4,17.9,1,1,1,0,0,0
9606.ENSP00000261681,15.7,19.4,1,1,1,0,0,0
9606.ENSP00000338671,56.2,10,1,1,0,0,1,0
9606.ENSP00000323421,51.4,52.5,1,1,1,0,0,0
9606.ENSP00000168216,137.9,532.2,1,1,0,0,1,0
9606.ENSP00000385751,21.1,9.6,1,1,0,1,0,0
9606.ENSP00000377492,37.4,3.3,1,1,1,0,0,0
9606.ENSP00000392395,25.8,8,1,1,1,0,0,0
9606.ENSP00000261180,0,1.7,0,1,0.25,0.25,0.25,0.25
9606.ENSP00000384999,56.4,8.1,1,1,1,0,0,0
9606.ENSP00000351497,0,5.6,0,1,1,0,0,0
9606.ENSP00000300659,43,20.3,1,1,0.25,0.25,0.25,0.25
9606.ENSP00000251607,21.9,12,1,1,0,1,0,0
9606.ENSP00000438689,104.5,325.5,1,1,0,0,1,0
9606.ENSP00000176763,5.9,2.2,1,1,1,0,0,0
9606.ENSP00000265094,31.9,43,1,1,0,1,0,0
9606.ENSP00000158762,0,5,0,1,0,0,1,0
9606.ENSP00000321606,0.9,0,1,0,1,0,0,0
9606.ENSP00000264956,5.5,0.6,1,1,0,1,0,0
9606.ENSP00000158771,29.6,53,1,1,0,1,0,0
9606.ENSP00000264852,0,0.3,0,1,1,0,0,0
9606.ENSP00000379643,44.5,1.1,1,1,0,1,0,0
9606.ENSP00000412130,0.1,0,1,0,0,0,1,0
9606.ENSP00000187762,2.7,6.8,1,1,1,0,0,0
9606.ENSP00000388996,90,38.4,1,1,0,0,1,0
9606.ENSP00000402060,29.5,34.1,1,1,1,0,0,0
9606.ENSP00000262887,36.9,6.4,1,1,1,0,0,0
9606.ENSP00000261693,144.9,150.4,1,1,1,0,0,0
9606.ENSP00000310149,50.8,0,1,0,0.25,0.25,0.25,0.25
9606.ENSP00000265056,121.1,0.7,1,1,1,0,0,0
9606.ENSP00000262794,0.1,0,1,0,1,0,0,0
9606.ENSP00000379183,12.5,12.2,1,1,1,0,0,0
9606.ENSP00000370288,10.7,90.7,1,1,1,0,0,0
9606.ENSP00000264731,0.3,0,1,0,1,0,0,0
9606.ENSP00000398048,0.4,6.9,1,1,0,1,0,0
9606.ENSP00000376333,43.8,21.2,1,1,0,0,1,0
9606.ENSP00000311453,18,20.3,1,1,0,0,1,0
9606.ENSP00000370213,3.4,4.6,1,1,1,0,0,0
9606.ENSP00000413572,29.3,4.4,1,1,0,1,0,0
9606.ENSP00000264932,190.9,136.7,1,1,0,0,0,1
9606.ENSP00000323967,153,19.1,1,1,0,0,1,0
9606.ENSP00000158009,0.2,0,1,0,1,0,0,0
9606.ENSP00000415049,1.6,5.5,1,1,0,1,0,0
9606.ENSP00000382688,8.8,26.1,1,1,0.25,0.25,0.25,0.25
9606.ENSP00000200557,0.2,0,1,0,1,0,0,0
9606.ENSP00000264977,0.2,1.9,1,1,0,1,0,0
9606.ENSP00000342858,46.6,79.4,1,1,0,0,1,0
9606.ENSP00000263817,0,124.5,0,1,0,0,0,1
9606.ENSP00000389241,0,0.6,0,1,0,1,0,0
9606.ENSP00000357156,0,3.3,0,1,1,0,0,0
9606.ENSP00000356438,0,0,0,0,1,0,0,0
9606.ENSP00000371634,82.2,0.4,1,1,0,0,1,0
9606.ENSP00000265026,27.6,118.4,1,1,1,0,0,0
9606.ENSP00000169298,161,516.1,1,1,0,0,1,0
9606.ENSP00000177694,0,0.3,0,1,1,0,0,0
9606.ENSP00000445043,3.9,16.6,1,1,0,0,1,0
9606.ENSP00000377015,86.8,51.2,1,1,0,0,1,0
9606.ENSP00000381293,20.8,16.6,1,1,0,1,0,0
9606.ENSP00000390436,0.1,0,1,0,0,0,0,1
9606.ENSP00000263710,23.6,18.5,1,1,0,1,0,0
9606.ENSP00000177742,101.5,179.9,1,1,0,0,1,0
9606.ENSP00000263388,2,0,1,0,0,0,1,0
9606.ENSP00000433919,195.1,73.5,1,1,0,1,0,0
9606.ENSP00000335083,3.6,0,1,0,1,0,0,0
9606.ENSP00000472109,16.2,3.5,1,1,0.25,0.25,0.25,0.25
9606.ENSP00000263360,29.8,8.8,1,1,0,1,0,0
9606.ENSP00000424565,24.6,10.1,1,1,0,0,1,0
9606.ENSP00000308057,0,0,0,0,1,0,0,0
9606.ENSP00000251968,76.3,37.8,1,1,0,1,0,0
9606.ENSP00000373657,9.5,19.7,1,1,0,1,0,0
9606.ENSP00000353072,0.2,0.3,1,1,0,1,0,0
9606.ENSP00000178638,0.5,0.1,1,1,1,0,0,0
9606.ENSP00000265052,0.4,149.7,1,1,0,0,1,0
9606.ENSP00000340998,11.6,13.2,1,1,0,0,1,0
9606.ENSP00000413908,59.3,11.7,1,1,0,0,0,1
9606.ENSP00000261402,3.2,9.5,1,1,0.25,0.25,0.25,0.25
9606.ENSP00000339208,14.1,15.5,1,1,0,1,0,0
9606.ENSP00000261892,6.2,2.4,1,1,1,0,0,0
9606.ENSP00000338217,0.4,0.1,1,1,0,1,0,0
9606.ENSP00000263071,0,1.3,0,1,1,0,0,0
9606.ENSP00000251047,134.2,330,1,1,0,0,1,0
9606.ENSP00000261875,143.1,148,1,1,0,0,1,0
9606.ENSP00000394751,0,0.5,0,1,1,0,0,0
9606.ENSP00000371051,6.4,11.7,1,1,0.25,0.25,0.25,0.25
9606.ENSP00000159060,0.1,0,1,0,0.25,0.25,0.25,0.25
9606.ENSP00000234590,2640.6,362.1,1,1,0,0,1,0
9606.ENSP00000379822,0,0.1,0,1,1,0,0,0
9606.ENSP00000262947,311.9,204.8,1,1,0,0,1,0
9606.ENSP00000159087,4,3.8,1,1,1,0,0,0
9606.ENSP00000357651,5.5,66.3,1,1,0,0,1,0
9606.ENSP00000355060,40.3,33.3,1,1,0,0,1,0
9606.ENSP00000264316,0,0.7,0,1,0.25,0.25,0.25,0.25
9606.ENSP00000331933,0,0,0,0,1,0,0,0
9606.ENSP00000352035,0,0,0,0,1,0,0,0
9606.ENSP00000362403,0.6,0.1,1,1,0.25,0.25,0.25,0.25
9606.ENSP00000188312,17.2,19.9,1,1,0,0,1,0
9606.ENSP00000261881,24.1,5.2,1,1,1,0,0,0
9606.ENSP00000265729,0.5,45.3,1,1,1,0,0,0
9606.ENSP00000383274,20.8,10.7,1,1,0,1,0,0
9606.ENSP00000448054,69.4,10.4,1,1,1,0,0,0
9606.ENSP00000265362,0.1,0.1,1,1,1,0,0,0
9606.ENSP00000415430,26.1,0.9,1,1,0.25,0.25,0.25,0.25
9606.ENSP00000265361,0.6,0.2,1,1,0.25,0.25,0.25,0.25
9606.ENSP00000370419,90.4,123.2,1,1,0,0,0,1
9606.ENSP00000265838,161.5,785.7,1,1,0,0,0,1
9606.ENSP00000385689,14,18.4,1,1,0.25,0.25,0.25,0.25
9606.ENSP00000262738,1.8,1.4,1,1,0.25,0.25,0.25,0.25
9606.ENSP00000340677,0.1,0,1,0,0.25,0.25,0.25,0.25
9606.ENSP00000386433,48.5,39.9,1,1,0,0,1,0
9606.ENSP00000344831,6.6,8.5,1,1,0,0,1,0
9606.ENSP00000169551,37.3,18.3,1,1,0,0,1,0
9606.ENSP00000264436,0.1,0,1,0,1,0,0,0
9606.ENSP00000168712,0,0,0,0,0.25,0.25,0.25,0.25
9606.ENSP00000356621,5.9,5.3,1,1,1,0,0,0
9606.ENSP00000374037,13,7,1,1,0,0,1,0
9606.ENSP00000354377,8.3,9.1,1,1,0,1,0,0
9606.ENSP00000411397,30.3,28.1,1,1,0,1,0,0
9606.ENSP00000228318,735.1,456.4,1,1,0.25,0.25,0.25,0.25
9606.ENSP00000338523,105.8,58.3,1,1,0.25,0.25,0.25,0.25
9606.ENSP00000264716,9.7,15.3,1,1,1,0,0,0
9606.ENSP00000436836,0,0,0,0,0.25,0.25,0.25,0.25
9606.ENSP00000262138,2,0,1,0,1,0,0,0
9606.ENSP00000351113,5.1,12.9,1,1,1,0,0,0
9606.ENSP00000186436,27.6,22.9,1,1,0,0,1,0
9606.ENSP00000371798,286.3,0.4,1,1,1,0,0,0
9606.ENSP00000349960,3640.9,2422.2,1,1,1,0,0,0
9606.ENSP00000261326,11.3,34.2,1,1,0.25,0.25,0.25,0.25
9606.ENSP00000342793,26.4,15.2,1,1,1,0,0,0
9606.ENSP00000218548,0,0,0,0,1,0,0,0
9606.ENSP00000384792,11.5,0.2,1,1,1,0,0,0
9606.ENSP00000345731,39.8,46.6,1,1,0,1,0,0
9606.ENSP00000265062,145,127.5,1,1,0,0,1,0
9606.ENSP00000368414,20.8,2.9,1,1,0,1,0,0
9606.ENSP00000359370,0.3,4.5,1,1,0,0,1,0
9606.ENSP00000228284,45.6,15.7,1,1,0,1,0,0
9606.ENSP00000295095,0.2,1.1,1,1,0.25,0.25,0.25,0.25
9606.ENSP00000326042,0.3,0.4,1,1,0.25,0.25,0.25,0.25
9606.ENSP00000359319,0,0,0,0,1,0,0,0
9606.ENSP00000265564,94.8,34,1,1,1,0,0,0
9606.ENSP00000354560,5.6,14.3,1,1,0,1,0,0
9606.ENSP00000170447,32,8,1,1,0,0,1,0
9606.ENSP00000264156,36,2.6,1,1,1,0,0,0
9606.ENSP00000265881,118.8,84.5,1,1,0,0,1,0
9606.ENSP00000364639,24.6,27.9,1,1,0,1,0,0
9606.ENSP00000262031,5.5,0.3,1,1,0,0,1,0
9606.ENSP00000446880,35.5,26,1,1,0.25,0.25,0.25,0.25
9606.ENSP00000265562,22.4,8.2,1,1,0,1,0,0
9606.ENSP00000231790,45.8,16.1,1,1,0,1,0,0
9606.ENSP00000242576,105.8,17.4,1,1,0,0,1,0
9606.ENSP00000356723,0.1,22.8,1,1,0,1,0,0
9606.ENSP00000209884,7,17.5,1,1,0,0,1,0
9606.ENSP00000380876,0,0,0,0,0,0,1,0
9606.ENSP00000480703,22.5,26.4,1,1,1,0,0,0
9606.ENSP00000356000,2.8,4,1,1,1,0,0,0
9606.ENSP00000323300,60.3,4.8,1,1,0,0,1,0
9606.ENSP00000261739,23.9,13.6,1,1,1,0,0,0
9606.ENSP00000429309,24.8,40.6,1,1,0,1,0,0
9606.ENSP00000341044,5.8,168.6,1,1,0,0,1,0
9606.ENSP00000262395,64,37.8,1,1,1,0,0,0
9606.ENSP00000220597,0.1,8.8,1,1,0,1,0,0
9606.ENSP00000170564,9.8,3.5,1,1,0,0,1,0
9606.ENSP00000160262,16.2,177.1,1,1,1,0,0,0
9606.ENSP00000339479,40.2,18.4,1,1,0,1,0,0
9606.ENSP00000264036,21.3,0,1,0,1,0,0,0
9606.ENSP00000359864,0.1,0,1,0,0,0,0,1
9606.ENSP00000359890,143.6,112.5,1,1,1,0,0,0
9606.ENSP00000416797,21.7,18.3,1,1,1,0,0,0
9606.ENSP00000434033,25.2,7.5,1,1,1,0,0,0
9606.ENSP00000351137,35.2,46.9,1,1,0.25,0.25,0.25,0.25
9606.ENSP00000337261,34.8,7.8,1,1,1,0,0,0
9606.ENSP00000413606,54.1,18.9,1,1,1,0,0,0
9606.ENSP00000381070,19,21.2,1,1,0,1,0,0
9606.ENSP00000480091,0,0,0,0,1,0,0,0
9606.ENSP00000264057,9.6,5.1,1,1,0,1,0,0
9606.ENSP00000160373,0,1.5,0,1,0,1,0,0
9606.ENSP00000160382,0,0,0,0,0.25,0.25,0.25,0.25
9606.ENSP00000332296,0.5,2.9,1,1,1,0,0,0
9606.ENSP00000396704,46.8,27.8,1,1,0,0,1,0
9606.ENSP00000360184,95.9,106.9,1,1,0,0,1,0
9606.ENSP00000358983,14.2,3,1,1,1,0,0,0
9606.ENSP00000356243,84.8,1.9,1,1,0.25,0.25,0.25,0.25
9606.ENSP00000476755,1.7,9.6,1,1,1,0,0,0
9606.ENSP00000264065,45.1,20.2,1,1,0,0,1,0
9606.ENSP00000348510,54,10,1,1,0,1,0,0
9606.ENSP00000379111,30,31.3,1,1,1,0,0,0
9606.ENSP00000359829,22.4,19.8,1,1,0,1,0,0
9606.ENSP00000353864,0,0.1,0,1,1,0,0,0
9606.ENSP00000317214,0,0,0,0,0.25,0.25,0.25,0.25
9606.ENSP00000337697,0,0.1,0,1,1,0,0,0
9606.ENSP00000243563,137.8,23.9,1,1,0,0,1,0
9606.ENSP00000365811,0,0,0,0,1,0,0,0
9606.ENSP00000221233,48.2,25.5,1,1,1,0,0,0
9606.ENSP00000380308,95.6,147.9,1,1,1,0,0,0
9606.ENSP00000365411,0,30.3,0,1,1,0,0,0
9606.ENSP00000309689,9.8,0,1,0,1,0,0,0
9606.ENSP00000351631,12.1,16.3,1,1,1,0,0,0
9606.ENSP00000337332,9.3,6.1,1,1,0,0,0,1
9606.ENSP00000263321,0,0,0,0,1,0,0,0
9606.ENSP00000263681,15.5,6.1,1,1,0,1,0,0
9606.ENSP00000443495,0.1,0,1,0,1,0,0,0
9606.ENSP00000401010,265.1,112,1,1,1,0,0,0
9606.ENSP00000355551,0.9,3.6,1,1,0,0,0,1
9606.ENSP00000432481,3.3,0.2,1,1,0,1,0,0
9606.ENSP00000226319,21.4,34.8,1,1,0,0,0,1
9606.ENSP00000217909,16,5.2,1,1,0,0,0,1
9606.ENSP00000360613,44.7,40.2,1,1,0.25,0.25,0.25,0.25
9606.ENSP00000393312,34.6,0.8,1,1,0,1,0,0
9606.ENSP00000252037,0,0.1,0,1,1,0,0,0
9606.ENSP00000350036,0.1,0,1,0,1,0,0,0
9606.ENSP00000331544,149.9,0.8,1,1,0,1,0,0
9606.ENSP00000367316,0,0,0,0,1,0,0,0
9606.ENSP00000420384,0.5,3,1,1,1,0,0,0
9606.ENSP00000353508,0.1,0.3,1,1,1,0,0,0
9606.ENSP00000465676,5.7,16.9,1,1,1,0,0,0
9606.ENSP00000348602,0,0,0,0,1,0,0,0
9606.ENSP00000290277,31.8,37.8,1,1,0,1,0,0
9606.ENSP00000265594,25.5,35.7,1,1,0,1,0,0
9606.ENSP00000265598,0.3,0,1,0,1,0,0,0
9606.ENSP00000188790,0,0,0,0,1,0,0,0
9606.ENSP00000366326,0,0.1,0,1,0,0,1,0
9606.ENSP00000434480,3.6,9.4,1,1,1,0,0,0
9606.ENSP00000261427,122.2,118.8,1,1,0,1,0,0
9606.ENSP00000262039,22.4,10.7,1,1,0,0,0,1
9606.ENSP00000261435,3.7,17.1,1,1,0,0,1,0
9606.ENSP00000179259,5.3,1.9,1,1,0,0,0,1
9606.ENSP00000380321,14.9,6.4,1,1,1,0,0,0
9606.ENSP00000347792,43.2,6.1,1,1,0,1,0,0
9606.ENSP00000342952,0,0.2,0,1,1,0,0,0
9606.ENSP00000412324,66.2,72.1,1,1,1,0,0,0
9606.ENSP00000309117,0,0,0,0,1,0,0,0
9606.ENSP00000481878,320.6,56.3,1,1,0,1,0,0
9606.ENSP00000343619,0.1,0,1,0,0,0,0,1
9606.ENSP00000368683,6.7,1.6,1,1,1,0,0,0
9606.ENSP00000307411,48,20.3,1,1,1,0,0,0
9606.ENSP00000381109,1.2,11.1,1,1,0.25,0.25,0.25,0.25
9606.ENSP00000483721,0,0,0,0,1,0,0,0
9606.ENSP00000180166,0,0,0,0,0.25,0.25,0.25,0.25
9606.ENSP00000171757,0.2,0.1,1,1,1,0,0,0
9606.ENSP00000362395,0,1.2,0,1,0.25,0.25,0.25,0.25
9606.ENSP00000346890,54.3,57.3,1,1,0.25,0.25,0.25,0.25
9606.ENSP00000428845,201.6,67.1,1,1,0,0,1,0
9606.ENSP00000327077,75,42.5,1,1,0,0,1,0
9606.ENSP00000336783,5.1,16.5,1,1,1,0,0,0
9606.ENSP00000262653,9,4.7,1,1,0,1,0,0
9606.ENSP00000265922,0,0.1,0,1,1,0,0,0
9606.ENSP00000480499,59.2,44.1,1,1,0,0,1,0
9606.ENSP00000290431,0,0.5,0,1,0,0,1,0
9606.ENSP00000363943,41.8,23.9,1,1,0.25,0.25,0.25,0.25
9606.ENSP00000353094,223.2,103.6,1,1,0,0,1,0
9606.ENSP00000262873,0.7,0.5,1,1,0.25,0.25,0.25,0.25
9606.ENSP00000170150,415.7,1.4,1,1,1,0,0,0
9606.ENSP00000367545,3,0,1,0,1,0,0,0
9606.ENSP00000314733,67.1,110.4,1,1,0,1,0,0
9606.ENSP00000222402,4.4,34.5,1,1,1,0,0,0
9606.ENSP00000441726,32.2,0,1,0,1,0,0,0
9606.ENSP00000402257,0,0.7,0,1,1,0,0,0
9606.ENSP00000027335,0.8,0,1,0,1,0,0,0
9606.ENSP00000261600,17.8,10.5,1,1,1,0,0,0
9606.ENSP00000413152,5.7,12,1,1,0,1,0,0
9606.ENSP00000376293,0,5,0,1,1,0,0,0
9606.ENSP00000265113,0,0.8,0,1,1,0,0,0
9606.ENSP00000375978,315.1,250.2,1,1,1,0,0,0
9606.ENSP00000264265,0.4,1.2,1,1,0,1,0,0
9606.ENSP00000375899,0.4,1,1,1,1,0,0,0
9606.ENSP00000361014,19.4,22.3,1,1,0,0,1,0
9606.ENSP00000171887,5.6,28.8,1,1,0,1,0,0
9606.ENSP00000170168,12.3,10,1,1,0,0,0,1
9606.ENSP00000362339,74.8,111.1,1,1,0,0,1,0
9606.ENSP00000354916,3.2,1,1,1,0,0,1,0
9606.ENSP00000395708,0.2,0,1,0,0,1,0,0
9606.ENSP00000161559,99.3,31.2,1,1,0,1,0,0
9606.ENSP00000394791,9.4,6.9,1,1,0.25,0.25,0.25,0.25
9606.ENSP00000361785,5.9,0,1,0,0.25,0.25,0.25,0.25
9606.ENSP00000458663,23.4,16.7,1,1,0,0,1,0
9606.ENSP00000244289,0.1,0,1,0,1,0,0,0
9606.ENSP00000480828,64.3,190.6,1,1,0,0,1,0
9606.ENSP00000444935,71.5,9.5,1,1,1,0,0,0
9606.ENSP00000347710,3.2,0.4,1,1,0,1,0,0
9606.ENSP00000226355,0.4,297.6,1,1,1,0,0,0
9606.ENSP00000160827,107.3,587.4,1,1,0,0,1,0
9606.ENSP00000367197,6,2.5,1,1,1,0,0,0
9606.ENSP00000331983,1.4,4.4,1,1,1,0,0,0
9606.ENSP00000360124,85.1,215.8,1,1,0,0,0,1
9606.ENSP00000370745,217.2,144.2,1,1,0,0,1,0
9606.ENSP00000373905,92.2,18.2,1,1,0,1,0,0
9606.ENSP00000338481,67.5,5.8,1,1,1,0,0,0
9606.ENSP00000428417,0,0,0,0,1,0,0,0
9606.ENSP00000356940,0,0,0,0,0,1,0,0
9606.ENSP00000356918,35.5,20.7,1,1,1,0,0,0
9606.ENSP00000378958,16.1,8.5,1,1,1,0,0,0
9606.ENSP00000171111,81.9,34.4,1,1,0,0,1,0
9606.ENSP00000359361,0,0.2,0,1,1,0,0,0
9606.ENSP00000365528,11.3,5.7,1,1,0.25,0.25,0.25,0.25
9606.ENSP00000392762,0,0.2,0,1,1,0,0,0
9606.ENSP00000318960,49.1,22.8,1,1,0,0,1,0
9606.ENSP00000374273,2.1,4.6,1,1,0.25,0.25,0.25,0.25
9606.ENSP00000374323,0,0,0,0,0.25,0.25,0.25,0.25
9606.ENSP00000019103,0.3,0,1,0,1,0,0,0
9606.ENSP00000371434,2,0.7,1,1,1,0,0,0
9606.ENSP00000243326,20.3,16.4,1,1,0,0,1,0
9606.ENSP00000261263,5.5,59.2,1,1,0,0,1,0
9606.ENSP00000393557,0,29.4,0,1,1,0,0,0
9606.ENSP00000265773,21.5,55.3,1,1,0,0,1,0
9606.ENSP00000466058,0,0,0,0,0.25,0.25,0.25,0.25
9606.ENSP00000393762,32.9,13.4,1,1,0.25,0.25,0.25,0.25
9606.ENSP00000262843,0,7.1,0,1,0.25,0.25,0.25,0.25
9606.ENSP00000441930,0,0,0,0,1,0,0,0
9606.ENSP00000264828,0,18.8,0,1,0,1,0,0
9606.ENSP00000262518,37.8,2,1,1,1,0,0,0
9606.ENSP00000380982,45,26.6,1,1,0,1,0,0
9606.ENSP00000181383,151.4,1241.5,1,1,0,1,0,0
9606.ENSP00000315602,0.1,0,1,0,1,0,0,0
9606.ENSP00000427120,0.2,16.8,1,1,0.25,0.25,0.25,0.25
9606.ENSP00000445508,10.3,28.7,1,1,0,0,1,0
9606.ENSP00000326366,32.5,17.2,1,1,0,1,0,0
9606.ENSP00000264193,48.2,32,1,1,0.25,0.25,0.25,0.25
9606.ENSP00000421226,44.9,16.2,1,1,0,0,1,0
9606.ENSP00000355304,9.5,1.1,1,1,0.25,0.25,0.25,0.25
9606.ENSP00000335153,1302.5,648,1,1,1,0,0,0
9606.ENSP00000362768,13.6,1.8,1,1,0,1,0,0
9606.ENSP00000363023,49.7,14.5,1,1,1,0,0,0
9606.ENSP00000436552,0,0,0,0,0.25,0.25,0.25,0.25
9606.ENSP00000356385,0,1242.3,0,1,1,0,0,0
9606.ENSP00000261597,30.7,0.5,1,1,0.25,0.25,0.25,0.25
9606.ENSP00000261842,5,5.8,1,1,1,0,0,0
9606.ENSP00000261441,6.4,16.7,1,1,0,0,1,0
9606.ENSP00000304604,4.3,12.5,1,1,0.25,0.25,0.25,0.25
9606.ENSP00000427279,0.1,268.4,1,1,0.25,0.25,0.25,0.25
9606.ENSP00000379138,3524.5,133.2,1,1,1,0,0,0
9606.ENSP00000379866,0,0.6,0,1,0.25,0.25,0.25,0.25
9606.ENSP00000340347,32.6,3.3,1,1,1,0,0,0
9606.ENSP00000193322,11.3,12.5,1,1,0,0,0,1
9606.ENSP00000381058,0,0.1,0,1,1,0,0,0
9606.ENSP00000193391,0,0.1,0,1,1,0,0,0
9606.ENSP00000265260,94,56.2,1,1,1,0,0,0
9606.ENSP00000313140,7.7,4.6,1,1,0,0,1,0
9606.ENSP00000261783,33.8,1.6,1,1,0,1,0,0
9606.ENSP00000340874,0.1,1.8,1,1,1,0,0,0
9606.ENSP00000411355,0.2,5.6,1,1,1,0,0,0
9606.ENSP00000355192,0,0,0,0,1,0,0,0
9606.ENSP00000263946,0,0,0,0,1,0,0,0
9606.ENSP00000348565,47.3,20.6,1,1,0,1,0,0
9606.ENSP00000263955,2.4,4,1,1,1,0,0,0
9606.ENSP00000364389,10.5,30.5,1,1,0.25,0.25,0.25,0.25
9606.ENSP00000364379,2.9,3.2,1,1,1,0,0,0
9606.ENSP00000263816,0,0.8,0,1,1,0,0,0
9606.ENSP00000393835,1.4,3.6,1,1,0.25,0.25,0.25,0.25
9606.ENSP00000355720,20.3,13.1,1,1,0,0,1,0
9606.ENSP00000356920,29.1,6.9,1,1,0.25,0.25,0.25,0.25
9606.ENSP00000324842,30.4,3.3,1,1,0,1,0,0
9606.ENSP00000396225,39.4,22.6,1,1,0,0,1,0
9606.ENSP00000194130,0,0,0,0,1,0,0,0
9606.ENSP00000398481,20.3,11.7,1,1,0.25,0.25,0.25,0.25
9606.ENSP00000194152,0.1,0,1,0,0,1,0,0
9606.ENSP00000433378,0.1,0,1,0,1,0,0,0
9606.ENSP00000378077,0,0,0,0,0,1,0,0
9606.ENSP00000194214,122.3,87.6,1,1,1,0,0,0
9606.ENSP00000262719,19.4,19.6,1,1,0,0,0,1
9606.ENSP00000445359,2.7,14.5,1,1,0,0,1,0
9606.ENSP00000262345,0,0.2,0,1,0.25,0.25,0.25,0.25
9606.ENSP00000262188,1.2,0.3,1,1,1,0,0,0
9606.ENSP00000265107,16.7,28.9,1,1,0.25,0.25,0.25,0.25
9606.ENSP00000427114,0,4.1,0,1,1,0,0,0
9606.ENSP00000387278,0,0.1,0,1,0.25,0.25,0.25,0.25
9606.ENSP00000194530,55.1,108.9,1,1,0,0,1,0
9606.ENSP00000394316,257.8,263.9,1,1,1,0,0,0
9606.ENSP00000325120,0,0,0,0,1,0,0,0
9606.ENSP00000371497,1.3,1.6,1,1,0.25,0.25,0.25,0.25
9606.ENSP00000321070,15.4,10.8,1,1,0,1,0,0
9606.ENSP00000326879,12,9.1,1,1,1,0,0,0
9606.ENSP00000264157,15.4,16.2,1,1,0,1,0,0
9606.ENSP00000410768,9.3,5.5,1,1,0,1,0,0
9606.ENSP00000480474,0,0,0,0,0.25,0.25,0.25,0.25
9606.ENSP00000343158,0.1,0.9,1,1,1,0,0,0
9606.ENSP00000341360,46.2,120,1,1,0,0,1,0
9606.ENSP00000363480,9.9,0,1,0,1,0,0,0
9606.ENSP00000394033,0.1,0,1,0,0.25,0.25,0.25,0.25
9606.ENSP00000355979,0,0,0,0,1,0,0,0
9606.ENSP00000261464,0.3,0,1,0,1,0,0,0
9606.ENSP00000431040,80.2,104.2,1,1,0,1,0,0
9606.ENSP00000285873,22.7,9.3,1,1,0,1,0,0
9606.ENSP00000265572,0.1,0,1,0,1,0,0,0
9606.ENSP00000354855,179.9,113.7,1,1,0,1,0,0
9606.ENSP00000389588,0,0,0,0,1,0,0,0
9606.ENSP00000324806,17.4,23.9,1,1,1,0,0,0
9606.ENSP00000296181,127.6,35.1,1,1,0,0,1,0
9606.ENSP00000468263,9,13.8,1,1,0,0,1,0
9606.ENSP00000384863,120.5,54.4,1,1,1,0,0,0
9606.ENSP00000341361,29.7,47.3,1,1,0,0,1,0
9606.ENSP00000366314,0,0.2,0,1,1,0,0,0
9606.ENSP00000261584,27.2,4.4,1,1,0,0,1,0
9606.ENSP00000237163,3.3,3,1,1,1,0,0,0
9606.ENSP00000430025,18.8,35.5,1,1,1,0,0,0
9606.ENSP00000318351,15,60.9,1,1,0,0,1,0
9606.ENSP00000380136,13,23,1,1,0,1,0,0
9606.ENSP00000365130,12.1,40.1,1,1,1,0,0,0
9606.ENSP00000378914,0,1.6,0,1,0,1,0,0
9606.ENSP00000251808,0,0,0,0,1,0,0,0
9606.ENSP00000336712,52.4,33.7,1,1,0,1,0,0
9606.ENSP00000196061,190.4,29.5,1,1,1,0,0,0
9606.ENSP00000225328,3.9,0.3,1,1,1,0,0,0
9606.ENSP00000263087,0.5,65.6,1,1,1,0,0,0
9606.ENSP00000366997,17.9,20.1,1,1,0,0,1,0
9606.ENSP00000317144,5.6,5.7,1,1,0,0,0,1
9606.ENSP00000440190,7.5,10,1,1,0,0,1,0
9606.ENSP00000368459,12.2,10.9,1,1,1,0,0,0
9606.ENSP00000313851,14.2,24.8,1,1,0,0,1,0
9606.ENSP00000196371,7.1,0.3,1,1,1,0,0,0
9606.ENSP00000262850,10.9,2.8,1,1,0,1,0,0
9606.ENSP00000261172,0,0,0,0,1,0,0,0
9606.ENSP00000392025,7,20.7,1,1,0,0,1,0
9606.ENSP00000263093,41.7,342.9,1,1,0,0,0,1
9606.ENSP00000444812,4.4,2.3,1,1,0.25,0.25,0.25,0.25
9606.ENSP00000321848,0,1,0,1,0.25,0.25,0.25,0.25
9606.ENSP00000196489,2.6,0.7,1,1,0.25,0.25,0.25,0.25
9606.ENSP00000379458,1.9,4.6,1,1,1,0,0,0
9606.ENSP00000472802,4.4,2.1,1,1,1,0,0,0
9606.ENSP00000263095,5.1,16.3,1,1,0.25,0.25,0.25,0.25
9606.ENSP00000472985,2330.7,1745.2,1,1,0,0,1,0
9606.ENSP00000406229,60.7,19.6,1,1,0,1,0,0
9606.ENSP00000339245,28.2,83.7,1,1,0,0,1,0
9606.ENSP00000263780,27.6,69.2,1,1,0,0,1,0
9606.ENSP00000361803,32.6,63.9,1,1,1,0,0,0
9606.ENSP00000361918,12.5,32.8,1,1,1,0,0,0
9606.ENSP00000361845,44.8,56.3,1,1,0,0,1,0
9606.ENSP00000338030,208.4,107.9,1,1,0,0,1,0
9606.ENSP00000264230,32.8,4.9,1,1,0,0,1,0
9606.ENSP00000311816,10.9,29.2,1,1,0,1,0,0
9606.ENSP00000261208,7.9,98.9,1,1,0,0,0,1
9606.ENSP00000315713,4.1,14.2,1,1,0,0,1,0
9606.ENSP00000381607,3.4,11.8,1,1,1,0,0,0
9606.ENSP00000263574,670.3,439.3,1,1,0,1,0,0
9606.ENSP00000197268,4,1.1,1,1,1,0,0,0
9606.ENSP00000305974,1.1,0.6,1,1,0.25,0.25,0.25,0.25
9606.ENSP00000261167,46.5,47.8,1,1,0,0,1,0
9606.ENSP00000362688,324,105.7,1,1,0,0,1,0
9606.ENSP00000362841,0.3,0,1,0,0.25,0.25,0.25,0.25
9606.ENSP00000362776,16.3,0,1,0,0.25,0.25,0.25,0.25
9606.ENSP00000362711,54.2,28.5,1,1,0,0,1,0
9606.ENSP00000233242,1692.6,2317.4,1,1,1,0,0,0
9606.ENSP00000385216,5,20.8,1,1,0,1,0,0
9606.ENSP00000353249,73.5,3.2,1,1,0,1,0,0
9606.ENSP00000384081,0.7,0,1,0,0.25,0.25,0.25,0.25
9606.ENSP00000264712,9.8,0,1,0,0.25,0.25,0.25,0.25
9606.ENSP00000264710,97.5,64.3,1,1,0,0,1,0
9606.ENSP00000264717,17.7,74.4,1,1,0,0,0,1
9606.ENSP00000370023,217.4,182.7,1,1,0,0,1,0
9606.ENSP00000233121,1.5,8.5,1,1,1,0,0,0
9606.ENSP00000264705,36.2,4.4,1,1,0,1,0,0
9606.ENSP00000379191,220.1,97,1,1,1,0,0,0
9606.ENSP00000227155,0.6,23.4,1,1,1,0,0,0
9606.ENSP00000437775,4.6,3.4,1,1,0.25,0.25,0.25,0.25
9606.ENSP00000362441,16.5,45.1,1,1,1,0,0,0
9606.ENSP00000370193,38.3,50.9,1,1,0,1,0,0
9606.ENSP00000360871,0.1,2.3,1,1,1,0,0,0
9606.ENSP00000326240,7.2,7,1,1,0,0,1,0
9606.ENSP00000264674,0.7,0.2,1,1,0,0,1,0
9606.ENSP00000481022,18.1,14.9,1,1,0.25,0.25,0.25,0.25
9606.ENSP00000358106,32,13.5,1,1,0,1,0,0
9606.ENSP00000262903,4.5,1.7,1,1,0.25,0.25,0.25,0.25
9606.ENSP00000382779,54.2,18,1,1,0.25,0.25,0.25,0.25
9606.ENSP00000383599,4.4,1.6,1,1,0,0,1,0
9606.ENSP00000233055,52,18.5,1,1,0,0,1,0
9606.ENSP00000358747,2.1,2.6,1,1,1,0,0,0
9606.ENSP00000457733,4.1,0.9,1,1,1,0,0,0
9606.ENSP00000375986,14,9,1,1,0,1,0,0
9606.ENSP00000198536,0.1,1.7,1,1,1,0,0,0
9606.ENSP00000357073,0,14.4,0,1,0.25,0.25,0.25,0.25
9606.ENSP00000478255,19.4,40.2,1,1,0,1,0,0
9606.ENSP00000380087,6.3,1.4,1,1,0,0,1,0
9606.ENSP00000285930,175.6,3.3,1,1,1,0,0,0
9606.ENSP00000477590,33.2,103.3,1,1,0,0,0,1
9606.ENSP00000198767,34.6,14.2,1,1,0,0,1,0
9606.ENSP00000365745,56.1,43.2,1,1,0,1,0,0
9606.ENSP00000325526,1.4,2,1,1,0.25,0.25,0.25,0.25
9606.ENSP00000263629,72.4,33.8,1,1,0,0,1,0
9606.ENSP00000380352,40.9,6,1,1,0,0,1,0
9606.ENSP00000393952,1.7,0.2,1,1,1,0,0,0
9606.ENSP00000360798,16.6,31.6,1,1,0,1,0,0
9606.ENSP00000360623,20.8,0.2,1,1,0,0,1,0
9606.ENSP00000482639,307.4,459.1,1,1,0,0,0,1
9606.ENSP00000439856,40.4,24.8,1,1,0.25,0.25,0.25,0.25
9606.ENSP00000375872,13.4,9.7,1,1,1,0,0,0
9606.ENSP00000415434,24.2,20.9,1,1,0,1,0,0
9606.ENSP00000361060,34.5,17.5,1,1,0,0,1,0
9606.ENSP00000361043,28.3,0,1,0,0,0,1,0
9606.ENSP00000354671,25.2,6.1,1,1,0,1,0,0
9606.ENSP00000369127,312.6,157.6,1,1,1,0,0,0
9606.ENSP00000369055,43.7,177.4,1,1,0,0,0,1
9606.ENSP00000223500,52.8,75.7,1,1,1,0,0,0
9606.ENSP00000368856,25.7,27.7,1,1,0,0,0,1
9606.ENSP00000477688,0.3,0.3,1,1,1,0,0,0
9606.ENSP00000199320,26.7,15.1,1,1,0,0,1,0
9606.ENSP00000386992,18.9,5.5,1,1,0,1,0,0
9606.ENSP00000256999,0.1,15.3,1,1,0,1,0,0
9606.ENSP00000199389,131.9,61.5,1,1,0,0,1,0
9606.ENSP00000199447,0,0,0,0,1,0,0,0
9606.ENSP00000199448,55.4,11.7,1,1,0,0,1,0
9606.ENSP00000395474,33.7,126.5,1,1,1,0,0,0
9606.ENSP00000367893,121,34.7,1,1,0,0,1,0
9606.ENSP00000199706,142.4,75.2,1,1,0,1,0,0
9606.ENSP00000199708,18.1,0.3,1,1,1,0,0,0
9606.ENSP00000263370,11.9,5.2,1,1,0,1,0,0
9606.ENSP00000199764,0.1,0.2,1,1,1,0,0,0
9606.ENSP00000261800,0,0,0,0,1,0,0,0
9606.ENSP00000199814,25.7,16.4,1,1,0,1,0,0
9606.ENSP00000262225,317.1,507.9,1,1,0,0,1,0
9606.ENSP00000346635,2.5,24.5,1,1,0,0,1,0
9606.ENSP00000261749,87.8,159.4,1,1,0,0,0,1
9606.ENSP00000199936,77.7,121.9,1,1,0,1,0,0
9606.ENSP00000369465,14.7,15,1,1,1,0,0,0
9606.ENSP00000354871,0,0,0,0,0.25,0.25,0.25,0.25
9606.ENSP00000420494,1.7,5.9,1,1,1,0,0,0
9606.ENSP00000340648,57,40,1,1,0,1,0,0
9606.ENSP00000200135,19.9,7.2,1,1,0,0,1,0
9606.ENSP00000482396,22.1,6.8,1,1,0,0,1,0
9606.ENSP00000350332,0,0,0,0,1,0,0,0
9606.ENSP00000263317,0,0.1,0,1,0.25,0.25,0.25,0.25
9606.ENSP00000348775,14.7,11.2,1,1,1,0,0,0
9606.ENSP00000345752,27.8,2.7,1,1,0,1,0,0
9606.ENSP00000200453,21,12.7,1,1,1,0,0,0
9606.ENSP00000263278,1.5,43.8,1,1,0,1,0,0
9606.ENSP00000200457,0.8,29.3,1,1,0,0,1,0
9606.ENSP00000303211,0.1,0.5,1,1,0.25,0.25,0.25,0.25
9606.ENSP00000366525,16084.5,30146.1,1,1,0,0,0,1
9606.ENSP00000480421,112.9,12.6,1,1,0,0,1,0
9606.ENSP00000293288,264.5,29.8,1,1,0,1,0,0
9606.ENSP00000384625,8.5,7.4,1,1,0,1,0,0
9606.ENSP00000309430,43,6,1,1,0,0,1,0
9606.ENSP00000251582,1.5,1.3,1,1,0,0,1,0
9606.ENSP00000307519,0,0,0,0,1,0,0,0
9606.ENSP00000397259,67.5,7,1,1,0,1,0,0
9606.ENSP00000262764,25.6,4.3,1,1,0,1,0,0
9606.ENSP00000310572,305.5,145.5,1,1,0,0,1,0
9606.ENSP00000366434,31.3,8.7,1,1,0,1,0,0
9606.ENSP00000200676,1.6,1.1,1,1,0.25,0.25,0.25,0.25
9606.ENSP00000219070,3.1,0,1,0,1,0,0,0
9606.ENSP00000200691,0,0,0,0,1,0,0,0
9606.ENSP00000262134,14.7,1.6,1,1,0,1,0,0
9606.ENSP00000262494,0,9.8,0,1,1,0,0,0
9606.ENSP00000457258,37.8,17.4,1,1,0,1,0,0
9606.ENSP00000422168,8.1,46.2,1,1,0,0,1,0
9606.ENSP00000405068,56.8,22.9,1,1,1,0,0,0
9606.ENSP00000264758,83.2,37.6,1,1,1,0,0,0
9606.ENSP00000267436,4.4,11.1,1,1,0,0,0,1
9606.ENSP00000281741,4.1,12,1,1,0,0,1,0
9606.ENSP00000261700,157.4,145.8,1,1,0,1,0,0
9606.ENSP00000216286,0,0,0,0,1,0,0,0
9606.ENSP00000282570,22.5,21.1,1,1,0,0,1,0
9606.ENSP00000318861,202.9,66.2,1,1,0,0,1,0
9606.ENSP00000370671,6.5,21.6,1,1,1,0,0,0
9606.ENSP00000360141,1885.2,253.9,1,1,0,1,0,0
9606.ENSP00000449089,43.6,15.5,1,1,0,0,1,0
9606.ENSP00000441765,0.1,0.1,1,1,1,0,0,0
9606.ENSP00000360054,0,0,0,0,0.25,0.25,0.25,0.25
9606.ENSP00000353270,68.2,52.8,1,1,0,0,1,0
9606.ENSP00000201031,0,0,0,0,1,0,0,0
9606.ENSP00000216911,215.1,3.4,1,1,0,1,0,0
9606.ENSP00000353462,0.7,0.9,1,1,1,0,0,0
9606.ENSP00000369786,47.6,26.8,1,1,0,0,1,0
9606.ENSP00000431808,50.1,142.9,1,1,0,0,1,0
9606.ENSP00000306335,1.9,3,1,1,1,0,0,0
9606.ENSP00000309610,3.3,11.9,1,1,0.25,0.25,0.25,0.25
9606.ENSP00000201586,0.3,0.1,1,1,1,0,0,0
9606.ENSP00000360149,1.4,12.3,1,1,0,0,0,1
9606.ENSP00000351159,37,7,1,1,1,0,0,0
9606.ENSP00000308782,0.1,0.2,1,1,1,0,0,0
9606.ENSP00000263708,5.9,12.6,1,1,0.25,0.25,0.25,0.25
9606.ENSP00000263239,93.5,217.4,1,1,0,1,0,0
9606.ENSP00000381216,194.8,43.5,1,1,0,0,1,0
9606.ENSP00000078429,33.7,24.3,1,1,1,0,0,0
9606.ENSP00000338769,10.1,3.9,1,1,1,0,0,0
9606.ENSP00000363616,56,22.9,1,1,0,0,1,0
9606.ENSP00000328547,15.1,1.4,1,1,1,0,0,0
9606.ENSP00000201979,0,0,0,0,1,0,0,0
9606.ENSP00000300403,173.5,2.8,1,1,0,1,0,0
9606.ENSP00000202017,35,6.6,1,1,1,0,0,0
9606.ENSP00000337168,93.1,2.9,1,1,1,0,0,0
9606.ENSP00000365686,0.2,24.5,1,1,1,0,0,0
9606.ENSP00000365643,2.4,6.7,1,1,0,0,1,0
9606.ENSP00000267339,66.5,43.6,1,1,0,0,1,0
9606.ENSP00000261296,16,22.2,1,1,1,0,0,0
9606.ENSP00000266037,0,0,0,0,0,1,0,0
9606.ENSP00000349732,1.1,1.6,1,1,0,1,0,0
9606.ENSP00000262507,62.2,49.2,1,1,0,1,0,0
9606.ENSP00000322837,0.6,1.8,1,1,1,0,0,0
9606.ENSP00000333942,21.4,22,1,1,0,0,1,0
9606.ENSP00000392660,0.2,0.2,1,1,1,0,0,0
9606.ENSP00000368140,186.1,16.7,1,1,0.25,0.25,0.25,0.25
9606.ENSP00000371825,0,0,0,0,0.25,0.25,0.25,0.25
9606.ENSP00000202556,5.3,7,1,1,0,0,1,0
9606.ENSP00000262919,54.4,39.8,1,1,0,1,0,0
9606.ENSP00000478305,47,1.8,1,1,0,0,1,0
9606.ENSP00000341141,0,0.2,0,1,1,0,0,0
9606.ENSP00000383003,374.8,119.4,1,1,0,1,0,0
9606.ENSP00000418529,51.3,49.1,1,1,0,0,1,0
9606.ENSP00000369399,35,0,1,0,0,1,0,0
9606.ENSP00000252032,10.3,2,1,1,1,0,0,0
9606.ENSP00000482819,18.9,2.2,1,1,0,0,1,0
9606.ENSP00000370022,0.6,5.3,1,1,0.25,0.25,0.25,0.25
9606.ENSP00000369979,0.1,0,1,0,0.25,0.25,0.25,0.25
9606.ENSP00000401980,39.6,39.6,1,1,0,0,0,1
9606.ENSP00000353496,22.2,5.7,1,1,0,0,1,0
9606.ENSP00000384957,28,70,1,1,0.25,0.25,0.25,0.25
9606.ENSP00000366396,128.3,72.9,1,1,0,0,1,0
9606.ENSP00000479542,72.4,3.9,1,1,0.25,0.25,0.25,0.25
9606.ENSP00000376297,889,590.1,1,1,0.25,0.25,0.25,0.25
9606.ENSP00000334785,91.9,0.5,1,1,0,0,1,0
9606.ENSP00000366998,637.1,50.8,1,1,1,0,0,0
9606.ENSP00000403172,2243.9,2015.5,1,1,0,1,0,0
9606.ENSP00000305529,0,0,0,0,0.25,0.25,0.25,0.25
9606.ENSP00000449381,44.2,12.5,1,1,1,0,0,0
9606.ENSP00000330696,0.1,3.6,1,1,0,1,0,0
9606.ENSP00000202816,56.3,68.1,1,1,0,0,1,0
9606.ENSP00000336866,29.4,13.7,1,1,0,0,1,0
9606.ENSP00000261819,107.5,56.4,1,1,0,0,0,1
9606.ENSP00000368637,72,54.6,1,1,1,0,0,0
9606.ENSP00000447091,7.4,8.9,1,1,1,0,0,0
9606.ENSP00000341364,274.2,158.3,1,1,0,1,0,0
9606.ENSP00000262547,0.8,0.4,1,1,0,0,1,0
9606.ENSP00000366271,25.4,13.4,1,1,0.25,0.25,0.25,0.25
9606.ENSP00000245957,0,0,0,0,1,0,0,0
9606.ENSP00000261731,0,0,0,0,0.25,0.25,0.25,0.25
9606.ENSP00000338624,19.4,6.7,1,1,1,0,0,0
9606.ENSP00000388001,4,13.3,1,1,0,0,0,1
9606.ENSP00000300648,59.5,20.6,1,1,0,0,1,0
9606.ENSP00000449328,4369,1086,1,1,0,0,0,1
9606.ENSP00000267257,34.1,13.5,1,1,1,0,0,0
9606.ENSP00000202967,2.6,2.9,1,1,0,0,1,0
9606.ENSP00000374036,1.8,0,1,0,1,0,0,0
9606.ENSP00000384164,16.5,13.5,1,1,0,0,1,0
9606.ENSP00000203001,28.5,18.9,1,1,1,0,0,0
9606.ENSP00000368244,1.5,0.1,1,1,1,0,0,0
9606.ENSP00000261313,1248.8,2645.2,1,1,0,0,0,1
9606.ENSP00000309913,0,0,0,0,1,0,0,0
9606.ENSP00000403524,16.4,10.6,1,1,0,0,1,0
9606.ENSP00000261735,242.4,347.6,1,1,0,0,0,1
9606.ENSP00000477999,0,0,0,0,1,0,0,0
9606.ENSP00000254108,550.7,50.9,1,1,0,0,1,0
9606.ENSP00000363661,75.3,25.7,1,1,0,1,0,0
9606.ENSP00000344254,1.6,7.6,1,1,1,0,0,0
9606.ENSP00000396379,0.4,10.7,1,1,0.25,0.25,0.25,0.25
9606.ENSP00000441032,32,4.1,1,1,0,1,0,0
9606.ENSP00000473929,2.4,0.4,1,1,1,0,0,0
9606.ENSP00000430620,0,0,0,0,0,0,1,0
9606.ENSP00000382508,66.6,17.2,1,1,1,0,0,0
9606.ENSP00000368814,2.1,0,1,0,0.25,0.25,0.25,0.25
9606.ENSP00000264661,0,0,0,0,0.25,0.25,0.25,0.25
9606.ENSP00000340466,172.2,77.6,1,1,0,0,1,0
9606.ENSP00000203556,3.8,1.2,1,1,0,1,0,0
9606.ENSP00000361557,10.1,9,1,1,1,0,0,0
9606.ENSP00000301633,127,1.8,1,1,1,0,0,0
9606.ENSP00000203629,0,2.3,0,1,1,0,0,0
9606.ENSP00000203630,215.3,184.2,1,1,0,0,1,0
9606.ENSP00000203664,2.8,0.7,1,1,1,0,0,0
9606.ENSP00000481495,5.3,121.2,1,1,0,0,1,0
9606.ENSP00000476746,2.3,8.5,1,1,1,0,0,0
9606.ENSP00000341737,25.8,11.6,1,1,0,1,0,0
9606.ENSP00000359045,1.1,0.6,1,1,1,0,0,0
9606.ENSP00000471252,0,0.8,0,1,0.25,0.25,0.25,0.25
9606.ENSP00000284690,14.3,10.3,1,1,0,0,1,0
9606.ENSP00000262241,15.6,10,1,1,0,1,0,0
9606.ENSP00000261530,12.3,10.2,1,1,0,1,0,0
9606.ENSP00000311905,2.2,2.1,1,1,0,1,0,0
9606.ENSP00000263368,58,837.6,1,1,0,0,1,0
9606.ENSP00000263980,6.4,1.3,1,1,1,0,0,0
9606.ENSP00000262554,53.4,22.4,1,1,0,0,1,0
9606.ENSP00000216277,116.9,120.2,1,1,1,0,0,0
9606.ENSP00000374529,66.5,19.2,1,1,1,0,0,0
9606.ENSP00000417196,57.7,3.5,1,1,0.25,0.25,0.25,0.25
9606.ENSP00000356429,0,3.1,0,1,1,0,0,0
9606.ENSP00000381821,19.4,20.4,1,1,0,0,0,1
9606.ENSP00000376732,96.5,276.6,1,1,0.25,0.25,0.25,0.25
9606.ENSP00000419087,358.7,1276.9,1,1,0,1,0,0
9606.ENSP00000319664,285.2,759.7,1,1,0,1,0,0
9606.ENSP00000302830,89.5,15,1,1,0,1,0,0
9606.ENSP00000264832,74.7,12.6,1,1,1,0,0,0
9606.ENSP00000375777,54.7,9.3,1,1,1,0,0,0
9606.ENSP00000261233,0,1,0,1,0,1,0,0
9606.ENSP00000261267,3140.2,31.7,1,1,1,0,0,0
9606.ENSP00000264382,0,0,0,0,1,0,0,0
9606.ENSP00000264198,30,16.2,1,1,0.25,0.25,0.25,0.25
9606.ENSP00000204517,20.5,1.6,1,1,0,1,0,0
9606.ENSP00000204549,18.1,18.1,1,1,0,0,1,0
9606.ENSP00000204566,81.4,111.9,1,1,0,0,1,0
9606.ENSP00000265029,1.6,46.8,1,1,1,0,0,0
9606.ENSP00000414398,138.8,46.4,1,1,0,0,1,0
9606.ENSP00000316881,0.2,0.5,1,1,0,0,1,0
9606.ENSP00000204615,15.7,12.1,1,1,0.25,0.25,0.25,0.25
9606.ENSP00000204604,11.8,25.4,1,1,1,0,0,0
9606.ENSP00000469613,3.1,1.3,1,1,0.25,0.25,0.25,0.25
9606.ENSP00000262305,36.2,10.4,1,1,0,0,1,0
9606.ENSP00000204679,30.6,30.7,1,1,0,1,0,0
9606.ENSP00000444412,14.4,8.2,1,1,0,0,1,0
9606.ENSP00000204726,24.5,23.7,1,1,0,0,1,0
9606.ENSP00000361949,166.7,139.7,1,1,0,1,0,0
9606.ENSP00000315477,0,0.1,0,1,1,0,0,0
9606.ENSP00000251363,65,62.4,1,1,0,0,1,0
9606.ENSP00000264079,7.8,11,1,1,0,0,1,0
9606.ENSP00000309262,32.4,19.4,1,1,0,0,1,0
9606.ENSP00000204961,7.6,4.2,1,1,0,0,1,0
9606.ENSP00000288050,20.4,11.4,1,1,0,1,0,0
9606.ENSP00000261772,137,47.4,1,1,0,0,1,0
9606.ENSP00000205061,58.9,33.3,1,1,0,0,1,0
9606.ENSP00000363524,29.3,0,1,0,0,0,1,0
9606.ENSP00000379144,15.1,109.1,1,1,0,0,1,0
9606.ENSP00000392906,9.9,0.4,1,1,0,0,1,0
9606.ENSP00000205143,0.5,0,1,0,0.25,0.25,0.25,0.25
9606.ENSP00000205194,31.9,2,1,1,0.25,0.25,0.25,0.25
9606.ENSP00000322218,9.7,11.5,1,1,0,1,0,0
9606.ENSP00000370695,9.2,9.9,1,1,0,0,1,0
9606.ENSP00000265271,13.1,13,1,1,0,1,0,0
9606.ENSP00000230732,0,0,0,0,0.25,0.25,0.25,0.25
9606.ENSP00000261183,19.8,47.1,1,1,1,0,0,0
9606.ENSP00000322885,13.4,3.6,1,1,0,1,0,0
9606.ENSP00000385090,0.3,0,1,0,0.25,0.25,0.25,0.25
9606.ENSP00000348722,24.6,5.3,1,1,0,1,0,0
9606.ENSP00000373433,0,0,0,0,0,0,1,0
9606.ENSP00000368314,0.5,0.4,1,1,1,0,0,0
9606.ENSP00000222399,89.7,3.9,1,1,1,0,0,0
9606.ENSP00000265715,0,0.2,0,1,1,0,0,0
9606.ENSP00000345873,0.3,0,1,0,1,0,0,0
9606.ENSP00000205402,118.9,83.2,1,1,0,0,1,0
9606.ENSP00000254442,2.7,7.9,1,1,1,0,0,0
9606.ENSP00000217515,88.5,95,1,1,0,1,0,0
9606.ENSP00000412209,0,0,0,0,0.25,0.25,0.25,0.25
9606.ENSP00000205557,54.1,47.3,1,1,0.25,0.25,0.25,0.25
9606.ENSP00000205636,49.5,256.7,1,1,0,1,0,0
9606.ENSP00000386896,56.2,19.3,1,1,1,0,0,0
9606.ENSP00000380271,0.2,11,1,1,0,1,0,0
9606.ENSP00000364361,8.9,47.2,1,1,1,0,0,0
9606.ENSP00000368808,2.7,0,1,0,0.25,0.25,0.25,0.25
9606.ENSP00000355518,125.5,94.7,1,1,0,0,1,0
9606.ENSP00000382767,10.9,2.9,1,1,0,1,0,0
9606.ENSP00000385834,2185.1,5854.7,1,1,1,0,0,0
9606.ENSP00000264993,121.8,94.6,1,1,1,0,0,0
9606.ENSP00000205890,0,1,0,1,1,0,0,0
9606.ENSP00000382091,51.9,62.6,1,1,0,0,1,0
9606.ENSP00000205948,2619.6,7945.2,1,1,1,0,0,0
9606.ENSP00000478516,0.3,0.1,1,1,0,1,0,0
9606.ENSP00000262483,0.2,1.4,1,1,1,0,0,0
9606.ENSP00000206020,86,85.9,1,1,0,1,0,0
9606.ENSP00000219097,38.5,1.9,1,1,0,1,0,0
9606.ENSP00000430497,0,26.6,0,1,0,0,1,0
9606.ENSP00000263160,0,0,0,0,1,0,0,0
9606.ENSP00000011292,0.3,0,1,0,1,0,0,0
9606.ENSP00000351052,26.3,8.8,1,1,0,0,1,0
9606.ENSP00000405330,0,48.3,0,1,1,0,0,0
9606.ENSP00000356194,0.1,0,1,0,1,0,0,0
9606.ENSP00000314897,0.1,1.3,1,1,1,0,0,0
9606.ENSP00000468025,91.6,19.9,1,1,0.25,0.25,0.25,0.25
9606.ENSP00000420298,0.2,0,1,0,1,0,0,0
9606.ENSP00000206423,0.9,0.1,1,1,1,0,0,0
9606.ENSP00000250378,0.1,0,1,0,1,0,0,0
9606.ENSP00000372155,287.6,347.2,1,1,0,0,1,0
9606.ENSP00000261475,64.4,24.5,1,1,0,0,0,1
9606.ENSP00000206474,97.4,5.2,1,1,0,1,0,0
9606.ENSP00000380307,0.7,0,1,0,0.25,0.25,0.25,0.25
9606.ENSP00000347507,0.2,0,1,0,1,0,0,0
9606.ENSP00000206513,0.1,0,1,0,1,0,0,0
9606.ENSP00000320378,0,1.5,0,1,1,0,0,0
9606.ENSP00000206542,24.8,20.1,1,1,1,0,0,0
9606.ENSP00000380437,1,0.8,1,1,1,0,0,0
9606.ENSP00000315112,30.5,0.2,1,1,0,1,0,0
9606.ENSP00000390783,131.5,34.4,1,1,0,1,0,0
9606.ENSP00000206595,28.8,8,1,1,1,0,0,0
9606.ENSP00000382269,170.4,73.3,1,1,0,1,0,0
9606.ENSP00000451291,1059.6,239.7,1,1,0,0,1,0
9606.ENSP00000382895,0.8,0.8,1,1,1,0,0,0
9606.ENSP00000216297,181.1,28.1,1,1,0,1,0,0
9606.ENSP00000477868,47.8,43.9,1,1,1,0,0,0
9606.ENSP00000308533,75.2,6.1,1,1,0,0,1,0
9606.ENSP00000206765,5.2,0.1,1,1,1,0,0,0
9606.ENSP00000267415,25.8,14.8,1,1,0.25,0.25,0.25,0.25
9606.ENSP00000250863,0,0,0,0,1,0,0,0
9606.ENSP00000257414,13.5,1.1,1,1,0,0,1,0
9606.ENSP00000320239,14.9,34.2,1,1,1,0,0,0
9606.ENSP00000263798,18.3,0.2,1,1,0,1,0,0
9606.ENSP00000263795,6.9,0.4,1,1,0.25,0.25,0.25,0.25
9606.ENSP00000380349,2.7,3.7,1,1,0,1,0,0
9606.ENSP00000249647,81.3,26.6,1,1,0,1,0,0
9606.ENSP00000207157,0.4,14.4,1,1,1,0,0,0
9606.ENSP00000358417,165,116.6,1,1,0,0,1,0
9606.ENSP00000341640,113.8,6.8,1,1,1,0,0,0
9606.ENSP00000356042,130,38.8,1,1,1,0,0,0
9606.ENSP00000446955,1323.6,1024.7,1,1,1,0,0,0
9606.ENSP00000362300,14.7,11.3,1,1,0.25,0.25,0.25,0.25
9606.ENSP00000207457,0.4,0,1,0,1,0,0,0
9606.ENSP00000312995,12.3,0.3,1,1,0.25,0.25,0.25,0.25
9606.ENSP00000326170,42.4,33,1,1,0,0,1,0
9606.ENSP00000207549,26.8,2.1,1,1,1,0,0,0
9606.ENSP00000464932,26,17.1,1,1,0,0,1,0
9606.ENSP00000309539,45.5,23.1,1,1,1,0,0,0
9606.ENSP00000355896,0,0,0,0,0.25,0.25,0.25,0.25
9606.ENSP00000355902,5.9,12.8,1,1,0,0,0,1
9606.ENSP00000345895,48.5,32.2,1,1,0,1,0,0
9606.ENSP00000405726,33.6,0,1,0,1,0,0,0
9606.ENSP00000354511,254.4,323.9,1,1,0,1,0,0
9606.ENSP00000382731,0.2,2.7,1,1,0.25,0.25,0.25,0.25
9606.ENSP00000440594,0,9.1,0,1,0.25,0.25,0.25,0.25
9606.ENSP00000436585,111.4,73,1,1,0,0,0,1
9606.ENSP00000338727,26.8,58.5,1,1,0,0,1,0
9606.ENSP00000264454,21,15.2,1,1,0.25,0.25,0.25,0.25
9606.ENSP00000207870,24.9,50.8,1,1,0.25,0.25,0.25,0.25
9606.ENSP00000334061,31.2,42.6,1,1,0,1,0,0
9606.ENSP00000209540,0.2,0.1,1,1,0.25,0.25,0.25,0.25
9606.ENSP00000430100,5.8,0,1,0,0,0,1,0
9606.ENSP00000251645,0,0,0,0,1,0,0,0
9606.ENSP00000209728,136.4,0.8,1,1,0,1,0,0
9606.ENSP00000362481,7.2,5.8,1,1,0.25,0.25,0.25,0.25
9606.ENSP00000378350,37.9,16.7,1,1,1,0,0,0
9606.ENSP00000209873,47.1,10.9,1,1,0,0,1,0
9606.ENSP00000209875,14.1,40.5,1,1,1,0,0,0
9606.ENSP00000209929,0,0,0,0,0,0,1,0
9606.ENSP00000356696,13.6,11.9,1,1,1,0,0,0
9606.ENSP00000233146,52,3.1,1,1,0,0,1,0
9606.ENSP00000382423,15.9,12.2,1,1,0,0,0,1
9606.ENSP00000210060,43.2,23.4,1,1,1,0,0,0
9606.ENSP00000380785,12.8,20,1,1,0,0,1,0
9606.ENSP00000251921,0,0,0,0,1,0,0,0
9606.ENSP00000264028,139.4,46.4,1,1,0,0,1,0
9606.ENSP00000363694,22.6,124.9,1,1,0,1,0,0
9606.ENSP00000363824,21.6,21.5,1,1,0,0,1,0
9606.ENSP00000210313,19.5,24.8,1,1,1,0,0,0
9606.ENSP00000354612,0,0.5,0,1,1,0,0,0
9606.ENSP00000361658,53,4.6,1,1,1,0,0,0
9606.ENSP00000315013,30.8,59.5,1,1,1,0,0,0
9606.ENSP00000317817,0,0.8,0,1,1,0,0,0
9606.ENSP00000210444,251.3,41.6,1,1,1,0,0,0
9606.ENSP00000481721,4.2,6.4,1,1,1,0,0,0
9606.ENSP00000354623,3.2,0.9,1,1,0.25,0.25,0.25,0.25
9606.ENSP00000360502,0.2,0,1,0,0.25,0.25,0.25,0.25
9606.ENSP00000326411,19.7,6.3,1,1,0,0,1,0
9606.ENSP00000210633,103.9,46.6,1,1,0,1,0,0
9606.ENSP00000265990,17.8,8.1,1,1,0.25,0.25,0.25,0.25
9606.ENSP00000357881,8.6,13.9,1,1,0.25,0.25,0.25,0.25
9606.ENSP00000224337,0.1,25.7,1,1,1,0,0,0
9606.ENSP00000350630,0,0,0,0,0.25,0.25,0.25,0.25
9606.ENSP00000224356,0,3.5,0,1,0.25,0.25,0.25,0.25
9606.ENSP00000251864,0,0.1,0,1,1,0,0,0
9606.ENSP00000360293,19.1,43.8,1,1,0,1,0,0
9606.ENSP00000359629,0,0.1,0,1,1,0,0,0
9606.ENSP00000364683,43.3,15.7,1,1,0,1,0,0
9606.ENSP00000264563,3.4,0.1,1,1,0.25,0.25,0.25,0.25
9606.ENSP00000265944,0,0,0,0,1,0,0,0
9606.ENSP00000346986,44.9,51.8,1,1,1,0,0,0
9606.ENSP00000265372,17.6,40.4,1,1,0,1,0,0
9606.ENSP00000262302,74.4,69.5,1,1,0,1,0,0
9606.ENSP00000211076,0,0,0,0,1,0,0,0
9606.ENSP00000215531,77.1,33.6,1,1,1,0,0,0
9606.ENSP00000368698,4,11.2,1,1,0,0,0,1
9606.ENSP00000362205,0.5,0.2,1,1,0,1,0,0
9606.ENSP00000391498,0,0,0,0,0.25,0.25,0.25,0.25
9606.ENSP00000389026,0,0,0,0,1,0,0,0
9606.ENSP00000444810,41.1,230,1,1,0,0,1,0
9606.ENSP00000362931,86.4,49.8,1,1,0,1,0,0
9606.ENSP00000350267,23.6,17.7,1,1,0,0,1,0
9606.ENSP00000361206,103.5,58.4,1,1,0,0,1,0
9606.ENSP00000362116,426.1,0,1,0,1,0,0,0
9606.ENSP00000211314,87.8,141.1,1,1,1,0,0,0
9606.ENSP00000360107,3.5,5.3,1,1,0,1,0,0
9606.ENSP00000362181,0,0,0,0,0.25,0.25,0.25,0.25
9606.ENSP00000360609,2750.7,392.1,1,1,0,0,1,0
9606.ENSP00000388825,0,0,0,0,1,0,0,0
9606.ENSP00000360532,25.9,47.7,1,1,0,0,1,0
9606.ENSP00000363435,34.8,0.4,1,1,0,1,0,0
9606.ENSP00000211936,4.4,1.9,1,1,0,1,0,0
9606.ENSP00000369129,147.2,157.9,1,1,1,0,0,0
9606.ENSP00000212015,13.2,13.5,1,1,1,0,0,0
9606.ENSP00000265866,178.6,38.2,1,1,0.25,0.25,0.25,0.25
9606.ENSP00000404122,9.8,8.9,1,1,0,1,0,0
9606.ENSP00000371067,2.1,2.1,1,1,0,0,1,0
9606.ENSP00000470788,0.3,0,1,0,0.25,0.25,0.25,0.25
9606.ENSP00000361423,36.4,13.6,1,1,0,0,1,0
9606.ENSP00000367086,107.7,14.4,1,1,1,0,0,0
9606.ENSP00000479919,66.6,84,1,1,0,1,0,0
9606.ENSP00000393139,8.2,0,1,0,1,0,0,0
9606.ENSP00000340594,1.5,6.4,1,1,0.25,0.25,0.25,0.25
9606.ENSP00000446280,1.3,1.7,1,1,0,0,1,0
9606.ENSP00000359380,628.6,753.3,1,1,0,0,1,0
9606.ENSP00000214869,59.4,42.4,1,1,0,0,1,0
9606.ENSP00000277895,111.4,43.7,1,1,0,0,1,0
9606.ENSP00000340427,30.4,5,1,1,1,0,0,0
9606.ENSP00000478479,47.3,83.3,1,1,0,0,0,1
9606.ENSP00000265371,29.3,13.3,1,1,0,0,1,0
9606.ENSP00000318602,0.1,0.1,1,1,0,1,0,0
9606.ENSP00000263174,26.5,67.2,1,1,0,0,1,0
9606.ENSP00000362387,6.9,0.7,1,1,0,1,0,0
9606.ENSP00000362352,60,5.1,1,1,0,1,0,0
9606.ENSP00000282633,25.8,6.8,1,1,0,1,0,0
9606.ENSP00000262811,7.8,13.4,1,1,0,0,1,0
9606.ENSP00000215057,3.7,8.2,1,1,1,0,0,0
9606.ENSP00000215061,18.5,110.1,1,1,0,0,1,0
9606.ENSP00000471457,16.5,12.1,1,1,0,0,1,0
9606.ENSP00000263372,0.5,5.4,1,1,0,1,0,0
9606.ENSP00000386962,0,0.2,0,1,0.25,0.25,0.25,0.25
9606.ENSP00000215071,233.6,149.9,1,1,0,0,1,0
9606.ENSP00000369666,44.1,1.8,1,1,0.25,0.25,0.25,0.25
9606.ENSP00000215095,2.7,6.2,1,1,1,0,0,0
9606.ENSP00000297679,58,58.3,1,1,0,0,1,0
9606.ENSP00000262519,26.7,7.5,1,1,0,1,0,0
9606.ENSP00000369674,60.1,25.2,1,1,0,1,0,0
9606.ENSP00000368273,0,0,0,0,1,0,0,0
9606.ENSP00000215368,15.9,8.4,1,1,0.25,0.25,0.25,0.25
9606.ENSP00000466897,260,144,1,1,0.25,0.25,0.25,0.25
9606.ENSP00000215375,95.4,1009.8,1,1,0,0,1,0
9606.ENSP00000465260,0.8,0.2,1,1,0.25,0.25,0.25,0.25
9606.ENSP00000362186,0,0,0,0,0.25,0.25,0.25,0.25
9606.ENSP00000416683,1.7,66.3,1,1,0,1,0,0
9606.ENSP00000325376,494.6,143,1,1,0,0,0,1
9606.ENSP00000471536,15.7,27.3,1,1,0,0,0,1
9606.ENSP00000215565,285.7,639.6,1,1,0,0,1,0
9606.ENSP00000215567,223.9,106.4,1,1,0,0,1,0
9606.ENSP00000215570,122.9,456.9,1,1,0,0,1,0
9606.ENSP00000215574,113.9,36.5,1,1,0,1,0,0
9606.ENSP00000369519,27.8,21,1,1,1,0,0,0
9606.ENSP00000215582,7.9,0,1,0,1,0,0,0
9606.ENSP00000404151,15,9.1,1,1,0,1,0,0
9606.ENSP00000478303,40,100,1,1,0,1,0,0
9606.ENSP00000465759,50.1,16.1,1,1,0,0,1,0
9606.ENSP00000251287,0.3,0,1,0,0.25,0.25,0.25,0.25
9606.ENSP00000351118,0.8,92.3,1,1,0,1,0,0
9606.ENSP00000378712,0.4,9.7,1,1,1,0,0,0
9606.ENSP00000380713,26.7,55.9,1,1,0.25,0.25,0.25,0.25
9606.ENSP00000215631,10.5,127.5,1,1,0,0,1,0
9606.ENSP00000341911,13.4,0,1,0,1,0,0,0
9606.ENSP00000215637,1.7,0.3,1,1,0,1,0,0
9606.ENSP00000250896,48,51,1,1,0,1,0,0
9606.ENSP00000263207,8.3,3.8,1,1,1,0,0,0
9606.ENSP00000252136,15.2,13.5,1,1,1,0,0,0
9606.ENSP00000401564,447.4,188.1,1,1,1,0,0,0
9606.ENSP00000384716,23.2,8.6,1,1,0,0,1,0
9606.ENSP00000331682,11.3,6.5,1,1,0.25,0.25,0.25,0.25
9606.ENSP00000263205,43.8,7,1,1,0,0,1,0
9606.ENSP00000215727,359.2,240.8,1,1,1,0,0,0
9606.ENSP00000215730,26.1,50.7,1,1,0,0,1,0
9606.ENSP00000346300,47.4,19.7,1,1,1,0,0,0
9606.ENSP00000215739,8.5,6.4,1,1,0,1,0,0
9606.ENSP00000215743,23,0,1,0,1,0,0,0
9606.ENSP00000341219,0,7.7,0,1,0,0,1,0
9606.ENSP00000263121,3.1,24.9,1,1,0,1,0,0
9606.ENSP00000416193,0,0.1,0,1,1,0,0,0
9606.ENSP00000384744,0,8,0,1,0,1,0,0
9606.ENSP00000372390,0,0,0,0,1,0,0,0
9606.ENSP00000480836,5.6,36.6,1,1,1,0,0,0
9606.ENSP00000215770,5.7,6.5,1,1,0,0,0,1
9606.ENSP00000381386,87.4,399.7,1,1,0,0,0,1
9606.ENSP00000215781,0,0,0,0,0.25,0.25,0.25,0.25
9606.ENSP00000381364,40.1,6.9,1,1,0,1,0,0
9606.ENSP00000384996,6.6,8.4,1,1,0,0,1,0
9606.ENSP00000351075,20.2,0.1,1,1,0,1,0,0
9606.ENSP00000215793,69.7,28,1,1,0,0,0,1
9606.ENSP00000381340,14.2,0.2,1,1,1,0,0,0
9606.ENSP00000371800,4.9,1.9,1,1,0,1,0,0
9606.ENSP00000478755,6.1,140.9,1,1,0,0,1,0
9606.ENSP00000215812,0,0.3,0,1,0.25,0.25,0.25,0.25
9606.ENSP00000325785,26,10.6,1,1,1,0,0,0
9606.ENSP00000334553,30.5,16.4,1,1,0,0,1,0
9606.ENSP00000324343,0.1,136.9,1,1,0,0,1,0
9606.ENSP00000342832,0.9,7.1,1,1,0,0,0,1
9606.ENSP00000215829,211.7,165.5,1,1,0,1,0,0
9606.ENSP00000346725,115.7,22.1,1,1,1,0,0,0
9606.ENSP00000215832,69.7,54.1,1,1,0,1,0,0
9606.ENSP00000383232,74.9,1.6,1,1,0,1,0,0
9606.ENSP00000481127,0,0.7,0,1,0,0,1,0
9606.ENSP00000263212,16.5,6.1,1,1,0,0,1,0
9606.ENSP00000339626,0.3,0.1,1,1,1,0,0,0
9606.ENSP00000381773,24.1,3,1,1,0.25,0.25,0.25,0.25
9606.ENSP00000215855,0.9,0.3,1,1,1,0,0,0
9606.ENSP00000248901,0,0.4,0,1,0,0,1,0
9606.ENSP00000252137,0.4,6.3,1,1,0,1,0,0
9606.ENSP00000349490,1.4,1.8,1,1,0,0,1,0
9606.ENSP00000384570,29.8,3.8,1,1,0,0,0,1
9606.ENSP00000215882,247.6,201.8,1,1,0.25,0.25,0.25,0.25
9606.ENSP00000317578,11.2,6.8,1,1,0,1,0,0
9606.ENSP00000215885,0.3,0,1,0,0,1,0,0
9606.ENSP00000215886,57.1,1.8,1,1,1,0,0,0
9606.ENSP00000341344,37.9,16.5,1,1,1,0,0,0
9606.ENSP00000263208,58.6,15,1,1,0,0,1,0
9606.ENSP00000350018,9.5,0.2,1,1,1,0,0,0
9606.ENSP00000248933,0,0,0,0,0.25,0.25,0.25,0.25
9606.ENSP00000215909,552.7,680.3,1,1,1,0,0,0
9606.ENSP00000381213,15.2,11.1,1,1,0,0,0,1
9606.ENSP00000215912,3.5,1.7,1,1,0.25,0.25,0.25,0.25
9606.ENSP00000215917,9.3,13.9,1,1,0,1,0,0
9606.ENSP00000266269,35.1,13.1,1,1,0,0,1,0
9606.ENSP00000384312,22,14.1,1,1,0,0,1,0
9606.ENSP00000384421,17.3,9.4,1,1,0.25,0.25,0.25,0.25
9606.ENSP00000371110,41.7,69.1,1,1,0,0,1,0
9606.ENSP00000419751,0,0,0,0,0.25,0.25,0.25,0.25
9606.ENSP00000215939,0,0.2,0,1,1,0,0,0
9606.ENSP00000215941,28.8,12.6,1,1,0,1,0,0
9606.ENSP00000485663,84.8,86.4,1,1,1,0,0,0
9606.ENSP00000383949,275.1,272.9,1,1,0,1,0,0
9606.ENSP00000215957,14.6,4.9,1,1,0,0,1,0
9606.ENSP00000403852,228.4,358.3,1,1,0,1,0,0
9606.ENSP00000380093,0,0,0,0,1,0,0,0
9606.ENSP00000255784,8.3,4.3,1,1,0,1,0,0
9606.ENSP00000383105,6.1,8.4,1,1,0,1,0,0
9606.ENSP00000385205,17.3,10.1,1,1,0,1,0,0
9606.ENSP00000381003,7.1,11.3,1,1,0.25,0.25,0.25,0.25
9606.ENSP00000321735,0,0,0,0,1,0,0,0
9606.ENSP00000215980,54.5,0.7,1,1,1,0,0,0
9606.ENSP00000379704,0,0,0,0,1,0,0,0
9606.ENSP00000266088,0,0.3,0,1,1,0,0,0
9606.ENSP00000266086,0,0,0,0,0.25,0.25,0.25,0.25
9606.ENSP00000386918,57.1,4.1,1,1,1,0,0,0
9606.ENSP00000353820,1.3,300.8,1,1,0,0,0,1
9606.ENSP00000380033,128.1,166,1,1,1,0,0,0
9606.ENSP00000216024,0.2,0.3,1,1,1,0,0,0
9606.ENSP00000352463,3,12.5,1,1,1,0,0,0
9606.ENSP00000216027,12.8,35,1,1,0,0,1,0
9606.ENSP00000478962,30.9,14.4,1,1,0.25,0.25,0.25,0.25
9606.ENSP00000216034,66.3,116.2,1,1,0,0,0,1
9606.ENSP00000216036,0.8,0,1,0,1,0,0,0
9606.ENSP00000216037,348.1,554.6,1,1,0.25,0.25,0.25,0.25
9606.ENSP00000216038,131.3,58.5,1,1,1,0,0,0
9606.ENSP00000216039,35.5,23.4,1,1,1,0,0,0
9606.ENSP00000266087,97.9,83.5,1,1,0,0,1,0
9606.ENSP00000216044,24,10.6,1,1,0,1,0,0
9606.ENSP00000397927,61.6,15.9,1,1,0,1,0,0
9606.ENSP00000263116,1,0,1,0,0.25,0.25,0.25,0.25
9606.ENSP00000266085,71.5,89.9,1,1,0.25,0.25,0.25,0.25
9606.ENSP00000478417,53.5,61,1,1,0,0,1,0
9606.ENSP00000370196,50.4,8.2,1,1,0.25,0.25,0.25,0.25
9606.ENSP00000385616,55.4,88.5,1,1,0,0,1,0
9606.ENSP00000354468,242.4,220.3,1,1,0,0,1,0
9606.ENSP00000216068,8.8,3.7,1,1,1,0,0,0
9606.ENSP00000216071,0,0,0,0,0.25,0.25,0.25,0.25
9606.ENSP00000216075,3.7,0.1,1,1,1,0,0,0
9606.ENSP00000424381,47.7,24.3,1,1,0,0,1,0
9606.ENSP00000216085,11.3,14.4,1,1,0,1,0,0
9606.ENSP00000263246,111.6,23.2,1,1,1,0,0,0
9606.ENSP00000266254,1.8,0.3,1,1,0,0,0,1
9606.ENSP00000216101,0,0.4,0,1,1,0,0,0
9606.ENSP00000350199,43,32.2,1,1,0,1,0,0
9606.ENSP00000216106,9.6,25.8,1,1,1,0,0,0
9606.ENSP00000413697,51.9,24.5,1,1,1,0,0,0
9606.ENSP00000311997,0,0,0,0,1,0,0,0
9606.ENSP00000384400,4,2.7,1,1,1,0,0,0
9606.ENSP00000216115,2.7,1.3,1,1,1,0,0,0
9606.ENSP00000216117,112.5,21.5,1,1,1,0,0,0
9606.ENSP00000290429,22.5,20.8,1,1,0,0,0,1
9606.ENSP00000420306,49.7,8,1,1,0.25,0.25,0.25,0.25
9606.ENSP00000216122,162.7,4.2,1,1,1,0,0,0
9606.ENSP00000385741,0,0,0,0,1,0,0,0
9606.ENSP00000216124,11.9,22.3,1,1,0,0,0,1
9606.ENSP00000379563,6.5,113.8,1,1,0,1,0,0
9606.ENSP00000216127,0,0,0,0,1,0,0,0
9606.ENSP00000216129,56.2,29.8,1,1,1,0,0,0
9606.ENSP00000216133,1.7,8.8,1,1,1,0,0,0
9606.ENSP00000330382,8.8,2.7,1,1,0,0,1,0
9606.ENSP00000216139,0.1,0.1,1,1,1,0,0,0
9606.ENSP00000216144,0.1,0.3,1,1,0.25,0.25,0.25,0.25
9606.ENSP00000346001,3426.8,2220.4,1,1,0,1,0,0
9606.ENSP00000344241,28.9,23.1,1,1,0,0,1,0
9606.ENSP00000413035,24.7,21.6,1,1,0,1,0,0
9606.ENSP00000332287,3.2,7,1,1,0,1,0,0
9606.ENSP00000216160,17.3,5.8,1,1,0,1,0,0
9606.ENSP00000380877,38.8,21.2,1,1,0,0,1,0
9606.ENSP00000384651,10.5,8.9,1,1,1,0,0,0
9606.ENSP00000327124,26.6,45.5,1,1,0.25,0.25,0.25,0.25
9606.ENSP00000338260,0.7,0.3,1,1,1,0,0,0
9606.ENSP00000216177,0,0,0,0,0.25,0.25,0.25,0.25
9606.ENSP00000317674,80.9,98.9,1,1,1,0,0,0
9606.ENSP00000216180,14.3,36.1,1,1,0,1,0,0
9606.ENSP00000216181,216.5,86.3,1,1,1,0,0,0
9606.ENSP00000385019,0,0,0,0,0.25,0.25,0.25,0.25
9606.ENSP00000345445,90.9,41.4,1,1,0,0,1,0
9606.ENSP00000216185,120.3,126.4,1,1,0,0,0,1
9606.ENSP00000380401,48.9,9.6,1,1,0,1,0,0
9606.ENSP00000339186,0,2.5,0,1,1,0,0,0
9606.ENSP00000216190,179.6,46.7,1,1,0,1,0,0
9606.ENSP00000401946,5.9,94.2,1,1,1,0,0,0
9606.ENSP00000248929,15.3,6.8,1,1,0,0,1,0
9606.ENSP00000393541,0.1,20.4,1,1,1,0,0,0
9606.ENSP00000216200,0,0.8,0,1,1,0,0,0
9606.ENSP00000251993,35.5,21.5,1,1,0,0,1,0
9606.ENSP00000380334,0,0.7,0,1,1,0,0,0
9606.ENSP00000384053,0,0,0,0,0.25,0.25,0.25,0.25
9606.ENSP00000390722,18.6,20.2,1,1,0,1,0,0
9606.ENSP00000216211,25.7,0,1,0,1,0,0,0
9606.ENSP00000216214,21.6,12.9,1,1,1,0,0,0
9606.ENSP00000385096,5,0.3,1,1,0,0,1,0
9606.ENSP00000216218,349.6,549.2,1,1,0,0,1,0
9606.ENSP00000216223,0,0.7,0,1,1,0,0,0
9606.ENSP00000216225,110,295.2,1,1,0.25,0.25,0.25,0.25
9606.ENSP00000263253,25.6,22.1,1,1,0,1,0,0
9606.ENSP00000216237,26.7,11,1,1,0.25,0.25,0.25,0.25
9606.ENSP00000216241,4.5,1.9,1,1,0,0,1,0
9606.ENSP00000401470,95.1,19.3,1,1,0,0,1,0
9606.ENSP00000345793,53.2,43,1,1,0.25,0.25,0.25,0.25
9606.ENSP00000216252,96.4,31.3,1,1,0,0,1,0
9606.ENSP00000216254,82,66.2,1,1,0,1,0,0
9606.ENSP00000347345,20.4,39.3,1,1,0,0,1,0
9606.ENSP00000290846,25.3,18.9,1,1,0,1,0,0
9606.ENSP00000216259,57.8,89.1,1,1,0,0,1,0
9606.ENSP00000263256,22.1,88.3,1,1,0,0,1,0
9606.ENSP00000216264,35.5,19.4,1,1,0.25,0.25,0.25,0.25
9606.ENSP00000216267,14.9,9.6,1,1,1,0,0,0
9606.ENSP00000216268,13.1,5.9,1,1,0,0,1,0
9606.ENSP00000310375,0,0,0,0,1,0,0,0
9606.ENSP00000216271,10,5.5,1,1,0,0,0,1
9606.ENSP00000312811,0,0,0,0,1,0,0,0
9606.ENSP00000414558,52.1,10.2,1,1,0,1,0,0
9606.ENSP00000251343,62.6,8.9,1,1,1,0,0,0
9606.ENSP00000216330,164,138.3,1,1,0,0,1,0
9606.ENSP00000382327,70.7,35.2,1,1,0,0,0,1
9606.ENSP00000216336,0.1,0.1,1,1,1,0,0,0
9606.ENSP00000216338,0.1,0.5,1,1,1,0,0,0
9606.ENSP00000216341,0.5,1.3,1,1,1,0,0,0
9606.ENSP00000352956,2.5,41.4,1,1,1,0,0,0
9606.ENSP00000319169,260.6,16.4,1,1,0,1,0,0
9606.ENSP00000379862,91.9,2,1,1,0.25,0.25,0.25,0.25
9606.ENSP00000216366,18.1,4.8,1,1,0,0,1,0
9606.ENSP00000216367,20.5,6,1,1,1,0,0,0
9606.ENSP00000379201,3.6,7.4,1,1,0,0,1,0
9606.ENSP00000216373,8.1,10.1,1,1,1,0,0,0
9606.ENSP00000379176,4.2,1.6,1,1,1,0,0,0
9606.ENSP00000371472,9.9,5.5,1,1,0,1,0,0
9606.ENSP00000216392,92.5,60.6,1,1,0,0,0,1
9606.ENSP00000298355,0,0.1,0,1,0.25,0.25,0.25,0.25
9606.ENSP00000401802,149.3,81,1,1,0,0,1,0
9606.ENSP00000216410,69.1,94.7,1,1,0,0,0,1
9606.ENSP00000327104,4.7,4.3,1,1,0,1,0,0
9606.ENSP00000335357,97.2,3.1,1,1,0.25,0.25,0.25,0.25
9606.ENSP00000216416,208,131.5,1,1,0,0,0,1
9606.ENSP00000216420,8.3,9.7,1,1,0,0,0,1
9606.ENSP00000216442,47.2,59.2,1,1,1,0,0,0
9606.ENSP00000392368,0.3,23.8,1,1,0.25,0.25,0.25,0.25
9606.ENSP00000216446,0.3,13.5,1,1,0,0,0,1
9606.ENSP00000216452,22.3,13.8,1,1,1,0,0,0
9606.ENSP00000377369,0,0,0,0,0.25,0.25,0.25,0.25
9606.ENSP00000216455,281.5,194.7,1,1,0,0,1,0
9606.ENSP00000450731,25.5,105.3,1,1,0,0,1,0
9606.ENSP00000378588,79.5,46.6,1,1,0,0,1,0
9606.ENSP00000216465,26.7,421.5,1,1,0,0,0,1
9606.ENSP00000346359,14.8,7.6,1,1,0,0,1,0
9606.ENSP00000216468,7.9,8.4,1,1,1,0,0,0
9606.ENSP00000216471,0.5,0,1,0,0,1,0,0
9606.ENSP00000216479,272,48.5,1,1,0,1,0,0
9606.ENSP00000378557,12.5,44.8,1,1,0,0,1,0
9606.ENSP00000341490,35.4,0,1,0,1,0,0,0
9606.ENSP00000216484,13.6,5.2,1,1,0.25,0.25,0.25,0.25
9606.ENSP00000216487,9.7,12.9,1,1,0,0,1,0
9606.ENSP00000376911,57.7,39.9,1,1,0,1,0,0
9606.ENSP00000216489,6.5,2.9,1,1,0,0,1,0
9606.ENSP00000261531,64,40.3,1,1,0,0,1,0
9606.ENSP00000216492,0,0,0,0,1,0,0,0
9606.ENSP00000267615,25.1,31.5,1,1,1,0,0,0
9606.ENSP00000216500,50,176.4,1,1,0,0,1,0
9606.ENSP00000327255,25.5,72.3,1,1,0,0,1,0
9606.ENSP00000216513,2.7,0.2,1,1,0.25,0.25,0.25,0.25
9606.ENSP00000336729,0.6,0,1,0,0,1,0,0
9606.ENSP00000451575,0.9,0,1,0,0.25,0.25,0.25,0.25
9606.ENSP00000451162,2.5,0.2,1,1,1,0,0,0
9606.ENSP00000451080,635,250.9,1,1,1,0,0,0
9606.ENSP00000437955,84.1,27.7,1,1,1,0,0,0
9606.ENSP00000344424,9.9,12,1,1,0,1,0,0
9606.ENSP00000452123,341.4,248.9,1,1,0,1,0,0
9606.ENSP00000216540,0.3,136.7,1,1,0,0,1,0
9606.ENSP00000216554,123,280.6,1,1,0,0,1,0
9606.ENSP00000450838,36.8,402.2,1,1,1,0,0,0
9606.ENSP00000370669,0,0,0,0,0.25,0.25,0.25,0.25
9606.ENSP00000437256,16.8,49.9,1,1,1,0,0,0
9606.ENSP00000216602,43.4,33.9,1,1,1,0,0,0
9606.ENSP00000216605,114.5,145.7,1,1,0,0,0,1
9606.ENSP00000385036,0,0,0,0,1,0,0,0
9606.ENSP00000251038,39.3,34.9,1,1,0,1,0,0
9606.ENSP00000262319,21.4,8.8,1,1,0,0,1,0
9606.ENSP00000304192,15.6,19.8,1,1,0,0,0,1
9606.ENSP00000216629,0,0,0,0,0,1,0,0
9606.ENSP00000451188,16.2,18.6,1,1,0,1,0,0
9606.ENSP00000216639,35,5.8,1,1,0,1,0,0
9606.ENSP00000261303,82,183,1,1,1,0,0,0
9606.ENSP00000345395,0.3,0,1,0,0,1,0,0
9606.ENSP00000479667,0.5,7.7,1,1,1,0,0,0
9606.ENSP00000450864,22.8,42.9,1,1,0,1,0,0
9606.ENSP00000299088,17.6,1.1,1,1,0,1,0,0
9606.ENSP00000355325,1115.7,212.1,1,1,1,0,0,0
9606.ENSP00000262238,42.7,119.9,1,1,0,1,0,0
9606.ENSP00000262710,126,27,1,1,0,1,0,0
9606.ENSP00000409896,93.7,37.2,1,1,0.25,0.25,0.25,0.25
9606.ENSP00000267622,10.5,32.1,1,1,0,1,0,0
9606.ENSP00000216714,376.6,93.5,1,1,0,0,1,0
9606.ENSP00000216727,384.4,24.9,1,1,0,0,1,0
9606.ENSP00000216733,0,0,0,0,1,0,0,0
9606.ENSP00000371897,77.6,47.2,1,1,1,0,0,0
9606.ENSP00000216756,51.1,54.4,1,1,0.25,0.25,0.25,0.25
9606.ENSP00000344674,1532.7,3.1,1,1,1,0,0,0
9606.ENSP00000451818,159.2,101,1,1,0,0,1,0
9606.ENSP00000440077,0,0.1,0,1,1,0,0,0
9606.ENSP00000382863,40.7,12.7,1,1,0.25,0.25,0.25,0.25
9606.ENSP00000216780,122.2,311.4,1,1,0,0,1,0
9606.ENSP00000440915,67.9,2,1,1,0,0,1,0
9606.ENSP00000415556,82.4,149.1,1,1,0,0,0,1
9606.ENSP00000261479,906.8,17.9,1,1,0,1,0,0
9606.ENSP00000216797,120.9,147.1,1,1,1,0,0,0
9606.ENSP00000403210,57.4,27.3,1,1,1,0,0,0
9606.ENSP00000216802,214.7,303.2,1,1,0.25,0.25,0.25,0.25
9606.ENSP00000216807,27.6,6.6,1,1,1,0,0,0
9606.ENSP00000482546,0.2,2.7,1,1,1,0,0,0
9606.ENSP00000261789,65.9,3.2,1,1,0,0,1,0
9606.ENSP00000306881,392.2,118.4,1,1,1,0,0,0
9606.ENSP00000454038,126.7,29.9,1,1,0,1,0,0
9606.ENSP00000216832,308.1,63,1,1,0,1,0,0
9606.ENSP00000382341,39.5,5.3,1,1,0,0,1,0
9606.ENSP00000388910,0,0.4,0,1,0,1,0,0
9606.ENSP00000417138,35.3,1.9,1,1,1,0,0,0
9606.ENSP00000361486,38.8,12.3,1,1,0,0,1,0
9606.ENSP00000216951,108,28.6,1,1,0,0,1,0
9606.ENSP00000361405,0.1,0,1,0,1,0,0,0
9606.ENSP00000365899,0.1,0.1,1,1,0.25,0.25,0.25,0.25
9606.ENSP00000252015,148.8,19,1,1,0,0,1,0
9606.ENSP00000216962,80.9,3.7,1,1,1,0,0,0
9606.ENSP00000365725,119.1,19.9,1,1,1,0,0,0
9606.ENSP00000216968,3.5,2.2,1,1,1,0,0,0
9606.ENSP00000262460,39.1,0.6,1,1,0,1,0,0
9606.ENSP00000278886,35.5,7.3,1,1,0,1,0,0
9606.ENSP00000361359,8,17,1,1,1,0,0,0
9606.ENSP00000363506,83.6,13.6,1,1,0,0,1,0
9606.ENSP00000420095,87.4,14.9,1,1,0,1,0,0
9606.ENSP00000340608,16.8,36.7,1,1,0,0,1,0
9606.ENSP00000362121,60.4,2.2,1,1,1,0,0,0
9606.ENSP00000217026,142.7,0.6,1,1,0,0,1,0
9606.ENSP00000217043,1,0,1,0,1,0,0,0
9606.ENSP00000312987,144.2,177,1,1,0,0,0,1
9606.ENSP00000345292,49.6,5.6,1,1,0,0,1,0
9606.ENSP00000262866,3.3,0.8,1,1,0.25,0.25,0.25,0.25
9606.ENSP00000341213,386,269.1,1,1,1,0,0,0
9606.ENSP00000379330,5.3,6.7,1,1,1,0,0,0
9606.ENSP00000439287,0.1,0,1,0,1,0,0,0
9606.ENSP00000255136,8,3.6,1,1,0.25,0.25,0.25,0.25
9606.ENSP00000361892,32.6,21.1,1,1,0,1,0,0
9606.ENSP00000217086,0.5,0.3,1,1,1,0,0,0
9606.ENSP00000379346,52.9,26.2,1,1,1,0,0,0
9606.ENSP00000360473,33.8,86.4,1,1,1,0,0,0
9606.ENSP00000262593,0,0,0,0,0.25,0.25,0.25,0.25
9606.ENSP00000217109,28.2,23.4,1,1,0,0,1,0
9606.ENSP00000379204,0.1,0.1,1,1,0.25,0.25,0.25,0.25
9606.ENSP00000379182,74.1,13.2,1,1,0.25,0.25,0.25,0.25
9606.ENSP00000217121,212.1,14.2,1,1,1,0,0,0
9606.ENSP00000354111,30.8,24.3,1,1,0,0,1,0
9606.ENSP00000473290,151.9,23,1,1,1,0,0,0
9606.ENSP00000217131,0.9,303.9,1,1,0,0,0,1
9606.ENSP00000266079,190.4,52,1,1,1,0,0,0
9606.ENSP00000217133,5.9,0.2,1,1,1,0,0,0
9606.ENSP00000348206,29.5,24.4,1,1,0,0,0,1
9606.ENSP00000342560,0.1,0,1,0,0.25,0.25,0.25,0.25
9606.ENSP00000359859,23,33.7,1,1,1,0,0,0
9606.ENSP00000359910,800.2,1055.3,1,1,0,0,1,0
9606.ENSP00000217159,25.3,0.2,1,1,1,0,0,0
9606.ENSP00000359532,0.1,0,1,0,0.25,0.25,0.25,0.25
9606.ENSP00000359518,43.4,12.4,1,1,1,0,0,0
9606.ENSP00000334294,25.8,5.3,1,1,0,0,1,0
9606.ENSP00000266070,73.9,18.2,1,1,0,0,0,1
9606.ENSP00000266069,58.1,75.9,1,1,0,0,1,0
9606.ENSP00000359376,95.2,32.7,1,1,0.25,0.25,0.25,0.25
9606.ENSP00000217169,1.2,0,1,0,0.25,0.25,0.25,0.25
9606.ENSP00000359340,0,0,0,0,1,0,0,0
9606.ENSP00000314615,115.8,15.6,1,1,1,0,0,0
9606.ENSP00000369647,0.2,2.4,1,1,1,0,0,0
9606.ENSP00000351767,0,0,0,0,0.25,0.25,0.25,0.25
9606.ENSP00000359285,0,29.7,0,1,0.25,0.25,0.25,0.25
9606.ENSP00000217182,2.5,0.1,1,1,1,0,0,0
9606.ENSP00000442460,0.1,1.7,1,1,0,1,0,0
9606.ENSP00000266068,13.5,5,1,1,1,0,0,0
9606.ENSP00000217195,183.7,21.8,1,1,0,1,0,0
9606.ENSP00000369080,0.3,0.1,1,1,1,0,0,0
9606.ENSP00000245960,52.8,10.3,1,1,1,0,0,0
9606.ENSP00000262487,10.8,2.1,1,1,0.25,0.25,0.25,0.25
9606.ENSP00000388550,5.3,0.7,1,1,0,0,1,0
9606.ENSP00000483486,55.6,17.2,1,1,0,0,1,0
9606.ENSP00000367346,14.9,9.5,1,1,0,0,1,0
9606.ENSP00000367312,0,0,0,0,1,0,0,0
9606.ENSP00000217233,140.1,31.7,1,1,1,0,0,0
9606.ENSP00000368710,0.4,1.6,1,1,0,0,0,1
9606.ENSP00000217244,178.6,39.2,1,1,0,0,1,0
9606.ENSP00000217254,0.3,0,1,0,1,0,0,0
9606.ENSP00000371347,0,0,0,0,0.25,0.25,0.25,0.25
9606.ENSP00000217260,0,0,0,0,0.25,0.25,0.25,0.25
9606.ENSP00000419879,35,19.6,1,1,0,0,1,0
9606.ENSP00000217270,0.1,0,1,0,0.25,0.25,0.25,0.25
9606.ENSP00000381237,221.7,74.1,1,1,1,0,0,0
9606.ENSP00000371297,0,0,0,0,1,0,0,0
9606.ENSP00000365162,0,0,0,0,1,0,0,0
9606.ENSP00000371018,0.1,0,1,0,0,1,0,0
9606.ENSP00000338844,119.2,21.4,1,1,0,0,1,0
9606.ENSP00000217289,26.7,0.2,1,1,0,1,0,0
9606.ENSP00000368066,0,308.1,0,1,0,0,0,1
9606.ENSP00000440185,0,0,0,0,1,0,0,0
9606.ENSP00000262659,0.1,0.1,1,1,0.25,0.25,0.25,0.25
9606.ENSP00000367762,0,0,0,0,0,1,0,0
9606.ENSP00000279022,31.7,4.7,1,1,1,0,0,0
9606.ENSP00000444986,0,1.2,0,1,1,0,0,0
9606.ENSP00000381104,123.3,23.2,1,1,0,0,1,0
9606.ENSP00000217320,2.9,0,1,0,1,0,0,0
9606.ENSP00000366557,35.2,20.2,1,1,0.25,0.25,0.25,0.25
9606.ENSP00000364902,57.5,33.8,1,1,0,1,0,0
9606.ENSP00000262878,32.3,20.3,1,1,1,0,0,0
9606.ENSP00000367686,0,0,0,0,1,0,0,0
9606.ENSP00000364864,27.6,30.7,1,1,1,0,0,0
9606.ENSP00000339971,0.7,3.5,1,1,0.25,0.25,0.25,0.25
9606.ENSP00000370589,219.2,35.6,1,1,0,0,1,0
9606.ENSP00000362707,114,24.2,1,1,0,0,1,0
9606.ENSP00000370223,203.6,69.7,1,1,0,1,0,0
9606.ENSP00000364721,240.9,13.4,1,1,1,0,0,0
9606.ENSP00000254958,63.4,1.3,1,1,0,0,1,0
9606.ENSP00000217372,44.1,14.2,1,1,0.25,0.25,0.25,0.25
9606.ENSP00000217381,22.2,8,1,1,1,0,0,0
9606.ENSP00000217386,0,42.8,0,1,1,0,0,0
9606.ENSP00000362547,34.3,8.9,1,1,0,1,0,0
9606.ENSP00000345571,53.2,0.2,1,1,0,1,0,0
9606.ENSP00000362532,39.9,73,1,1,0,1,0,0
9606.ENSP00000386385,0.1,35.1,1,1,0,0,1,0
9606.ENSP00000217402,174.9,64,1,1,0,1,0,0
9606.ENSP00000262865,0,0.5,0,1,1,0,0,0
9606.ENSP00000366178,0,0,0,0,0.25,0.25,0.25,0.25
9606.ENSP00000217420,0,0,0,0,1,0,0,0
9606.ENSP00000381448,1269.6,2690.2,1,1,0,1,0,0
9606.ENSP00000454804,1.2,6.5,1,1,0.25,0.25,0.25,0.25
9606.ENSP00000217423,0.2,0,1,0,1,0,0,0
9606.ENSP00000243903,18.7,3.8,1,1,0,0,1,0
9606.ENSP00000361761,0.5,2.5,1,1,1,0,0,0
9606.ENSP00000217426,601.5,74.8,1,1,0,0,1,0
9606.ENSP00000299824,0,0.5,0,1,0,0,1,0
9606.ENSP00000217428,0,0,0,0,1,0,0,0
9606.ENSP00000481110,73,5.2,1,1,0.25,0.25,0.25,0.25
9606.ENSP00000361746,0.4,0,1,0,1,0,0,0
9606.ENSP00000252011,18.5,5.4,1,1,1,0,0,0
9606.ENSP00000361705,76.9,22.8,1,1,0.25,0.25,0.25,0.25
9606.ENSP00000363970,0,49.1,0,1,0,1,0,0
9606.ENSP00000366058,0,0,0,0,0.25,0.25,0.25,0.25
9606.ENSP00000217446,87,7,1,1,0,0,0,1
9606.ENSP00000361636,7.4,1,1,1,1,0,0,0
9606.ENSP00000217455,25.1,25.9,1,1,0,0,0,1
9606.ENSP00000217456,251.1,212.7,1,1,0,0,0,1
9606.ENSP00000410584,0.4,0,1,0,1,0,0,0
9606.ENSP00000394757,15.5,10.3,1,1,1,0,0,0
9606.ENSP00000262717,0,0,0,0,0.25,0.25,0.25,0.25
9606.ENSP00000262198,24.7,16.3,1,1,0,0,1,0
9606.ENSP00000305696,44.6,47.4,1,1,0,0,1,0
9606.ENSP00000261601,67.7,42.9,1,1,0,0,1,0
9606.ENSP00000345656,72.3,148.5,1,1,0,0,1,0
9606.ENSP00000458290,7.3,4.3,1,1,0,0,1,0
9606.ENSP00000261596,27.9,126.9,1,1,0,0,0,1
9606.ENSP00000326603,18.6,14.6,1,1,1,0,0,0
9606.ENSP00000348821,0.3,13.1,1,1,1,0,0,0
9606.ENSP00000217652,318.4,316,1,1,1,0,0,0
9606.ENSP00000262127,12.8,4.8,1,1,0,0,0,1
9606.ENSP00000321343,0.1,0.1,1,1,1,0,0,0
9606.ENSP00000427550,6.2,4.3,1,1,0,1,0,0
9606.ENSP00000372804,20.6,46.8,1,1,1,0,0,0
9606.ENSP00000262158,12.8,2.8,1,1,0,1,0,0
9606.ENSP00000261292,0.8,62.6,1,1,1,0,0,0
9606.ENSP00000374309,0,0,0,0,1,0,0,0
9606.ENSP00000217740,0.5,22.3,1,1,1,0,0,0
9606.ENSP00000262126,8.4,71.5,1,1,0,0,1,0
9606.ENSP00000261592,0.2,1.9,1,1,0.25,0.25,0.25,0.25
9606.ENSP00000462664,8.7,5.5,1,1,1,0,0,0
9606.ENSP00000261537,14.3,30.3,1,1,0,0,1,0
9606.ENSP00000382628,31.3,15.9,1,1,1,0,0,0
9606.ENSP00000341874,18.8,77.4,1,1,0,1,0,0
9606.ENSP00000362063,27.3,1.2,1,1,0,1,0,0
9606.ENSP00000347119,0,0,0,0,0.25,0.25,0.25,0.25
9606.ENSP00000217939,0,0,0,0,1,0,0,0
9606.ENSP00000402219,0.1,0,1,0,1,0,0,0
9606.ENSP00000217958,75.6,27,1,1,1,0,0,0
9606.ENSP00000361306,3.6,16.5,1,1,0,0,1,0
9606.ENSP00000217961,4,7.5,1,1,1,0,0,0
9606.ENSP00000217964,24.5,55.9,1,1,0,0,1,0
9606.ENSP00000417161,0.9,0.2,1,1,1,0,0,0
9606.ENSP00000217971,133.9,479.3,1,1,0,0,0,1
9606.ENSP00000368349,11.9,3.3,1,1,0,1,0,0
9606.ENSP00000312678,1.5,3,1,1,1,0,0,0
9606.ENSP00000360464,21.4,51.2,1,1,0,1,0,0
9606.ENSP00000217999,0,0.1,0,1,1,0,0,0
9606.ENSP00000218004,15,7,1,1,1,0,0,0
9606.ENSP00000218006,0,0,0,0,0.25,0.25,0.25,0.25
9606.ENSP00000218008,0.2,0,1,0,0.25,0.25,0.25,0.25
9606.ENSP00000378260,21.3,37.4,1,1,1,0,0,0
9606.ENSP00000381504,40.3,13.3,1,1,0,0,1,0
9606.ENSP00000312082,0,0.5,0,1,1,0,0,0
9606.ENSP00000359819,17.2,7.6,1,1,0,1,0,0
9606.ENSP00000262844,3.4,8.5,1,1,0,0,1,0
9606.ENSP00000361112,0,0,0,0,1,0,0,0
9606.ENSP00000365919,49.6,46,1,1,1,0,0,0
9606.ENSP00000337976,14.5,5,1,1,0.25,0.25,0.25,0.25
9606.ENSP00000218068,1.2,0,1,0,1,0,0,0
9606.ENSP00000367794,0.2,2.5,1,1,0.25,0.25,0.25,0.25
9606.ENSP00000218075,0,0,0,0,1,0,0,0
9606.ENSP00000360242,8.9,72.1,1,1,0,0,1,0
9606.ENSP00000218089,35.4,41.4,1,1,1,0,0,0
9606.ENSP00000332756,10.4,39.4,1,1,1,0,0,0
9606.ENSP00000430276,0,0.2,0,1,0.25,0.25,0.25,0.25
9606.ENSP00000218099,0,525.9,0,1,0.25,0.25,0.25,0.25
9606.ENSP00000218104,34.3,6.6,1,1,1,0,0,0
9606.ENSP00000365401,13.9,4.8,1,1,1,0,0,0
9606.ENSP00000365441,0.1,0,1,0,1,0,0,0
9606.ENSP00000263233,3,1,1,1,1,0,0,0
9606.ENSP00000365505,2.8,12.7,1,1,0,0,0,1
9606.ENSP00000350224,0,0.4,0,1,1,0,0,0
9606.ENSP00000360988,0,0,0,0,1,0,0,0
9606.ENSP00000348163,80,92.1,1,1,0,0,1,0
9606.ENSP00000417763,76.4,92.1,1,1,1,0,0,0
9606.ENSP00000377303,1.8,2.6,1,1,1,0,0,0
9606.ENSP00000311280,10.1,0.3,1,1,0,1,0,0
9606.ENSP00000360162,126.7,57.6,1,1,1,0,0,0
9606.ENSP00000363985,0,0,0,0,0.25,0.25,0.25,0.25
9606.ENSP00000369855,12.1,15.5,1,1,1,0,0,0
9606.ENSP00000340839,0.5,0.5,1,1,0.25,0.25,0.25,0.25
9606.ENSP00000369424,147,32.3,1,1,0,0,0,1
9606.ENSP00000218176,0.2,0,1,0,0,1,0,0
9606.ENSP00000358967,0,0,0,0,0.25,0.25,0.25,0.25
9606.ENSP00000477981,8.5,4.8,1,1,0.25,0.25,0.25,0.25
9606.ENSP00000359506,46.7,36.2,1,1,0,1,0,0
9606.ENSP00000365692,14.3,7.4,1,1,0.25,0.25,0.25,0.25
9606.ENSP00000251900,6.3,0.7,1,1,1,0,0,0
9606.ENSP00000416002,47.1,14.2,1,1,0,0,1,0
9606.ENSP00000218224,101.2,46,1,1,0,0,0,1
9606.ENSP00000369320,0,0,0,0,1,0,0,0
9606.ENSP00000218230,51.5,0.3,1,1,1,0,0,0
9606.ENSP00000358857,32.8,37,1,1,0,1,0,0
9606.ENSP00000469981,14.7,6.8,1,1,0,0,1,0
9606.ENSP00000218249,0,0.1,0,1,0.25,0.25,0.25,0.25
9606.ENSP00000362413,320,213.9,1,1,0,0,1,0
9606.ENSP00000365858,0,0,0,0,1,0,0,0
9606.ENSP00000354649,40.5,130.1,1,1,0,0,0,1
9606.ENSP00000385746,137.6,50.6,1,1,1,0,0,0
9606.ENSP00000368682,0,0,0,0,0.25,0.25,0.25,0.25
9606.ENSP00000358674,28.4,16.9,1,1,1,0,0,0
9606.ENSP00000480322,11.1,24.5,1,1,1,0,0,0
9606.ENSP00000317955,13.4,37.2,1,1,1,0,0,0
9606.ENSP00000218316,0,0,0,0,1,0,0,0
9606.ENSP00000218340,9.6,18,1,1,1,0,0,0
9606.ENSP00000481850,11.9,10.8,1,1,0.25,0.25,0.25,0.25
9606.ENSP00000276052,117.8,13.5,1,1,0,0,1,0
9606.ENSP00000218348,58.3,8.1,1,1,1,0,0,0
9606.ENSP00000368439,8.1,0,1,0,1,0,0,0
9606.ENSP00000359682,0,0,0,0,0.25,0.25,0.25,0.25
9606.ENSP00000442699,50.8,23.2,1,1,0,0,0,1
9606.ENSP00000359668,0.2,0,1,0,1,0,0,0
9606.ENSP00000359663,0,0,0,0,1,0,0,0
9606.ENSP00000218388,105.9,287.3,1,1,1,0,0,0
9606.ENSP00000362206,0,0,0,0,1,0,0,0
9606.ENSP00000359353,0.5,0.8,1,1,0.25,0.25,0.25,0.25
9606.ENSP00000362186,0,0,0,0,1,0,0,0
9606.ENSP00000364277,2.7,0.1,1,1,0,1,0,0
9606.ENSP00000362773,47,367.8,1,1,1,0,0,0
9606.ENSP00000322304,3.1,0.5,1,1,1,0,0,0
9606.ENSP00000218436,0,0,0,0,0.25,0.25,0.25,0.25
9606.ENSP00000364209,116.6,18.6,1,1,0,0,1,0
9606.ENSP00000365950,152.2,70.3,1,1,1,0,0,0
9606.ENSP00000417303,0,0,0,0,0.25,0.25,0.25,0.25
9606.ENSP00000362095,1.9,0.6,1,1,0,0,0,1
9606.ENSP00000362080,0.4,30.6,1,1,0,1,0,0
9606.ENSP00000362465,0,0,0,0,0,0,1,0
9606.ENSP00000362018,15.5,0.1,1,1,0.25,0.25,0.25,0.25
9606.ENSP00000378635,0,0,0,0,0.25,0.25,0.25,0.25
9606.ENSP00000361998,0,1.8,0,1,1,0,0,0
9606.ENSP00000362456,63.9,69.3,1,1,1,0,0,0
9606.ENSP00000218516,53.8,7.5,1,1,0,1,0,0
9606.ENSP00000340672,29.1,45.1,1,1,0.25,0.25,0.25,0.25
9606.ENSP00000361780,0.1,1.3,1,1,1,0,0,0
9606.ENSP00000396935,0.2,0.2,1,1,0,0,1,0
9606.ENSP00000251127,0.2,0,1,0,1,0,0,0
9606.ENSP00000365301,0,2,0,1,0.25,0.25,0.25,0.25
9606.ENSP00000437737,0,0,0,0,1,0,0,0
9606.ENSP00000480798,23.8,62,1,1,1,0,0,0
9606.ENSP00000365048,0,1.1,0,1,1,0,0,0
9606.ENSP00000441831,28.4,68.3,1,1,0,0,0,1
9606.ENSP00000218721,0.2,0,1,0,0.25,0.25,0.25,0.25
9606.ENSP00000251108,2.6,13.8,1,1,1,0,0,0
9606.ENSP00000479669,2.6,1.6,1,1,0,1,0,0
9606.ENSP00000366915,3.2,4.2,1,1,0,0,1,0
9606.ENSP00000365730,80.1,23.9,1,1,0,1,0,0
9606.ENSP00000468767,3.4,7.1,1,1,1,0,0,0
9606.ENSP00000473631,30,124.4,1,1,1,0,0,0
9606.ENSP00000365938,14.3,7,1,1,0.25,0.25,0.25,0.25
9606.ENSP00000364893,22.3,16.4,1,1,0,1,0,0
9606.ENSP00000371790,0,0,0,0,1,0,0,0
9606.ENSP00000218867,0,0,0,0,1,0,0,0
9606.ENSP00000371419,35,14.9,1,1,0,1,0,0
9606.ENSP00000417510,27.8,7.7,1,1,0,0,1,0
9606.ENSP00000315397,29,100.9,1,1,0,0,1,0
9606.ENSP00000342267,28.8,155.1,1,1,0,0,1,0
9606.ENSP00000261667,67.9,32.3,1,1,0,0,1,0
9606.ENSP00000282397,0.1,5.7,1,1,1,0,0,0
9606.ENSP00000368664,4,2.6,1,1,0,0,1,0
9606.ENSP00000368612,12,15,1,1,0,0,1,0
9606.ENSP00000337572,0.3,1.8,1,1,0,1,0,0
9606.ENSP00000369989,4.5,9.3,1,1,0.25,0.25,0.25,0.25
9606.ENSP00000310260,16.9,31.7,1,1,1,0,0,0
9606.ENSP00000366682,0,0,0,0,0.25,0.25,0.25,0.25
9606.ENSP00000411565,5.4,28.7,1,1,0,0,1,0
9606.ENSP00000369849,0,0,0,0,0.25,0.25,0.25,0.25
9606.ENSP00000397435,24.4,76.1,1,1,0.25,0.25,0.25,0.25
9606.ENSP00000366673,11.2,34.1,1,1,0,0,1,0
9606.ENSP00000219022,0,0,0,0,1,0,0,0
9606.ENSP00000372313,7.1,0,1,0,1,0,0,0
9606.ENSP00000262370,65,30.6,1,1,0,1,0,0
9606.ENSP00000262525,13.1,4.1,1,1,0,0,0,1
9606.ENSP00000341268,10.6,18.9,1,1,0,0,1,0
9606.ENSP00000264009,1.8,3.3,1,1,0.25,0.25,0.25,0.25
9606.ENSP00000219150,14.7,3.2,1,1,1,0,0,0
9606.ENSP00000263025,70.4,6.9,1,1,0,1,0,0
9606.ENSP00000384363,28.8,0.1,1,1,0.25,0.25,0.25,0.25
9606.ENSP00000377566,4.5,3.2,1,1,0,0,1,0
9606.ENSP00000219162,0,0,0,0,0.25,0.25,0.25,0.25
9606.ENSP00000313504,81.5,26.1,1,1,0.25,0.25,0.25,0.25
9606.ENSP00000379367,96.9,54.1,1,1,0.25,0.25,0.25,0.25
9606.ENSP00000219169,261.7,18.6,1,1,1,0,0,0
9606.ENSP00000310668,84.2,6.6,1,1,1,0,0,0
9606.ENSP00000457810,11,7.8,1,1,1,0,0,0
9606.ENSP00000457241,0,0.8,0,1,0.25,0.25,0.25,0.25
9606.ENSP00000457593,9.8,8.9,1,1,0,1,0,0
9606.ENSP00000285737,34.1,175.8,1,1,0,1,0,0
9606.ENSP00000262384,10.6,13.1,1,1,0,0,1,0
9606.ENSP00000219197,0,0,0,0,0.25,0.25,0.25,0.25
9606.ENSP00000219204,66.4,32.9,1,1,0,0,1,0
9606.ENSP00000219207,88.3,3.8,1,1,1,0,0,0
9606.ENSP00000455426,0.1,0.8,1,1,0.25,0.25,0.25,0.25
9606.ENSP00000219235,0.5,0,1,0,0.25,0.25,0.25,0.25
9606.ENSP00000219240,20.2,134,1,1,0,0,0,1
9606.ENSP00000219244,0.1,0.2,1,1,0,1,0,0
9606.ENSP00000264010,47.6,25.1,1,1,0,1,0,0
9606.ENSP00000483117,43.3,3.6,1,1,0,0,1,0
9606.ENSP00000219252,124.4,27.6,1,1,0,0,1,0
9606.ENSP00000219255,4.2,5.3,1,1,1,0,0,0
9606.ENSP00000398089,1.8,1.7,1,1,1,0,0,0
9606.ENSP00000219271,61.2,31.4,1,1,0,0,1,0
9606.ENSP00000219281,97.2,14.5,1,1,1,0,0,0
9606.ENSP00000308430,415.7,54.4,1,1,0,0,1,0
9606.ENSP00000219299,0.5,1.8,1,1,0.25,0.25,0.25,0.25
9606.ENSP00000219301,0,0,0,0,1,0,0,0
9606.ENSP00000219302,10.3,58.7,1,1,0,1,0,0
9606.ENSP00000377823,4.6,0,1,0,1,0,0,0
9606.ENSP00000219313,288.1,169.5,1,1,0,0,1,0
9606.ENSP00000219315,16.1,10.7,1,1,0,1,0,0
9606.ENSP00000454646,15.9,8.9,1,1,0,0,1,0
9606.ENSP00000261776,34.8,17,1,1,1,0,0,0
9606.ENSP00000304440,0.6,0,1,0,1,0,0,0
9606.ENSP00000261778,8,11.2,1,1,0,1,0,0
9606.ENSP00000315775,60.2,14.5,1,1,0,1,0,0
9606.ENSP00000219334,0.4,7.2,1,1,0,1,0,0
9606.ENSP00000263997,22,5.6,1,1,0,0,1,0
9606.ENSP00000455064,37.4,0.7,1,1,1,0,0,0
9606.ENSP00000219345,24.4,10.9,1,1,0,0,1,0
9606.ENSP00000418748,32.1,29.1,1,1,0,0,0,1
9606.ENSP00000219368,0,0,0,0,1,0,0,0
9606.ENSP00000262144,73.6,21.8,1,1,0,0,1,0
9606.ENSP00000248248,22.6,24.5,1,1,0,1,0,0
9606.ENSP00000219400,65.6,99.5,1,1,0,0,1,0
9606.ENSP00000262320,32.2,5.1,1,1,0,0,1,0
9606.ENSP00000248089,48.5,52.3,1,1,0,1,0,0
9606.ENSP00000483814,26.5,9.7,1,1,1,0,0,0
9606.ENSP00000262430,2,43.9,1,1,0,0,1,0
9606.ENSP00000219431,89.4,66.8,1,1,0,1,0,0
9606.ENSP00000307449,0.3,8.4,1,1,1,0,0,0
9606.ENSP00000219439,30.1,3.5,1,1,0.25,0.25,0.25,0.25
9606.ENSP00000455265,12.1,9.1,1,1,0.25,0.25,0.25,0.25
9606.ENSP00000310998,52.9,7.7,1,1,0,0,1,0
9606.ENSP00000219454,0,0,0,0,0,0,1,0
9606.ENSP00000251170,0.6,0.4,1,1,0.25,0.25,0.25,0.25
9606.ENSP00000262428,118.5,9.4,1,1,1,0,0,0
9606.ENSP00000457411,87.1,32,1,1,0,0,0,1
9606.ENSP00000262424,0.2,2.1,1,1,0,0,1,0
9606.ENSP00000219476,14,42.2,1,1,0,0,1,0
9606.ENSP00000219478,6.2,2.3,1,1,0,0,1,0
9606.ENSP00000219479,276.7,148.6,1,1,0,1,0,0
9606.ENSP00000382342,15.7,0.2,1,1,1,0,0,0
9606.ENSP00000382274,4.5,3.7,1,1,0,0,1,0
9606.ENSP00000262301,4.4,7.3,1,1,0.25,0.25,0.25,0.25
9606.ENSP00000262426,0,0,0,0,0.25,0.25,0.25,0.25
9606.ENSP00000251588,14.9,5.1,1,1,1,0,0,0
9606.ENSP00000354152,14.6,4.5,1,1,1,0,0,0
9606.ENSP00000372193,32,12.4,1,1,0,0,1,0
9606.ENSP00000374353,4.4,0.4,1,1,1,0,0,0
9606.ENSP00000454380,11.9,86.1,1,1,0,0,1,0
9606.ENSP00000261622,317.6,14.4,1,1,0,0,1,0
9606.ENSP00000455068,38.6,33.9,1,1,0,0,1,0
9606.ENSP00000310841,52.8,24.9,1,1,1,0,0,0
9606.ENSP00000219548,87.9,126.7,1,1,0,1,0,0
9606.ENSP00000344206,2.3,0.4,1,1,0.25,0.25,0.25,0.25
9606.ENSP00000283027,82.3,37.3,1,1,0,0,1,0
9606.ENSP00000348056,167.5,45.9,1,1,1,0,0,0
9606.ENSP00000460971,0,0,0,0,1,0,0,0
9606.ENSP00000219596,0,0,0,0,0.25,0.25,0.25,0.25
9606.ENSP00000219599,1.6,9.2,1,1,0,1,0,0
9606.ENSP00000263026,0.9,17.6,1,1,1,0,0,0
9606.ENSP00000219611,24.7,13.4,1,1,0,0,1,0
9606.ENSP00000301015,49.8,14.9,1,1,1,0,0,0
9606.ENSP00000398131,275.6,72.2,1,1,0,0,1,0
9606.ENSP00000268655,10.9,3.3,1,1,0,0,1,0
9606.ENSP00000460850,10,9.3,1,1,0,0,0,1
9606.ENSP00000379217,76.8,17.4,1,1,0.25,0.25,0.25,0.25
9606.ENSP00000293851,0,0,0,0,0.25,0.25,0.25,0.25
9606.ENSP00000395196,10.2,11.6,1,1,0,0,1,0
9606.ENSP00000262306,474.5,1113.5,1,1,0,0,1,0
9606.ENSP00000311962,56.6,14.8,1,1,0,1,0,0
9606.ENSP00000219660,0.9,0.1,1,1,1,0,0,0
9606.ENSP00000371193,129.1,44.8,1,1,0,0,1,0
9606.ENSP00000219689,16.5,13.3,1,1,0,0,0,1
9606.ENSP00000477572,65.4,109.9,1,1,0,1,0,0
9606.ENSP00000262375,44.9,38.9,1,1,0,0,0,1
9606.ENSP00000460885,0,0,0,0,0.25,0.25,0.25,0.25
9606.ENSP00000261658,76.1,26.6,1,1,0.25,0.25,0.25,0.25
9606.ENSP00000251020,18.6,27.2,1,1,0,0,0,1
9606.ENSP00000219746,27.4,5.5,1,1,0,0,1,0
9606.ENSP00000262133,24.4,43.1,1,1,0,0,0,1
9606.ENSP00000378782,334.9,376.7,1,1,0,0,0,1
9606.ENSP00000261381,0,0.2,0,1,0,0,1,0
9606.ENSP00000247470,16.8,3.8,1,1,1,0,0,0
9606.ENSP00000369257,8.7,3.5,1,1,0,0,1,0
9606.ENSP00000219782,402.8,36.3,1,1,1,0,0,0
9606.ENSP00000317714,46.8,21.5,1,1,0,1,0,0
9606.ENSP00000219789,77.2,36.9,1,1,0,1,0,0
9606.ENSP00000378405,54.9,48.1,1,1,0,0,1,0
9606.ENSP00000406037,50.3,14.4,1,1,0.25,0.25,0.25,0.25
9606.ENSP00000287667,168.4,5.8,1,1,0,0,1,0
9606.ENSP00000338010,0.7,0,1,0,1,0,0,0
9606.ENSP00000347538,0.1,22.6,1,1,0.25,0.25,0.25,0.25
9606.ENSP00000379531,0.1,0.4,1,1,1,0,0,0
9606.ENSP00000370803,12.3,5.5,1,1,0,0,1,0
9606.ENSP00000251143,0.8,8.8,1,1,0,0,1,0
9606.ENSP00000219833,0.9,0.1,1,1,1,0,0,0
9606.ENSP00000325677,73,23.1,1,1,1,0,0,0
9606.ENSP00000219837,42.9,61.1,1,1,0,1,0,0
9606.ENSP00000219919,0,281.2,0,1,0,0,1,0
9606.ENSP00000261880,24.5,10.5,1,1,0,0,1,0
9606.ENSP00000336861,0.2,0.2,1,1,0.25,0.25,0.25,0.25
9606.ENSP00000261893,21.7,62.1,1,1,0,0,1,0
9606.ENSP00000454783,0.8,0,1,0,1,0,0,0
9606.ENSP00000220003,71.4,31.3,1,1,1,0,0,0
9606.ENSP00000390158,7.5,16,1,1,1,0,0,0
9606.ENSP00000261884,20.6,3.7,1,1,1,0,0,0
9606.ENSP00000220058,1.9,12.9,1,1,0,0,1,0
9606.ENSP00000220062,0.1,0,1,0,0.25,0.25,0.25,0.25
9606.ENSP00000440984,0.3,0,1,0,1,0,0,0
9606.ENSP00000258873,0.4,0,1,0,1,0,0,0
9606.ENSP00000319623,0.1,0,1,0,1,0,0,0
9606.ENSP00000261890,247.4,96.9,1,1,0,0,1,0
9606.ENSP00000220166,50.3,117,1,1,0,0,1,0
9606.ENSP00000377690,7.4,4.3,1,1,0,0,1,0
9606.ENSP00000320084,49.5,12.5,1,1,0,0,1,0
9606.ENSP00000385080,90.3,310.6,1,1,0,0,0,1
9606.ENSP00000378177,15.3,0,1,0,0.25,0.25,0.25,0.25
9606.ENSP00000306123,22,7.3,1,1,0,0,1,0
9606.ENSP00000305632,12.2,60,1,1,0,0,1,0
9606.ENSP00000220325,6,8.2,1,1,1,0,0,0
9606.ENSP00000374484,32.7,27.2,1,1,0,1,0,0
9606.ENSP00000263805,15.2,46.3,1,1,1,0,0,0
9606.ENSP00000370337,6.7,2.7,1,1,1,0,0,0
9606.ENSP00000284509,0.1,2.4,1,1,0,0,1,0
9606.ENSP00000346659,0.1,0,1,0,0.25,0.25,0.25,0.25
9606.ENSP00000251250,12.6,19.1,1,1,0,1,0,0
9606.ENSP00000220420,0.2,0,1,0,0.25,0.25,0.25,0.25
9606.ENSP00000261275,0,0,0,0,0.25,0.25,0.25,0.25
9606.ENSP00000220429,31.7,9.3,1,1,0,1,0,0
9606.ENSP00000281537,20,49.3,1,1,0,1,0,0
9606.ENSP00000346697,9.4,1.4,1,1,0,0,1,0
9606.ENSP00000441858,3,4.6,1,1,0,1,0,0
9606.ENSP00000220478,0.1,0,1,0,1,0,0,0
9606.ENSP00000220496,13.7,16,1,1,1,0,0,0
9606.ENSP00000261868,113.8,372.6,1,1,1,0,0,0
9606.ENSP00000261866,13.9,19.2,1,1,0,0,1,0
9606.ENSP00000220507,0.4,0,1,0,1,0,0,0
9606.ENSP00000220509,15,9.3,1,1,1,0,0,0
9606.ENSP00000220514,34,0.7,1,1,1,0,0,0
9606.ENSP00000261867,0.1,2.8,1,1,0.25,0.25,0.25,0.25
9606.ENSP00000220531,29.8,35.1,1,1,0,0,1,0
9606.ENSP00000316950,7.2,0.1,1,1,1,0,0,0
9606.ENSP00000379842,7.8,17.9,1,1,0,0,1,0
9606.ENSP00000444211,5,0,1,0,0.25,0.25,0.25,0.25
9606.ENSP00000262210,2.3,10.5,1,1,0.25,0.25,0.25,0.25
9606.ENSP00000262096,5.7,8.7,1,1,1,0,0,0
9606.ENSP00000220659,12,3.1,1,1,0,1,0,0
9606.ENSP00000301924,13.9,17.8,1,1,0,0,1,0
9606.ENSP00000220669,38.1,25.7,1,1,0,0,1,0
9606.ENSP00000220676,0,0.1,0,1,1,0,0,0
9606.ENSP00000285379,0.3,150.5,1,1,0,0,1,0
9606.ENSP00000437489,1.8,2.8,1,1,0,0,1,0
9606.ENSP00000429065,18.5,1.9,1,1,0.25,0.25,0.25,0.25
9606.ENSP00000220751,5.2,3.9,1,1,1,0,0,0
9606.ENSP00000342626,0,0,0,0,0.25,0.25,0.25,0.25
9606.ENSP00000265433,19.5,30.7,1,1,1,0,0,0
9606.ENSP00000262209,0,0,0,0,0.25,0.25,0.25,0.25
9606.ENSP00000220763,21.6,46,1,1,0,1,0,0
9606.ENSP00000220764,10.9,342.3,1,1,0,0,0,1
9606.ENSP00000265431,1,0,1,0,1,0,0,0
9606.ENSP00000262644,29.4,57.1,1,1,0,0,1,0
9606.ENSP00000220772,0,0.2,0,1,1,0,0,0
9606.ENSP00000402301,155.1,29.1,1,1,0,0,1,0
9606.ENSP00000397453,7.1,29.9,1,1,0,0,0,1
9606.ENSP00000385787,9.2,4.5,1,1,0.25,0.25,0.25,0.25
9606.ENSP00000339256,2,2.7,1,1,0,0,0,1
9606.ENSP00000430684,5.7,11.3,1,1,1,0,0,0
9606.ENSP00000220809,0.8,0.5,1,1,0,1,0,0
9606.ENSP00000344488,0,0,0,0,1,0,0,0
9606.ENSP00000220812,3.4,0.2,1,1,1,0,0,0
9606.ENSP00000429744,7.6,16.7,1,1,0,0,1,0
9606.ENSP00000220822,10.5,1.3,1,1,1,0,0,0
9606.ENSP00000262646,55.2,291.6,1,1,0,0,1,0
9606.ENSP00000220849,401.9,259.6,1,1,0,1,0,0
9606.ENSP00000220853,6.4,36,1,1,0,1,0,0
9606.ENSP00000405738,0.1,0.1,1,1,1,0,0,0
9606.ENSP00000250160,0,0,0,0,0,0,1,0
9606.ENSP00000404854,54.9,54.2,1,1,0,1,0,0
9606.ENSP00000263849,5,0.7,1,1,0,0,1,0
9606.ENSP00000263851,3.1,2.1,1,1,1,0,0,0
9606.ENSP00000429243,0,0,0,0,0.25,0.25,0.25,0.25
9606.ENSP00000276569,34.6,23.9,1,1,0,1,0,0
9606.ENSP00000379065,0.7,1.3,1,1,1,0,0,0
9606.ENSP00000373450,3.8,8.7,1,1,1,0,0,0
9606.ENSP00000220913,41.4,25.4,1,1,0.25,0.25,0.25,0.25
9606.ENSP00000379256,0.1,13.9,1,1,0,1,0,0
9606.ENSP00000379621,6.3,4.1,1,1,0,0,1,0
9606.ENSP00000220940,0,0,0,0,0.25,0.25,0.25,0.25
9606.ENSP00000429084,46.4,16.3,1,1,0.25,0.25,0.25,0.25
9606.ENSP00000433209,15.2,76.3,1,1,0,0,1,0
9606.ENSP00000398803,74.3,73.9,1,1,0,1,0,0
9606.ENSP00000220966,1.9,6.8,1,1,1,0,0,0
9606.ENSP00000410059,611.2,904.8,1,1,0,0,1,0
9606.ENSP00000262219,0.5,0.8,1,1,1,0,0,0
9606.ENSP00000265896,192.8,101.1,1,1,1,0,0,0
9606.ENSP00000265807,11.8,54,1,1,0,0,0,1
9606.ENSP00000381064,58,59.5,1,1,0,1,0,0
9606.ENSP00000429615,10.3,4.4,1,1,0,1,0,0
9606.ENSP00000352779,337.2,493.6,1,1,0,0,1,0
9606.ENSP00000221086,2.8,12.6,1,1,0.25,0.25,0.25,0.25
9606.ENSP00000428281,72.6,76.2,1,1,1,0,0,0
9606.ENSP00000221114,53.7,46.4,1,1,1,0,0,0
9606.ENSP00000265806,33.5,22.1,1,1,1,0,0,0
9606.ENSP00000221130,168.8,37.9,1,1,0,1,0,0
9606.ENSP00000221132,13,4.2,1,1,1,0,0,0
9606.ENSP00000479216,28.3,62.4,1,1,0,0,1,0
9606.ENSP00000221138,79.5,88.4,1,1,0,0,1,0
9606.ENSP00000262109,21,34.7,1,1,0,0,1,0
9606.ENSP00000221166,0,0,0,0,1,0,0,0
9606.ENSP00000424544,3.3,0,1,0,1,0,0,0
9606.ENSP00000340297,0,0.6,0,1,1,0,0,0
9606.ENSP00000270583,27.1,13.4,1,1,0,1,0,0
9606.ENSP00000262105,142.8,3.2,1,1,0,1,0,0
9606.ENSP00000265708,0,0,0,0,1,0,0,0
9606.ENSP00000221200,19.5,7.4,1,1,0.25,0.25,0.25,0.25
9606.ENSP00000381133,245.6,7130.1,1,1,0.25,0.25,0.25,0.25
9606.ENSP00000371152,109.9,50.5,1,1,0,0,1,0
9606.ENSP00000370003,38.4,32.5,1,1,0,1,0,0
9606.ENSP00000395473,46.4,0.1,1,1,0,0,1,0
9606.ENSP00000262888,0.5,0,1,0,1,0,0,0
9606.ENSP00000221399,0.8,0.2,1,1,0.25,0.25,0.25,0.25
9606.ENSP00000385923,176.5,134.7,1,1,0,0,1,0
9606.ENSP00000221403,0.6,0,1,0,1,0,0,0
9606.ENSP00000317904,20.9,4.2,1,1,0,1,0,0
9606.ENSP00000465039,0,0.2,0,1,1,0,0,0
9606.ENSP00000352295,0.1,0,1,0,1,0,0,0
9606.ENSP00000221418,214.1,669.3,1,1,0,0,0,1
9606.ENSP00000221419,222.2,46.7,1,1,0,0,0,1
9606.ENSP00000312988,8.4,19.3,1,1,0.25,0.25,0.25,0.25
9606.ENSP00000221421,0.7,0,1,0,1,0,0,0
9606.ENSP00000301408,0,0,0,0,1,0,0,0
9606.ENSP00000264071,0.5,0.7,1,1,1,0,0,0
9606.ENSP00000472847,33.3,8.5,1,1,0,0,1,0
9606.ENSP00000221444,0.1,0,1,0,0.25,0.25,0.25,0.25
9606.ENSP00000472998,171.5,66.1,1,1,0,0,0,1
9606.ENSP00000336994,79.9,42,1,1,0,0,0,1
9606.ENSP00000221452,3.6,3.6,1,1,0,1,0,0
9606.ENSP00000221455,16.4,10.4,1,1,1,0,0,0
9606.ENSP00000221459,5.2,6.7,1,1,0.25,0.25,0.25,0.25
9606.ENSP00000221462,15.1,6.3,1,1,0,1,0,0
9606.ENSP00000221466,158.3,324.5,1,1,1,0,0,0
9606.ENSP00000262265,108.5,48.7,1,1,0,1,0,0
9606.ENSP00000221476,3.5,0,1,0,1,0,0,0
9606.ENSP00000352995,16.2,7.2,1,1,1,0,0,0
9606.ENSP00000403902,7.5,2.9,1,1,0,0,1,0
9606.ENSP00000221480,0.2,44.2,1,1,0,0,1,0
9606.ENSP00000375809,38.7,10.6,1,1,1,0,0,0
9606.ENSP00000381657,28.3,10,1,1,1,0,0,0
9606.ENSP00000464955,141.7,48.1,1,1,0,1,0,0
9606.ENSP00000221485,0,0,0,0,1,0,0,0
9606.ENSP00000221486,75.9,0.4,1,1,0.25,0.25,0.25,0.25
9606.ENSP00000375810,0.6,0,1,0,1,0,0,0
9606.ENSP00000325708,0.3,3.7,1,1,1,0,0,0
9606.ENSP00000221494,64.6,4.6,1,1,0,0,1,0
9606.ENSP00000221496,0,0.3,0,1,0.25,0.25,0.25,0.25
9606.ENSP00000221498,0.2,0,1,0,1,0,0,0
9606.ENSP00000264824,1.7,0.5,1,1,0.25,0.25,0.25,0.25
9606.ENSP00000473381,287,845.8,1,1,0,1,0,0
9606.ENSP00000466967,43.9,7.9,1,1,0,0,0,1
9606.ENSP00000466298,75.3,21.2,1,1,1,0,0,0
9606.ENSP00000221515,0,0.1,0,1,0.25,0.25,0.25,0.25
9606.ENSP00000264072,0,0,0,0,1,0,0,0
9606.ENSP00000345997,3.4,1.4,1,1,1,0,0,0
9606.ENSP00000316228,0,2.3,0,1,1,0,0,0
9606.ENSP00000221538,0,0,0,0,1,0,0,0
9606.ENSP00000221543,16,23.6,1,1,0,0,1,0
9606.ENSP00000472474,0.3,0,1,0,1,0,0,0
9606.ENSP00000246112,0.6,2.3,1,1,0.25,0.25,0.25,0.25
9606.ENSP00000465776,12.5,10.4,1,1,0,0,1,0
9606.ENSP00000375717,67.1,56,1,1,0,0,0,1
9606.ENSP00000221561,115,91.4,1,1,0.25,0.25,0.25,0.25
9606.ENSP00000263257,0,0.8,0,1,1,0,0,0
9606.ENSP00000221566,71.6,19,1,1,0,1,0,0
9606.ENSP00000315997,0,0.8,0,1,0.25,0.25,0.25,0.25
9606.ENSP00000326767,36,7.9,1,1,0,0,1,0
9606.ENSP00000251372,0,0.2,0,1,0.25,0.25,0.25,0.25
9606.ENSP00000221573,19.6,6.6,1,1,1,0,0,0
9606.ENSP00000465432,185.5,419.5,1,1,0,0,1,0
9606.ENSP00000270538,68.6,60.2,1,1,0,0,0,1
9606.ENSP00000471454,8.9,3.6,1,1,1,0,0,0
9606.ENSP00000263379,2.9,1,1,1,0.25,0.25,0.25,0.25
9606.ENSP00000263382,22.8,0.4,1,1,1,0,0,0
9606.ENSP00000467176,5.8,0,1,0,1,0,0,0
9606.ENSP00000469880,26.4,45.3,1,1,0,0,1,0
9606.ENSP00000263384,106.8,100.3,1,1,0,1,0,0
9606.ENSP00000414202,76.6,1.2,1,1,0,1,0,0
9606.ENSP00000221671,5.8,0.8,1,1,0.25,0.25,0.25,0.25
9606.ENSP00000263390,4.7,4.4,1,1,1,0,0,0
9606.ENSP00000264833,0.2,18.4,1,1,0,1,0,0
9606.ENSP00000341905,0,5.2,0,1,1,0,0,0
9606.ENSP00000269701,17.8,12.3,1,1,0,0,1,0
9606.ENSP00000221730,0,0,0,0,0.25,0.25,0.25,0.25
9606.ENSP00000263383,90.1,47.8,1,1,0,0,1,0
9606.ENSP00000388864,5.7,3.8,1,1,1,0,0,0
9606.ENSP00000341489,8.1,0.3,1,1,0,1,0,0
9606.ENSP00000393417,0,0,0,0,1,0,0,0
9606.ENSP00000221742,0.3,0,1,0,1,0,0,0
9606.ENSP00000302898,0.1,0.3,1,1,0.25,0.25,0.25,0.25
9606.ENSP00000465213,29.7,51.4,1,1,0,0,1,0
9606.ENSP00000262643,32.8,0.2,1,1,1,0,0,0
9606.ENSP00000376097,50.4,46.5,1,1,1,0,0,0
9606.ENSP00000466214,352.7,206.6,1,1,1,0,0,0
9606.ENSP00000304292,21.1,3,1,1,0,1,0,0
9606.ENSP00000251453,3116,3021.8,1,1,0,1,0,0
9606.ENSP00000445806,166.3,33.9,1,1,0,0,1,0
9606.ENSP00000221797,0,0,0,0,0.25,0.25,0.25,0.25
9606.ENSP00000221801,265.4,60.1,1,1,1,0,0,0
9606.ENSP00000469863,0.9,3.3,1,1,1,0,0,0
9606.ENSP00000221804,0,0,0,0,1,0,0,0
9606.ENSP00000396755,2,1.6,1,1,0.25,0.25,0.25,0.25
9606.ENSP00000405573,370.7,107.9,1,1,0,0,1,0
9606.ENSP00000375892,53.3,75.3,1,1,0,1,0,0
9606.ENSP00000387050,88.6,34.4,1,1,0,1,0,0
9606.ENSP00000326018,1,2.3,1,1,1,0,0,0
9606.ENSP00000262971,14.9,10.7,1,1,0,1,0,0
9606.ENSP00000252891,2,1.6,1,1,1,0,0,0
9606.ENSP00000221847,1.2,0.2,1,1,1,0,0,0
9606.ENSP00000262962,28.9,7,1,1,0,1,0,0
9606.ENSP00000446058,0,61.4,0,1,1,0,0,0
9606.ENSP00000221855,192.8,37.4,1,1,1,0,0,0
9606.ENSP00000221856,0.3,0,1,0,1,0,0,0
9606.ENSP00000221859,135,311.2,1,1,0,0,1,0
9606.ENSP00000465620,0.2,0,1,0,0.25,0.25,0.25,0.25
9606.ENSP00000353732,1,0,1,0,0.25,0.25,0.25,0.25
9606.ENSP00000262961,0.5,0.1,1,1,1,0,0,0
9606.ENSP00000444408,243.3,0.5,1,1,0,1,0,0
9606.ENSP00000393978,10.3,6.8,1,1,1,0,0,0
9606.ENSP00000465419,4.7,5.1,1,1,0,1,0,0
9606.ENSP00000221891,5,0,1,0,1,0,0,0
9606.ENSP00000415078,15.4,3.3,1,1,0,0,1,0
9606.ENSP00000221922,23.7,3.9,1,1,1,0,0,0
9606.ENSP00000375863,153.6,41.6,1,1,0,0,0,1
9606.ENSP00000378529,26.6,15.8,1,1,0,0,1,0
9606.ENSP00000404503,15,3.1,1,1,1,0,0,0
9606.ENSP00000221930,42.6,1.6,1,1,1,0,0,0
9606.ENSP00000262585,1.8,0.2,1,1,0.25,0.25,0.25,0.25
9606.ENSP00000403910,68.9,18.4,1,1,1,0,0,0
9606.ENSP00000221954,0,0.3,0,1,0.25,0.25,0.25,0.25
9606.ENSP00000221957,100.8,20.8,1,1,1,0,0,0
9606.ENSP00000470298,20.8,33.9,1,1,1,0,0,0
9606.ENSP00000253099,135.8,97.3,1,1,0,0,1,0
9606.ENSP00000321077,0.1,0,1,0,0,1,0,0
9606.ENSP00000221972,1.4,1.6,1,1,1,0,0,0
9606.ENSP00000221973,0.2,0,1,0,0.25,0.25,0.25,0.25
9606.ENSP00000342114,10.1,0.3,1,1,0.25,0.25,0.25,0.25
9606.ENSP00000470972,4212.4,3709.6,1,1,0.25,0.25,0.25,0.25
9606.ENSP00000246802,123.5,190.8,1,1,0,1,0,0
9606.ENSP00000221978,0.3,9.4,1,1,0.25,0.25,0.25,0.25
9606.ENSP00000221980,0.8,0,1,0,1,0,0,0
9606.ENSP00000346173,1516.8,1230,1,1,0,0,0,1
9606.ENSP00000262262,0,0.6,0,1,1,0,0,0
9606.ENSP00000221992,0.1,0,1,0,0,1,0,0
9606.ENSP00000221996,0.1,1.1,1,1,1,0,0,0
9606.ENSP00000352408,84.6,57,1,1,0,0,1,0
9606.ENSP00000431885,53.3,28,1,1,0,0,1,0
9606.ENSP00000222002,147.5,1791.1,1,1,0,0,0,1
9606.ENSP00000222005,234,48.4,1,1,1,0,0,0
9606.ENSP00000263354,78.4,8,1,1,0,0,1,0
9606.ENSP00000222008,104.8,232.6,1,1,0,0,1,0
9606.ENSP00000444688,0.2,0.1,1,1,1,0,0,0
9606.ENSP00000453307,0.3,0,1,0,1,0,0,0
9606.ENSP00000349932,39.7,0.8,1,1,0.25,0.25,0.25,0.25
9606.ENSP00000222032,2.4,1,1,1,1,0,0,0
9606.ENSP00000222033,0,0,0,0,0.25,0.25,0.25,0.25
9606.ENSP00000251268,13.2,8,1,1,0,0,1,0
9606.ENSP00000329471,343.2,79.2,1,1,0,0,1,0
9606.ENSP00000408236,17.8,7.3,1,1,0,0,1,0
9606.ENSP00000253237,60.9,16.6,1,1,1,0,0,0
9606.ENSP00000263269,1.4,0.2,1,1,1,0,0,0
9606.ENSP00000344041,0.3,0,1,0,0,1,0,0
9606.ENSP00000250340,0.1,5.3,1,1,1,0,0,0
9606.ENSP00000318429,0.1,0,1,0,1,0,0,0
9606.ENSP00000375767,20.2,27.5,1,1,0,0,1,0
9606.ENSP00000263274,52.6,5.3,1,1,0,0,1,0
9606.ENSP00000401502,0,0,0,0,1,0,0,0
9606.ENSP00000262259,2.1,1.8,1,1,0.25,0.25,0.25,0.25
9606.ENSP00000472546,1,3,1,1,0,0,0,1
9606.ENSP00000470259,0,0,0,0,1,0,0,0
9606.ENSP00000293255,0,0,0,0,1,0,0,0
9606.ENSP00000222115,0,0,0,0,1,0,0,0
9606.ENSP00000222120,4.9,1,1,1,1,0,0,0
9606.ENSP00000222122,5.5,8.9,1,1,0.25,0.25,0.25,0.25
9606.ENSP00000346954,109.3,505.4,1,1,0,0,0,1
9606.ENSP00000484912,4.9,2.9,1,1,1,0,0,0
9606.ENSP00000466898,4.7,6,1,1,0,1,0,0
9606.ENSP00000263266,0.1,0.1,1,1,0.25,0.25,0.25,0.25
9606.ENSP00000222145,0.3,1,1,1,1,0,0,0
9606.ENSP00000340088,0,0,0,0,0.25,0.25,0.25,0.25
9606.ENSP00000471477,0,6.6,0,1,1,0,0,0
9606.ENSP00000322991,6.8,10.1,1,1,0,1,0,0
9606.ENSP00000264819,9.7,1.6,1,1,0,1,0,0
9606.ENSP00000263265,7,12.5,1,1,0,1,0,0
9606.ENSP00000324804,129.5,51.2,1,1,0.25,0.25,0.25,0.25
9606.ENSP00000407182,61.7,14.3,1,1,0,0,1,0
9606.ENSP00000468969,228,0.7,1,1,0,0,1,0
9606.ENSP00000375647,0,0,0,0,0.25,0.25,0.25,0.25
9606.ENSP00000222214,38.7,127.1,1,1,0,0,0,1
9606.ENSP00000406478,0,1.6,0,1,1,0,0,0
9606.ENSP00000264834,0,0.1,0,1,1,0,0,0
9606.ENSP00000222219,16.1,24.4,1,1,0,0,1,0
9606.ENSP00000251472,2.3,0.7,1,1,1,0,0,0
9606.ENSP00000222224,0,17.8,0,1,1,0,0,0
9606.ENSP00000324122,88.4,31.3,1,1,0,0,1,0
9606.ENSP00000375639,19.4,10.8,1,1,0,0,0,1
9606.ENSP00000391676,2.5,0.8,1,1,1,0,0,0
9606.ENSP00000222247,3416.6,2234.1,1,1,0,1,0,0
9606.ENSP00000222248,0.1,0,1,0,1,0,0,0
9606.ENSP00000476519,0,0,0,0,0.25,0.25,0.25,0.25
9606.ENSP00000222250,5.4,4.5,1,1,1,0,0,0
9606.ENSP00000222254,50.8,1,1,1,0,0,1,0
9606.ENSP00000222256,4.9,1.2,1,1,1,0,0,0
9606.ENSP00000347689,1.6,0,1,0,0,1,0,0
9606.ENSP00000337746,64.9,0.9,1,1,1,0,0,0
9606.ENSP00000262809,8,12.8,1,1,0,0,1,0
9606.ENSP00000345001,10.6,4.2,1,1,0,0,1,0
9606.ENSP00000222271,3.7,0,1,0,0.25,0.25,0.25,0.25
9606.ENSP00000478942,0.4,0.2,1,1,1,0,0,0
9606.ENSP00000262812,291.3,185.5,1,1,0,0,1,0
9606.ENSP00000247003,41.4,16.2,1,1,1,0,0,0
9606.ENSP00000384524,1.7,19.5,1,1,0.25,0.25,0.25,0.25
9606.ENSP00000262623,0,0,0,0,1,0,0,0
9606.ENSP00000444156,44.9,51.3,1,1,0,0,1,0
9606.ENSP00000222284,183.4,105.2,1,1,0.25,0.25,0.25,0.25
9606.ENSP00000222286,6.7,0,1,0,1,0,0,0
9606.ENSP00000376048,0.3,0,1,0,1,0,0,0
9606.ENSP00000470879,20.8,0,1,0,1,0,0,0
9606.ENSP00000471894,357.3,2866.1,1,1,0.25,0.25,0.25,0.25
9606.ENSP00000222305,151.1,46.7,1,1,0.25,0.25,0.25,0.25
9606.ENSP00000480821,128.7,68.3,1,1,0,1,0,0
9606.ENSP00000472836,91.9,36.6,1,1,0,1,0,0
9606.ENSP00000476767,169.9,77.6,1,1,0,0,1,0
9606.ENSP00000247001,5.2,8.6,1,1,1,0,0,0
9606.ENSP00000262626,115.1,378.7,1,1,0,0,1,0
9606.ENSP00000340514,3.3,0,1,0,0.25,0.25,0.25,0.25
9606.ENSP00000396915,4.8,1.2,1,1,0.25,0.25,0.25,0.25
9606.ENSP00000251203,0,0,0,0,1,0,0,0
9606.ENSP00000222329,83.6,24.2,1,1,1,0,0,0
9606.ENSP00000222330,38.8,12,1,1,1,0,0,0
9606.ENSP00000349877,36.8,8.9,1,1,1,0,0,0
9606.ENSP00000469029,13.5,3,1,1,0,1,0,0
9606.ENSP00000262895,0,0,0,0,0.25,0.25,0.25,0.25
9606.ENSP00000222345,7,22,1,1,0,0,1,0
9606.ENSP00000329793,1.2,0,1,0,0,0,1,0
9606.ENSP00000292147,52.2,97.2,1,1,0,1,0,0
9606.ENSP00000222374,28.8,3,1,1,0,1,0,0
9606.ENSP00000270066,14,2.3,1,1,0,0,1,0
9606.ENSP00000315568,18.5,11.2,1,1,0,0,1,0
9606.ENSP00000337732,0.4,15.7,1,1,0.25,0.25,0.25,0.25
9606.ENSP00000373948,1.7,1.3,1,1,1,0,0,0
9606.ENSP00000222511,17.1,15.5,1,1,1,0,0,0
9606.ENSP00000262940,1.2,0.1,1,1,0,1,0,0
9606.ENSP00000265734,34.2,24.2,1,1,1,0,0,0
9606.ENSP00000249269,51.6,62.6,1,1,0,0,1,0
9606.ENSP00000368565,39.9,29.3,1,1,0,0,1,0
9606.ENSP00000222543,1,1.5,1,1,1,0,0,0
9606.ENSP00000222547,31.1,61.1,1,1,0.25,0.25,0.25,0.25
9606.ENSP00000222553,27.6,389.4,1,1,0,1,0,0
9606.ENSP00000222567,12.4,37.6,1,1,0,0,1,0
9606.ENSP00000352121,0,0.4,0,1,0,1,0,0
9606.ENSP00000265627,27.1,527.2,1,1,0,0,0,1
9606.ENSP00000222572,235.2,137.1,1,1,0,0,1,0
9606.ENSP00000222573,0,0.2,0,1,1,0,0,0
9606.ENSP00000222574,9,36.8,1,1,0,0,1,0
9606.ENSP00000265720,1.7,4.1,1,1,1,0,0,0
9606.ENSP00000222584,2.1,4,1,1,0,0,1,0
9606.ENSP00000346466,5.5,6.7,1,1,0.25,0.25,0.25,0.25
9606.ENSP00000475939,0,0.5,0,1,1,0,0,0
9606.ENSP00000401277,18.7,10.7,1,1,0,1,0,0
9606.ENSP00000222598,0.3,0,1,0,1,0,0,0
9606.ENSP00000376800,66.3,64.3,1,1,0,0,1,0
9606.ENSP00000384370,0,0,0,0,0.25,0.25,0.25,0.25
9606.ENSP00000341170,0,0.2,0,1,1,0,0,0
9606.ENSP00000222644,11.3,15.3,1,1,1,0,0,0
9606.ENSP00000339587,36.4,3.4,1,1,0,1,0,0
9606.ENSP00000308122,0.1,0,1,0,1,0,0,0
9606.ENSP00000242351,20.7,36.2,1,1,0,0,1,0
9606.ENSP00000419279,5.5,1.7,1,1,1,0,0,0
9606.ENSP00000222673,32.9,22.8,1,1,0,0,1,0
9606.ENSP00000222674,0,0,0,0,1,0,0,0
9606.ENSP00000442682,25.9,0.2,1,1,1,0,0,0
9606.ENSP00000265440,0,0.2,0,1,0,1,0,0
9606.ENSP00000308405,270.7,125.9,1,1,0,1,0,0
9606.ENSP00000222693,0.4,37.9,1,1,1,0,0,0
9606.ENSP00000339191,0.8,5.3,1,1,1,0,0,0
9606.ENSP00000317272,24.1,27.8,1,1,0,1,0,0
9606.ENSP00000385285,0.6,2.6,1,1,1,0,0,0
9606.ENSP00000326604,15.6,19.2,1,1,0,0,1,0
9606.ENSP00000265441,0,0.7,0,1,0.25,0.25,0.25,0.25
9606.ENSP00000343246,0.2,0,1,0,0.25,0.25,0.25,0.25
9606.ENSP00000262177,89.3,50.2,1,1,1,0,0,0
9606.ENSP00000222718,0.2,0,1,0,0.25,0.25,0.25,0.25
9606.ENSP00000484411,22.8,0.2,1,1,0.25,0.25,0.25,0.25
9606.ENSP00000222725,3.9,0.2,1,1,0,1,0,0
9606.ENSP00000222726,5.5,0,1,0,0.25,0.25,0.25,0.25
9606.ENSP00000222728,0.8,0,1,0,0,0,1,0
9606.ENSP00000339637,16.1,13.2,1,1,0,0,1,0
9606.ENSP00000480715,2.4,1.9,1,1,0,1,0,0
9606.ENSP00000349612,0,0,0,0,0.25,0.25,0.25,0.25
9606.ENSP00000262178,0,0,0,0,1,0,0,0
9606.ENSP00000222747,1.5,29.7,1,1,0,0,1,0
9606.ENSP00000419665,244.3,308.9,1,1,0,1,0,0
9606.ENSP00000222753,0.1,0,1,0,0.25,0.25,0.25,0.25
9606.ENSP00000309772,30,20.3,1,1,0,1,0,0
9606.ENSP00000419266,0,0,0,0,0.25,0.25,0.25,0.25
9606.ENSP00000265395,90.1,159.3,1,1,0,0,0,1
9606.ENSP00000379612,123.9,121.4,1,1,1,0,0,0
9606.ENSP00000387164,114.6,1.3,1,1,1,0,0,0
9606.ENSP00000222792,27.3,7,1,1,0,0,0,1
9606.ENSP00000381793,11.2,27.3,1,1,0,0,1,0
9606.ENSP00000222800,8.1,7.2,1,1,0,0,1,0
9606.ENSP00000378912,6.9,27.3,1,1,0,0,1,0
9606.ENSP00000222803,14.4,6.5,1,1,0,1,0,0
9606.ENSP00000397947,13.3,3.2,1,1,0.25,0.25,0.25,0.25
9606.ENSP00000222812,4.8,0.2,1,1,1,0,0,0
9606.ENSP00000222823,2.2,0.5,1,1,0.25,0.25,0.25,0.25
9606.ENSP00000373918,125.5,34.8,1,1,0,1,0,0
9606.ENSP00000340943,0,0,0,0,0.25,0.25,0.25,0.25
9606.ENSP00000481994,0.1,2.6,1,1,0.25,0.25,0.25,0.25
9606.ENSP00000265299,0,0.5,0,1,1,0,0,0
9606.ENSP00000320180,0,0.9,0,1,0.25,0.25,0.25,0.25
9606.ENSP00000312664,18.7,5.2,1,1,0,0,1,0
9606.ENSP00000378812,813.4,839,1,1,0,0,1,0
9606.ENSP00000400533,0.2,0.9,1,1,0.25,0.25,0.25,0.25
9606.ENSP00000248553,229.1,235.6,1,1,0,1,0,0
9606.ENSP00000265634,0,0.5,0,1,1,0,0,0
9606.ENSP00000222968,57.9,88,1,1,0,0,1,0
9606.ENSP00000386023,82.9,106.7,1,1,0,1,0,0
9606.ENSP00000292478,6.7,4.7,1,1,0,0,1,0
9606.ENSP00000222982,5.3,415.6,1,1,0.25,0.25,0.25,0.25
9606.ENSP00000323148,25.6,113.7,1,1,0,1,0,0
9606.ENSP00000354125,225.1,51.5,1,1,0,0,1,0
9606.ENSP00000222990,23.8,9.5,1,1,1,0,0,0
9606.ENSP00000380241,50,5.4,1,1,1,0,0,0
9606.ENSP00000377047,0,0,0,0,1,0,0,0
9606.ENSP00000399982,49.1,7.1,1,1,0.25,0.25,0.25,0.25
9606.ENSP00000223023,22.3,64.4,1,1,0,1,0,0
9606.ENSP00000223026,0,0,0,0,0.25,0.25,0.25,0.25
9606.ENSP00000345849,0,0,0,0,1,0,0,0
9606.ENSP00000223029,83.7,49,1,1,0,1,0,0
9606.ENSP00000420525,31.4,347.4,1,1,0,0,0,1
9606.ENSP00000265825,0,0.2,0,1,1,0,0,0
9606.ENSP00000377522,23.5,34.4,1,1,0.25,0.25,0.25,0.25
9606.ENSP00000339906,0,0,0,0,0.25,0.25,0.25,0.25
9606.ENSP00000223061,27.5,37.8,1,1,0,1,0,0
9606.ENSP00000416558,0.2,0.4,1,1,1,0,0,0
9606.ENSP00000340125,0,0,0,0,1,0,0,0
9606.ENSP00000223073,44.9,13.3,1,1,0,1,0,0
9606.ENSP00000301962,5.4,10.6,1,1,0.25,0.25,0.25,0.25
9606.ENSP00000345096,52.7,0.9,1,1,1,0,0,0
9606.ENSP00000300176,51.2,29.2,1,1,1,0,0,0
9606.ENSP00000410758,184.5,350.4,1,1,0,0,0,1
9606.ENSP00000223095,81.5,89.7,1,1,1,0,0,0
9606.ENSP00000336666,52.2,52.5,1,1,0,0,1,0
9606.ENSP00000223114,12.9,5.1,1,1,0,1,0,0
9606.ENSP00000389176,65.9,15.8,1,1,0,0,1,0
9606.ENSP00000223127,95.7,14.8,1,1,1,0,0,0
9606.ENSP00000223129,130.2,183.8,1,1,0,0,1,0
9606.ENSP00000304593,125.7,976.2,1,1,0,1,0,0
9606.ENSP00000385300,10.2,9.7,1,1,0.25,0.25,0.25,0.25
9606.ENSP00000419457,0,0,0,0,0.25,0.25,0.25,0.25
9606.ENSP00000223145,1.8,7,1,1,0,1,0,0
9606.ENSP00000223167,0,0,0,0,0.25,0.25,0.25,0.25
9606.ENSP00000385795,34.4,48,1,1,0,0,1,0
9606.ENSP00000376924,10.6,3.3,1,1,1,0,0,0
9606.ENSP00000379901,9.4,74.7,1,1,1,0,0,0
9606.ENSP00000320147,35.3,2.8,1,1,1,0,0,0
9606.ENSP00000223208,5.2,3.8,1,1,0,1,0,0
9606.ENSP00000223210,0.4,2.5,1,1,0,0,0,1
9606.ENSP00000410715,1.7,0.1,1,1,1,0,0,0
9606.ENSP00000223215,48.5,20.2,1,1,0.25,0.25,0.25,0.25
9606.ENSP00000262041,0,0.1,0,1,1,0,0,0
9606.ENSP00000303570,12.5,5.4,1,1,0.25,0.25,0.25,0.25
9606.ENSP00000252071,5,20.8,1,1,0.25,0.25,0.25,0.25
9606.ENSP00000384004,0,2.8,0,1,0.25,0.25,0.25,0.25
9606.ENSP00000262067,14,22.4,1,1,1,0,0,0
9606.ENSP00000418009,294.6,2599.1,1,1,0.25,0.25,0.25,0.25
9606.ENSP00000391490,3.2,1.6,1,1,1,0,0,0
9606.ENSP00000242057,10.3,44.1,1,1,0,0,1,0
9606.ENSP00000262570,70,25.1,1,1,0,0,0,1
9606.ENSP00000223293,0.5,5.5,1,1,0,0,1,0
9606.ENSP00000410269,0,1131.1,0,1,0,0,0,1
9606.ENSP00000379258,0,0,0,0,1,0,0,0
9606.ENSP00000223321,244.9,4.2,1,1,0,0,1,0
9606.ENSP00000223324,120.2,112.4,1,1,1,0,0,0
9606.ENSP00000379218,70,29.4,1,1,1,0,0,0
9606.ENSP00000385757,127,1.4,1,1,1,0,0,0
9606.ENSP00000396918,20.5,23.5,1,1,0,0,1,0
9606.ENSP00000340668,42.9,91.1,1,1,1,0,0,0
9606.ENSP00000262187,94.3,132.5,1,1,0,0,1,0
9606.ENSP00000287878,1.1,67.7,1,1,0,0,1,0
9606.ENSP00000223357,0,0.4,0,1,1,0,0,0
9606.ENSP00000480186,161.5,93.5,1,1,1,0,0,0
9606.ENSP00000223364,2,0,1,0,1,0,0,0
9606.ENSP00000223366,0,0.2,0,1,0,0,1,0
9606.ENSP00000411073,29.5,18.5,1,1,1,0,0,0
9606.ENSP00000223369,68.7,16,1,1,0,0,1,0
9606.ENSP00000307260,19.1,12.2,1,1,0.25,0.25,0.25,0.25
9606.ENSP00000479207,0,0,0,0,1,0,0,0
9606.ENSP00000223398,16.9,1.1,1,1,0,0,1,0
9606.ENSP00000265753,335,97.4,1,1,0,0,1,0
9606.ENSP00000336740,20.3,1.4,1,1,0,0,1,0
9606.ENSP00000417063,0.1,10,1,1,1,0,0,0
9606.ENSP00000262352,0.1,58.4,1,1,0,0,0,1
9606.ENSP00000362717,0.2,0.2,1,1,0.25,0.25,0.25,0.25
9606.ENSP00000223528,4.2,5.7,1,1,0,0,1,0
9606.ENSP00000417492,2.9,1.1,1,1,1,0,0,0
9606.ENSP00000297668,0.6,0.2,1,1,1,0,0,0
9606.ENSP00000365019,23.8,15.9,1,1,1,0,0,0
9606.ENSP00000354387,5.8,53.9,1,1,0,1,0,0
9606.ENSP00000363714,35.1,82,1,1,0,0,1,0
9606.ENSP00000365908,0,0.3,0,1,0,0,0,1
9606.ENSP00000363040,6.4,49,1,1,0,1,0,0
9606.ENSP00000344208,24.3,20.7,1,1,0,0,1,0
9606.ENSP00000343746,16.3,5.3,1,1,0,1,0,0
9606.ENSP00000364133,15.9,9.7,1,1,0,1,0,0
9606.ENSP00000223641,488.8,915.8,1,1,0,0,1,0
9606.ENSP00000223642,63.4,441.1,1,1,1,0,0,0
9606.ENSP00000262551,0,0,0,0,1,0,0,0
9606.ENSP00000364694,0.2,0,1,0,1,0,0,0
9606.ENSP00000344758,0.2,47.5,1,1,0,0,1,0
9606.ENSP00000365720,0.5,14.8,1,1,0.25,0.25,0.25,0.25
9606.ENSP00000377854,1.7,0,1,0,0,0,0,1
9606.ENSP00000385763,154.5,990,1,1,0,0,0,1
9606.ENSP00000363382,27.2,0,1,0,1,0,0,0
9606.ENSP00000265132,2103.1,9203.5,1,1,1,0,0,0
9606.ENSP00000303769,5.1,6.9,1,1,0.25,0.25,0.25,0.25
9606.ENSP00000223795,0,0.1,0,1,0.25,0.25,0.25,0.25
9606.ENSP00000362014,0.4,0.7,1,1,1,0,0,0
9606.ENSP00000362299,2.9,9.6,1,1,1,0,0,0
9606.ENSP00000362271,29.8,8.3,1,1,1,0,0,0
9606.ENSP00000371278,15.3,105.9,1,1,0,0,1,0
9606.ENSP00000371040,0.1,0,1,0,0.25,0.25,0.25,0.25
9606.ENSP00000223862,0,0,0,0,0.25,0.25,0.25,0.25
9606.ENSP00000223864,17.9,28,1,1,0,0,1,0
9606.ENSP00000361731,22.7,11.5,1,1,0,0,1,0
9606.ENSP00000416696,11.8,9,1,1,0,0,1,0
9606.ENSP00000370710,18.8,12.9,1,1,0.25,0.25,0.25,0.25
9606.ENSP00000394888,0.2,2.6,1,1,1,0,0,0
9606.ENSP00000477725,105.7,60.2,1,1,0,1,0,0
9606.ENSP00000380479,0.1,0,1,0,1,0,0,0
9606.ENSP00000361475,16,0.2,1,1,1,0,0,0
9606.ENSP00000481045,7.6,7,1,1,0.25,0.25,0.25,0.25
9606.ENSP00000360822,0,0,0,0,0.25,0.25,0.25,0.25
9606.ENSP00000367608,3.4,0,1,0,1,0,0,0
9606.ENSP00000318177,54.4,46.7,1,1,1,0,0,0
9606.ENSP00000373570,0.2,0,1,0,1,0,0,0
9606.ENSP00000342136,21.8,27.1,1,1,0.25,0.25,0.25,0.25
9606.ENSP00000367318,12.3,16.2,1,1,1,0,0,0
9606.ENSP00000439807,7.5,63.7,1,1,0,0,1,0
9606.ENSP00000360811,0,0,0,0,0.25,0.25,0.25,0.25
9606.ENSP00000369213,2.4,1.1,1,1,1,0,0,0
9606.ENSP00000224073,578.1,987.9,1,1,0,0,1,0
9606.ENSP00000265382,13.8,0,1,0,0,1,0,0
9606.ENSP00000371398,0.1,7.3,1,1,0,0,1,0
9606.ENSP00000420514,62.7,84.9,1,1,0,1,0,0
9606.ENSP00000361263,35.9,17,1,1,1,0,0,0
9606.ENSP00000360660,11.5,1.2,1,1,0,1,0,0
9606.ENSP00000265381,0,4.4,0,1,0.25,0.25,0.25,0.25
9606.ENSP00000224140,15.9,25.5,1,1,1,0,0,0
9606.ENSP00000369981,0,0,0,0,1,0,0,0
9606.ENSP00000360687,0.3,1.7,1,1,0,1,0,0
9606.ENSP00000344155,6.5,6.6,1,1,0,0,1,0
9606.ENSP00000366936,12.6,20.1,1,1,1,0,0,0
9606.ENSP00000263228,42.7,87.5,1,1,0.25,0.25,0.25,0.25
9606.ENSP00000366240,13.3,9.3,1,1,0.25,0.25,0.25,0.25
9606.ENSP00000323046,53,12.6,1,1,1,0,0,0
9606.ENSP00000237937,62.8,298.3,1,1,1,0,0,0
9606.ENSP00000368169,62.1,16.8,1,1,0,0,0,1
9606.ENSP00000360305,473.3,126.1,1,1,1,0,0,0
9606.ENSP00000435373,21.3,0.8,1,1,1,0,0,0
9606.ENSP00000360216,0,0,0,0,0.25,0.25,0.25,0.25
9606.ENSP00000368632,0.1,0.5,1,1,1,0,0,0
9606.ENSP00000347152,0,0,0,0,0.25,0.25,0.25,0.25
9606.ENSP00000326649,17.7,25.7,1,1,1,0,0,0
9606.ENSP00000263038,51.4,171.1,1,1,0,0,1,0
9606.ENSP00000339692,38.9,21.1,1,1,1,0,0,0
9606.ENSP00000315659,9.4,12.6,1,1,1,0,0,0
9606.ENSP00000347839,5.2,7.5,1,1,0,0,1,0
9606.ENSP00000379140,0,1.7,0,1,1,0,0,0
9606.ENSP00000410964,104.6,74.5,1,1,0,0,0,1
9606.ENSP00000358140,194.3,160.8,1,1,0,0,1,0
9606.ENSP00000325296,0,0.1,0,1,0.25,0.25,0.25,0.25
9606.ENSP00000367064,0,0,0,0,1,0,0,0
9606.ENSP00000367030,1.1,1.8,1,1,0,0,1,0
9606.ENSP00000362687,25.8,19.2,1,1,1,0,0,0
9606.ENSP00000378974,15.3,19.2,1,1,0,1,0,0
9606.ENSP00000358071,30.5,21.5,1,1,1,0,0,0
9606.ENSP00000224652,25.9,26.3,1,1,0,0,0,1
9606.ENSP00000358019,69.9,38.2,1,1,1,0,0,0
9606.ENSP00000357986,29,43.6,1,1,0,0,1,0
9606.ENSP00000263563,0.3,0,1,0,0,0,1,0
9606.ENSP00000334329,0.2,0,1,0,1,0,0,0
9606.ENSP00000381768,0,20.4,0,1,1,0,0,0
9606.ENSP00000378409,0.5,1.4,1,1,0.25,0.25,0.25,0.25
9606.ENSP00000362201,28.7,0.7,1,1,0,1,0,0
9606.ENSP00000354415,66.9,57.1,1,1,0,0,1,0
9606.ENSP00000378306,29.5,11.7,1,1,0,1,0,0
9606.ENSP00000361160,7.8,23.1,1,1,0,0,1,0
9606.ENSP00000361107,16.9,6,1,1,0,0,1,0
9606.ENSP00000361064,52.6,52.6,1,1,0,0,1,0
9606.ENSP00000402373,92.4,6.9,1,1,1,0,0,0
9606.ENSP00000337354,87.2,57.7,1,1,1,0,0,0
9606.ENSP00000359215,0.1,0.1,1,1,0.25,0.25,0.25,0.25
9606.ENSP00000309595,33.6,3.6,1,1,1,0,0,0
9606.ENSP00000359240,82.7,2,1,1,0,1,0,0
9606.ENSP00000224807,18.8,0.8,1,1,0,0,0,1
9606.ENSP00000359219,10.6,0.3,1,1,0.25,0.25,0.25,0.25
9606.ENSP00000359149,25.7,20.8,1,1,1,0,0,0
9606.ENSP00000321797,0.5,0,1,0,0.25,0.25,0.25,0.25
9606.ENSP00000359128,162.6,20.3,1,1,0,0,1,0
9606.ENSP00000360689,22,28.8,1,1,0.25,0.25,0.25,0.25
9606.ENSP00000359019,0,0,0,0,0.25,0.25,0.25,0.25
9606.ENSP00000359000,37.4,21.3,1,1,1,0,0,0
9606.ENSP00000379709,11.8,17.2,1,1,0,1,0,0
9606.ENSP00000482128,0.9,65.8,1,1,0.25,0.25,0.25,0.25
9606.ENSP00000224862,19.2,46.8,1,1,0.25,0.25,0.25,0.25
9606.ENSP00000358953,19.9,49.1,1,1,1,0,0,0
9606.ENSP00000358918,7.7,3.3,1,1,1,0,0,0
9606.ENSP00000365255,5.6,11.2,1,1,1,0,0,0
9606.ENSP00000379568,14.1,61.8,1,1,0,0,0,1
9606.ENSP00000357835,10.7,56.2,1,1,0,0,1,0
9606.ENSP00000482767,30.5,18.6,1,1,0,0,1,0
9606.ENSP00000354040,41.2,28,1,1,1,0,0,0
9606.ENSP00000349244,8.4,5.7,1,1,0.25,0.25,0.25,0.25
9606.ENSP00000357748,165.9,54.4,1,1,0.25,0.25,0.25,0.25
9606.ENSP00000263063,22.8,12.9,1,1,0,1,0,0
9606.ENSP00000358795,0.3,0.1,1,1,1,0,0,0
9606.ENSP00000348215,21.6,68.7,1,1,0,0,1,0
9606.ENSP00000370377,32.9,15.8,1,1,0,0,1,0
9606.ENSP00000384615,19.7,14,1,1,0.25,0.25,0.25,0.25
9606.ENSP00000263056,22.7,2.4,1,1,0,0,0,1
9606.ENSP00000363081,50.1,0,1,0,0.25,0.25,0.25,0.25
9606.ENSP00000357637,0,0,0,0,0.25,0.25,0.25,0.25
9606.ENSP00000357633,169.7,40.6,1,1,1,0,0,0
9606.ENSP00000263054,0,0,0,0,1,0,0,0
9606.ENSP00000328426,21,16.7,1,1,0,0,1,0
9606.ENSP00000421566,24.5,11.2,1,1,0,1,0,0
9606.ENSP00000354720,45.3,30.7,1,1,0,0,1,0
9606.ENSP00000358464,13.6,63.4,1,1,1,0,0,0
9606.ENSP00000420588,72.4,71.6,1,1,0,1,0,0
9606.ENSP00000263102,32.1,19.4,1,1,1,0,0,0
9606.ENSP00000444856,27.1,14.3,1,1,0,1,0,0
9606.ENSP00000363836,40.5,74.5,1,1,0,0,1,0
9606.ENSP00000264552,56.5,9.3,1,1,1,0,0,0
9606.ENSP00000452909,2650.3,2572.1,1,1,0,0,0,1
9606.ENSP00000334474,30.5,8.2,1,1,1,0,0,0
9606.ENSP00000225171,14.2,102.7,1,1,0,0,1,0
9606.ENSP00000225174,344.6,97.2,1,1,0.25,0.25,0.25,0.25
9606.ENSP00000351619,5.3,210.7,1,1,0,0,1,0
9606.ENSP00000396270,99.3,16.9,1,1,0.25,0.25,0.25,0.25
9606.ENSP00000360472,0,6.4,0,1,0.25,0.25,0.25,0.25
9606.ENSP00000225235,3.8,4.8,1,1,0,0,1,0
9606.ENSP00000285979,0,110.7,0,1,0.25,0.25,0.25,0.25
9606.ENSP00000209718,5.5,0,1,0,1,0,0,0
9606.ENSP00000225387,0,0,0,0,1,0,0,0
9606.ENSP00000225388,28.9,47,1,1,0.25,0.25,0.25,0.25
9606.ENSP00000378338,26.9,3.3,1,1,1,0,0,0
9606.ENSP00000225430,3806.4,2952.5,1,1,0,0,1,0
9606.ENSP00000264658,7.6,10.8,1,1,0,1,0,0
9606.ENSP00000410862,0,0,0,0,1,0,0,0
9606.ENSP00000302640,82.5,22,1,1,0,0,1,0
9606.ENSP00000225474,0,0,0,0,0.25,0.25,0.25,0.25
9606.ENSP00000264639,197.4,49.4,1,1,0,0,1,0
9606.ENSP00000264645,50.2,18.7,1,1,1,0,0,0
9606.ENSP00000264644,6.4,2.6,1,1,0.25,0.25,0.25,0.25
9606.ENSP00000262406,0,6.4,0,1,1,0,0,0
9606.ENSP00000463069,45.9,5.2,1,1,1,0,0,0
9606.ENSP00000225512,2.5,2.8,1,1,0.25,0.25,0.25,0.25
9606.ENSP00000263080,0.2,9.2,1,1,0,1,0,0
9606.ENSP00000336701,92.9,18.8,1,1,0.25,0.25,0.25,0.25
9606.ENSP00000354874,4,36.2,1,1,1,0,0,0
9606.ENSP00000325285,28.4,58.5,1,1,0.25,0.25,0.25,0.25
9606.ENSP00000262294,22.8,17.7,1,1,1,0,0,0
9606.ENSP00000225538,0,0,0,0,0.25,0.25,0.25,0.25
9606.ENSP00000251241,23.3,24.6,1,1,0,1,0,0
9606.ENSP00000225550,0.2,0,1,0,0.25,0.25,0.25,0.25
9606.ENSP00000320797,19.7,3.2,1,1,0,0,1,0
9606.ENSP00000290158,206.3,82.9,1,1,1,0,0,0
9606.ENSP00000225567,56.7,37.7,1,1,0,0,0,1
9606.ENSP00000225573,46.9,137.9,1,1,0,0,1,0
9606.ENSP00000225577,39,13.4,1,1,0,0,0,1
9606.ENSP00000438886,95.9,6.2,1,1,0,1,0,0
9606.ENSP00000377060,118.6,14,1,1,0,1,0,0
9606.ENSP00000317636,25.3,5.3,1,1,0.25,0.25,0.25,0.25
9606.ENSP00000225609,23.8,9.3,1,1,0,1,0,0
9606.ENSP00000465930,78.5,125.3,1,1,0,0,1,0
9606.ENSP00000414237,15.7,5.2,1,1,0,0,1,0
9606.ENSP00000412886,6.4,10.7,1,1,0.25,0.25,0.25,0.25
9606.ENSP00000380888,15.8,44.1,1,1,0.25,0.25,0.25,0.25
9606.ENSP00000420009,0,0,0,0,0.25,0.25,0.25,0.25
9606.ENSP00000324105,33.3,50.2,1,1,1,0,0,0
9606.ENSP00000225655,2088.8,785.8,1,1,0,0,1,0
9606.ENSP00000262482,81.6,80.4,1,1,0,1,0,0
9606.ENSP00000225665,64.9,68.7,1,1,0,0,1,0
9606.ENSP00000225688,7.9,20.9,1,1,0,1,0,0
9606.ENSP00000293780,0.8,9,1,1,0.25,0.25,0.25,0.25
9606.ENSP00000323074,14.8,4.8,1,1,0,0,1,0
9606.ENSP00000458954,26.3,15.5,1,1,0,0,1,0
9606.ENSP00000225698,573.4,145.7,1,1,1,0,0,0
9606.ENSP00000261707,12.4,0.1,1,1,0,1,0,0
9606.ENSP00000261714,66.9,5.6,1,1,0,1,0,0
9606.ENSP00000225719,54.7,78.7,1,1,0,0,1,0
9606.ENSP00000225724,35.2,45.2,1,1,0,0,1,0
9606.ENSP00000225726,125.2,88.1,1,1,0,0,1,0
9606.ENSP00000225728,25.3,65.9,1,1,0,0,1,0
9606.ENSP00000225729,28.9,21.1,1,1,0,0,1,0
9606.ENSP00000396673,68.6,17,1,1,1,0,0,0
9606.ENSP00000225737,10.9,9.8,1,1,1,0,0,0
9606.ENSP00000411821,0.8,5.7,1,1,1,0,0,0
9606.ENSP00000392617,147.4,68.2,1,1,0.25,0.25,0.25,0.25
9606.ENSP00000415283,8.8,1,1,1,0.25,0.25,0.25,0.25
9606.ENSP00000225777,148.9,40.4,1,1,1,0,0,0
9606.ENSP00000261499,38.5,5.1,1,1,0,0,0,1
9606.ENSP00000261708,19.5,14.9,1,1,0,1,0,0
9606.ENSP00000225792,148.9,247.4,1,1,0,1,0,0
9606.ENSP00000464275,34.1,10.4,1,1,0,0,0,1
9606.ENSP00000354398,29.1,24.1,1,1,0.25,0.25,0.25,0.25
9606.ENSP00000261712,92.5,100.6,1,1,1,0,0,0
9606.ENSP00000262776,533.9,39.4,1,1,1,0,0,0
9606.ENSP00000225823,0,0,0,0,1,0,0,0
9606.ENSP00000367832,0,0,0,0,0.25,0.25,0.25,0.25
9606.ENSP00000225831,0,0.3,0,1,1,0,0,0
9606.ENSP00000378118,0,0,0,0,0.25,0.25,0.25,0.25
9606.ENSP00000225842,0,0,0,0,0.25,0.25,0.25,0.25
9606.ENSP00000482609,5.5,4.9,1,1,1,0,0,0
9606.ENSP00000225899,0,0,0,0,0.25,0.25,0.25,0.25
9606.ENSP00000251642,1.9,12.6,1,1,1,0,0,0
9606.ENSP00000225916,27.6,12.8,1,1,0.25,0.25,0.25,0.25
9606.ENSP00000447053,290.9,76.8,1,1,0,0,1,0
9606.ENSP00000225927,37,31.5,1,1,0,1,0,0
9606.ENSP00000466799,8.8,5.9,1,1,1,0,0,0
9606.ENSP00000246912,45.1,46.7,1,1,0,1,0,0
9606.ENSP00000264638,7.6,0.2,1,1,1,0,0,0
9606.ENSP00000225941,0,2,0,1,1,0,0,0
9606.ENSP00000404658,5.6,5.5,1,1,1,0,0,0
9606.ENSP00000240306,2,0,1,0,0.25,0.25,0.25,0.25
9606.ENSP00000478767,25.3,6,1,1,0,0,1,0
9606.ENSP00000225964,2.8,5.6,1,1,1,0,0,0
9606.ENSP00000262018,0,0,0,0,1,0,0,0
9606.ENSP00000409924,3.5,0,1,0,1,0,0,0
9606.ENSP00000225969,297.5,287.2,1,1,0,0,1,0
9606.ENSP00000347872,216.7,12.9,1,1,0,0,1,0
9606.ENSP00000225972,305,69.6,1,1,0,0,1,0
9606.ENSP00000466680,0.2,3.7,1,1,1,0,0,0
9606.ENSP00000251535,3.2,0,1,0,0,1,0,0
9606.ENSP00000225983,38.3,7.2,1,1,0,0,1,0
9606.ENSP00000285238,21.2,152.3,1,1,1,0,0,0
9606.ENSP00000425092,175.1,83,1,1,0,0,0,1
9606.ENSP00000466009,0,0,0,0,1,0,0,0
9606.ENSP00000428182,0.3,0,1,0,1,0,0,0
9606.ENSP00000262435,13.1,2.9,1,1,1,0,0,0
9606.ENSP00000226004,51.5,103.4,1,1,0.25,0.25,0.25,0.25
9606.ENSP00000226021,0,0,0,0,0.25,0.25,0.25,0.25
9606.ENSP00000392094,129,18.3,1,1,0,1,0,0
9606.ENSP00000226067,228.9,148.9,1,1,0.25,0.25,0.25,0.25
9606.ENSP00000319991,15.6,0.2,1,1,0,0,1,0
9606.ENSP00000376475,336.5,107.6,1,1,1,0,0,0
9606.ENSP00000226091,0.1,0,1,0,1,0,0,0
9606.ENSP00000468308,2.2,56.7,1,1,1,0,0,0
9606.ENSP00000264335,339.5,329.6,1,1,1,0,0,0
9606.ENSP00000262065,182.7,16.6,1,1,0.25,0.25,0.25,0.25
9606.ENSP00000226105,48.7,20.5,1,1,0,1,0,0
9606.ENSP00000263083,17.4,1.2,1,1,0,0,0,1
9606.ENSP00000468348,10.9,2.6,1,1,0,1,0,0
9606.ENSP00000378887,16.2,19.2,1,1,0,0,1,0
9606.ENSP00000262394,40.8,34,1,1,0,1,0,0
9606.ENSP00000226193,0,0,0,0,1,0,0,0
9606.ENSP00000226207,0,0,0,0,1,0,0,0
9606.ENSP00000262613,361.3,172,1,1,1,0,0,0
9606.ENSP00000464317,1.9,1.2,1,1,1,0,0,0
9606.ENSP00000350467,54,7.5,1,1,1,0,0,0
9606.ENSP00000334849,14.5,10.5,1,1,0,0,1,0
9606.ENSP00000226218,141.2,4406.1,1,1,1,0,0,0
9606.ENSP00000226225,26.2,27.4,1,1,1,0,0,0
9606.ENSP00000464443,32.4,57.6,1,1,1,0,0,0
9606.ENSP00000226230,125.7,205.1,1,1,1,0,0,0
9606.ENSP00000336587,10.8,0.6,1,1,0,1,0,0
9606.ENSP00000484631,12.9,0.4,1,1,0.25,0.25,0.25,0.25
9606.ENSP00000226247,0,0,0,0,0.25,0.25,0.25,0.25
9606.ENSP00000337040,14.3,14,1,1,1,0,0,0
9606.ENSP00000226253,35.1,87.2,1,1,1,0,0,0
9606.ENSP00000319104,64.1,23.8,1,1,0,1,0,0
9606.ENSP00000413156,5.9,0.6,1,1,0,0,1,0
9606.ENSP00000329933,14.4,9.9,1,1,0,1,0,0
9606.ENSP00000226382,0,0,0,0,1,0,0,0
9606.ENSP00000422473,40.7,76.1,1,1,0,0,1,0
9606.ENSP00000264318,0,0,0,0,0.25,0.25,0.25,0.25
9606.ENSP00000226413,0.2,0,1,0,1,0,0,0
9606.ENSP00000264313,13,31.1,1,1,0,1,0,0
9606.ENSP00000370882,112.6,171.9,1,1,0,0,0,1
9606.ENSP00000265403,34.6,274.6,1,1,0.25,0.25,0.25,0.25
9606.ENSP00000226432,0,0.4,0,1,0.25,0.25,0.25,0.25
9606.ENSP00000389900,20.4,35.5,1,1,0,0,1,0
9606.ENSP00000407818,11,7.2,1,1,0,1,0,0
9606.ENSP00000226444,0.9,47.1,1,1,0,0,1,0
9606.ENSP00000379401,44.5,0.2,1,1,0.25,0.25,0.25,0.25
9606.ENSP00000226460,0,0,0,0,1,0,0,0
9606.ENSP00000263921,18.9,21.2,1,1,1,0,0,0
9606.ENSP00000264218,0,0.1,0,1,0.25,0.25,0.25,0.25
9606.ENSP00000423366,1.8,0,1,0,1,0,0,0
9606.ENSP00000424183,22,29.3,1,1,1,0,0,0
9606.ENSP00000226524,0,4.1,0,1,1,0,0,0
9606.ENSP00000226574,22.8,21.8,1,1,1,0,0,0
9606.ENSP00000379097,15,4.8,1,1,1,0,0,0
9606.ENSP00000226578,4.7,15.3,1,1,0,0,1,0
9606.ENSP00000349722,205,252.1,1,1,1,0,0,0
9606.ENSP00000352157,5.1,0.1,1,1,1,0,0,0
9606.ENSP00000377782,23.4,44.8,1,1,0,0,1,0
9606.ENSP00000441126,23.5,518.1,1,1,0,0,0,1
9606.ENSP00000262999,0.2,0,1,0,0.25,0.25,0.25,0.25
9606.ENSP00000411197,9.6,22.7,1,1,1,0,0,0
9606.ENSP00000262990,51.6,78.2,1,1,0,0,1,0
9606.ENSP00000425487,0.1,0.8,1,1,0,1,0,0
9606.ENSP00000262995,7.8,4.8,1,1,1,0,0,0
9606.ENSP00000424198,13.2,31.8,1,1,0.25,0.25,0.25,0.25
9606.ENSP00000226730,0,0,0,0,0.25,0.25,0.25,0.25
9606.ENSP00000386104,439.6,11.1,1,1,1,0,0,0
9606.ENSP00000378163,2168.9,6806.9,1,1,0,0,1,0
9606.ENSP00000226760,78.2,6.7,1,1,0,0,1,0
9606.ENSP00000352248,0,97.5,0,1,1,0,0,0
9606.ENSP00000264954,41.4,125.5,1,1,0,0,1,0
9606.ENSP00000226796,71.2,24.2,1,1,0,0,0,1
9606.ENSP00000226798,4.7,141.3,1,1,0,0,1,0
9606.ENSP00000261514,27.1,32.1,1,1,0,1,0,0
9606.ENSP00000423190,10.3,28.1,1,1,0,0,1,0
9606.ENSP00000265000,0.5,0.2,1,1,1,0,0,0
9606.ENSP00000336741,103.4,44.3,1,1,1,0,0,0
9606.ENSP00000371554,0.6,0.1,1,1,1,0,0,0
9606.ENSP00000371535,2,43.6,1,1,0.25,0.25,0.25,0.25
9606.ENSP00000354255,1.7,0,1,0,0.25,0.25,0.25,0.25
9606.ENSP00000339659,1.2,12,1,1,1,0,0,0
9606.ENSP00000264784,36.1,5,1,1,0,1,0,0
9606.ENSP00000281708,10,18,1,1,0,0,1,0
9606.ENSP00000264596,10.6,0,1,0,0.25,0.25,0.25,0.25
9606.ENSP00000264866,0.8,1.8,1,1,0,1,0,0
9606.ENSP00000226951,0.1,0.1,1,1,1,0,0,0
9606.ENSP00000372351,36.2,7,1,1,0,1,0,0
9606.ENSP00000302913,37.7,44.1,1,1,1,0,0,0
9606.ENSP00000417569,11.8,11.2,1,1,0,1,0,0
9606.ENSP00000371875,0.1,0,1,0,0,0,1,0
9606.ENSP00000332646,34.7,2.8,1,1,1,0,0,0
9606.ENSP00000264428,0.2,0,1,0,0,1,0,0
9606.ENSP00000265016,0.8,2.8,1,1,1,0,0,0
9606.ENSP00000264431,18.7,28.5,1,1,0.25,0.25,0.25,0.25
9606.ENSP00000421801,8.6,56.5,1,1,1,0,0,0
9606.ENSP00000426255,13.3,7.1,1,1,0.25,0.25,0.25,0.25
9606.ENSP00000332681,1.2,1.1,1,1,1,0,0,0
9606.ENSP00000264689,16.9,18.9,1,1,0,1,0,0
9606.ENSP00000261438,32.3,60.2,1,1,0,0,1,0
9606.ENSP00000423897,56.3,35,1,1,0,0,0,1
9606.ENSP00000227065,0,14.6,0,1,0,1,0,0
9606.ENSP00000251496,24.1,0.7,1,1,1,0,0,0
9606.ENSP00000319501,581.7,241.9,1,1,0,0,0,1
9606.ENSP00000264867,12.7,80.3,1,1,0.25,0.25,0.25,0.25
9606.ENSP00000263576,0.1,1.2,1,1,1,0,0,0
9606.ENSP00000433560,3,0.5,1,1,1,0,0,0
9606.ENSP00000436881,0,0,0,0,0.25,0.25,0.25,0.25
9606.ENSP00000392985,0.4,96.2,1,1,0,1,0,0
9606.ENSP00000227266,200.3,16.6,1,1,0,0,1,0
9606.ENSP00000330240,70.2,16.4,1,1,0.25,0.25,0.25,0.25
9606.ENSP00000338157,0,153.6,0,1,1,0,0,0
9606.ENSP00000379267,11.5,10.5,1,1,0,0,0,1
9606.ENSP00000227322,36,17.4,1,1,0,0,0,1
9606.ENSP00000303222,85.7,305,1,1,0,0,1,0
9606.ENSP00000263773,14.6,19.6,1,1,0,0,1,0
9606.ENSP00000376543,0,0.4,0,1,1,0,0,0
9606.ENSP00000264027,91.9,300.1,1,1,0,0,0,1
9606.ENSP00000227348,0,0.1,0,1,0.25,0.25,0.25,0.25
9606.ENSP00000227349,0.1,3.3,1,1,1,0,0,0
9606.ENSP00000433847,0,3.4,0,1,0,1,0,0
9606.ENSP00000432083,1242.6,253.9,1,1,0,1,0,0
9606.ENSP00000263314,0,1.1,0,1,0.25,0.25,0.25,0.25
9606.ENSP00000407726,1.2,1.9,1,1,0,0,1,0
9606.ENSP00000396896,33.8,31.3,1,1,0,0,1,0
9606.ENSP00000263593,10.7,25.4,1,1,1,0,0,0
9606.ENSP00000366452,29.6,0.1,1,1,1,0,0,0
9606.ENSP00000431284,1.4,6.7,1,1,1,0,0,0
9606.ENSP00000227451,9.4,18.9,1,1,1,0,0,0
9606.ENSP00000366475,10.4,16.8,1,1,0,1,0,0
9606.ENSP00000479153,44.1,11.2,1,1,1,0,0,0
9606.ENSP00000263847,27.4,58.5,1,1,0,0,1,0
9606.ENSP00000227471,7.4,4.3,1,1,0,0,1,0
9606.ENSP00000227474,16.6,41.8,1,1,0.25,0.25,0.25,0.25
9606.ENSP00000263579,12.5,40,1,1,0,0,0,1
9606.ENSP00000305899,27.2,32.1,1,1,0.25,0.25,0.25,0.25
9606.ENSP00000263578,45.8,27.3,1,1,0.25,0.25,0.25,0.25
9606.ENSP00000377390,51.5,19.7,1,1,1,0,0,0
9606.ENSP00000265459,0,8,0,1,0.25,0.25,0.25,0.25
9606.ENSP00000392770,0,17.6,0,1,0,0,0,1
9606.ENSP00000338648,1.5,3.6,1,1,1,0,0,0
9606.ENSP00000436047,14.1,13,1,1,1,0,0,0
9606.ENSP00000265641,21.6,90.1,1,1,0,0,1,0
9606.ENSP00000227507,170.7,155.1,1,1,0,0,1,0
9606.ENSP00000227520,117,4.5,1,1,0,0,1,0
9606.ENSP00000227524,178.8,44,1,1,0,0,1,0
9606.ENSP00000227525,25.8,16.3,1,1,0,1,0,0
9606.ENSP00000335544,0,0,0,0,0.25,0.25,0.25,0.25
9606.ENSP00000265983,15.9,5001.6,1,1,1,0,0,0
9606.ENSP00000433102,4,2.6,1,1,0,1,0,0
9606.ENSP00000319255,43.7,16.8,1,1,1,0,0,0
9606.ENSP00000377284,0.8,0,1,0,0.25,0.25,0.25,0.25
9606.ENSP00000439403,68.1,52.6,1,1,1,0,0,0
9606.ENSP00000481114,0.2,0,1,0,0.25,0.25,0.25,0.25
9606.ENSP00000227638,15.2,8.9,1,1,1,0,0,0
9606.ENSP00000263674,14,1.1,1,1,0,0,0,1
9606.ENSP00000445002,49.4,1109.5,1,1,0.25,0.25,0.25,0.25
9606.ENSP00000350425,5.9,67,1,1,0,1,0,0
9606.ENSP00000227667,500.2,88653.4,1,1,0,0,1,0
9606.ENSP00000278935,7.8,6.2,1,1,1,0,0,0
9606.ENSP00000265981,19.6,26.6,1,1,0,0,1,0
9606.ENSP00000263468,0.8,0.7,1,1,0.25,0.25,0.25,0.25
9606.ENSP00000433664,516.3,202.6,1,1,0,0,1,0
9606.ENSP00000227752,0,0.8,0,1,0.25,0.25,0.25,0.25
9606.ENSP00000227756,0.1,2.6,1,1,0,0,0,1
9606.ENSP00000477613,40.4,202.2,1,1,0,0,1,0
9606.ENSP00000387362,22.5,37,1,1,0,0,1,0
9606.ENSP00000478754,46.7,39.2,1,1,0,0,1,0
9606.ENSP00000264031,0,0,0,0,1,0,0,0
9606.ENSP00000264033,5.3,2.9,1,1,1,0,0,0
9606.ENSP00000264025,11.8,4.4,1,1,0,1,0,0
9606.ENSP00000304226,15.9,45.4,1,1,0,0,1,0
9606.ENSP00000315295,0,0.2,0,1,0.25,0.25,0.25,0.25
9606.ENSP00000265651,18.1,37,1,1,0.25,0.25,0.25,0.25
9606.ENSP00000227868,68.9,23.4,1,1,0,0,1,0
9606.ENSP00000278379,13.4,6.6,1,1,1,0,0,0
9606.ENSP00000263401,43.8,23.5,1,1,0,1,0,0
9606.ENSP00000227880,0.4,2.7,1,1,1,0,0,0
9606.ENSP00000342681,0,0,0,0,1,0,0,0
9606.ENSP00000263776,0.1,8.5,1,1,0,1,0,0
9606.ENSP00000227918,0,0,0,0,1,0,0,0
9606.ENSP00000385451,562.5,4.2,1,1,1,0,0,0
9606.ENSP00000431926,21.2,4.2,1,1,0,1,0,0
9606.ENSP00000310933,20.3,5,1,1,1,0,0,0
9606.ENSP00000325958,42.4,32.9,1,1,0,0,1,0
9606.ENSP00000367024,16.7,4.4,1,1,0.25,0.25,0.25,0.25
9606.ENSP00000369897,25.4,20.2,1,1,0,1,0,0
9606.ENSP00000369948,7.3,150.7,1,1,1,0,0,0
9606.ENSP00000263645,0.9,518.7,1,1,1,0,0,0
9606.ENSP00000436785,23.6,0,1,0,0,1,0,0
9606.ENSP00000406541,0.1,0,1,0,1,0,0,0
9606.ENSP00000265840,0.1,1.1,1,1,0.25,0.25,0.25,0.25
9606.ENSP00000331746,0.2,4.1,1,1,1,0,0,0
9606.ENSP00000379644,1.3,6.8,1,1,1,0,0,0
9606.ENSP00000228136,388.7,201.7,1,1,1,0,0,0
9606.ENSP00000348772,11.4,2.9,1,1,1,0,0,0
9606.ENSP00000435777,2532.2,2445.6,1,1,0,1,0,0
9606.ENSP00000279146,86,24.9,1,1,0,1,0,0
9606.ENSP00000316032,45,22.7,1,1,0.25,0.25,0.25,0.25
9606.ENSP00000315774,177.4,241.9,1,1,0,1,0,0
9606.ENSP00000265686,22.1,12,1,1,1,0,0,0
9606.ENSP00000265689,104.8,15.7,1,1,0,1,0,0
9606.ENSP00000265843,0,19.8,0,1,0.25,0.25,0.25,0.25
9606.ENSP00000265967,5.9,36,1,1,0,0,1,0
9606.ENSP00000265963,11.5,11.8,1,1,0,1,0,0
9606.ENSP00000376786,1.8,0.9,1,1,1,0,0,0
9606.ENSP00000351342,0,0,0,0,1,0,0,0
9606.ENSP00000261405,0.1,3.7,1,1,1,0,0,0
9606.ENSP00000440485,36.4,25.2,1,1,0,0,1,0
9606.ENSP00000478600,8,0,1,0,0,1,0,0
9606.ENSP00000314724,16.2,13.5,1,1,1,0,0,0
9606.ENSP00000448073,4.2,3.2,1,1,0,1,0,0
9606.ENSP00000228434,0,2.5,0,1,1,0,0,0
9606.ENSP00000228437,14,4,1,1,0,0,1,0
9606.ENSP00000228438,0.4,3.9,1,1,0,0,1,0
9606.ENSP00000288532,43.6,50.7,1,1,0,0,1,0
9606.ENSP00000228463,0.1,1.9,1,1,1,0,0,0
9606.ENSP00000394496,154.3,38.8,1,1,0,0,1,0
9606.ENSP00000228468,2.2,0,1,0,0.25,0.25,0.25,0.25
9606.ENSP00000228476,1.2,57.1,1,1,0,0,0,1
9606.ENSP00000298892,9.9,7.2,1,1,0,1,0,0
9606.ENSP00000261177,0.1,0.2,1,1,0.25,0.25,0.25,0.25
9606.ENSP00000228495,20.4,5.2,1,1,1,0,0,0
9606.ENSP00000378364,40.4,32,1,1,0,0,1,0
9606.ENSP00000228506,99.6,193.5,1,1,0.25,0.25,0.25,0.25
9606.ENSP00000443551,48.4,30.1,1,1,0,0,0,1
9606.ENSP00000228515,6.6,1.7,1,1,0,0,1,0
9606.ENSP00000312741,27.4,18.8,1,1,0,0,1,0
9606.ENSP00000267012,0,0.5,0,1,1,0,0,0
9606.ENSP00000228534,0.8,0.4,1,1,1,0,0,0
9606.ENSP00000262030,887.3,332.3,1,1,0,0,0,1
9606.ENSP00000482075,460.6,195.7,1,1,1,0,0,0
9606.ENSP00000228567,0,0,0,0,0.25,0.25,0.25,0.25
9606.ENSP00000445868,5.5,15.5,1,1,1,0,0,0
9606.ENSP00000330188,33.1,136.6,1,1,0,0,1,0
9606.ENSP00000228606,0.6,0.2,1,1,0.25,0.25,0.25,0.25
9606.ENSP00000228641,0,0.2,0,1,0.25,0.25,0.25,0.25
9606.ENSP00000228644,0,0,0,0,0.25,0.25,0.25,0.25
9606.ENSP00000447488,14.9,23.1,1,1,0,1,0,0
9606.ENSP00000373487,1217.5,618.5,1,1,0,0,0,1
9606.ENSP00000449535,52.7,51,1,1,0,1,0,0
9606.ENSP00000319756,10.9,28.5,1,1,0,0,1,0
9606.ENSP00000228682,0.1,0.2,1,1,0,1,0,0
9606.ENSP00000228705,27.6,5.4,1,1,0,0,1,0
9606.ENSP00000325312,180.9,327.8,1,1,0,1,0,0
9606.ENSP00000228740,83.8,18.7,1,1,0,1,0,0
9606.ENSP00000228741,9.4,4.3,1,1,0,1,0,0
9606.ENSP00000399136,8.8,18.7,1,1,0,0,1,0
9606.ENSP00000380379,0,1.2,0,1,0.25,0.25,0.25,0.25
9606.ENSP00000319240,28.4,47.3,1,1,0,1,0,0
9606.ENSP00000406191,3,6.3,1,1,1,0,0,0
9606.ENSP00000228799,7.1,9.4,1,1,0,0,0,1
9606.ENSP00000342307,66,0.6,1,1,1,0,0,0
9606.ENSP00000228811,0.2,0.1,1,1,1,0,0,0
9606.ENSP00000372067,0,0.1,0,1,1,0,0,0
9606.ENSP00000228820,6.5,5,1,1,0.25,0.25,0.25,0.25
9606.ENSP00000228825,341.3,230.9,1,1,0,1,0,0
9606.ENSP00000442770,47.7,40.7,1,1,0,1,0,0
9606.ENSP00000480853,64.2,205.9,1,1,0,1,0,0
9606.ENSP00000228837,0,0,0,0,0.25,0.25,0.25,0.25
9606.ENSP00000228841,0,0,0,0,1,0,0,0
9606.ENSP00000228843,22.7,1.1,1,1,0.25,0.25,0.25,0.25
9606.ENSP00000261726,0,48.9,0,1,0.25,0.25,0.25,0.25
9606.ENSP00000345492,7.3,10,1,1,0,0,1,0
9606.ENSP00000228850,0.1,0.2,1,1,1,0,0,0
9606.ENSP00000438205,4.9,7.9,1,1,0,1,0,0
9606.ENSP00000371985,0,0,0,0,1,0,0,0
9606.ENSP00000298573,21.7,35.8,1,1,0,0,1,0
9606.ENSP00000228865,12.4,48.7,1,1,0,0,0,1
9606.ENSP00000389813,10.5,11.3,1,1,0.25,0.25,0.25,0.25
9606.ENSP00000261733,66.8,994.8,1,1,1,0,0,0
9606.ENSP00000228872,58.4,28.1,1,1,0,1,0,0
9606.ENSP00000228887,2.3,0,1,0,0,1,0,0
9606.ENSP00000261745,13.8,16.6,1,1,0,1,0,0
9606.ENSP00000405032,0.2,0,1,0,0.25,0.25,0.25,0.25
9606.ENSP00000353292,15.8,2.2,1,1,0,1,0,0
9606.ENSP00000228918,40.6,54.8,1,1,1,0,0,0
9606.ENSP00000380544,18.4,2.4,1,1,0,0,1,0
9606.ENSP00000261692,162.7,40.4,1,1,1,0,0,0
9606.ENSP00000228928,4.1,1.8,1,1,1,0,0,0
9606.ENSP00000342278,0.3,2.3,1,1,0,0,0,1
9606.ENSP00000228936,10.3,27.6,1,1,0.25,0.25,0.25,0.25
9606.ENSP00000228938,0,3.8,0,1,1,0,0,0
9606.ENSP00000450244,0,0,0,0,1,0,0,0
9606.ENSP00000228945,1.1,11.9,1,1,1,0,0,0
9606.ENSP00000445162,31.6,13.3,1,1,0,1,0,0
9606.ENSP00000416250,47,15.9,1,1,0,1,0,0
9606.ENSP00000238146,23.9,7.9,1,1,1,0,0,0
9606.ENSP00000449756,41.7,3.9,1,1,0,1,0,0
9606.ENSP00000229002,0,0.2,0,1,0,0,1,0
9606.ENSP00000397679,0,0,0,0,1,0,0,0
9606.ENSP00000261318,21,7,1,1,0,0,1,0
9606.ENSP00000447173,1.2,1,1,1,0.25,0.25,0.25,0.25
9606.ENSP00000229030,0,0,0,0,0.25,0.25,0.25,0.25
9606.ENSP00000408295,34.5,7.1,1,1,1,0,0,0
9606.ENSP00000376178,14.6,16.6,1,1,0.25,0.25,0.25,0.25
9606.ENSP00000261654,2,4,1,1,1,0,0,0
9606.ENSP00000449270,145.3,106.3,1,1,0.25,0.25,0.25,0.25
9606.ENSP00000440207,0.1,0.2,1,1,0,0,1,0
9606.ENSP00000442318,43.7,43.7,1,1,0,1,0,0
9606.ENSP00000229134,0,0,0,0,0.25,0.25,0.25,0.25
9606.ENSP00000229135,0,1.5,0,1,1,0,0,0
9606.ENSP00000353444,39.1,77.2,1,1,0,0,1,0
9606.ENSP00000302537,6.2,4.4,1,1,1,0,0,0
9606.ENSP00000229179,44.6,6.9,1,1,0.25,0.25,0.25,0.25
9606.ENSP00000229195,48.9,31.1,1,1,1,0,0,0
9606.ENSP00000450607,31.9,9.3,1,1,0,1,0,0
9606.ENSP00000266679,97.4,22.1,1,1,0,0,0,1
9606.ENSP00000229214,41,45.6,1,1,0,0,1,0
9606.ENSP00000229238,275.3,452.8,1,1,0,0,0,1
9606.ENSP00000229239,4945.2,2173.4,1,1,0,0,1,0
9606.ENSP00000371858,82.6,1.1,1,1,0,1,0,0
9606.ENSP00000349508,86,49.2,1,1,0,1,0,0
9606.ENSP00000229243,0,0.4,0,1,1,0,0,0
9606.ENSP00000279907,14.7,15.9,1,1,0,0,1,0
9606.ENSP00000438115,65.6,30.4,1,1,1,0,0,0
9606.ENSP00000380024,13.3,8.3,1,1,0,0,1,0
9606.ENSP00000229264,1.7,0,1,0,0,1,0,0
9606.ENSP00000442068,61.2,1.4,1,1,0.25,0.25,0.25,0.25
9606.ENSP00000229266,136.4,171,1,1,1,0,0,0
9606.ENSP00000229268,75.2,19.1,1,1,0,1,0,0
9606.ENSP00000229270,959.4,615.8,1,1,0,0,1,0
9606.ENSP00000299314,17.8,8.2,1,1,0,0,0,1
9606.ENSP00000428338,6.7,5.8,1,1,0,1,0,0
9606.ENSP00000437402,51.3,0.2,1,1,1,0,0,0
9606.ENSP00000349076,37.7,7.2,1,1,0,1,0,0
9606.ENSP00000229281,139.3,323.2,1,1,0,0,1,0
9606.ENSP00000391592,11.9,10.1,1,1,1,0,0,0
9606.ENSP00000261407,61.3,51.8,1,1,0.25,0.25,0.25,0.25
9606.ENSP00000376615,4.5,4.2,1,1,0.25,0.25,0.25,0.25
9606.ENSP00000261196,0.1,200.7,1,1,0,0,0,1
9606.ENSP00000229304,0,0,0,0,0.25,0.25,0.25,0.25
9606.ENSP00000229307,0.1,0.2,1,1,1,0,0,0
9606.ENSP00000443988,23.4,32.6,1,1,0,0,1,0
9606.ENSP00000229314,29.9,20.7,1,1,0,0,0,1
9606.ENSP00000261195,0,7,0,1,0,0,0,1
9606.ENSP00000379386,5.5,11.5,1,1,1,0,0,0
9606.ENSP00000229328,46,6.4,1,1,0,1,0,0
9606.ENSP00000229329,48.7,62,1,1,0,0,0,1
9606.ENSP00000229330,0.8,11.2,1,1,1,0,0,0
9606.ENSP00000379353,0,0,0,0,0,0,1,0
9606.ENSP00000229332,0.3,0.3,1,1,1,0,0,0
9606.ENSP00000443204,17,6,1,1,0,0,1,0
9606.ENSP00000229335,0.2,0.2,1,1,0.25,0.25,0.25,0.25
9606.ENSP00000229340,41.4,8.7,1,1,0,0,0,1
9606.ENSP00000440674,8.9,1.5,1,1,0,0,1,0
9606.ENSP00000229379,856.1,937.9,1,1,0,0,1,0
9606.ENSP00000350552,0,0,0,0,1,0,0,0
9606.ENSP00000376583,4.5,9.5,1,1,0,0,1,0
9606.ENSP00000229390,266.9,148,1,1,0,0,1,0
9606.ENSP00000229395,34.1,32,1,1,0,0,1,0
9606.ENSP00000229402,0.1,14.3,1,1,0,0,1,0
9606.ENSP00000325146,0.1,0,1,0,0,1,0,0
9606.ENSP00000244519,1.4,4,1,1,0,1,0,0
9606.ENSP00000367440,76.8,30,1,1,1,0,0,0
9606.ENSP00000476145,2.2,19.1,1,1,0,0,0,1
9606.ENSP00000332151,1,6.4,1,1,0,1,0,0
9606.ENSP00000420357,68.9,299.1,1,1,0,0,0,1
9606.ENSP00000229554,0.3,0,1,0,1,0,0,0
9606.ENSP00000346484,0.1,0.2,1,1,0.25,0.25,0.25,0.25
9606.ENSP00000444561,108.7,151.2,1,1,0.25,0.25,0.25,0.25
9606.ENSP00000368887,31.7,22.5,1,1,0,0,0,1
9606.ENSP00000368917,16.1,32.9,1,1,0,0,1,0
9606.ENSP00000376603,6.7,17.8,1,1,1,0,0,0
9606.ENSP00000368759,96.5,20.6,1,1,0,0,1,0
9606.ENSP00000357474,0.7,5.9,1,1,0,1,0,0
9606.ENSP00000229583,0,0.2,0,1,0.25,0.25,0.25,0.25
9606.ENSP00000229595,49.9,18.6,1,1,0.25,0.25,0.25,0.25
9606.ENSP00000314505,6,3.1,1,1,0,1,0,0
9606.ENSP00000342604,7.2,3.3,1,1,0.25,0.25,0.25,0.25
9606.ENSP00000358497,12.1,9.6,1,1,0,0,0,1
9606.ENSP00000357453,246.9,222,1,1,0,0,1,0
9606.ENSP00000386029,0,0,0,0,0.25,0.25,0.25,0.25
9606.ENSP00000342962,108,114.5,1,1,0,0,1,0
9606.ENSP00000381220,88.5,26.7,1,1,0,1,0,0
9606.ENSP00000434142,0.8,63.4,1,1,0,1,0,0
9606.ENSP00000229633,22.2,19.9,1,1,0,1,0,0
9606.ENSP00000376269,13.2,24.2,1,1,1,0,0,0
9606.ENSP00000482957,0.5,2.6,1,1,0.25,0.25,0.25,0.25
9606.ENSP00000356437,7.1,7.5,1,1,0,1,0,0
9606.ENSP00000356433,0.1,0.3,1,1,1,0,0,0
9606.ENSP00000229708,0,0,0,0,1,0,0,0
9606.ENSP00000229758,39.4,1.5,1,1,0,1,0,0
9606.ENSP00000356202,18.5,18.6,1,1,1,0,0,0
9606.ENSP00000310928,19.6,6.1,1,1,1,0,0,0
9606.ENSP00000394624,0.2,0.3,1,1,1,0,0,0
9606.ENSP00000229769,7.4,0.6,1,1,0,1,0,0
9606.ENSP00000229771,0.1,0,1,0,0.25,0.25,0.25,0.25
9606.ENSP00000417638,0,0.6,0,1,1,0,0,0
9606.ENSP00000229795,58.3,45,1,1,0,1,0,0
9606.ENSP00000360217,0,0.1,0,1,1,0,0,0
9606.ENSP00000362836,46.4,41.7,1,1,1,0,0,0
9606.ENSP00000229812,20.1,11.9,1,1,1,0,0,0
9606.ENSP00000362820,291.3,189.9,1,1,0,0,0,1
9606.ENSP00000446252,222.6,388.1,1,1,0,0,1,0
9606.ENSP00000356001,231.2,93.4,1,1,0,0,1,0
9606.ENSP00000344192,0,0,0,0,1,0,0,0
9606.ENSP00000337432,0,0,0,0,0.25,0.25,0.25,0.25
9606.ENSP00000480987,318.5,10.6,1,1,1,0,0,0
9606.ENSP00000362578,18.8,16.1,1,1,1,0,0,0
9606.ENSP00000329880,0.3,0.2,1,1,1,0,0,0
9606.ENSP00000402584,0,1.4,0,1,1,0,0,0
9606.ENSP00000349458,17.3,14.9,1,1,0,1,0,0
9606.ENSP00000244426,76.6,58,1,1,0.25,0.25,0.25,0.25
9606.ENSP00000368450,2.7,0.6,1,1,1,0,0,0
9606.ENSP00000358400,6.3,39.6,1,1,1,0,0,0
9606.ENSP00000362353,0,0,0,0,0.25,0.25,0.25,0.25
9606.ENSP00000229903,12.1,22.6,1,1,0.25,0.25,0.25,0.25
9606.ENSP00000359866,0,0,0,0,0.25,0.25,0.25,0.25
9606.ENSP00000257749,0,2.9,0,1,1,0,0,0
9606.ENSP00000368341,4.9,0,1,0,1,0,0,0
9606.ENSP00000229922,27.5,1.9,1,1,1,0,0,0
9606.ENSP00000418767,0.1,0,1,0,0.25,0.25,0.25,0.25
9606.ENSP00000359740,24.1,24.4,1,1,0.25,0.25,0.25,0.25
9606.ENSP00000359727,19.7,18.9,1,1,1,0,0,0
9606.ENSP00000417610,9.8,2.4,1,1,0,0,1,0
9606.ENSP00000362255,0.9,0.8,1,1,0.25,0.25,0.25,0.25
9606.ENSP00000326022,0,0,0,0,0.25,0.25,0.25,0.25
9606.ENSP00000229955,0,0,0,0,0,1,0,0
9606.ENSP00000281156,0,0,0,0,0,1,0,0
9606.ENSP00000358247,9.8,16.2,1,1,0,1,0,0
9606.ENSP00000428982,96.4,61.6,1,1,0,1,0,0
9606.ENSP00000358217,0,0,0,0,0.25,0.25,0.25,0.25
9606.ENSP00000262904,15.6,5,1,1,0.25,0.25,0.25,0.25
9606.ENSP00000359685,449.3,0.7,1,1,1,0,0,0
9606.ENSP00000358210,0,0.1,0,1,0.25,0.25,0.25,0.25
9606.ENSP00000358159,24.3,27.1,1,1,0,0,1,0
9606.ENSP00000442129,0,0,0,0,1,0,0,0
9606.ENSP00000313172,0.6,0,1,0,1,0,0,0
9606.ENSP00000349790,0,0,0,0,1,0,0,0
9606.ENSP00000357047,15.8,8.7,1,1,0.25,0.25,0.25,0.25
9606.ENSP00000376368,20.8,4.7,1,1,1,0,0,0
9606.ENSP00000230036,3.7,81.5,1,1,0.25,0.25,0.25,0.25
9606.ENSP00000314649,46.3,82.1,1,1,0,0,0,1
9606.ENSP00000358062,24.4,16,1,1,0,0,1,0
9606.ENSP00000356905,1.2,68.3,1,1,0,1,0,0
9606.ENSP00000322276,0,1,0,1,0.25,0.25,0.25,0.25
9606.ENSP00000230048,8.5,295.9,1,1,0,0,0,1
9606.ENSP00000359484,21.1,49.1,1,1,1,0,0,0
9606.ENSP00000230050,5542.4,6183.1,1,1,1,0,0,0
9606.ENSP00000367359,120,113.2,1,1,0,0,1,0
9606.ENSP00000230053,0.1,7.8,1,1,0.25,0.25,0.25,0.25
9606.ENSP00000230056,197.6,21.1,1,1,1,0,0,0
9606.ENSP00000432770,0,0.1,0,1,0,0,1,0
9606.ENSP00000318900,7.2,0.8,1,1,0,0,1,0
9606.ENSP00000357979,0,0,0,0,1,0,0,0
9606.ENSP00000230085,163.5,279.4,1,1,0.25,0.25,0.25,0.25
9606.ENSP00000367081,5.8,27.3,1,1,0.25,0.25,0.25,0.25
9606.ENSP00000356811,95.2,36.5,1,1,0,0,1,0
9606.ENSP00000349596,2.1,15.7,1,1,0,1,0,0
9606.ENSP00000315680,0.7,10.8,1,1,1,0,0,0
9606.ENSP00000230122,4.8,7.9,1,1,0.25,0.25,0.25,0.25
9606.ENSP00000230124,5,5.2,1,1,0,0,1,0
9606.ENSP00000397157,69.6,165.5,1,1,1,0,0,0
9606.ENSP00000251691,1.5,0.2,1,1,1,0,0,0
9606.ENSP00000357844,9.1,21.4,1,1,1,0,0,0
9606.ENSP00000356630,0.4,13.4,1,1,0,1,0,0
9606.ENSP00000356581,76.9,111.8,1,1,1,0,0,0
9606.ENSP00000417038,17.9,28.2,1,1,1,0,0,0
9606.ENSP00000356489,3.2,6.7,1,1,0.25,0.25,0.25,0.25
9606.ENSP00000380023,0,0,0,0,0.25,0.25,0.25,0.25
9606.ENSP00000363809,30,32.3,1,1,0,0,0,1
9606.ENSP00000343952,9.3,0,1,0,1,0,0,0
9606.ENSP00000230256,8.6,6.3,1,1,0.25,0.25,0.25,0.25
9606.ENSP00000355920,0,0,0,0,1,0,0,0
9606.ENSP00000363640,1.7,8.5,1,1,0,0,1,0
9606.ENSP00000363624,344.5,345.5,1,1,0,0,1,0
9606.ENSP00000337946,1.2,5,1,1,1,0,0,0
9606.ENSP00000355094,75.3,64.9,1,1,0,1,0,0
9606.ENSP00000230301,0,0,0,0,0,1,0,0
9606.ENSP00000438284,0,0,0,0,1,0,0,0
9606.ENSP00000230321,3.5,0,1,0,1,0,0,0
9606.ENSP00000351742,13.4,4.4,1,1,0.25,0.25,0.25,0.25
9606.ENSP00000346537,0,0,0,0,0.25,0.25,0.25,0.25
9606.ENSP00000362082,25.9,8.9,1,1,1,0,0,0
9606.ENSP00000230340,66.1,7.1,1,1,0,0,1,0
9606.ENSP00000440125,8.5,9.7,1,1,0,0,1,0
9606.ENSP00000375942,32.4,7.4,1,1,0,1,0,0
9606.ENSP00000230361,0.4,0.4,1,1,1,0,0,0
9606.ENSP00000230381,0,0,0,0,1,0,0,0
9606.ENSP00000313933,6.5,7.9,1,1,1,0,0,0
9606.ENSP00000417963,79.4,8.6,1,1,0,1,0,0
9606.ENSP00000373404,91.6,75.4,1,1,0,0,0,1
9606.ENSP00000418754,102.7,0,1,0,1,0,0,0
9606.ENSP00000265354,42.7,44.9,1,1,0,1,0,0
9606.ENSP00000252050,3.1,4.2,1,1,0,1,0,0
9606.ENSP00000230431,181.6,252.3,1,1,0,0,1,0
9606.ENSP00000397459,28.9,25.5,1,1,0,0,1,0
9606.ENSP00000230449,18.8,7.4,1,1,0.25,0.25,0.25,0.25
9606.ENSP00000359098,431.2,1730.4,1,1,0.25,0.25,0.25,0.25
9606.ENSP00000230461,67.4,67,1,1,0,1,0,0
9606.ENSP00000370194,129.9,17.3,1,1,0,0,1,0
9606.ENSP00000402527,29.1,27.1,1,1,1,0,0,0
9606.ENSP00000358966,0.2,0,1,0,1,0,0,0
9606.ENSP00000478570,48.5,87.9,1,1,0,0,0,1
9606.ENSP00000337194,12.2,93.9,1,1,0,0,0,1
9606.ENSP00000358813,19.4,0.2,1,1,1,0,0,0
9606.ENSP00000377424,118,13.9,1,1,0,1,0,0
9606.ENSP00000357655,0,0,0,0,0.25,0.25,0.25,0.25
9606.ENSP00000312158,24.5,5.2,1,1,1,0,0,0
9606.ENSP00000230538,0,42.4,0,1,1,0,0,0
9606.ENSP00000318298,7.3,34.8,1,1,0,1,0,0
9606.ENSP00000185206,0,0,0,0,0.25,0.25,0.25,0.25
9606.ENSP00000396160,29.9,16.9,1,1,1,0,0,0
9606.ENSP00000360436,0,0.2,0,1,1,0,0,0
9606.ENSP00000369286,0,0.4,0,1,1,0,0,0
9606.ENSP00000230582,0,0,0,0,0.25,0.25,0.25,0.25
9606.ENSP00000230588,1.6,0,1,0,1,0,0,0
9606.ENSP00000358677,0,0,0,0,0.25,0.25,0.25,0.25
9606.ENSP00000426632,20.5,53.2,1,1,0,0,1,0
9606.ENSP00000194155,7.7,0,1,0,1,0,0,0
9606.ENSP00000230771,24.3,6.5,1,1,0,0,1,0
9606.ENSP00000230792,2.7,13.6,1,1,0,1,0,0
9606.ENSP00000264935,5.1,1.3,1,1,0,0,1,0
9606.ENSP00000261483,35.1,100.7,1,1,0,0,0,1
9606.ENSP00000371936,0,3.7,0,1,0,1,0,0
9606.ENSP00000322061,0.2,8.6,1,1,1,0,0,0
9606.ENSP00000230859,14.4,13.9,1,1,0,0,1,0
9606.ENSP00000483403,0,121.3,0,1,0,0,0,1
9606.ENSP00000322706,153.4,446.5,1,1,0,0,0,1
9606.ENSP00000230895,151.2,115,1,1,0,0,1,0
9606.ENSP00000265191,0,0.5,0,1,0,1,0,0
9606.ENSP00000254900,36.1,15.2,1,1,0,1,0,0
9606.ENSP00000378356,55.1,0.3,1,1,0,1,0,0
9606.ENSP00000264663,20.7,365.5,1,1,0,0,1,0
9606.ENSP00000424328,38.7,26.3,1,1,0,0,1,0
9606.ENSP00000297185,299.7,186.1,1,1,0,0,0,1
9606.ENSP00000426941,88.4,31.4,1,1,0,1,0,0
9606.ENSP00000261813,164.7,63.1,1,1,0,0,1,0
9606.ENSP00000230990,2,4,1,1,0.25,0.25,0.25,0.25
9606.ENSP00000427661,0,0,0,0,0.25,0.25,0.25,0.25
9606.ENSP00000231004,14.8,0.2,1,1,0.25,0.25,0.25,0.25
9606.ENSP00000231009,0,0.7,0,1,1,0,0,0
9606.ENSP00000231021,1.9,0,1,0,1,0,0,0
9606.ENSP00000346378,0,16.4,0,1,1,0,0,0
9606.ENSP00000252100,10.6,10.3,1,1,0,0,0,1
9606.ENSP00000231061,116.1,9.8,1,1,1,0,0,0
9606.ENSP00000396301,131.7,91.7,1,1,0,0,1,0
9606.ENSP00000287936,91,79.7,1,1,0,1,0,0
9606.ENSP00000369862,17.4,20.1,1,1,0,1,0,0
9606.ENSP00000261942,28.2,19.1,1,1,0,1,0,0
9606.ENSP00000231121,0,0,0,0,1,0,0,0
9606.ENSP00000231130,0.1,0,1,0,0.25,0.25,0.25,0.25
9606.ENSP00000231134,0,0.2,0,1,1,0,0,0
9606.ENSP00000231136,0.2,0,1,0,0.25,0.25,0.25,0.25
9606.ENSP00000231137,0,0,0,0,1,0,0,0
9606.ENSP00000264917,0.2,0,1,0,1,0,0,0
9606.ENSP00000316948,8.2,9.1,1,1,0,1,0,0
9606.ENSP00000231173,0.2,0,1,0,0,1,0,0
9606.ENSP00000344844,5,0,1,0,1,0,0,0
9606.ENSP00000231188,0,0,0,0,1,0,0,0
9606.ENSP00000398655,0,1.2,0,1,0.25,0.25,0.25,0.25
9606.ENSP00000430237,27.1,131.9,1,1,0,0,0,1
9606.ENSP00000231198,8.6,10.2,1,1,0,1,0,0
9606.ENSP00000264914,62.4,3.1,1,1,0,0,1,0
9606.ENSP00000429824,68.1,81.3,1,1,0,1,0,0
9606.ENSP00000339730,0.3,0.2,1,1,1,0,0,0
9606.ENSP00000377024,20.4,5.7,1,1,1,0,0,0
9606.ENSP00000231228,0,0,0,0,0,1,0,0
9606.ENSP00000342197,0,0,0,0,1,0,0,0
9606.ENSP00000231238,71.4,90,1,1,0,1,0,0
9606.ENSP00000265081,8.1,22.1,1,1,0.25,0.25,0.25,0.25
9606.ENSP00000265080,29,0,1,0,0,0,1,0
9606.ENSP00000410732,1.4,0,1,0,0.25,0.25,0.25,0.25
9606.ENSP00000344635,186.6,61.2,1,1,1,0,0,0
9606.ENSP00000382058,11.8,3.8,1,1,1,0,0,0
9606.ENSP00000425979,39,8.7,1,1,0.25,0.25,0.25,0.25
9606.ENSP00000265071,0.1,0,1,0,1,0,0,0
9606.ENSP00000261366,77.3,3.4,1,1,0,0,0,1
9606.ENSP00000265138,5.9,143.4,1,1,0.25,0.25,0.25,0.25
9606.ENSP00000265070,109.9,141.8,1,1,1,0,0,0
9606.ENSP00000265073,399.1,429.5,1,1,0,0,0,1
9606.ENSP00000265074,0.1,1.2,1,1,1,0,0,0
9606.ENSP00000379294,4.4,20,1,1,0,1,0,0
9606.ENSP00000262462,0,0,0,0,1,0,0,0
9606.ENSP00000387710,96.9,86.2,1,1,0,0,1,0
9606.ENSP00000482393,0,0,0,0,0.25,0.25,0.25,0.25
9606.ENSP00000231368,6.3,12.4,1,1,0,1,0,0
9606.ENSP00000345502,4.4,1.3,1,1,0,0,0,1
9606.ENSP00000371469,8.5,15,1,1,0,0,1,0
9606.ENSP00000338862,68.5,13.6,1,1,0.25,0.25,0.25,0.25
9606.ENSP00000231420,0,106.6,0,1,0,0,1,0
9606.ENSP00000482954,7.2,9.2,1,1,0.25,0.25,0.25,0.25
9606.ENSP00000264930,12.6,27.8,1,1,0,0,1,0
9606.ENSP00000231449,0,0,0,0,1,0,0,0
9606.ENSP00000368100,10.1,3.8,1,1,1,0,0,0
9606.ENSP00000231454,2.4,0,1,0,1,0,0,0
9606.ENSP00000231461,0,0.1,0,1,0,0,1,0
9606.ENSP00000423674,60,6.8,1,1,0,1,0,0
9606.ENSP00000231484,0.1,1.2,1,1,0.25,0.25,0.25,0.25
9606.ENSP00000231487,491,437,1,1,0,1,0,0
9606.ENSP00000231498,21.4,8.6,1,1,1,0,0,0
9606.ENSP00000418447,110.6,60.9,1,1,0,1,0,0
9606.ENSP00000480791,0.6,0,1,0,1,0,0,0
9606.ENSP00000231509,14.8,225.9,1,1,0,0,0,1
9606.ENSP00000231512,70.9,44.7,1,1,0,0,1,0
9606.ENSP00000261308,29.1,4.6,1,1,0,0,1,0
9606.ENSP00000263409,6.7,11.7,1,1,0.25,0.25,0.25,0.25
9606.ENSP00000231524,8.1,12.4,1,1,0,0,1,0
9606.ENSP00000409231,10.5,10,1,1,0,0,1,0
9606.ENSP00000263408,0,1962.5,0,1,1,0,0,0
9606.ENSP00000381823,34.8,53.6,1,1,0,1,0,0
9606.ENSP00000351157,47.6,27.7,1,1,0,1,0,0
9606.ENSP00000338533,4.1,14.2,1,1,0,1,0,0
9606.ENSP00000231572,99.8,34.8,1,1,1,0,0,0
9606.ENSP00000427772,23.7,15.9,1,1,0,1,0,0
9606.ENSP00000423563,196.7,55.1,1,1,0,1,0,0
9606.ENSP00000296702,41.3,14.4,1,1,0,1,0,0
9606.ENSP00000343690,0.2,0.2,1,1,1,0,0,0
9606.ENSP00000441954,26.9,54.6,1,1,0,1,0,0
9606.ENSP00000421689,102.2,33.6,1,1,1,0,0,0
9606.ENSP00000421917,20.1,13.6,1,1,0.25,0.25,0.25,0.25
9606.ENSP00000377374,104.1,216.6,1,1,0,0,1,0
9606.ENSP00000261799,12.2,1.3,1,1,1,0,0,0
9606.ENSP00000231656,0,0,0,0,1,0,0,0
9606.ENSP00000429690,211.7,416.9,1,1,0.25,0.25,0.25,0.25
9606.ENSP00000231668,14.8,9.6,1,1,0,0,0,1
9606.ENSP00000265087,56.8,0,1,0,1,0,0,0
9606.ENSP00000265085,13.3,106.3,1,1,0.25,0.25,0.25,0.25
9606.ENSP00000366506,0.9,0.8,1,1,1,0,0,0
9606.ENSP00000292385,68.3,0,1,0,1,0,0,0
9606.ENSP00000350869,14.1,4.8,1,1,0,1,0,0
9606.ENSP00000332737,0,0,0,0,0.25,0.25,0.25,0.25
9606.ENSP00000231887,29.4,280.2,1,1,0,0,0,1
9606.ENSP00000263665,0,5.3,0,1,1,0,0,0
9606.ENSP00000349961,35.4,18.5,1,1,0,0,1,0
9606.ENSP00000418813,57.6,295.6,1,1,1,0,0,0
9606.ENSP00000336842,21.8,5.4,1,1,0.25,0.25,0.25,0.25
9606.ENSP00000411253,10.1,4.5,1,1,0.25,0.25,0.25,0.25
9606.ENSP00000418803,17.5,53.2,1,1,0,0,1,0
9606.ENSP00000231948,19.6,37.5,1,1,0,0,0,1
9606.ENSP00000265023,12.1,1674.3,1,1,0,1,0,0
9606.ENSP00000232003,0.1,401.6,1,1,1,0,0,0
9606.ENSP00000384371,37.9,42.9,1,1,1,0,0,0
9606.ENSP00000283871,195.2,630.9,1,1,0,0,0,1
9606.ENSP00000264734,0,1.2,0,1,1,0,0,0
9606.ENSP00000337722,1.9,2.5,1,1,0,0,1,0
9606.ENSP00000338766,3.5,11.3,1,1,0,0,1,0
9606.ENSP00000332049,0,0.5,0,1,1,0,0,0
9606.ENSP00000424765,17.1,24.4,1,1,0.25,0.25,0.25,0.25
9606.ENSP00000377696,3.7,241.9,1,1,0,0,0,1
9606.ENSP00000419088,130.6,387.7,1,1,1,0,0,0
9606.ENSP00000306561,28.2,12.1,1,1,0,0,1,0
9606.ENSP00000343701,26.4,47.5,1,1,0,0,1,0
9606.ENSP00000419027,97.6,88,1,1,0,0,0,1
9606.ENSP00000232165,41.2,58.7,1,1,0,0,0,1
9606.ENSP00000420333,23.4,19.9,1,1,1,0,0,0
9606.ENSP00000264982,16.1,14.1,1,1,1,0,0,0
9606.ENSP00000232217,0.5,0,1,0,1,0,0,0
9606.ENSP00000232219,51.8,10.6,1,1,1,0,0,0
9606.ENSP00000320688,22.2,0.5,1,1,0,0,1,0
9606.ENSP00000264952,0,0,0,0,1,0,0,0
9606.ENSP00000273480,103.4,162.5,1,1,0,0,1,0
9606.ENSP00000420616,22.1,38.4,1,1,0,0,1,0
9606.ENSP00000264951,4.2,39.2,1,1,0,0,0,1
9606.ENSP00000263754,1,26.9,1,1,0,1,0,0
9606.ENSP00000264381,0,511.9,0,1,1,0,0,0
9606.ENSP00000481699,0,0,0,0,0.25,0.25,0.25,0.25
9606.ENSP00000376506,56.8,45.1,1,1,0,0,1,0
9606.ENSP00000325978,0,1.6,0,1,0.25,0.25,0.25,0.25
9606.ENSP00000264634,0,2.2,0,1,0.25,0.25,0.25,0.25
9606.ENSP00000232375,10.9,0.6,1,1,0.25,0.25,0.25,0.25
9606.ENSP00000332371,2.7,0.9,1,1,1,0,0,0
9606.ENSP00000413496,0.1,0,1,0,0.25,0.25,0.25,0.25
9606.ENSP00000265563,27.1,106.3,1,1,0,0,0,1
9606.ENSP00000232424,15.7,163.2,1,1,0.25,0.25,0.25,0.25
9606.ENSP00000265560,18.2,18.5,1,1,0,1,0,0
9606.ENSP00000324287,7.5,32.2,1,1,0,0,0,1
9606.ENSP00000376457,35.6,2.3,1,1,0.25,0.25,0.25,0.25
9606.ENSP00000232461,0.3,0,1,0,1,0,0,0
9606.ENSP00000312999,97.7,72.6,1,1,0,1,0,0
9606.ENSP00000240851,117.1,77.5,1,1,1,0,0,0
9606.ENSP00000266031,128.4,121,1,1,0.25,0.25,0.25,0.25
9606.ENSP00000232496,39.9,81.3,1,1,0.25,0.25,0.25,0.25
9606.ENSP00000232501,15.1,18.3,1,1,0,1,0,0
9606.ENSP00000377640,1650.1,1825.7,1,1,0,0,0,1
9606.ENSP00000391209,18.5,39.4,1,1,0,0,0,1
9606.ENSP00000418086,0.1,3.8,1,1,0,1,0,0
9606.ENSP00000350170,84.5,82.6,1,1,0,1,0,0
9606.ENSP00000264122,3.5,7,1,1,0,0,1,0
9606.ENSP00000319974,10,29.6,1,1,0,0,0,1
9606.ENSP00000264538,3.7,5.7,1,1,0,0,1,0
9606.ENSP00000232564,0.7,1.8,1,1,0,1,0,0
9606.ENSP00000350402,0.2,0,1,0,1,0,0,0
9606.ENSP00000265239,2.3,4.4,1,1,1,0,0,0
9606.ENSP00000410833,27,65.7,1,1,0,0,0,1
9606.ENSP00000232603,0,0,0,0,1,0,0,0
9606.ENSP00000232607,4.6,36.1,1,1,0.25,0.25,0.25,0.25
9606.ENSP00000326806,87.9,31.8,1,1,0,0,1,0
9606.ENSP00000251775,33.2,76.2,1,1,0,1,0,0
9606.ENSP00000399392,1.5,0,1,0,0,0,1,0
9606.ENSP00000381549,3,60.2,1,1,1,0,0,0
9606.ENSP00000326070,41.6,6.2,1,1,0,0,1,0
9606.ENSP00000426271,0,0.4,0,1,1,0,0,0
9606.ENSP00000377061,19.2,0.4,1,1,0,1,0,0
9606.ENSP00000273398,39.6,70.5,1,1,1,0,0,0
9606.ENSP00000232744,2.9,8.7,1,1,1,0,0,0
9606.ENSP00000345359,44,0.6,1,1,1,0,0,0
9606.ENSP00000264234,0.2,0.4,1,1,0,1,0,0
9606.ENSP00000373244,0.2,0.4,1,1,1,0,0,0
9606.ENSP00000232766,13.4,19.8,1,1,0,0,1,0
9606.ENSP00000265565,41.3,35.3,1,1,0,1,0,0
9606.ENSP00000414597,0,0,0,0,0.25,0.25,0.25,0.25
9606.ENSP00000265068,1,0,1,0,0.25,0.25,0.25,0.25
9606.ENSP00000372857,0.8,0.2,1,1,1,0,0,0
9606.ENSP00000264995,177.2,59.1,1,1,0,1,0,0
9606.ENSP00000347038,4,39.1,1,1,1,0,0,0
9606.ENSP00000404843,7.2,13.7,1,1,0,0,0,1
9606.ENSP00000409346,2.9,5.6,1,1,0,0,1,0
9606.ENSP00000396467,51.5,14.1,1,1,0.25,0.25,0.25,0.25
9606.ENSP00000340361,5.6,8.2,1,1,1,0,0,0
9606.ENSP00000307491,17.9,10.5,1,1,1,0,0,0
9606.ENSP00000419475,10.1,20.4,1,1,0,1,0,0
9606.ENSP00000313869,18,10.6,1,1,0,1,0,0
9606.ENSP00000419975,0,0,0,0,1,0,0,0
9606.ENSP00000232888,64.9,9.3,1,1,1,0,0,0
9606.ENSP00000333926,16.3,3,1,1,1,0,0,0
9606.ENSP00000232892,1.6,602.1,1,1,0,0,1,0
9606.ENSP00000420065,90.4,143.1,1,1,0,0,1,0
9606.ENSP00000232905,127.9,91.5,1,1,0.25,0.25,0.25,0.25
9606.ENSP00000420487,0.7,14.6,1,1,0,0,1,0
9606.ENSP00000348828,2.1,48.5,1,1,1,0,0,0
9606.ENSP00000395012,4.2,43.4,1,1,0.25,0.25,0.25,0.25
9606.ENSP00000345988,1.7,0,1,0,0.25,0.25,0.25,0.25
9606.ENSP00000327246,0,0,0,0,0,1,0,0
9606.ENSP00000401514,0.2,2.4,1,1,0,0,1,0
9606.ENSP00000265044,202.5,240.6,1,1,0,0,1,0
9606.ENSP00000232974,1.7,2.9,1,1,1,0,0,0
9606.ENSP00000232975,32,0.6,1,1,1,0,0,0
9606.ENSP00000232978,21.1,42.8,1,1,0,0,1,0
9606.ENSP00000265593,10.5,0.6,1,1,0,1,0,0
9606.ENSP00000484803,41.4,70.5,1,1,0,1,0,0
9606.ENSP00000416255,217.4,136.1,1,1,0,0,1,0
9606.ENSP00000478310,167.8,347.9,1,1,0,0,1,0
9606.ENSP00000233027,18.8,12.8,1,1,1,0,0,0
9606.ENSP00000273063,0.2,0,1,0,0.25,0.25,0.25,0.25
9606.ENSP00000384198,7.1,12.2,1,1,0,0,0,1
9606.ENSP00000376056,1048.9,768.8,1,1,0,0,1,0
9606.ENSP00000264377,0.2,0,1,0,0,1,0,0
9606.ENSP00000264093,91.6,83.3,1,1,0,0,1,0
9606.ENSP00000379364,55,43.2,1,1,0,1,0,0
9606.ENSP00000396749,14.6,9.5,1,1,0,0,1,0
9606.ENSP00000366280,47.1,8.9,1,1,0,0,0,1
9606.ENSP00000272430,102.9,35.9,1,1,0,0,1,0
9606.ENSP00000233336,3.4,10.2,1,1,0.25,0.25,0.25,0.25
9606.ENSP00000263339,0.2,0,1,0,0.25,0.25,0.25,0.25
9606.ENSP00000351671,136.3,0.7,1,1,0.25,0.25,0.25,0.25
9606.ENSP00000264380,11.4,20.2,1,1,0.25,0.25,0.25,0.25
9606.ENSP00000295225,0,0.2,0,1,1,0,0,0
9606.ENSP00000233379,32.6,14.6,1,1,0,0,0,1
9606.ENSP00000318195,1322.8,260.7,1,1,0,0,0,1
9606.ENSP00000289228,71.8,20.9,1,1,0.25,0.25,0.25,0.25
9606.ENSP00000245680,18.5,36.5,1,1,0,0,1,0
9606.ENSP00000264972,0.4,1.4,1,1,1,0,0,0
9606.ENSP00000263238,266.3,64.7,1,1,1,0,0,0
9606.ENSP00000376822,35.3,76,1,1,0,0,1,0
9606.ENSP00000263713,35.2,46.7,1,1,0,0,1,0
9606.ENSP00000263707,0,0.3,0,1,0,1,0,0
9606.ENSP00000233468,261.2,219.6,1,1,0,0,1,0
9606.ENSP00000238721,43.1,15.5,1,1,0,0,1,0
9606.ENSP00000264711,1.2,2.8,1,1,0,0,1,0
9606.ENSP00000384092,0,2.9,0,1,1,0,0,0
9606.ENSP00000263904,9.2,14.1,1,1,0,1,0,0
9606.ENSP00000272371,0,0,0,0,1,0,0,0
9606.ENSP00000308610,0.1,3,1,1,0,1,0,0
9606.ENSP00000336868,30.2,0.4,1,1,1,0,0,0
9606.ENSP00000264192,0,3,0,1,0,0,1,0
9606.ENSP00000263640,12.9,11.1,1,1,0,1,0,0
9606.ENSP00000263635,2.1,7.9,1,1,0,1,0,0
9606.ENSP00000233535,6.9,0,1,0,1,0,0,0
9606.ENSP00000369383,83.1,10.7,1,1,0.25,0.25,0.25,0.25
9606.ENSP00000352536,77.4,10.9,1,1,1,0,0,0
9606.ENSP00000394869,101.3,35.9,1,1,1,0,0,0
9606.ENSP00000233557,153.2,36.6,1,1,0,0,0,1
9606.ENSP00000283249,0,0.1,0,1,1,0,0,0
9606.ENSP00000264703,14.2,135,1,1,0,0,1,0
9606.ENSP00000380227,0,2.4,0,1,0.25,0.25,0.25,0.25
9606.ENSP00000386541,200.6,141.5,1,1,0,1,0,0
9606.ENSP00000233575,53.3,60.8,1,1,0,0,1,0
9606.ENSP00000313756,20.8,7.6,1,1,0,0,0,1
9606.ENSP00000342778,340.3,45.6,1,1,1,0,0,0
9606.ENSP00000410309,0,0,0,0,0,0,1,0
9606.ENSP00000233596,75.6,239.1,1,1,0,0,0,1
9606.ENSP00000300954,1.4,2.3,1,1,0.25,0.25,0.25,0.25
9606.ENSP00000387662,0.1,0,1,0,1,0,0,0
9606.ENSP00000442954,0.4,0,1,0,0.25,0.25,0.25,0.25
9606.ENSP00000263642,3.9,5.4,1,1,0,1,0,0
9606.ENSP00000467466,2643.7,3353,1,1,0,0,1,0
9606.ENSP00000394842,20.3,15.6,1,1,1,0,0,0
9606.ENSP00000233331,22.6,5.9,1,1,0.25,0.25,0.25,0.25
9606.ENSP00000233616,87.5,20.8,1,1,0,0,1,0
9606.ENSP00000233623,31.1,17.2,1,1,0,1,0,0
9606.ENSP00000233627,135.5,250.9,1,1,0.25,0.25,0.25,0.25
9606.ENSP00000233630,23.8,7.2,1,1,1,0,0,0
9606.ENSP00000263915,1.2,36.8,1,1,0,0,1,0
9606.ENSP00000327009,0.7,1.5,1,1,1,0,0,0
9606.ENSP00000233638,1.2,0,1,0,0.25,0.25,0.25,0.25
9606.ENSP00000349259,151.1,148.2,1,1,0,0,1,0
9606.ENSP00000366748,203.5,99.2,1,1,0,0,1,0
9606.ENSP00000337838,297.1,622,1,1,1,0,0,0
9606.ENSP00000258080,24.2,12.9,1,1,1,0,0,0
9606.ENSP00000264094,1,0.1,1,1,0,1,0,0
9606.ENSP00000233668,0.4,0.8,1,1,1,0,0,0
9606.ENSP00000376465,0.3,0.2,1,1,0,1,0,0
9606.ENSP00000420176,69.9,163.5,1,1,1,0,0,0
9606.ENSP00000303522,0,0,0,0,1,0,0,0
9606.ENSP00000338728,24.3,18.8,1,1,1,0,0,0
9606.ENSP00000233710,0,28.7,0,1,0,0,1,0
9606.ENSP00000233712,56.6,66.3,1,1,0,0,0,1
9606.ENSP00000377486,126,84.5,1,1,0,0,1,0
9606.ENSP00000388713,65,20.3,1,1,1,0,0,0
9606.ENSP00000314193,53.5,8.4,1,1,0.25,0.25,0.25,0.25
9606.ENSP00000378058,0.2,0.7,1,1,1,0,0,0
9606.ENSP00000233735,0.1,0.2,1,1,1,0,0,0
9606.ENSP00000385021,40.5,13.4,1,1,0,0,1,0
9606.ENSP00000346839,4420.7,809.9,1,1,0,1,0,0
9606.ENSP00000354394,43.6,51.5,1,1,1,0,0,0
9606.ENSP00000317379,71.5,4.2,1,1,0,0,1,0
9606.ENSP00000238714,2,3.3,1,1,1,0,0,0
9606.ENSP00000374045,0,4.9,0,1,1,0,0,0
9606.ENSP00000265322,71.7,92.9,1,1,0,0,0,1
9606.ENSP00000350409,97.7,32.1,1,1,1,0,0,0
9606.ENSP00000233809,19.3,533.6,1,1,0.25,0.25,0.25,0.25
9606.ENSP00000318264,4.7,5.4,1,1,0,1,0,0
9606.ENSP00000233813,0.2,1.6,1,1,0.25,0.25,0.25,0.25
9606.ENSP00000381577,58.7,35.5,1,1,0,0,1,0
9606.ENSP00000264059,1.6,89.8,1,1,1,0,0,0
9606.ENSP00000233826,0,0,0,0,0.25,0.25,0.25,0.25
9606.ENSP00000377958,291.2,78.1,1,1,1,0,0,0
9606.ENSP00000233838,52.7,143.8,1,1,0,0,0,1
9606.ENSP00000233840,0,0,0,0,0.25,0.25,0.25,0.25
9606.ENSP00000263991,110.1,47.4,1,1,0,0,1,0
9606.ENSP00000282549,8.9,0,1,0,1,0,0,0
9606.ENSP00000264255,66.5,26.9,1,1,1,0,0,0
9606.ENSP00000263960,29.4,34.3,1,1,0,0,1,0
9606.ENSP00000263863,0,0.8,0,1,1,0,0,0
9606.ENSP00000335321,245.7,68.6,1,1,0,0,1,0
9606.ENSP00000366549,0.9,22.4,1,1,1,0,0,0
9606.ENSP00000264249,23.6,0,1,0,0,0,1,0
9606.ENSP00000264254,73.1,17.6,1,1,0,0,0,1
9606.ENSP00000315702,59.6,29.8,1,1,0,0,1,0
9606.ENSP00000233893,3284,1426.3,1,1,0,0,0,1
9606.ENSP00000386660,30.3,6,1,1,0.25,0.25,0.25,0.25
9606.ENSP00000388631,0,0.7,0,1,1,0,0,0
9606.ENSP00000405575,91.7,73.2,1,1,0,1,0,0
9606.ENSP00000398798,9.5,4.2,1,1,0.25,0.25,0.25,0.25
9606.ENSP00000330959,4.6,17.4,1,1,1,0,0,0
9606.ENSP00000397133,0,0,0,0,0.25,0.25,0.25,0.25
9606.ENSP00000393453,0,0,0,0,1,0,0,0
9606.ENSP00000386380,34.1,41,1,1,1,0,0,0
9606.ENSP00000233948,0,0,0,0,0,1,0,0
9606.ENSP00000264257,0,1.4,0,1,0.25,0.25,0.25,0.25
9606.ENSP00000233954,0.5,1.3,1,1,0.25,0.25,0.25,0.25
9606.ENSP00000387211,0.1,8.1,1,1,0,0,1,0
9606.ENSP00000264260,0,0.2,0,1,1,0,0,0
9606.ENSP00000233969,0,0,0,0,1,0,0,0
9606.ENSP00000386665,41.8,10.4,1,1,1,0,0,0
9606.ENSP00000264605,0,27.3,0,1,0,0,1,0
9606.ENSP00000386277,68.7,23.7,1,1,1,0,0,0
9606.ENSP00000283148,125.4,11.5,1,1,0,1,0,0
9606.ENSP00000265316,70.3,0.1,1,1,0,0,1,0
9606.ENSP00000386928,21.7,50.1,1,1,1,0,0,0
9606.ENSP00000264047,0,0,0,0,0.25,0.25,0.25,0.25
9606.ENSP00000375836,666.3,186,1,1,0,1,0,0
9606.ENSP00000234038,129.5,56.1,1,1,0,0,1,0
9606.ENSP00000351475,13.9,1.2,1,1,0,0,1,0
9606.ENSP00000325748,214.2,18.8,1,1,0,0,1,0
9606.ENSP00000318820,0,0,0,0,1,0,0,0
9606.ENSP00000234071,164.4,343.5,1,1,1,0,0,0
9606.ENSP00000234091,362.8,574.7,1,1,0.25,0.25,0.25,0.25
9606.ENSP00000263663,24.4,4.3,1,1,0.25,0.25,0.25,0.25
9606.ENSP00000483786,57.3,32.7,1,1,0,1,0,0
9606.ENSP00000234111,328.9,50.7,1,1,0,0,0,1
9606.ENSP00000393596,13,38.6,1,1,0,1,0,0
9606.ENSP00000371101,38.4,11.6,1,1,0,0,1,0
9606.ENSP00000385892,78.1,22.9,1,1,1,0,0,0
9606.ENSP00000234160,172.8,40,1,1,1,0,0,0
9606.ENSP00000263918,10.6,7.4,1,1,1,0,0,0
9606.ENSP00000234170,53.5,91.8,1,1,0.25,0.25,0.25,0.25
9606.ENSP00000368356,18,11.3,1,1,0,0,1,0
9606.ENSP00000364404,13.5,7.5,1,1,0.25,0.25,0.25,0.25
9606.ENSP00000344829,4.4,0.7,1,1,1,0,0,0
9606.ENSP00000411418,39.2,21.9,1,1,0,1,0,0
9606.ENSP00000388658,4.4,0.5,1,1,1,0,0,0
9606.ENSP00000234195,4.4,14.6,1,1,0,0,1,0
9606.ENSP00000234198,1.3,0,1,0,0.25,0.25,0.25,0.25
9606.ENSP00000264162,0,0,0,0,0.25,0.25,0.25,0.25
9606.ENSP00000264161,148.3,63.7,1,1,0,0,1,0
9606.ENSP00000325905,235.5,86.1,1,1,0,0,1,0
9606.ENSP00000370542,149.3,521.4,1,1,0,0,1,0
9606.ENSP00000402861,0,0,0,0,0,0,1,0
9606.ENSP00000234256,29.6,10.8,1,1,1,0,0,0
9606.ENSP00000387784,22.1,15.3,1,1,0,0,1,0
9606.ENSP00000264170,86.5,51.2,1,1,0,0,0,1
9606.ENSP00000376330,0,2.7,0,1,1,0,0,0
9606.ENSP00000234296,29.2,8.1,1,1,1,0,0,0
9606.ENSP00000367938,92.8,249.7,1,1,0.25,0.25,0.25,0.25
9606.ENSP00000263657,50.3,15.7,1,1,0.25,0.25,0.25,0.25
9606.ENSP00000441953,29.9,18.2,1,1,0,0,1,0
9606.ENSP00000234313,0.1,1.2,1,1,1,0,0,0
9606.ENSP00000364886,0.6,112.6,1,1,0,1,0,0
9606.ENSP00000264110,54.8,28.5,1,1,0,0,1,0
9606.ENSP00000385995,13.9,15.8,1,1,0,1,0,0
9606.ENSP00000386456,7.5,33.7,1,1,1,0,0,0
9606.ENSP00000328875,16.1,12,1,1,1,0,0,0
9606.ENSP00000264434,8.6,6.2,1,1,1,0,0,0
9606.ENSP00000401371,70.8,25.6,1,1,0.25,0.25,0.25,0.25
9606.ENSP00000387654,104.6,169.6,1,1,0,0,0,1
9606.ENSP00000234371,15.6,0,1,0,0,0,1,0
9606.ENSP00000263734,86.1,73.9,1,1,0.25,0.25,0.25,0.25
9606.ENSP00000263620,88.3,5.6,1,1,1,0,0,0
9606.ENSP00000376077,203.4,242.2,1,1,1,0,0,0
9606.ENSP00000386378,0,0,0,0,1,0,0,0
9606.ENSP00000234389,0.1,0,1,0,0.25,0.25,0.25,0.25
9606.ENSP00000234392,3.8,0,1,0,0.25,0.25,0.25,0.25
9606.ENSP00000234396,0.7,0,1,0,1,0,0,0
9606.ENSP00000380252,160.9,86.3,1,1,0,0,1,0
9606.ENSP00000234420,66.8,9.7,1,1,0,0,1,0
9606.ENSP00000234453,3.2,47.7,1,1,0,1,0,0
9606.ENSP00000234454,78.1,66,1,1,0,0,0,1
9606.ENSP00000281821,0,1.2,0,1,0,1,0,0
9606.ENSP00000351618,0.5,4.5,1,1,0,1,0,0
9606.ENSP00000281828,24.7,19.7,1,1,1,0,0,0
9606.ENSP00000482968,8.6,1.7,1,1,1,0,0,0
9606.ENSP00000234739,5.4,4,1,1,0,1,0,0
9606.ENSP00000239461,0,0,0,0,0,0,1,0
9606.ENSP00000360316,526,834.8,1,1,0,0,1,0
9606.ENSP00000365007,12.9,15.7,1,1,0,0,1,0
9606.ENSP00000483424,0,0,0,0,0.25,0.25,0.25,0.25
9606.ENSP00000356646,0.1,0.7,1,1,1,0,0,0
9606.ENSP00000367792,3.7,1.8,1,1,0,0,1,0
9606.ENSP00000354677,11.1,3.3,1,1,0.25,0.25,0.25,0.25
9606.ENSP00000356652,69.7,46.8,1,1,1,0,0,0
9606.ENSP00000360569,125.4,1198,1,1,0,0,0,1
9606.ENSP00000234798,0.1,0.1,1,1,1,0,0,0
9606.ENSP00000356634,0,0.3,0,1,1,0,0,0
9606.ENSP00000356607,16,53.9,1,1,1,0,0,0
9606.ENSP00000234816,7.9,0.9,1,1,1,0,0,0
9606.ENSP00000367476,12,15.9,1,1,1,0,0,0
9606.ENSP00000263733,24.5,14.4,1,1,0,0,1,0
9606.ENSP00000234827,2.2,5.5,1,1,0.25,0.25,0.25,0.25
9606.ENSP00000234831,192.8,392.2,1,1,1,0,0,0
9606.ENSP00000360421,51,17.7,1,1,0,1,0,0
9606.ENSP00000270708,30.8,5.9,1,1,1,0,0,0
9606.ENSP00000356587,0,0,0,0,1,0,0,0
9606.ENSP00000354086,181.8,164.4,1,1,0,0,1,0
9606.ENSP00000343552,28.4,23.9,1,1,0,1,0,0
9606.ENSP00000346088,1350.6,908.5,1,1,0.25,0.25,0.25,0.25
9606.ENSP00000262450,0,0,0,0,0.25,0.25,0.25,0.25
9606.ENSP00000356574,20.5,3.3,1,1,0.25,0.25,0.25,0.25
9606.ENSP00000359025,19.5,12.3,1,1,1,0,0,0
9606.ENSP00000366876,17.3,10.4,1,1,0,0,1,0
9606.ENSP00000366702,238.4,687,1,1,0.25,0.25,0.25,0.25
9606.ENSP00000418770,599.1,490.8,1,1,0,0,1,0
9606.ENSP00000358955,0.1,0,1,0,1,0,0,0
9606.ENSP00000234961,0.1,0.1,1,1,1,0,0,0
9606.ENSP00000256578,26.9,15,1,1,0,1,0,0
9606.ENSP00000362900,103.7,63.6,1,1,0,0,0,1
9606.ENSP00000263702,4.2,22,1,1,0,0,1,0
9606.ENSP00000358802,1.2,0.6,1,1,0.25,0.25,0.25,0.25
9606.ENSP00000318147,8.7,39.1,1,1,0,0,1,0
9606.ENSP00000235090,90.5,10,1,1,0,1,0,0
9606.ENSP00000358737,26.1,207.2,1,1,0,0,1,0
9606.ENSP00000358723,53.5,60.7,1,1,0.25,0.25,0.25,0.25
9606.ENSP00000362649,131,23.2,1,1,0,0,1,0
9606.ENSP00000263168,116.4,81.8,1,1,0,1,0,0
9606.ENSP00000362574,12.6,8.4,1,1,1,0,0,0
9606.ENSP00000362555,16.4,4.6,1,1,0,1,0,0
9606.ENSP00000307275,18.9,35.3,1,1,0.25,0.25,0.25,0.25
9606.ENSP00000291416,2.2,0.4,1,1,0.25,0.25,0.25,0.25
9606.ENSP00000376204,9.3,35.5,1,1,1,0,0,0
9606.ENSP00000362444,0.1,0.9,1,1,1,0,0,0
9606.ENSP00000349748,184.3,92.8,1,1,0,0,0,1
9606.ENSP00000355652,7.4,38.9,1,1,1,0,0,0
9606.ENSP00000357315,7.8,12.3,1,1,1,0,0,0
9606.ENSP00000354837,14.1,0.6,1,1,0,1,0,0
9606.ENSP00000357288,81.7,378.4,1,1,0,1,0,0
9606.ENSP00000271555,7.4,10.4,1,1,0,1,0,0
9606.ENSP00000251157,29.1,16.2,1,1,0.25,0.25,0.25,0.25
9606.ENSP00000366156,231.2,57.3,1,1,0,0,1,0
9606.ENSP00000346240,194.6,114.7,1,1,1,0,0,0
9606.ENSP00000365944,8.6,20.5,1,1,0,0,1,0
9606.ENSP00000235307,0,114.5,0,1,0,1,0,0
9606.ENSP00000356470,2,6,1,1,0,0,1,0
9606.ENSP00000235310,80.2,66,1,1,0,1,0,0
9606.ENSP00000360108,1.8,0.1,1,1,1,0,0,0
9606.ENSP00000330393,0.6,138.9,1,1,1,0,0,0
9606.ENSP00000356468,15.5,20.3,1,1,1,0,0,0
9606.ENSP00000365756,111.6,61.9,1,1,1,0,0,0
9606.ENSP00000235329,63.6,40.9,1,1,1,0,0,0
9606.ENSP00000399679,0,323.1,0,1,0,0,1,0
9606.ENSP00000235332,25.5,11.7,1,1,0,0,1,0
9606.ENSP00000425133,37.3,39.7,1,1,1,0,0,0
9606.ENSP00000356505,3.7,0.5,1,1,1,0,0,0
9606.ENSP00000375855,0,0,0,0,1,0,0,0
9606.ENSP00000235345,22.9,99.8,1,1,0.25,0.25,0.25,0.25
9606.ENSP00000356436,0,0,0,0,0,0,1,0
9606.ENSP00000360025,63.9,114.2,1,1,0.25,0.25,0.25,0.25
9606.ENSP00000332134,0,0,0,0,0.25,0.25,0.25,0.25
9606.ENSP00000350358,0,0,0,0,1,0,0,0
9606.ENSP00000346829,0.4,9.4,1,1,0,0,1,0
9606.ENSP00000235372,7.9,16.6,1,1,0,1,0,0
9606.ENSP00000235382,1.1,2.5,1,1,0.25,0.25,0.25,0.25
9606.ENSP00000262340,0,0,0,0,0.25,0.25,0.25,0.25
9606.ENSP00000356416,12.6,34.3,1,1,0,0,0,1
9606.ENSP00000430075,0,0,0,0,1,0,0,0
9606.ENSP00000356425,76.6,25.8,1,1,0,0,1,0
9606.ENSP00000358554,66.1,38.5,1,1,0,1,0,0
9606.ENSP00000359988,96.4,139.4,1,1,0,1,0,0
9606.ENSP00000359976,10.3,123.8,1,1,0,0,0,1
9606.ENSP00000364986,101.8,97.6,1,1,0,1,0,0
9606.ENSP00000322273,13.5,0.4,1,1,0.25,0.25,0.25,0.25
9606.ENSP00000322251,0,0,0,0,0.25,0.25,0.25,0.25
9606.ENSP00000356395,0,141.1,0,1,0.25,0.25,0.25,0.25
9606.ENSP00000364956,27.4,8.2,1,1,0,0,0,1
9606.ENSP00000399805,192.8,203,1,1,0,0,0,1
9606.ENSP00000358617,14.2,8.2,1,1,0.25,0.25,0.25,0.25
9606.ENSP00000364885,13.1,4.6,1,1,0,1,0,0
9606.ENSP00000358501,13.5,6.9,1,1,0.25,0.25,0.25,0.25
9606.ENSP00000362332,0.5,0.2,1,1,0.25,0.25,0.25,0.25
9606.ENSP00000358490,0,4.7,0,1,1,0,0,0
9606.ENSP00000358478,15.7,2.3,1,1,0,1,0,0
9606.ENSP00000356331,1.5,34.6,1,1,0,0,0,1
9606.ENSP00000411831,0.2,0.2,1,1,0,0,1,0
9606.ENSP00000356301,84.4,34.3,1,1,0.25,0.25,0.25,0.25
9606.ENSP00000362273,35.1,10.8,1,1,1,0,0,0
9606.ENSP00000362244,13.2,9.8,1,1,0,1,0,0
9606.ENSP00000235521,12.8,7.5,1,1,0,0,1,0
9606.ENSP00000483507,0.2,280.3,1,1,0.25,0.25,0.25,0.25
9606.ENSP00000235532,1.3,1.9,1,1,1,0,0,0
9606.ENSP00000362208,157.3,165.4,1,1,0,1,0,0
9606.ENSP00000355605,5,8.8,1,1,1,0,0,0
9606.ENSP00000355607,80.3,24.7,1,1,0.25,0.25,0.25,0.25
9606.ENSP00000355599,26.7,32.4,1,1,1,0,0,0
9606.ENSP00000350704,24.8,5.1,1,1,0,0,1,0
9606.ENSP00000362092,14.3,10.2,1,1,0,0,1,0
9606.ENSP00000264187,103.4,60.6,1,1,1,0,0,0
9606.ENSP00000435460,78.4,27.2,1,1,0,0,1,0
9606.ENSP00000235628,0,0,0,0,0,1,0,0
9606.ENSP00000361935,0,0,0,0,0.25,0.25,0.25,0.25
9606.ENSP00000355536,18.5,9.4,1,1,1,0,0,0
9606.ENSP00000361915,0.5,0,1,0,0.25,0.25,0.25,0.25
9606.ENSP00000380494,1.2,21.7,1,1,0.25,0.25,0.25,0.25
9606.ENSP00000355589,0,3.6,0,1,0,0,1,0
9606.ENSP00000482304,0,0,0,0,1,0,0,0
9606.ENSP00000361857,8.6,7.1,1,1,0.25,0.25,0.25,0.25
9606.ENSP00000355517,0.1,46.8,1,1,0,0,1,0
9606.ENSP00000361784,6.2,17.9,1,1,0.25,0.25,0.25,0.25
9606.ENSP00000262916,0,0,0,0,0,0,1,0
9606.ENSP00000361769,2.9,0,1,0,0.25,0.25,0.25,0.25
9606.ENSP00000263826,0.5,0.5,1,1,0,1,0,0
9606.ENSP00000357175,6.7,7.4,1,1,1,0,0,0
9606.ENSP00000359871,57.1,282.5,1,1,0,0,0,1
9606.ENSP00000417583,0,0,0,0,0.25,0.25,0.25,0.25
9606.ENSP00000306190,0,1.7,0,1,1,0,0,0
9606.ENSP00000484431,0,3.5,0,1,1,0,0,0
9606.ENSP00000322270,15.4,32.7,1,1,0.25,0.25,0.25,0.25
9606.ENSP00000364635,0,0,0,0,1,0,0,0
9606.ENSP00000364649,144.9,293.9,1,1,0,0,0,1
9606.ENSP00000364685,2.4,0,1,0,1,0,0,0
9606.ENSP00000359688,37.1,45.7,1,1,1,0,0,0
9606.ENSP00000356234,4.3,11.7,1,1,0,1,0,0
9606.ENSP00000356903,76.2,91.7,1,1,0,0,1,0
9606.ENSP00000364555,0.9,0,1,0,0.25,0.25,0.25,0.25
9606.ENSP00000359664,0.3,35.1,1,1,0,0,1,0
9606.ENSP00000397181,0.1,0.1,1,1,0.25,0.25,0.25,0.25
9606.ENSP00000356230,21.2,7.4,1,1,0.25,0.25,0.25,0.25
9606.ENSP00000251296,0,0.1,0,1,0.25,0.25,0.25,0.25
9606.ENSP00000340279,11.9,13.8,1,1,0,1,0,0
9606.ENSP00000359606,9,11.7,1,1,0,1,0,0
9606.ENSP00000364246,0,0,0,0,0.25,0.25,0.25,0.25
9606.ENSP00000264515,12.5,19.7,1,1,0,0,1,0
9606.ENSP00000359512,0.3,11.1,1,1,0,0,1,0
9606.ENSP00000359504,0.9,72.7,1,1,1,0,0,0
9606.ENSP00000247986,0.1,0.7,1,1,1,0,0,0
9606.ENSP00000319673,13.7,6.1,1,1,0.25,0.25,0.25,0.25
9606.ENSP00000423665,16.3,2.6,1,1,0,0,1,0
9606.ENSP00000356107,11.6,29.2,1,1,0,1,0,0
9606.ENSP00000235933,0.5,1.6,1,1,0.25,0.25,0.25,0.25
9606.ENSP00000364028,40.7,29.4,1,1,0,0,1,0
9606.ENSP00000363614,26.2,172.4,1,1,0,0,0,1
9606.ENSP00000483375,83,41.3,1,1,0.25,0.25,0.25,0.25
9606.ENSP00000363689,79.5,8.9,1,1,1,0,0,0
9606.ENSP00000356024,0,0,0,0,1,0,0,0
9606.ENSP00000313875,131.7,105.4,1,1,0,0,1,0
9606.ENSP00000315379,28.5,7.9,1,1,1,0,0,0
9606.ENSP00000358105,112.7,70.6,1,1,0,0,0,1
9606.ENSP00000236040,60.6,8.9,1,1,0,0,1,0
9606.ENSP00000416293,201.9,2.4,1,1,1,0,0,0
9606.ENSP00000407323,150.1,163.5,1,1,0,0,1,0
9606.ENSP00000361540,120.1,1.4,1,1,1,0,0,0
9606.ENSP00000361548,0.2,0.6,1,1,0.25,0.25,0.25,0.25
9606.ENSP00000387435,0.3,0,1,0,0.25,0.25,0.25,0.25
9606.ENSP00000361418,17,10.8,1,1,1,0,0,0
9606.ENSP00000434729,182,207.6,1,1,0.25,0.25,0.25,0.25
9606.ENSP00000310696,81.3,16.7,1,1,0,0,1,0
9606.ENSP00000361331,43.3,25.2,1,1,0,1,0,0
9606.ENSP00000361266,1.2,1.4,1,1,0.25,0.25,0.25,0.25
9606.ENSP00000361140,158.1,318.8,1,1,0,0,1,0
9606.ENSP00000262746,2247.3,1083.8,1,1,0,1,0,0
9606.ENSP00000262741,1.4,1.3,1,1,1,0,0,0
9606.ENSP00000361072,4.2,2.8,1,1,1,0,0,0
9606.ENSP00000356782,11.1,6.1,1,1,0,0,1,0
9606.ENSP00000356780,0,0,0,0,1,0,0,0
9606.ENSP00000236137,26.3,22.1,1,1,0,0,1,0
9606.ENSP00000243167,3.9,27,1,1,0,0,1,0
9606.ENSP00000419740,13.1,9.7,1,1,1,0,0,0
9606.ENSP00000359305,41,109.7,1,1,1,0,0,0
9606.ENSP00000356733,0,0,0,0,0.25,0.25,0.25,0.25
9606.ENSP00000359295,38.7,28.8,1,1,0,1,0,0
9606.ENSP00000359225,231.4,163.8,1,1,0,1,0,0
9606.ENSP00000343629,64.5,113.5,1,1,0,0,1,0
9606.ENSP00000334145,4.8,0.5,1,1,0.25,0.25,0.25,0.25
9606.ENSP00000359233,96.1,104.2,1,1,0,0,0,1
9606.ENSP00000236192,2.5,13,1,1,1,0,0,0
9606.ENSP00000359127,50.2,27.4,1,1,0,0,1,0
9606.ENSP00000356694,0,0,0,0,1,0,0,0
9606.ENSP00000359216,5.7,6.1,1,1,1,0,0,0
9606.ENSP00000281834,2.8,1.1,1,1,0,0,1,0
9606.ENSP00000342026,285,1388.7,1,1,0,0,0,1
9606.ENSP00000355086,27.3,4.7,1,1,1,0,0,0
9606.ENSP00000355995,0,637.6,0,1,0,0,0,1
9606.ENSP00000355988,0.1,31.5,1,1,0,0,1,0
9606.ENSP00000419005,4.2,11.4,1,1,0,1,0,0
9606.ENSP00000263177,0,0,0,0,1,0,0,0
9606.ENSP00000359204,0,0.3,0,1,0.25,0.25,0.25,0.25
9606.ENSP00000356671,129.8,2568.1,1,1,1,0,0,0
9606.ENSP00000363516,15,2.2,1,1,1,0,0,0
9606.ENSP00000236273,39.2,164.5,1,1,1,0,0,0
9606.ENSP00000243189,11.8,16.3,1,1,0.25,0.25,0.25,0.25
9606.ENSP00000359172,15.3,44.2,1,1,1,0,0,0
9606.ENSP00000413929,15.4,16.4,1,1,1,0,0,0
9606.ENSP00000410452,447.5,18,1,1,1,0,0,0
9606.ENSP00000363419,43.1,37,1,1,1,0,0,0
9606.ENSP00000363452,0.1,53.1,1,1,0,1,0,0
9606.ENSP00000355966,35.3,0.7,1,1,1,0,0,0
9606.ENSP00000435412,15.8,2.8,1,1,0,1,0,0
9606.ENSP00000353104,29.6,11.3,1,1,0,0,1,0
9606.ENSP00000355955,22.3,235.7,1,1,0,0,1,0
9606.ENSP00000355944,72.3,31.8,1,1,1,0,0,0
9606.ENSP00000355925,34.3,252.7,1,1,0.25,0.25,0.25,0.25
9606.ENSP00000320485,40.3,61.8,1,1,1,0,0,0
9606.ENSP00000355922,59.1,2.9,1,1,1,0,0,0
9606.ENSP00000363017,61.6,18.6,1,1,0,0,1,0
9606.ENSP00000311677,67.9,17.7,1,1,0,0,1,0
9606.ENSP00000363054,13.6,17.9,1,1,0,0,1,0
9606.ENSP00000355880,10.9,90.6,1,1,0,0,0,1
9606.ENSP00000236495,26.4,3.2,1,1,0.25,0.25,0.25,0.25
9606.ENSP00000412733,104.3,50.4,1,1,0,1,0,0
9606.ENSP00000360688,167.1,3.4,1,1,0.25,0.25,0.25,0.25
9606.ENSP00000251527,31,16.6,1,1,1,0,0,0
9606.ENSP00000465099,25.6,7.4,1,1,0,1,0,0
9606.ENSP00000261758,61.3,103.2,1,1,0,1,0,0
9606.ENSP00000319739,121.5,32.5,1,1,1,0,0,0
9606.ENSP00000261751,0,0,0,0,0.25,0.25,0.25,0.25
9606.ENSP00000436812,0,0.9,0,1,1,0,0,0
9606.ENSP00000236671,308.2,529.9,1,1,0,0,0,1
9606.ENSP00000411770,3.5,8,1,1,1,0,0,0
9606.ENSP00000372689,15.1,19.4,1,1,0,0,1,0
9606.ENSP00000236709,0,0,0,0,1,0,0,0
9606.ENSP00000324856,31.7,26.3,1,1,0,0,1,0
9606.ENSP00000436786,10.1,20,1,1,0,1,0,0
9606.ENSP00000264029,0.6,0.2,1,1,1,0,0,0
9606.ENSP00000264020,9.9,6.5,1,1,0,0,1,0
9606.ENSP00000236826,0,0,0,0,1,0,0,0
9606.ENSP00000236850,4945.5,24470.7,1,1,1,0,0,0
9606.ENSP00000375770,0.1,0.5,1,1,1,0,0,0
9606.ENSP00000236877,0,0,0,0,1,0,0,0
9606.ENSP00000337850,11.9,4.9,1,1,0,0,1,0
9606.ENSP00000435096,1790.3,2306.2,1,1,0,0,1,0
9606.ENSP00000356319,7.9,0.6,1,1,0.25,0.25,0.25,0.25
9606.ENSP00000236918,0.2,0,1,0,1,0,0,0
9606.ENSP00000330460,17.4,6.6,1,1,0,0,1,0
9606.ENSP00000236925,6.9,5.8,1,1,0,0,1,0
9606.ENSP00000356919,12.4,53.5,1,1,0,1,0,0
9606.ENSP00000264376,0,0,0,0,1,0,0,0
9606.ENSP00000484331,35.5,6.8,1,1,0.25,0.25,0.25,0.25
9606.ENSP00000236979,1.2,0,1,0,1,0,0,0
9606.ENSP00000236980,42.5,21.4,1,1,0.25,0.25,0.25,0.25
9606.ENSP00000353582,1.2,1.9,1,1,1,0,0,0
9606.ENSP00000387699,24.4,15.4,1,1,0,1,0,0
9606.ENSP00000309570,3.5,11.8,1,1,1,0,0,0
9606.ENSP00000237014,445,26918.3,1,1,0,0,1,0
9606.ENSP00000306459,1.6,2.3,1,1,0,0,1,0
9606.ENSP00000358098,1.1,1.6,1,1,1,0,0,0
9606.ENSP00000358107,7,7.9,1,1,0,1,0,0
9606.ENSP00000379310,0,0.2,0,1,1,0,0,0
9606.ENSP00000346442,0.1,1.2,1,1,1,0,0,0
9606.ENSP00000313600,0,0.3,0,1,1,0,0,0
9606.ENSP00000263672,230.7,285,1,1,0,0,1,0
9606.ENSP00000431876,5.3,1.9,1,1,0,1,0,0
9606.ENSP00000358831,0,0,0,0,0.25,0.25,0.25,0.25
9606.ENSP00000237172,0,1,0,1,1,0,0,0
9606.ENSP00000478179,0.5,5.6,1,1,0.25,0.25,0.25,0.25
9606.ENSP00000482613,225.7,298.9,1,1,0,0,0,1
9606.ENSP00000358762,5.3,2.1,1,1,0,0,1,0
9606.ENSP00000358513,0,0,0,0,1,0,0,0
9606.ENSP00000237201,0,0,0,0,1,0,0,0
9606.ENSP00000359982,11.8,7.2,1,1,0.25,0.25,0.25,0.25
9606.ENSP00000360076,0,0.9,0,1,1,0,0,0
9606.ENSP00000262043,38.4,44.7,1,1,0,0,1,0
9606.ENSP00000237275,0,0,0,0,0.25,0.25,0.25,0.25
9606.ENSP00000381036,0,0,0,0,1,0,0,0
9606.ENSP00000353734,3.1,0.1,1,1,0.25,0.25,0.25,0.25
9606.ENSP00000237281,7.1,8,1,1,0,0,1,0
9606.ENSP00000481570,25.4,11.2,1,1,0,1,0,0
9606.ENSP00000405252,10.3,51.6,1,1,0,0,1,0
9606.ENSP00000356465,79.7,89.7,1,1,0,0,1,0
9606.ENSP00000339992,0.3,0,1,0,1,0,0,0
9606.ENSP00000265605,2.4,139,1,1,0,0,1,0
9606.ENSP00000356832,57.1,16.8,1,1,0,0,1,0
9606.ENSP00000357297,26.7,24.5,1,1,0,0,1,0
9606.ENSP00000349446,6.4,1111.5,1,1,0,0,0,1
9606.ENSP00000356954,284.1,22.7,1,1,0,0,1,0
9606.ENSP00000356857,0,0,0,0,0,0,1,0
9606.ENSP00000237353,3.8,0.2,1,1,1,0,0,0
9606.ENSP00000344866,12.9,65.9,1,1,0,0,1,0
9606.ENSP00000237380,13.6,37.4,1,1,1,0,0,0
9606.ENSP00000261187,1.1,9.7,1,1,1,0,0,0
9606.ENSP00000261234,9.7,25.4,1,1,0.25,0.25,0.25,0.25
9606.ENSP00000261560,3.5,0.4,1,1,0.25,0.25,0.25,0.25
9606.ENSP00000263864,194.3,355.4,1,1,0,0,1,0
9606.ENSP00000358576,6.8,1.5,1,1,0.25,0.25,0.25,0.25
9606.ENSP00000463559,389.6,381.1,1,1,1,0,0,0
9606.ENSP00000385824,11.2,66.3,1,1,1,0,0,0
9606.ENSP00000376417,4,0.3,1,1,1,0,0,0
9606.ENSP00000362716,0,0,0,0,0.25,0.25,0.25,0.25
9606.ENSP00000237530,852.6,174.7,1,1,0,0,1,0
9606.ENSP00000362981,44,5.2,1,1,0.25,0.25,0.25,0.25
9606.ENSP00000261448,0,0,0,0,1,0,0,0
9606.ENSP00000345192,0,0,0,0,0.25,0.25,0.25,0.25
9606.ENSP00000237596,4.9,9.9,1,1,0,1,0,0
9606.ENSP00000237612,15.1,25.3,1,1,1,0,0,0
9606.ENSP00000378517,1434.3,5.5,1,1,1,0,0,0
9606.ENSP00000237642,16.1,2.1,1,1,0,0,1,0
9606.ENSP00000237654,111.9,122,1,1,0,1,0,0
9606.ENSP00000237696,0.1,6.3,1,1,0,0,1,0
9606.ENSP00000403117,17,31.7,1,1,1,0,0,0
9606.ENSP00000351832,12.7,18.3,1,1,0,0,1,0
9606.ENSP00000398502,22.8,7,1,1,0,0,1,0
9606.ENSP00000340510,7.5,11.8,1,1,1,0,0,0
9606.ENSP00000379894,20.2,29.2,1,1,0,1,0,0
9606.ENSP00000366897,0.4,16.8,1,1,1,0,0,0
9606.ENSP00000366819,87.6,51.6,1,1,0,1,0,0
9606.ENSP00000367151,0,0.2,0,1,0,0,1,0
9606.ENSP00000305193,75.3,10.8,1,1,1,0,0,0
9606.ENSP00000237822,30.4,8.2,1,1,0,0,1,0
9606.ENSP00000314444,9.9,2,1,1,0,1,0,0
9606.ENSP00000261254,0,1.5,0,1,0,1,0,0
9606.ENSP00000237837,0.2,0,1,0,0.25,0.25,0.25,0.25
9606.ENSP00000237853,56.2,122.4,1,1,0.25,0.25,0.25,0.25
9606.ENSP00000311273,0.2,0,1,0,1,0,0,0
9606.ENSP00000348380,5.7,45.8,1,1,0,0,1,0
9606.ENSP00000237889,297.8,332.5,1,1,0,0,1,0
9606.ENSP00000263956,37.5,6.3,1,1,0.25,0.25,0.25,0.25
9606.ENSP00000401112,4.7,3.7,1,1,1,0,0,0
9606.ENSP00000265339,87.7,98.4,1,1,0.25,0.25,0.25,0.25
9606.ENSP00000354006,0.1,0,1,0,0.25,0.25,0.25,0.25
9606.ENSP00000238018,0.2,48,1,1,0,0,1,0
9606.ENSP00000366330,7.2,136.8,1,1,0.25,0.25,0.25,0.25
9606.ENSP00000438262,163.1,12.2,1,1,0,0,1,0
9606.ENSP00000238044,0,0,0,0,1,0,0,0
9606.ENSP00000353850,56.3,26,1,1,0.25,0.25,0.25,0.25
9606.ENSP00000238112,80.1,10.8,1,1,0,0,1,0
9606.ENSP00000413405,24.8,11,1,1,1,0,0,0
9606.ENSP00000327197,13.5,19.6,1,1,0.25,0.25,0.25,0.25
9606.ENSP00000238156,4.2,16.4,1,1,0,1,0,0
9606.ENSP00000355623,17.3,4.9,1,1,0,1,0,0
9606.ENSP00000355613,0,0,0,0,0.25,0.25,0.25,0.25
9606.ENSP00000355541,29.2,7,1,1,0,0,1,0
9606.ENSP00000414921,44,29.4,1,1,0.25,0.25,0.25,0.25
9606.ENSP00000350708,153.6,197.8,1,1,0,0,0,1
9606.ENSP00000238256,7.7,8.8,1,1,0,1,0,0
9606.ENSP00000320434,89.9,24.2,1,1,0.25,0.25,0.25,0.25
9606.ENSP00000363753,24.7,3.6,1,1,0,0,1,0
9606.ENSP00000361800,40.4,52.1,1,1,0,0,1,0
9606.ENSP00000361777,596.7,198.8,1,1,0,0,1,0
9606.ENSP00000377036,115.2,53.4,1,1,1,0,0,0
9606.ENSP00000308622,30.7,12.5,1,1,0,0,1,0
9606.ENSP00000362946,41.1,107.4,1,1,0,1,0,0
9606.ENSP00000362962,7,3.5,1,1,0,0,1,0
9606.ENSP00000408292,9.6,3.9,1,1,0,1,0,0
9606.ENSP00000476369,40,32.1,1,1,0,0,1,0
9606.ENSP00000483946,50.6,1.1,1,1,0.25,0.25,0.25,0.25
9606.ENSP00000362702,84.4,40.7,1,1,1,0,0,0
9606.ENSP00000363298,0.2,1.4,1,1,1,0,0,0
9606.ENSP00000392147,31.3,44.4,1,1,1,0,0,0
9606.ENSP00000362873,149.9,127.1,1,1,0,0,1,0
9606.ENSP00000238379,26.2,89,1,1,0,0,1,0
9606.ENSP00000409315,7.3,14.8,1,1,0.25,0.25,0.25,0.25
9606.ENSP00000363345,0,0.1,0,1,1,0,0,0
9606.ENSP00000381785,69.7,136,1,1,0,0,0,1
9606.ENSP00000265960,84.4,35.6,1,1,0,0,1,0
9606.ENSP00000482027,0,1.2,0,1,0,0,1,0
9606.ENSP00000262457,7.7,4.6,1,1,0.25,0.25,0.25,0.25
9606.ENSP00000364150,0,0,0,0,1,0,0,0
9606.ENSP00000362727,22.6,11.7,1,1,0.25,0.25,0.25,0.25
9606.ENSP00000417764,45,46.1,1,1,1,0,0,0
9606.ENSP00000362195,6.3,1.1,1,1,1,0,0,0
9606.ENSP00000385083,5.7,77.7,1,1,0,0,0,1
9606.ENSP00000238497,23.8,54,1,1,1,0,0,0
9606.ENSP00000419185,3.2,39.1,1,1,1,0,0,0
9606.ENSP00000397394,30.8,17.2,1,1,0,1,0,0
9606.ENSP00000469089,8.5,3.5,1,1,0,0,1,0
9606.ENSP00000324463,21.5,14.9,1,1,0,1,0,0
9606.ENSP00000351147,14.6,3,1,1,0,0,1,0
9606.ENSP00000451223,0.2,0,1,0,0.25,0.25,0.25,0.25
9606.ENSP00000261980,0,0,0,0,1,0,0,0
9606.ENSP00000344393,60.6,110.2,1,1,0,1,0,0
9606.ENSP00000451040,20,0.1,1,1,0.25,0.25,0.25,0.25
9606.ENSP00000238609,4.3,6.5,1,1,0.25,0.25,0.25,0.25
9606.ENSP00000377577,1.8,4.7,1,1,1,0,0,0
9606.ENSP00000238616,20.3,26.8,1,1,1,0,0,0
9606.ENSP00000238618,29.3,5.5,1,1,0,1,0,0
9606.ENSP00000238628,0.2,40.6,1,1,0,1,0,0
9606.ENSP00000451112,325.3,198.7,1,1,0,0,1,0
9606.ENSP00000452037,4.4,6.5,1,1,0,1,0,0
9606.ENSP00000238647,11.9,54.5,1,1,0,0,1,0
9606.ENSP00000238651,104.2,29,1,1,0,0,1,0
9606.ENSP00000261978,1.4,0.2,1,1,1,0,0,0
9606.ENSP00000348714,15.6,12.4,1,1,1,0,0,0
9606.ENSP00000348020,5.8,11.7,1,1,0.25,0.25,0.25,0.25
9606.ENSP00000298832,11,5.5,1,1,0,0,1,0
9606.ENSP00000238667,11.5,17.8,1,1,0,1,0,0
9606.ENSP00000349396,6.2,21.7,1,1,1,0,0,0
9606.ENSP00000335304,75.8,37.8,1,1,0,0,0,1
9606.ENSP00000305924,1.6,0.5,1,1,0,1,0,0
9606.ENSP00000238682,1,0.7,1,1,0.25,0.25,0.25,0.25
9606.ENSP00000435550,2.7,6.2,1,1,1,0,0,0
9606.ENSP00000450909,802.3,945.7,1,1,1,0,0,0
9606.ENSP00000261973,59.6,80.1,1,1,0,1,0,0
9606.ENSP00000450436,21.5,547,1,1,0,0,0,1
9606.ENSP00000434045,0.2,0,1,0,0.25,0.25,0.25,0.25
9606.ENSP00000422488,0,0,0,0,0.25,0.25,0.25,0.25
9606.ENSP00000266126,6,12.9,1,1,0,0,0,1
9606.ENSP00000346335,1.3,37.1,1,1,0,1,0,0
9606.ENSP00000333946,13.8,17.2,1,1,0,1,0,0
9606.ENSP00000407130,25.7,0.3,1,1,0.25,0.25,0.25,0.25
9606.ENSP00000238738,15,12.2,1,1,0.25,0.25,0.25,0.25
9606.ENSP00000378195,3,0.2,1,1,0.25,0.25,0.25,0.25
9606.ENSP00000336750,40.5,12.5,1,1,1,0,0,0
9606.ENSP00000420659,0,1.2,0,1,0,0,0,1
9606.ENSP00000264709,31.5,4.7,1,1,0,0,0,1
9606.ENSP00000238788,118.9,25.2,1,1,0.25,0.25,0.25,0.25
9606.ENSP00000238789,6.6,8.1,1,1,0,1,0,0
9606.ENSP00000370373,43.8,10.7,1,1,0,1,0,0
9606.ENSP00000368237,60.8,31.3,1,1,1,0,0,0
9606.ENSP00000368835,23.8,43.9,1,1,0,0,1,0
9606.ENSP00000238823,59.8,24.7,1,1,0.25,0.25,0.25,0.25
9606.ENSP00000238831,11,76,1,1,1,0,0,0
9606.ENSP00000238855,24.6,33.8,1,1,1,0,0,0
9606.ENSP00000238875,21.2,9.5,1,1,0,0,0,1
9606.ENSP00000263655,0.1,0.7,1,1,0.25,0.25,0.25,0.25
9606.ENSP00000338774,0.3,0,1,0,1,0,0,0
9606.ENSP00000238892,5,77.1,1,1,0,0,1,0
9606.ENSP00000263735,223.8,0.5,1,1,1,0,0,0
9606.ENSP00000348019,16.4,28.9,1,1,0.25,0.25,0.25,0.25
9606.ENSP00000359464,1.4,4.2,1,1,0.25,0.25,0.25,0.25
9606.ENSP00000359292,25.2,10.6,1,1,0,0,1,0
9606.ENSP00000265986,17.5,28.5,1,1,0,1,0,0
9606.ENSP00000358430,2,0.5,1,1,0.25,0.25,0.25,0.25
9606.ENSP00000359022,0.7,0.4,1,1,1,0,0,0
9606.ENSP00000360883,1.5,12.6,1,1,0,0,1,0
9606.ENSP00000342828,0,0,0,0,0.25,0.25,0.25,0.25
9606.ENSP00000360891,0.1,6.9,1,1,1,0,0,0
9606.ENSP00000265276,63.5,149.2,1,1,0,1,0,0
9606.ENSP00000359507,36,25.3,1,1,0,0,1,0
9606.ENSP00000238994,6.1,65.5,1,1,0,0,1,0
9606.ENSP00000359607,0.9,2.2,1,1,0,0,1,0
9606.ENSP00000349147,3.5,0,1,0,1,0,0,0
9606.ENSP00000331152,16.7,58.5,1,1,1,0,0,0
9606.ENSP00000358616,31,27,1,1,0.25,0.25,0.25,0.25
9606.ENSP00000419126,5.3,3.3,1,1,0,1,0,0
9606.ENSP00000377601,51.2,3.3,1,1,1,0,0,0
9606.ENSP00000239032,0,0,0,0,1,0,0,0
9606.ENSP00000483364,48.1,16.9,1,1,1,0,0,0
9606.ENSP00000354688,30.7,57.4,1,1,0.25,0.25,0.25,0.25
9606.ENSP00000359660,50.1,58.6,1,1,0,0,1,0
9606.ENSP00000263461,15.3,28.5,1,1,0,1,0,0
9606.ENSP00000359050,16.8,12.6,1,1,1,0,0,0
9606.ENSP00000420040,2.2,0.1,1,1,0.25,0.25,0.25,0.25
9606.ENSP00000358718,0,0,0,0,1,0,0,0
9606.ENSP00000359539,100.8,194.4,1,1,0,0,1,0
9606.ENSP00000359446,20.5,35.8,1,1,0.25,0.25,0.25,0.25
9606.ENSP00000239125,5,0.3,1,1,0.25,0.25,0.25,0.25
9606.ENSP00000266066,0.5,0.2,1,1,0.25,0.25,0.25,0.25
9606.ENSP00000400717,29.9,13.1,1,1,0,0,1,0
9606.ENSP00000239144,0,0,0,0,0.25,0.25,0.25,0.25
9606.ENSP00000262419,11.1,27.2,1,1,0,1,0,0
9606.ENSP00000239151,0,0,0,0,0.25,0.25,0.25,0.25
9606.ENSP00000381333,0,0,0,0,1,0,0,0
9606.ENSP00000417207,0,0.7,0,1,0,0,1,0
9606.ENSP00000355140,0,0,0,0,0.25,0.25,0.25,0.25
9606.ENSP00000239223,15.2,313.1,1,1,0.25,0.25,0.25,0.25
9606.ENSP00000239231,22.6,78.3,1,1,0,0,1,0
9606.ENSP00000239243,0,0,0,0,1,0,0,0
9606.ENSP00000369375,0,1.7,0,1,1,0,0,0
9606.ENSP00000371169,27.2,199.3,1,1,0.25,0.25,0.25,0.25
9606.ENSP00000369431,25.2,38,1,1,0,0,1,0
9606.ENSP00000369371,0,0,0,0,1,0,0,0
9606.ENSP00000262244,0,2.1,0,1,0.25,0.25,0.25,0.25
9606.ENSP00000371054,0.1,0,1,0,1,0,0,0
9606.ENSP00000239316,0.3,0,1,0,0.25,0.25,0.25,0.25
9606.ENSP00000370886,1,0.1,1,1,1,0,0,0
9606.ENSP00000370989,0,0.9,0,1,1,0,0,0
9606.ENSP00000369558,0,0,0,0,0.25,0.25,0.25,0.25
9606.ENSP00000369553,0,0,0,0,0.25,0.25,0.25,0.25
9606.ENSP00000296526,0,0,0,0,1,0,0,0
9606.ENSP00000342262,42.9,5.4,1,1,0,1,0,0
9606.ENSP00000478253,51.9,1.3,1,1,0,0,0,1
9606.ENSP00000239367,36.6,0.4,1,1,0.25,0.25,0.25,0.25
9606.ENSP00000239374,1.6,1.9,1,1,1,0,0,0
9606.ENSP00000356354,165.4,115.3,1,1,1,0,0,0
9606.ENSP00000356297,0,4.1,0,1,0,0,1,0
9606.ENSP00000356214,0,1.9,0,1,0.25,0.25,0.25,0.25
9606.ENSP00000368245,0,0,0,0,1,0,0,0
9606.ENSP00000368266,0,0,0,0,1,0,0,0
9606.ENSP00000261811,76.6,102.9,1,1,1,0,0,0
9606.ENSP00000351100,12.8,14.6,1,1,0,0,1,0
9606.ENSP00000239440,0.2,0.2,1,1,0.25,0.25,0.25,0.25
9606.ENSP00000239444,0.5,0,1,0,0.25,0.25,0.25,0.25
9606.ENSP00000239446,0,0,0,0,0,1,0,0
9606.ENSP00000239449,0.4,1,1,1,0.25,0.25,0.25,0.25
9606.ENSP00000239450,0.1,0.1,1,1,0.25,0.25,0.25,0.25
9606.ENSP00000239451,0,0,0,0,0.25,0.25,0.25,0.25
9606.ENSP00000239462,0,0.1,0,1,1,0,0,0
9606.ENSP00000420714,22.4,75.9,1,1,1,0,0,0
9606.ENSP00000348527,4.3,1.3,1,1,0,1,0,0
9606.ENSP00000385470,0,0,0,0,0.25,0.25,0.25,0.25
9606.ENSP00000308339,4.1,8.8,1,1,1,0,0,0
9606.ENSP00000356737,2.7,7.8,1,1,0,0,1,0
9606.ENSP00000355799,0,0,0,0,0.25,0.25,0.25,0.25
9606.ENSP00000356015,370.8,227.6,1,1,0,0,1,0
9606.ENSP00000317334,445.5,45.6,1,1,0,0,1,0
9606.ENSP00000239587,0,0,0,0,0.25,0.25,0.25,0.25
9606.ENSP00000265909,0.1,21.4,1,1,0,0,1,0
9606.ENSP00000433295,0.1,0,1,0,0,0,1,0
9606.ENSP00000239614,5.1,2,1,1,0,0,1,0
9606.ENSP00000432743,0,0,0,0,1,0,0,0
9606.ENSP00000379226,0,0,0,0,1,0,0,0
9606.ENSP00000311538,0.4,0,1,0,1,0,0,0
9606.ENSP00000239666,49.2,22.1,1,1,0,0,1,0
9606.ENSP00000421275,9.4,8.3,1,1,0.25,0.25,0.25,0.25
9606.ENSP00000239690,14,6.5,1,1,1,0,0,0
9606.ENSP00000429986,195.6,439.6,1,1,1,0,0,0
9606.ENSP00000365107,13.7,2.7,1,1,1,0,0,0
9606.ENSP00000365637,19.9,20.2,1,1,0,1,0,0
9606.ENSP00000364650,0,0,0,0,0.25,0.25,0.25,0.25
9606.ENSP00000366460,0.6,2.4,1,1,0,0,1,0
9606.ENSP00000263062,19,29.8,1,1,0.25,0.25,0.25,0.25
9606.ENSP00000437554,0,0.3,0,1,0.25,0.25,0.25,0.25
9606.ENSP00000239830,15.8,2.1,1,1,0,1,0,0
9606.ENSP00000263974,16.2,38.3,1,1,0,0,1,0
9606.ENSP00000261488,0,0,0,0,1,0,0,0
9606.ENSP00000381775,0,1,0,1,1,0,0,0
9606.ENSP00000368793,20,5.7,1,1,0,0,1,0
9606.ENSP00000369210,0,0,0,0,0.25,0.25,0.25,0.25
9606.ENSP00000368523,7.3,284.2,1,1,0.25,0.25,0.25,0.25
9606.ENSP00000332034,26,5.1,1,1,0,0,1,0
9606.ENSP00000368970,49,125.1,1,1,0,0,1,0
9606.ENSP00000368801,15,77.3,1,1,0,0,0,1
9606.ENSP00000239882,41.9,25.9,1,1,0,1,0,0
9606.ENSP00000369154,8.9,0,1,0,0,1,0,0
9606.ENSP00000318687,85.6,25.2,1,1,0,1,0,0
9606.ENSP00000368797,5.6,27.3,1,1,0,1,0,0
9606.ENSP00000239891,41.2,76.7,1,1,0,0,1,0
9606.ENSP00000374354,71.5,21.3,1,1,0,1,0,0
9606.ENSP00000353741,115.4,48.6,1,1,0,0,1,0
9606.ENSP00000416330,495.7,28.3,1,1,1,0,0,0
9606.ENSP00000239906,25.3,8.4,1,1,0,0,1,0
9606.ENSP00000378294,36.2,126,1,1,0,0,1,0
9606.ENSP00000378275,120.9,139.2,1,1,0,0,1,0
9606.ENSP00000239926,0,0,0,0,1,0,0,0
9606.ENSP00000326563,23.3,18,1,1,0,0,1,0
9606.ENSP00000239938,7.7,154.4,1,1,1,0,0,0
9606.ENSP00000420076,169.4,499.5,1,1,0,1,0,0
9606.ENSP00000336831,12.1,29,1,1,1,0,0,0
9606.ENSP00000343581,6.9,0.8,1,1,0.25,0.25,0.25,0.25
9606.ENSP00000333275,15.9,10.9,1,1,1,0,0,0
9606.ENSP00000261637,16.6,5.6,1,1,0.25,0.25,0.25,0.25
9606.ENSP00000266732,74.6,46,1,1,0,0,1,0
9606.ENSP00000261636,98.4,49,1,1,0,1,0,0
9606.ENSP00000354053,0.2,0.4,1,1,0,0,0,1
9606.ENSP00000447651,14.2,16.4,1,1,1,0,0,0
9606.ENSP00000481249,1.7,11.8,1,1,0,1,0,0
9606.ENSP00000240055,20.7,26.7,1,1,1,0,0,0
9606.ENSP00000240079,21.7,35.4,1,1,1,0,0,0
9606.ENSP00000448165,6.8,5.8,1,1,1,0,0,0
9606.ENSP00000240100,0.6,0.4,1,1,0.25,0.25,0.25,0.25
9606.ENSP00000315130,839.7,3803.9,1,1,1,0,0,0
9606.ENSP00000276431,113.8,24.1,1,1,0,0,0,1
9606.ENSP00000240123,46.5,51.5,1,1,1,0,0,0
9606.ENSP00000380638,2.1,20.9,1,1,1,0,0,0
9606.ENSP00000385026,0.1,0,1,0,0.25,0.25,0.25,0.25
9606.ENSP00000369960,0,22.2,0,1,1,0,0,0
9606.ENSP00000380878,14.1,7.3,1,1,0,1,0,0
9606.ENSP00000312634,66.2,52.9,1,1,1,0,0,0
9606.ENSP00000430269,25.1,138.2,1,1,0,0,1,0
9606.ENSP00000445725,13,17.8,1,1,0,1,0,0
9606.ENSP00000365651,0.9,0,1,0,0.25,0.25,0.25,0.25
9606.ENSP00000366006,23.9,16.8,1,1,0.25,0.25,0.25,0.25
9606.ENSP00000240185,213.5,58.2,1,1,0,0,1,0
9606.ENSP00000263932,0,0.1,0,1,1,0,0,0
9606.ENSP00000240189,0,0,0,0,0.25,0.25,0.25,0.25
9606.ENSP00000430823,111.1,145.9,1,1,0.25,0.25,0.25,0.25
9606.ENSP00000320043,84.2,120,1,1,0,0,1,0
9606.ENSP00000262207,0.1,0,1,0,0,1,0,0
9606.ENSP00000350512,79.3,42.7,1,1,0,0,1,0
9606.ENSP00000240285,29.2,40.6,1,1,0.25,0.25,0.25,0.25
9606.ENSP00000225371,0,0,0,0,1,0,0,0
9606.ENSP00000478212,131,54.2,1,1,0,0,1,0
9606.ENSP00000240316,25.9,30,1,1,0,1,0,0
9606.ENSP00000323889,42.6,25.2,1,1,1,0,0,0
9606.ENSP00000262288,20.8,15.6,1,1,0,0,0,1
9606.ENSP00000377001,48.2,46.8,1,1,0.25,0.25,0.25,0.25
9606.ENSP00000240328,6.5,0,1,0,0,1,0,0
9606.ENSP00000240333,82.1,52.6,1,1,1,0,0,0
9606.ENSP00000240335,1.2,0,1,0,0.25,0.25,0.25,0.25
9606.ENSP00000240361,0,0.6,0,1,1,0,0,0
9606.ENSP00000240364,25.4,8.4,1,1,0,0,1,0
9606.ENSP00000240423,71.6,0.7,1,1,1,0,0,0
9606.ENSP00000337224,0.1,2.5,1,1,0.25,0.25,0.25,0.25
9606.ENSP00000386787,5.2,13.6,1,1,0,0,1,0
9606.ENSP00000240488,35.5,0.2,1,1,1,0,0,0
9606.ENSP00000369440,0.1,0.4,1,1,0.25,0.25,0.25,0.25
9606.ENSP00000378230,0.6,3.8,1,1,0.25,0.25,0.25,0.25
9606.ENSP00000396995,6.2,26.8,1,1,0,0,1,0
9606.ENSP00000378187,5.9,0.6,1,1,1,0,0,0
9606.ENSP00000306105,7.7,4.4,1,1,0.25,0.25,0.25,0.25
9606.ENSP00000240587,0,0.3,0,1,0,1,0,0
9606.ENSP00000360577,10.9,835.4,1,1,0,0,0,1
9606.ENSP00000240615,0,0,0,0,0.25,0.25,0.25,0.25
9606.ENSP00000240617,0.2,3.4,1,1,1,0,0,0
9606.ENSP00000240619,0.1,0,1,0,0.25,0.25,0.25,0.25
9606.ENSP00000374013,0,0,0,0,0.25,0.25,0.25,0.25
9606.ENSP00000240651,4.1,16,1,1,0,0,1,0
9606.ENSP00000240652,0,0.1,0,1,1,0,0,0
9606.ENSP00000240662,0,23,0,1,0,0,0,1
9606.ENSP00000240687,0,0,0,0,0.25,0.25,0.25,0.25
9606.ENSP00000309132,0,0.2,0,1,1,0,0,0
9606.ENSP00000240691,0,0,0,0,0.25,0.25,0.25,0.25
9606.ENSP00000343966,74.4,10.7,1,1,0,0,1,0
9606.ENSP00000365407,4,1.1,1,1,0,0,1,0
9606.ENSP00000263100,7.7,18.4,1,1,1,0,0,0
9606.ENSP00000470123,0.2,3.8,1,1,1,0,0,0
9606.ENSP00000299871,5.7,1.9,1,1,1,0,0,0
9606.ENSP00000263666,0,0,0,0,0,1,0,0
9606.ENSP00000457748,0,0.3,0,1,0.25,0.25,0.25,0.25
9606.ENSP00000263726,0.6,0.2,1,1,0.25,0.25,0.25,0.25
9606.ENSP00000356480,24.2,7.8,1,1,0,0,1,0
9606.ENSP00000356476,15.8,24.1,1,1,0,1,0,0
9606.ENSP00000310521,8,9.1,1,1,0.25,0.25,0.25,0.25
9606.ENSP00000264474,3.9,109.4,1,1,0,1,0,0
9606.ENSP00000335306,0,1.9,0,1,1,0,0,0
9606.ENSP00000264231,0.1,0.1,1,1,1,0,0,0
9606.ENSP00000420161,31.6,8.9,1,1,0,1,0,0
9606.ENSP00000240922,204.3,64,1,1,1,0,0,0
9606.ENSP00000264246,0,0,0,0,1,0,0,0
9606.ENSP00000263181,8.9,0,1,0,0,0,1,0
9606.ENSP00000358238,0,0,0,0,1,0,0,0
9606.ENSP00000306528,31,22.4,1,1,0.25,0.25,0.25,0.25
9606.ENSP00000241014,4.6,3,1,1,1,0,0,0
9606.ENSP00000478187,9.1,44.3,1,1,0,0,0,1
9606.ENSP00000241041,17.4,66.2,1,1,0,1,0,0
9606.ENSP00000241051,20.6,18.4,1,1,0.25,0.25,0.25,0.25
9606.ENSP00000241052,97.4,440.5,1,1,0,0,0,1
9606.ENSP00000391748,28.5,27.5,1,1,0,1,0,0
9606.ENSP00000479904,12.9,27.4,1,1,1,0,0,0
9606.ENSP00000348521,0,0,0,0,0.25,0.25,0.25,0.25
9606.ENSP00000241125,0,0,0,0,1,0,0,0
9606.ENSP00000448182,12.1,32,1,1,0,0,0,1
9606.ENSP00000362759,0,0,0,0,0.25,0.25,0.25,0.25
9606.ENSP00000384387,0,0,0,0,1,0,0,0
9606.ENSP00000480986,53.3,34.8,1,1,0,0,1,0
9606.ENSP00000362817,3.1,0.9,1,1,1,0,0,0
9606.ENSP00000313829,155.7,56.1,1,1,0,0,1,0
9606.ENSP00000338165,5.2,7,1,1,1,0,0,0
9606.ENSP00000349967,0,0.3,0,1,0,0,0,1
9606.ENSP00000292301,0,0.5,0,1,1,0,0,0
9606.ENSP00000358320,26.2,96,1,1,0,0,1,0
9606.ENSP00000241256,0,0,0,0,0.25,0.25,0.25,0.25
9606.ENSP00000241261,17.2,82.8,1,1,0.25,0.25,0.25,0.25
9606.ENSP00000325634,29.3,18.3,1,1,0,0,0,1
9606.ENSP00000420091,0,1.5,0,1,1,0,0,0
9606.ENSP00000263967,4.6,18.1,1,1,0,0,1,0
9606.ENSP00000303427,35.5,51.1,1,1,0,0,1,0
9606.ENSP00000371364,0.6,1,1,1,0.25,0.25,0.25,0.25
9606.ENSP00000261434,7.5,23,1,1,1,0,0,0
9606.ENSP00000241305,0,0.2,0,1,1,0,0,0
9606.ENSP00000362562,3.7,3.1,1,1,1,0,0,0
9606.ENSP00000355053,1.3,0.3,1,1,0,1,0,0
9606.ENSP00000362479,0,0,0,0,0.25,0.25,0.25,0.25
9606.ENSP00000362566,0,0,0,0,1,0,0,0
9606.ENSP00000358778,35.2,34.3,1,1,1,0,0,0
9606.ENSP00000358730,0,1.4,0,1,0.25,0.25,0.25,0.25
9606.ENSP00000349456,21.3,20.8,1,1,0,0,1,0
9606.ENSP00000385510,12.7,1.8,1,1,0,0,0,1
9606.ENSP00000376608,3,3.5,1,1,0.25,0.25,0.25,0.25
9606.ENSP00000386884,0,9.5,0,1,0.25,0.25,0.25,0.25
9606.ENSP00000264159,3.1,8.1,1,1,0.25,0.25,0.25,0.25
9606.ENSP00000241416,9.5,11,1,1,0,0,0,1
9606.ENSP00000241436,2.1,19.8,1,1,0.25,0.25,0.25,0.25
9606.ENSP00000423541,0,0,0,0,1,0,0,0
9606.ENSP00000241453,0,0.1,0,1,0.25,0.25,0.25,0.25
9606.ENSP00000346027,1634.9,5458.2,1,1,0,1,0,0
9606.ENSP00000370508,32,279,1,1,0,0,1,0
9606.ENSP00000370532,118.3,172.9,1,1,0,1,0,0
9606.ENSP00000241463,1.1,0.6,1,1,0,0,0,1
9606.ENSP00000370055,15.5,55.3,1,1,1,0,0,0
9606.ENSP00000241502,19.5,49.7,1,1,1,0,0,0
9606.ENSP00000480378,57.2,35.3,1,1,1,0,0,0
9606.ENSP00000360147,2,14.4,1,1,1,0,0,0
9606.ENSP00000349359,0,0.3,0,1,1,0,0,0
9606.ENSP00000360154,15.4,9.4,1,1,0,0,1,0
9606.ENSP00000417898,1.4,0,1,0,1,0,0,0
9606.ENSP00000441028,0,0,0,0,0.25,0.25,0.25,0.25
9606.ENSP00000360850,100.5,51.4,1,1,1,0,0,0
9606.ENSP00000362390,0,0,0,0,0.25,0.25,0.25,0.25
9606.ENSP00000347041,0,0.1,0,1,0.25,0.25,0.25,0.25
9606.ENSP00000241651,0,0,0,0,0.25,0.25,0.25,0.25
9606.ENSP00000406970,0,1,0,1,1,0,0,0
9606.ENSP00000308938,1.1,1638,1,1,1,0,0,0
9606.ENSP00000298569,79.3,45.6,1,1,0,0,1,0
9606.ENSP00000357048,88.7,66.3,1,1,0,0,1,0
9606.ENSP00000357012,0,0,0,0,0.25,0.25,0.25,0.25
9606.ENSP00000263285,0.1,0.8,1,1,0.25,0.25,0.25,0.25
9606.ENSP00000261374,0,0,0,0,1,0,0,0
9606.ENSP00000317872,50.7,51.5,1,1,0,1,0,0
9606.ENSP00000379773,39.2,16.9,1,1,0.25,0.25,0.25,0.25
9606.ENSP00000403681,0,0,0,0,1,0,0,0
9606.ENSP00000356071,4.6,3.7,1,1,0,0,1,0
9606.ENSP00000398610,89.1,44.4,1,1,0,1,0,0
9606.ENSP00000401437,0.1,0,1,0,1,0,0,0
9606.ENSP00000361141,0,0,0,0,1,0,0,0
9606.ENSP00000298784,30.9,34.2,1,1,1,0,0,0
9606.ENSP00000482445,88.6,232.5,1,1,0,0,1,0
9606.ENSP00000480401,10.6,8.3,1,1,0.25,0.25,0.25,0.25
9606.ENSP00000385903,54.1,55.5,1,1,0,0,1,0
9606.ENSP00000359345,2320.9,1343.7,1,1,0,0,1,0
9606.ENSP00000359600,0.6,6.7,1,1,0,0,1,0
9606.ENSP00000359793,0,2.1,0,1,0.25,0.25,0.25,0.25
9606.ENSP00000359160,11.9,9.1,1,1,0,1,0,0
9606.ENSP00000480740,0.4,0.1,1,1,1,0,0,0
9606.ENSP00000359221,11.5,2,1,1,0.25,0.25,0.25,0.25
9606.ENSP00000337008,19.3,25.6,1,1,0.25,0.25,0.25,0.25
9606.ENSP00000383808,7.1,3.9,1,1,0,0,1,0
9606.ENSP00000476948,2.4,7.8,1,1,0,0,1,0
9606.ENSP00000380880,55.4,155.3,1,1,0,0,1,0
9606.ENSP00000242067,3.5,2.2,1,1,0,0,1,0
9606.ENSP00000265849,9.2,2.8,1,1,1,0,0,0
9606.ENSP00000311778,14.2,12.1,1,1,0,1,0,0
9606.ENSP00000242104,0,0,0,0,0.25,0.25,0.25,0.25
9606.ENSP00000381992,71.1,92.3,1,1,1,0,0,0
9606.ENSP00000242108,9.9,13.8,1,1,0.25,0.25,0.25,0.25
9606.ENSP00000343273,26.6,5.8,1,1,0,0,1,0
9606.ENSP00000379390,15.5,21.3,1,1,1,0,0,0
9606.ENSP00000336687,219.2,254.8,1,1,0,1,0,0
9606.ENSP00000346694,169.8,391.3,1,1,0,0,1,0
9606.ENSP00000242140,0.1,0.2,1,1,1,0,0,0
9606.ENSP00000384551,0,0,0,0,0.25,0.25,0.25,0.25
9606.ENSP00000384364,0.2,0,1,0,1,0,0,0
9606.ENSP00000403396,16.6,15.1,1,1,0,0,1,0
9606.ENSP00000242159,0.2,0,1,0,0.25,0.25,0.25,0.25
9606.ENSP00000242208,0,16,0,1,0.25,0.25,0.25,0.25
9606.ENSP00000439250,44.2,11.6,1,1,0,0,0,1
9606.ENSP00000484415,29.1,19.2,1,1,0,0,1,0
9606.ENSP00000379898,33.3,23.4,1,1,0.25,0.25,0.25,0.25
9606.ENSP00000325681,13,16.5,1,1,0,0,1,0
9606.ENSP00000379174,1.6,7.2,1,1,0.25,0.25,0.25,0.25
9606.ENSP00000242249,0,6.1,0,1,0.25,0.25,0.25,0.25
9606.ENSP00000242257,30.1,0,1,0,0,0,1,0
9606.ENSP00000242261,0,0,0,0,0.25,0.25,0.25,0.25
9606.ENSP00000380336,24,25,1,1,0,0,1,0
9606.ENSP00000367196,0.4,0.7,1,1,0,1,0,0
9606.ENSP00000366945,15.1,2.3,1,1,0.25,0.25,0.25,0.25
9606.ENSP00000242285,234.2,211.3,1,1,0,1,0,0
9606.ENSP00000367202,1.9,2,1,1,0,1,0,0
9606.ENSP00000369045,1,0,1,0,1,0,0,0
9606.ENSP00000418379,0,0,0,0,0.25,0.25,0.25,0.25
9606.ENSP00000309477,34.5,176.4,1,1,0,0,1,0
9606.ENSP00000242315,0,0,0,0,1,0,0,0
9606.ENSP00000480538,0,0.1,0,1,1,0,0,0
9606.ENSP00000366953,4.5,37.6,1,1,0.25,0.25,0.25,0.25
9606.ENSP00000368265,0,1.3,0,1,0,1,0,0
9606.ENSP00000416040,2.5,0.8,1,1,0,1,0,0
9606.ENSP00000340507,97.4,29.9,1,1,1,0,0,0
9606.ENSP00000376823,42.9,25.8,1,1,0,0,1,0
9606.ENSP00000354826,94.1,678.6,1,1,0,1,0,0
9606.ENSP00000242375,16.6,213.6,1,1,0,0,1,0
9606.ENSP00000365174,0,0.9,0,1,1,0,0,0
9606.ENSP00000397082,0,0,0,0,1,0,0,0
9606.ENSP00000242462,0,0,0,0,0.25,0.25,0.25,0.25
9606.ENSP00000361850,1.5,0,1,0,1,0,0,0
9606.ENSP00000242465,0.4,17.2,1,1,1,0,0,0
9606.ENSP00000362207,15.9,0.1,1,1,1,0,0,0
9606.ENSP00000362993,2.6,1,1,1,0.25,0.25,0.25,0.25
9606.ENSP00000363041,20.8,287.7,1,1,0,0,1,0
9606.ENSP00000242480,0.1,1.1,1,1,0.25,0.25,0.25,0.25
9606.ENSP00000401566,31.5,8.7,1,1,1,0,0,0
9606.ENSP00000263556,101.5,28.1,1,1,0,0,1,0
9606.ENSP00000476815,2.5,35.2,1,1,0.25,0.25,0.25,0.25
9606.ENSP00000363055,115.1,3.5,1,1,0.25,0.25,0.25,0.25
9606.ENSP00000362480,44.5,30.6,1,1,0,1,0,0
9606.ENSP00000442053,30.9,8.3,1,1,0,1,0,0
9606.ENSP00000376306,6.6,0.8,1,1,1,0,0,0
9606.ENSP00000242591,8.9,3.5,1,1,1,0,0,0
9606.ENSP00000242592,28.7,199.8,1,1,0,0,0,1
9606.ENSP00000349181,0.9,0.3,1,1,1,0,0,0
9606.ENSP00000323858,62.7,36.6,1,1,1,0,0,0
9606.ENSP00000281928,8.4,27.7,1,1,1,0,0,0
9606.ENSP00000262662,25,11.4,1,1,0,0,1,0
9606.ENSP00000242719,25.8,63.2,1,1,0,0,1,0
9606.ENSP00000384491,1.2,5.9,1,1,0,1,0,0
9606.ENSP00000242728,0,0.1,0,1,0.25,0.25,0.25,0.25
9606.ENSP00000242729,0,0.2,0,1,0.25,0.25,0.25,0.25
9606.ENSP00000370744,34,107.2,1,1,0,0,1,0
9606.ENSP00000438040,7.2,26.8,1,1,0,0,1,0
9606.ENSP00000387380,0,0,0,0,1,0,0,0
9606.ENSP00000427793,46.3,80.2,1,1,0,0,1,0
9606.ENSP00000368605,33.6,10.7,1,1,1,0,0,0
9606.ENSP00000368646,331.3,551.4,1,1,0,0,1,0
9606.ENSP00000242776,108.9,12.9,1,1,0,1,0,0
9606.ENSP00000343325,76.4,8,1,1,0,0,1,0
9606.ENSP00000242784,335.7,375.9,1,1,1,0,0,0
9606.ENSP00000242786,7.9,3.3,1,1,1,0,0,0
9606.ENSP00000402653,7.8,9.8,1,1,0,0,1,0
9606.ENSP00000376753,70.3,17,1,1,0,0,0,1
9606.ENSP00000360165,0,0,0,0,1,0,0,0
9606.ENSP00000242819,0,0,0,0,1,0,0,0
9606.ENSP00000354774,9.6,58.2,1,1,0,0,1,0
9606.ENSP00000242827,79.6,303.3,1,1,0,0,0,1
9606.ENSP00000242839,24,24.6,1,1,0,0,1,0
9606.ENSP00000282007,24.8,203.2,1,1,0,0,1,0
9606.ENSP00000370372,14.1,28.4,1,1,0,0,1,0
9606.ENSP00000379911,31.2,0.8,1,1,0.25,0.25,0.25,0.25
9606.ENSP00000368022,24.2,35.9,1,1,0,0,1,0
9606.ENSP00000380333,12.4,0.1,1,1,0,1,0,0
9606.ENSP00000262053,22.2,20.3,1,1,1,0,0,0
9606.ENSP00000313877,68.5,1.2,1,1,0.25,0.25,0.25,0.25
9606.ENSP00000242994,0,0,0,0,1,0,0,0
9606.ENSP00000377380,0.1,1.2,1,1,0.25,0.25,0.25,0.25
9606.ENSP00000293373,0,1.6,0,1,0,1,0,0
9606.ENSP00000313437,0.1,0.6,1,1,0.25,0.25,0.25,0.25
9606.ENSP00000447942,564.6,26,1,1,0,1,0,0
9606.ENSP00000448228,26.2,6.3,1,1,1,0,0,0
9606.ENSP00000243045,45.5,84.7,1,1,0.25,0.25,0.25,0.25
9606.ENSP00000440864,12.9,10.3,1,1,1,0,0,0
9606.ENSP00000243052,0,0.4,0,1,1,0,0,0
9606.ENSP00000243056,0,0,0,0,1,0,0,0
9606.ENSP00000266970,36.2,8.8,1,1,1,0,0,0
9606.ENSP00000243077,77.9,168.5,1,1,0,0,1,0
9606.ENSP00000446680,0,0,0,0,0.25,0.25,0.25,0.25
9606.ENSP00000338990,108.2,50.2,1,1,0,0,1,0
9606.ENSP00000439120,6.6,0.2,1,1,1,0,0,0
9606.ENSP00000243103,0,0,0,0,0.25,0.25,0.25,0.25
9606.ENSP00000262032,2.4,4.9,1,1,0,0,1,0
9606.ENSP00000424191,39,54.6,1,1,0.25,0.25,0.25,0.25
9606.ENSP00000336799,1802.9,115.6,1,1,0,1,0,0
9606.ENSP00000300209,10.3,2.5,1,1,0.25,0.25,0.25,0.25
9606.ENSP00000415106,5.9,8.3,1,1,1,0,0,0
9606.ENSP00000360938,38.1,109.4,1,1,0,0,0,1
9606.ENSP00000376776,3.3,0.7,1,1,1,0,0,0
9606.ENSP00000460964,59,42.4,1,1,0,0,1,0
9606.ENSP00000360944,13.6,0.4,1,1,0.25,0.25,0.25,0.25
9606.ENSP00000414109,44,0.2,1,1,0,0,1,0
9606.ENSP00000361004,0,0.2,0,1,0.25,0.25,0.25,0.25
9606.ENSP00000327368,0.2,0,1,0,0.25,0.25,0.25,0.25
9606.ENSP00000357880,107.8,58.9,1,1,0,0,1,0
9606.ENSP00000358272,7.6,67.9,1,1,0,0,0,1
9606.ENSP00000333376,6.6,4.1,1,1,0,1,0,0
9606.ENSP00000481006,0.2,0,1,0,1,0,0,0
9606.ENSP00000329374,116,165.2,1,1,1,0,0,0
9606.ENSP00000394417,377.4,200.4,1,1,0,0,1,0
9606.ENSP00000354723,0,0,0,0,0.25,0.25,0.25,0.25
9606.ENSP00000243298,0,0,0,0,1,0,0,0
9606.ENSP00000434830,0,0,0,0,1,0,0,0
9606.ENSP00000417581,12.5,15.7,1,1,1,0,0,0
9606.ENSP00000361669,0,0,0,0,1,0,0,0
9606.ENSP00000471017,0,0,0,0,0.25,0.25,0.25,0.25
9606.ENSP00000369996,0,0,0,0,0.25,0.25,0.25,0.25
9606.ENSP00000420127,18.4,22.7,1,1,0,1,0,0
9606.ENSP00000480056,20.4,10.7,1,1,0.25,0.25,0.25,0.25
9606.ENSP00000243344,15.1,10.6,1,1,0,1,0,0
9606.ENSP00000243346,2.4,23.2,1,1,0,0,1,0
9606.ENSP00000243347,0,0,0,0,1,0,0,0
9606.ENSP00000243349,0.3,4,1,1,0,0,1,0
9606.ENSP00000376534,5.9,28.7,1,1,0,1,0,0
9606.ENSP00000243389,7.1,1.3,1,1,0,0,0,1
9606.ENSP00000355964,21.6,45.4,1,1,0.25,0.25,0.25,0.25
9606.ENSP00000243440,0,0.1,0,1,0.25,0.25,0.25,0.25
9606.ENSP00000355996,0.4,175,1,1,0.25,0.25,0.25,0.25
9606.ENSP00000243457,0,0,0,0,0,0,1,0
9606.ENSP00000340274,19.3,39.9,1,1,0.25,0.25,0.25,0.25
9606.ENSP00000368984,42.5,6.2,1,1,0,0,1,0
9606.ENSP00000243501,11.2,58.8,1,1,0,0,1,0
9606.ENSP00000243578,4.1,6,1,1,1,0,0,0
9606.ENSP00000315118,9.6,16.5,1,1,0,0,1,0
9606.ENSP00000356047,5.5,6.3,1,1,1,0,0,0
9606.ENSP00000356037,41.7,862.1,1,1,1,0,0,0
9606.ENSP00000243611,146.6,662,1,1,1,0,0,0
9606.ENSP00000243662,0,0,0,0,0.25,0.25,0.25,0.25
9606.ENSP00000243673,0.1,0.1,1,1,0.25,0.25,0.25,0.25
9606.ENSP00000220592,9.6,11.6,1,1,0,0,0,1
9606.ENSP00000337889,30.5,31.9,1,1,0.25,0.25,0.25,0.25
9606.ENSP00000364976,548.3,32.6,1,1,0,0,1,0
9606.ENSP00000311899,0,0,0,0,1,0,0,0
9606.ENSP00000350012,114.3,46.6,1,1,0,0,0,1
9606.ENSP00000243776,163.2,51.8,1,1,0,1,0,0
9606.ENSP00000273075,65.4,52.5,1,1,0,0,0,1
9606.ENSP00000243786,8.7,0,1,0,1,0,0,0
9606.ENSP00000406674,0.4,2.3,1,1,0.25,0.25,0.25,0.25
9606.ENSP00000385636,136.9,12.3,1,1,0,0,1,0
9606.ENSP00000386895,0.1,1,1,1,0,1,0,0
9606.ENSP00000395983,51.7,8.7,1,1,0,0,1,0
9606.ENSP00000243878,13.8,25.4,1,1,0,1,0,0
9606.ENSP00000243911,0,0,0,0,1,0,0,0
9606.ENSP00000482600,0.1,0,1,0,0.25,0.25,0.25,0.25
9606.ENSP00000415579,0.2,0.2,1,1,1,0,0,0
9606.ENSP00000360437,125.8,145.6,1,1,0,0,1,0
9606.ENSP00000243924,0.6,0,1,0,1,0,0,0
9606.ENSP00000360379,0.2,0,1,0,0.25,0.25,0.25,0.25
9606.ENSP00000418593,6.7,2.9,1,1,1,0,0,0
9606.ENSP00000342082,1.2,476.1,1,1,1,0,0,0
9606.ENSP00000243938,0,0.6,0,1,0.25,0.25,0.25,0.25
9606.ENSP00000361995,12.3,58.1,1,1,0,0,0,1
9606.ENSP00000361009,0,1.8,0,1,1,0,0,0
9606.ENSP00000307694,0,0,0,0,0.25,0.25,0.25,0.25
9606.ENSP00000387694,22.2,1.7,1,1,1,0,0,0
9606.ENSP00000362442,2.1,0,1,0,0.25,0.25,0.25,0.25
9606.ENSP00000361818,98.2,230.4,1,1,0,0,1,0
9606.ENSP00000361066,38.1,16,1,1,0,0,1,0
9606.ENSP00000279036,106.3,36.9,1,1,0.25,0.25,0.25,0.25
9606.ENSP00000361855,0,0,0,0,1,0,0,0
9606.ENSP00000361842,0,0.2,0,1,0.25,0.25,0.25,0.25
9606.ENSP00000290231,47.5,8.9,1,1,0,0,1,0
9606.ENSP00000417175,42.3,37.8,1,1,0,0,1,0
9606.ENSP00000360672,8.9,17.4,1,1,0.25,0.25,0.25,0.25
9606.ENSP00000243997,163.2,3427.7,1,1,0.25,0.25,0.25,0.25
9606.ENSP00000362330,14.9,22.3,1,1,0.25,0.25,0.25,0.25
9606.ENSP00000244007,58.9,2.1,1,1,0,1,0,0
9606.ENSP00000344724,0,1.2,0,1,1,0,0,0
9606.ENSP00000244020,110.6,86.9,1,1,0,0,1,0
9606.ENSP00000440498,0.1,0,1,0,1,0,0,0
9606.ENSP00000362094,0,0,0,0,1,0,0,0
9606.ENSP00000360985,31.1,24.8,1,1,0,1,0,0
9606.ENSP00000379412,9.7,11.2,1,1,0,0,0,1
9606.ENSP00000360069,0,0,0,0,0.25,0.25,0.25,0.25
9606.ENSP00000337128,0,0,0,0,0.25,0.25,0.25,0.25
9606.ENSP00000262982,189.6,27.8,1,1,1,0,0,0
9606.ENSP00000344166,7.8,0,1,0,0.25,0.25,0.25,0.25
9606.ENSP00000244040,8.9,26.3,1,1,0,0,1,0
9606.ENSP00000244043,0,1,0,1,0,0,1,0
9606.ENSP00000360922,246.3,165.8,1,1,0,0,1,0
9606.ENSP00000339390,0.1,0.1,1,1,1,0,0,0
9606.ENSP00000244050,5.4,0,1,0,0,0,0,1
9606.ENSP00000244051,8.5,6.2,1,1,0,0,1,0
9606.ENSP00000360183,54.1,26,1,1,0,1,0,0
9606.ENSP00000345826,0.2,0.8,1,1,0.25,0.25,0.25,0.25
9606.ENSP00000244061,188.1,73.9,1,1,1,0,0,0
9606.ENSP00000396747,0,0,0,0,0.25,0.25,0.25,0.25
9606.ENSP00000483495,100.8,27.6,1,1,1,0,0,0
9606.ENSP00000341243,0,0,0,0,1,0,0,0
9606.ENSP00000361867,0,0,0,0,1,0,0,0
9606.ENSP00000360210,0,0,0,0,1,0,0,0
9606.ENSP00000351642,9.8,0.2,1,1,0,0,1,0
9606.ENSP00000361952,0,0.2,0,1,0.25,0.25,0.25,0.25
9606.ENSP00000361811,0.5,0,1,0,1,0,0,0
9606.ENSP00000319814,3.1,1063.7,1,1,0,1,0,0
9606.ENSP00000360215,1.1,0.7,1,1,1,0,0,0
9606.ENSP00000361596,10,5.7,1,1,0,0,1,0
9606.ENSP00000244096,0.1,0,1,0,1,0,0,0
9606.ENSP00000264668,17.9,17.4,1,1,0,1,0,0
9606.ENSP00000264669,10.2,9.8,1,1,1,0,0,0
9606.ENSP00000244137,101.1,198.8,1,1,0,1,0,0
9606.ENSP00000262622,0,0,0,0,1,0,0,0
9606.ENSP00000379712,0.7,0.5,1,1,0.25,0.25,0.25,0.25
9606.ENSP00000262640,20.7,23.3,1,1,0,0,1,0
9606.ENSP00000244174,0,0,0,0,1,0,0,0
9606.ENSP00000411004,0,0,0,0,0.25,0.25,0.25,0.25
9606.ENSP00000377633,58.1,52.4,1,1,0,0,1,0
9606.ENSP00000477639,29.2,11.5,1,1,1,0,0,0
9606.ENSP00000244217,68.7,96.9,1,1,0.25,0.25,0.25,0.25
9606.ENSP00000244221,0.3,74.8,1,1,0,1,0,0
9606.ENSP00000244227,38.7,79.4,1,1,0,0,1,0
9606.ENSP00000244230,136.7,32.7,1,1,0,0,1,0
9606.ENSP00000244241,0,0,0,0,1,0,0,0
9606.ENSP00000371084,0.8,1.8,1,1,0,0,1,0
9606.ENSP00000261497,105.7,58.9,1,1,0,0,1,0
9606.ENSP00000262753,0.1,0,1,0,1,0,0,0
9606.ENSP00000366898,0.2,0.7,1,1,0,0,1,0
9606.ENSP00000337852,14.1,22,1,1,0.25,0.25,0.25,0.25
9606.ENSP00000244314,0,0,0,0,1,0,0,0
9606.ENSP00000269973,6.2,1.6,1,1,0.25,0.25,0.25,0.25
9606.ENSP00000244333,0.9,0.4,1,1,1,0,0,0
9606.ENSP00000305005,0,0,0,0,1,0,0,0
9606.ENSP00000244336,0.1,0,1,0,1,0,0,0
9606.ENSP00000367301,0,0,0,0,0.25,0.25,0.25,0.25
9606.ENSP00000316357,19.8,57.8,1,1,0,0,1,0
9606.ENSP00000339155,0,0,0,0,1,0,0,0
9606.ENSP00000264870,0,0.2,0,1,1,0,0,0
9606.ENSP00000440556,0,0,0,0,1,0,0,0
9606.ENSP00000439689,0,0,0,0,1,0,0,0
9606.ENSP00000484060,0,0,0,0,1,0,0,0
9606.ENSP00000349143,12.2,3.2,1,1,0,0,0,1
9606.ENSP00000476228,18.8,36.2,1,1,0,0,1,0
9606.ENSP00000399585,87.6,14.7,1,1,0.25,0.25,0.25,0.25
9606.ENSP00000370150,98.1,21.3,1,1,0,1,0,0
9606.ENSP00000244496,111.1,31.7,1,1,0,0,1,0
9606.ENSP00000244513,0.2,0,1,0,1,0,0,0
9606.ENSP00000244520,474.3,131.1,1,1,0,0,1,0
9606.ENSP00000380250,0,14,0,1,0.25,0.25,0.25,0.25
9606.ENSP00000244527,0.3,8.8,1,1,0.25,0.25,0.25,0.25
9606.ENSP00000484343,57.2,29.4,1,1,0,0,1,0
9606.ENSP00000265351,52.5,4,1,1,1,0,0,0
9606.ENSP00000361608,23.3,1.7,1,1,0,1,0,0
9606.ENSP00000244534,0,1.8,0,1,0,0,1,0
9606.ENSP00000303511,8.2,11.1,1,1,1,0,0,0
9606.ENSP00000369822,67.7,223.4,1,1,0,0,1,0
9606.ENSP00000420484,68.3,79,1,1,0,0,1,0
9606.ENSP00000244565,3,24.6,1,1,1,0,0,0
9606.ENSP00000244571,14.8,3.7,1,1,0,0,1,0
9606.ENSP00000244573,0,3.8,0,1,1,0,0,0
9606.ENSP00000244576,1,0,1,0,0.25,0.25,0.25,0.25
9606.ENSP00000481646,4266.7,787.7,1,1,0,0,1,0
9606.ENSP00000362282,13.2,31.8,1,1,1,0,0,0
9606.ENSP00000476136,1.2,2.5,1,1,0,0,0,1
9606.ENSP00000265350,29.7,8.9,1,1,0.25,0.25,0.25,0.25
9606.ENSP00000244623,0.1,0.1,1,1,0.25,0.25,0.25,0.25
9606.ENSP00000361967,31,12.8,1,1,0,1,0,0
9606.ENSP00000363149,0,0,0,0,0.25,0.25,0.25,0.25
9606.ENSP00000308708,0,0,0,0,1,0,0,0
9606.ENSP00000410818,44.4,14.1,1,1,0.25,0.25,0.25,0.25
9606.ENSP00000244669,0.3,0,1,0,1,0,0,0
9606.ENSP00000313995,110.2,30.7,1,1,1,0,0,0
9606.ENSP00000361894,9.7,1154.2,1,1,0,0,1,0
9606.ENSP00000333363,0,0,0,0,0.25,0.25,0.25,0.25
9606.ENSP00000244709,0,0.8,0,1,0,0,0,1
9606.ENSP00000244711,157.5,67.1,1,1,0,1,0,0
9606.ENSP00000359942,0.4,0.1,1,1,0.25,0.25,0.25,0.25
9606.ENSP00000244728,0,0,0,0,0.25,0.25,0.25,0.25
9606.ENSP00000384849,102.6,68.8,1,1,0,1,0,0
9606.ENSP00000244745,9.1,5.5,1,1,0,0,1,0
9606.ENSP00000362463,187.3,119.8,1,1,0,0,1,0
9606.ENSP00000244751,0,1.4,0,1,1,0,0,0
9606.ENSP00000362328,0,0.3,0,1,0.25,0.25,0.25,0.25
9606.ENSP00000369270,25.5,57.1,1,1,1,0,0,0
9606.ENSP00000244763,314.1,125.4,1,1,0,0,1,0
9606.ENSP00000369162,32.9,9.1,1,1,1,0,0,0
9606.ENSP00000480483,0,1.3,0,1,0.25,0.25,0.25,0.25
9606.ENSP00000368981,12.2,24.5,1,1,0,0,1,0
9606.ENSP00000369391,31.3,8.4,1,1,0.25,0.25,0.25,0.25
9606.ENSP00000244769,7.4,21.3,1,1,0,0,1,0
9606.ENSP00000444029,46,25.2,1,1,0,0,1,0
9606.ENSP00000380414,239.4,132.6,1,1,0,0,1,0
9606.ENSP00000369038,189.8,33,1,1,1,0,0,0
9606.ENSP00000338276,0,0,0,0,1,0,0,0
9606.ENSP00000360493,0,0.3,0,1,1,0,0,0
9606.ENSP00000360255,0,0,0,0,1,0,0,0
9606.ENSP00000368805,0,0,0,0,0.25,0.25,0.25,0.25
9606.ENSP00000375857,54.6,128.4,1,1,1,0,0,0
9606.ENSP00000264601,53.2,114.4,1,1,0,0,1,0
9606.ENSP00000226317,0.1,0.4,1,1,0.25,0.25,0.25,0.25
9606.ENSP00000244869,0.8,1.3,1,1,0.25,0.25,0.25,0.25
9606.ENSP00000395086,0,0,0,0,0.25,0.25,0.25,0.25
9606.ENSP00000278836,27.5,4.2,1,1,0.25,0.25,0.25,0.25
9606.ENSP00000244926,0,0,0,0,1,0,0,0
9606.ENSP00000244930,0,0.2,0,1,1,0,0,0
9606.ENSP00000367263,35.4,79.1,1,1,0,1,0,0
9606.ENSP00000245046,44.3,104.3,1,1,0,1,0,0
9606.ENSP00000439378,30.4,0,1,0,1,0,0,0
9606.ENSP00000293549,0,0,0,0,0.25,0.25,0.25,0.25
9606.ENSP00000245105,7,6,1,1,0.25,0.25,0.25,0.25
9606.ENSP00000320949,191.7,41.7,1,1,0,0,0,1
9606.ENSP00000245157,27.7,6,1,1,1,0,0,0
9606.ENSP00000391397,26.4,17302.5,1,1,0.25,0.25,0.25,0.25
9606.ENSP00000245185,650.2,22860.8,1,1,0.25,0.25,0.25,0.25
9606.ENSP00000219139,66.2,42,1,1,0,0,1,0
9606.ENSP00000245206,158.2,169.1,1,1,0,0,0,1
9606.ENSP00000344277,72.2,19,1,1,0,1,0,0
9606.ENSP00000245255,0,0,0,0,1,0,0,0
9606.ENSP00000343428,0.1,0,1,0,1,0,0,0
9606.ENSP00000365533,14.1,113.1,1,1,0,0,0,1
9606.ENSP00000343871,21.2,12.5,1,1,1,0,0,0
9606.ENSP00000245304,13.4,17.1,1,1,0,0,1,0
9606.ENSP00000245312,0,0,0,0,1,0,0,0
9606.ENSP00000366084,7.2,0.3,1,1,1,0,0,0
9606.ENSP00000245323,0,1.3,0,1,0,0,1,0
9606.ENSP00000366144,0,0,0,0,1,0,0,0
9606.ENSP00000365567,109.3,144.6,1,1,0,0,1,0
9606.ENSP00000313500,6.5,0.3,1,1,0,0,1,0
9606.ENSP00000388878,0,0.1,0,1,0.25,0.25,0.25,0.25
9606.ENSP00000245414,8.6,19.9,1,1,1,0,0,0
9606.ENSP00000276201,15.4,25.7,1,1,0,1,0,0
9606.ENSP00000360497,22.1,19.4,1,1,0,0,1,0
9606.ENSP00000341524,26.7,13.1,1,1,0,0,1,0
9606.ENSP00000310110,0.3,0,1,0,1,0,0,0
9606.ENSP00000360492,657.3,1133.8,1,1,0,0,0,1
9606.ENSP00000370088,0,0,0,0,0.25,0.25,0.25,0.25
9606.ENSP00000308334,17.6,28,1,1,0.25,0.25,0.25,0.25
9606.ENSP00000245451,248.2,1.2,1,1,1,0,0,0
9606.ENSP00000245457,0,0.8,0,1,0.25,0.25,0.25,0.25
9606.ENSP00000324587,12.8,4.9,1,1,1,0,0,0
9606.ENSP00000381129,2.4,2.1,1,1,1,0,0,0
9606.ENSP00000245479,106.7,2.9,1,1,1,0,0,0
9606.ENSP00000379263,0.4,0.1,1,1,1,0,0,0
9606.ENSP00000245503,0,0,0,0,1,0,0,0
9606.ENSP00000354213,18.8,36.6,1,1,0.25,0.25,0.25,0.25
9606.ENSP00000369407,3.2,3.4,1,1,0.25,0.25,0.25,0.25
9606.ENSP00000245539,193,111.1,1,1,0,0,1,0
9606.ENSP00000438085,21.4,8.3,1,1,0,0,1,0
9606.ENSP00000245543,13.9,3.6,1,1,0,0,1,0
9606.ENSP00000245544,54.2,24.7,1,1,0,0,1,0
9606.ENSP00000385312,53.3,2.9,1,1,0.25,0.25,0.25,0.25
9606.ENSP00000463334,16.9,12.2,1,1,0,1,0,0
9606.ENSP00000245552,41.3,44.2,1,1,0,1,0,0
9606.ENSP00000245564,16.6,3.3,1,1,0,0,1,0
9606.ENSP00000333920,8.5,10.3,1,1,0,0,1,0
9606.ENSP00000361219,12.6,8,1,1,0.25,0.25,0.25,0.25
9606.ENSP00000361232,13.1,3,1,1,0.25,0.25,0.25,0.25
9606.ENSP00000263610,0,0,0,0,1,0,0,0
9606.ENSP00000336769,0,0,0,0,0.25,0.25,0.25,0.25
9606.ENSP00000263433,38.1,13.1,1,1,0,0,0,1
9606.ENSP00000245615,15.7,18.2,1,1,1,0,0,0
9606.ENSP00000217188,0,0,0,0,0.25,0.25,0.25,0.25
9606.ENSP00000336764,0.3,0,1,0,0.25,0.25,0.25,0.25
9606.ENSP00000266077,28.4,118.8,1,1,0.25,0.25,0.25,0.25
9606.ENSP00000358783,0,0,0,0,0.25,0.25,0.25,0.25
9606.ENSP00000480914,0,0,0,0,0.25,0.25,0.25,0.25
9606.ENSP00000480998,0,0,0,0,0.25,0.25,0.25,0.25
9606.ENSP00000359198,38,224.1,1,1,0.25,0.25,0.25,0.25
9606.ENSP00000263341,0.1,0.4,1,1,0.25,0.25,0.25,0.25
9606.ENSP00000352458,0,67,0,1,0.25,0.25,0.25,0.25
9606.ENSP00000263326,0.3,0,1,0,1,0,0,0
9606.ENSP00000325655,41.6,229.3,1,1,0,0,1,0
9606.ENSP00000263334,4.3,0.2,1,1,1,0,0,0
9606.ENSP00000245787,61.3,50.5,1,1,0,0,1,0
9606.ENSP00000444136,32.1,12.3,1,1,0.25,0.25,0.25,0.25
9606.ENSP00000365477,23.7,4.7,1,1,0,1,0,0
9606.ENSP00000245796,1.3,45.1,1,1,1,0,0,0
9606.ENSP00000301454,44.5,36.5,1,1,1,0,0,0
9606.ENSP00000245810,1.3,2.3,1,1,1,0,0,0
9606.ENSP00000377969,76,32.2,1,1,0,1,0,0
9606.ENSP00000245812,50.4,316.8,1,1,0,0,1,0
9606.ENSP00000245816,95.8,111.6,1,1,0,0,1,0
9606.ENSP00000245817,3.4,0,1,0,0.25,0.25,0.25,0.25
9606.ENSP00000481554,0,6.6,0,1,1,0,0,0
9606.ENSP00000245838,51.5,34.3,1,1,0,0,1,0
9606.ENSP00000300651,26.6,20,1,1,1,0,0,0
9606.ENSP00000420311,4252.7,1815.5,1,1,0,0,1,0
9606.ENSP00000322159,8.6,10.3,1,1,0,1,0,0
9606.ENSP00000245903,0.3,0.2,1,1,0.25,0.25,0.25,0.25
9606.ENSP00000245907,1295.1,3195,1,1,1,0,0,0
9606.ENSP00000245908,2.7,3.3,1,1,0,1,0,0
9606.ENSP00000320117,45,2.8,1,1,1,0,0,0
9606.ENSP00000264080,33.2,22.7,1,1,1,0,0,0
9606.ENSP00000469049,2.5,10.5,1,1,0,0,1,0
9606.ENSP00000245919,0.6,70.5,1,1,1,0,0,0
9606.ENSP00000319817,12.4,19.8,1,1,0,0,1,0
9606.ENSP00000342374,866.5,325,1,1,0,0,1,0
9606.ENSP00000245923,9.5,2.9,1,1,1,0,0,0
9606.ENSP00000468312,10.1,5.8,1,1,1,0,0,0
9606.ENSP00000245932,72.1,14.2,1,1,0,0,1,0
9606.ENSP00000245934,50.9,20.8,1,1,0,0,1,0
9606.ENSP00000368305,5.7,10.9,1,1,0.25,0.25,0.25,0.25
9606.ENSP00000371233,1.4,5,1,1,0,1,0,0
9606.ENSP00000313377,63,11.8,1,1,1,0,0,0
9606.ENSP00000370867,0,0,0,0,1,0,0,0
9606.ENSP00000245983,1,0.2,1,1,0.25,0.25,0.25,0.25
9606.ENSP00000371835,0,0,0,0,0.25,0.25,0.25,0.25
9606.ENSP00000400341,34.3,60.9,1,1,1,0,0,0
9606.ENSP00000246006,0,2.3,0,1,1,0,0,0
9606.ENSP00000338290,13.9,4.6,1,1,1,0,0,0
9606.ENSP00000381499,0,0,0,0,0.25,0.25,0.25,0.25
9606.ENSP00000482826,10.9,5.9,1,1,0,1,0,0
9606.ENSP00000246012,0,0,0,0,0.25,0.25,0.25,0.25
9606.ENSP00000345147,0,0,0,0,0.25,0.25,0.25,0.25
9606.ENSP00000369075,47.9,22.9,1,1,0,0,1,0
9606.ENSP00000338039,226.6,76,1,1,0,0,1,0
9606.ENSP00000366347,0,0,0,0,1,0,0,0
9606.ENSP00000366672,13.8,13.7,1,1,1,0,0,0
9606.ENSP00000344907,0,0,0,0,0.25,0.25,0.25,0.25
9606.ENSP00000348632,133.6,153.7,1,1,0.25,0.25,0.25,0.25
9606.ENSP00000246024,17.7,42.9,1,1,0,1,0,0
9606.ENSP00000366208,0,0,0,0,1,0,0,0
9606.ENSP00000370891,32.9,10.4,1,1,0,0,1,0
9606.ENSP00000412566,1025.2,73,1,1,0,1,0,0
9606.ENSP00000371728,70.9,0.4,1,1,0,0,0,1
9606.ENSP00000481750,26.4,9.5,1,1,0,0,1,0
9606.ENSP00000367038,362.9,235.8,1,1,0,0,0,1
9606.ENSP00000368104,0,3,0,1,0.25,0.25,0.25,0.25
9606.ENSP00000439427,20.1,3.4,1,1,0,1,0,0
9606.ENSP00000367292,0.7,8.2,1,1,0,0,1,0
9606.ENSP00000278780,0.1,0,1,0,0.25,0.25,0.25,0.25
9606.ENSP00000262545,0,0,0,0,1,0,0,0
9606.ENSP00000313423,0,0,0,0,0.25,0.25,0.25,0.25
9606.ENSP00000246062,19,37.1,1,1,0,0,1,0
9606.ENSP00000367104,0.8,0,1,0,1,0,0,0
9606.ENSP00000246069,192.2,634.1,1,1,0,0,1,0
9606.ENSP00000246070,0,0,0,0,1,0,0,0
9606.ENSP00000246071,135.6,181.1,1,1,0,1,0,0
9606.ENSP00000366939,81.6,8.5,1,1,0,1,0,0
9606.ENSP00000368135,1.4,0,1,0,0.25,0.25,0.25,0.25
9606.ENSP00000346139,27.1,19.5,1,1,0,1,0,0
9606.ENSP00000369456,136.7,36.4,1,1,0,0,1,0
9606.ENSP00000246080,0,0,0,0,1,0,0,0
9606.ENSP00000246081,0,0,0,0,0.25,0.25,0.25,0.25
9606.ENSP00000368164,29.1,2,1,1,0.25,0.25,0.25,0.25
9606.ENSP00000439128,0,0.1,0,1,1,0,0,0
9606.ENSP00000371318,6.4,0.8,1,1,1,0,0,0
9606.ENSP00000354163,5.4,1,1,1,1,0,0,0
9606.ENSP00000371036,0,0.1,0,1,1,0,0,0
9606.ENSP00000369682,227.1,141.9,1,1,0,0,1,0
9606.ENSP00000246105,0,0,0,0,1,0,0,0
9606.ENSP00000246115,0,0.3,0,1,0.25,0.25,0.25,0.25
9606.ENSP00000246117,74.9,37.4,1,1,0,0,1,0
9606.ENSP00000401764,0,0.1,0,1,1,0,0,0
9606.ENSP00000363745,135.5,68,1,1,0,1,0,0
9606.ENSP00000313582,2.3,2.3,1,1,0,0,1,0
9606.ENSP00000351490,34.4,22.8,1,1,1,0,0,0
9606.ENSP00000447121,1.5,0,1,0,0.25,0.25,0.25,0.25
9606.ENSP00000474720,15,5.9,1,1,1,0,0,0
9606.ENSP00000363492,0,0,0,0,0.25,0.25,0.25,0.25
9606.ENSP00000246186,0.8,0.3,1,1,1,0,0,0
9606.ENSP00000246190,37.7,9.9,1,1,0,1,0,0
9606.ENSP00000365280,422.8,111.2,1,1,0,0,1,0
9606.ENSP00000246194,442.4,37,1,1,0,0,1,0
9606.ENSP00000349679,579.9,115.3,1,1,0,0,1,0
9606.ENSP00000403566,0,0,0,0,0.25,0.25,0.25,0.25
9606.ENSP00000364119,240.2,531.3,1,1,0,0,1,0
9606.ENSP00000349970,438.1,137.5,1,1,0,1,0,0
9606.ENSP00000363191,1125.1,638.6,1,1,1,0,0,0
9606.ENSP00000363529,0.1,0.3,1,1,0.25,0.25,0.25,0.25
9606.ENSP00000253354,0.8,0.1,1,1,1,0,0,0
9606.ENSP00000380661,46.2,3.4,1,1,0.25,0.25,0.25,0.25
9606.ENSP00000246229,44.6,3,1,1,0.25,0.25,0.25,0.25
9606.ENSP00000369643,0,0,0,0,0.25,0.25,0.25,0.25
9606.ENSP00000364550,33.2,21.6,1,1,0.25,0.25,0.25,0.25
9606.ENSP00000361027,0.1,3.4,1,1,1,0,0,0
9606.ENSP00000266025,40.5,16.6,1,1,0,0,1,0
9606.ENSP00000362334,50.6,194.8,1,1,0,0,0,1
9606.ENSP00000362287,4.2,18.5,1,1,1,0,0,0
9606.ENSP00000246337,161.7,104.2,1,1,0,0,1,0
9606.ENSP00000262915,8.9,7.9,1,1,0,0,0,1
9606.ENSP00000361311,21.5,99.4,1,1,0,1,0,0
9606.ENSP00000361245,20.6,11.1,1,1,0,0,1,0
9606.ENSP00000414982,61.5,15.6,1,1,1,0,0,0
9606.ENSP00000451974,34.1,0.3,1,1,0.25,0.25,0.25,0.25
9606.ENSP00000261965,20.7,12.6,1,1,0,0,0,1
9606.ENSP00000440374,17,2.4,1,1,0.25,0.25,0.25,0.25
9606.ENSP00000364709,92.2,172.8,1,1,0.25,0.25,0.25,0.25
9606.ENSP00000479494,50.2,17,1,1,0,1,0,0
9606.ENSP00000344458,11.1,64.6,1,1,0,0,1,0
9606.ENSP00000246515,0,0,0,0,1,0,0,0
9606.ENSP00000466989,2.3,3.1,1,1,0,0,1,0
9606.ENSP00000246532,5.9,21.3,1,1,0,0,1,0
9606.ENSP00000246533,260.2,69,1,1,1,0,0,0
9606.ENSP00000246535,25.4,6.4,1,1,0,0,1,0
9606.ENSP00000473212,0,0,0,0,0.25,0.25,0.25,0.25
9606.ENSP00000262633,92.5,34.1,1,1,0,1,0,0
9606.ENSP00000353331,0.8,0,1,0,1,0,0,0
9606.ENSP00000246548,124.6,22.1,1,1,0,0,1,0
9606.ENSP00000473159,0,0,0,0,1,0,0,0
9606.ENSP00000246551,0.7,17.2,1,1,1,0,0,0
9606.ENSP00000246553,0,0,0,0,0.25,0.25,0.25,0.25
9606.ENSP00000246554,776.8,1391.5,1,1,0,0,0,1
9606.ENSP00000329165,0,0,0,0,0.25,0.25,0.25,0.25
9606.ENSP00000264637,15.3,12.4,1,1,0,0,1,0
9606.ENSP00000246657,0.7,0.7,1,1,1,0,0,0
9606.ENSP00000246672,12,27.6,1,1,0,0,1,0
9606.ENSP00000319726,14.4,9.7,1,1,1,0,0,0
9606.ENSP00000265462,395.6,451.4,1,1,0,1,0,0
9606.ENSP00000482218,59.6,13.7,1,1,0,0,1,0
9606.ENSP00000471896,55.2,22.5,1,1,0,1,0,0
9606.ENSP00000406162,407,21.1,1,1,1,0,0,0
9606.ENSP00000246792,8.5,6.8,1,1,0,1,0,0
9606.ENSP00000246794,0.6,7.2,1,1,1,0,0,0
9606.ENSP00000353769,43.2,15.3,1,1,0,0,0,1
9606.ENSP00000394510,10.3,3.2,1,1,1,0,0,0
9606.ENSP00000246801,0,0,0,0,1,0,0,0
9606.ENSP00000246841,0.5,0,1,0,1,0,0,0
9606.ENSP00000307188,68.7,514.1,1,1,0,0,1,0
9606.ENSP00000246868,86.3,116.5,1,1,0,0,1,0
9606.ENSP00000246891,0,0,0,0,1,0,0,0
9606.ENSP00000246895,0,0,0,0,1,0,0,0
9606.ENSP00000424501,0,0,0,0,1,0,0,0
9606.ENSP00000341208,2.8,4,1,1,1,0,0,0
9606.ENSP00000246914,14.3,0,1,0,1,0,0,0
9606.ENSP00000355231,98.4,41.6,1,1,0,1,0,0
9606.ENSP00000263431,0,0,0,0,1,0,0,0
9606.ENSP00000246957,243.3,50.1,1,1,0,0,0,1
9606.ENSP00000262366,2.5,1.3,1,1,0.25,0.25,0.25,0.25
9606.ENSP00000247026,22,176.2,1,1,0,0,1,0
9606.ENSP00000263697,66.1,105.3,1,1,0,1,0,0
9606.ENSP00000363123,4.6,11,1,1,0,0,1,0
9606.ENSP00000342513,7.9,17,1,1,0,0,1,0
9606.ENSP00000362217,0,0,0,0,1,0,0,0
9606.ENSP00000380019,47.4,5,1,1,1,0,0,0
9606.ENSP00000470560,64.2,46.4,1,1,1,0,0,0
9606.ENSP00000366118,0,0,0,0,1,0,0,0
9606.ENSP00000337393,153.4,292.4,1,1,0,0,1,0
9606.ENSP00000247153,0,0,0,0,0.25,0.25,0.25,0.25
9606.ENSP00000483056,14.1,12.8,1,1,1,0,0,0
9606.ENSP00000379999,102.6,62.6,1,1,1,0,0,0
9606.ENSP00000317396,12.2,13.4,1,1,0,0,0,1
9606.ENSP00000247178,7.1,11.1,1,1,0,0,1,0
9606.ENSP00000378725,153.5,471.6,1,1,0,1,0,0
9606.ENSP00000247182,5.3,0,1,0,1,0,0,0
9606.ENSP00000316729,0,0.3,0,1,0,0,1,0
9606.ENSP00000247191,34,0.4,1,1,1,0,0,0
9606.ENSP00000247194,28.6,22.2,1,1,0,0,1,0
9606.ENSP00000378199,0.4,0.5,1,1,1,0,0,0
9606.ENSP00000451000,15.7,7.4,1,1,0,0,1,0
9606.ENSP00000261249,11.7,8,1,1,0,1,0,0
9606.ENSP00000247225,4.8,36.4,1,1,0,0,1,0
9606.ENSP00000247226,13.6,7.5,1,1,0,1,0,0
9606.ENSP00000261336,0,22.8,0,1,1,0,0,0
9606.ENSP00000396732,0,0,0,0,1,0,0,0
9606.ENSP00000351132,18.2,14.9,1,1,0,0,1,0
9606.ENSP00000247270,0.1,2.5,1,1,1,0,0,0
9606.ENSP00000247271,0,0.1,0,1,1,0,0,0
9606.ENSP00000384290,4.4,14.4,1,1,0,0,1,0
9606.ENSP00000361383,40.6,0,1,0,1,0,0,0
9606.ENSP00000361345,0.2,0.4,1,1,0,1,0,0
9606.ENSP00000352400,32.5,12.7,1,1,0.25,0.25,0.25,0.25
9606.ENSP00000247306,0,0,0,0,1,0,0,0
9606.ENSP00000351805,0,0,0,0,0.25,0.25,0.25,0.25
9606.ENSP00000263512,18.3,1.4,1,1,0,0,0,1
9606.ENSP00000262948,150.2,41.8,1,1,1,0,0,0
9606.ENSP00000361927,79.4,86.5,1,1,0,1,0,0
9606.ENSP00000361917,0,1.1,0,1,1,0,0,0
9606.ENSP00000362021,0,0.2,0,1,1,0,0,0
9606.ENSP00000361993,42.3,78.4,1,1,0,0,0,1
9606.ENSP00000363972,4.2,3.7,1,1,1,0,0,0
9606.ENSP00000247461,32,375.6,1,1,0,0,1,0
9606.ENSP00000445001,61.4,26.9,1,1,0,0,1,0
9606.ENSP00000442837,0,0,0,0,1,0,0,0
9606.ENSP00000287996,9.8,2.1,1,1,0,0,1,0
9606.ENSP00000378881,1.8,0.6,1,1,0.25,0.25,0.25,0.25
9606.ENSP00000364700,0,0.7,0,1,0.25,0.25,0.25,0.25
9606.ENSP00000364631,1.8,1.3,1,1,1,0,0,0
9606.ENSP00000361664,0,3.9,0,1,0,0,1,0
9606.ENSP00000361642,33.4,137.4,1,1,0,1,0,0
9606.ENSP00000361668,0,0.1,0,1,0.25,0.25,0.25,0.25
9606.ENSP00000349723,0,1.6,0,1,1,0,0,0
9606.ENSP00000425759,714.8,3305.9,1,1,0,0,0,1
9606.ENSP00000247668,30.4,2.9,1,1,0,1,0,0
9606.ENSP00000247706,11.9,16.4,1,1,0,0,1,0
9606.ENSP00000296280,4.7,58.1,1,1,1,0,0,0
9606.ENSP00000339182,0,0.1,0,1,0.25,0.25,0.25,0.25
9606.ENSP00000264735,0,0.1,0,1,0.25,0.25,0.25,0.25
9606.ENSP00000247815,0,0.4,0,1,0.25,0.25,0.25,0.25
9606.ENSP00000250559,130.6,76.9,1,1,0.25,0.25,0.25,0.25
9606.ENSP00000442424,0,0,0,0,0.25,0.25,0.25,0.25
9606.ENSP00000377003,5.7,28.9,1,1,1,0,0,0
9606.ENSP00000332413,0.2,0,1,0,0,1,0,0
9606.ENSP00000447300,24.7,14.9,1,1,0,1,0,0
9606.ENSP00000334928,0.8,4.8,1,1,0,1,0,0
9606.ENSP00000342105,7.9,4.4,1,1,0,0,0,1
9606.ENSP00000247843,37.4,23.2,1,1,0.25,0.25,0.25,0.25
9606.ENSP00000247879,0.1,0,1,0,0.25,0.25,0.25,0.25
9606.ENSP00000247881,0.2,0.6,1,1,0.25,0.25,0.25,0.25
9606.ENSP00000247883,1.7,0,1,0,0.25,0.25,0.25,0.25
9606.ENSP00000338613,0,0,0,0,0.25,0.25,0.25,0.25
9606.ENSP00000352642,48.8,23.9,1,1,0,0,1,0
9606.ENSP00000265310,0,0,0,0,1,0,0,0
9606.ENSP00000247933,0.3,2.2,1,1,0,1,0,0
9606.ENSP00000381498,50.2,30.1,1,1,0,0,1,0
9606.ENSP00000264771,5.4,19.8,1,1,0,0,1,0
9606.ENSP00000443647,8,0,1,0,0.25,0.25,0.25,0.25
9606.ENSP00000247970,88.4,52.7,1,1,1,0,0,0
9606.ENSP00000247977,36.3,7.9,1,1,1,0,0,0
9606.ENSP00000420608,52.3,20.6,1,1,0,1,0,0
9606.ENSP00000364249,0,0,0,0,0,0,1,0
9606.ENSP00000364403,63.6,21.1,1,1,0,0,1,0
9606.ENSP00000312625,121.9,93.8,1,1,0,0,1,0
9606.ENSP00000319883,0.2,0.4,1,1,0.25,0.25,0.25,0.25
9606.ENSP00000369131,16.6,6.5,1,1,1,0,0,0
9606.ENSP00000248058,0,0,0,0,0.25,0.25,0.25,0.25
9606.ENSP00000470652,13.8,21.9,1,1,0,0,1,0
9606.ENSP00000393313,26,8.7,1,1,0,1,0,0
9606.ENSP00000248071,0.2,7.3,1,1,0,1,0,0
9606.ENSP00000248072,0,0,0,0,0.25,0.25,0.25,0.25
9606.ENSP00000248073,0.1,0.3,1,1,0.25,0.25,0.25,0.25
9606.ENSP00000248076,0.5,0,1,0,0.25,0.25,0.25,0.25
9606.ENSP00000467262,103.6,2213.7,1,1,0.25,0.25,0.25,0.25
9606.ENSP00000248114,60.5,72.5,1,1,0,0,0,1
9606.ENSP00000248121,2.8,0,1,0,1,0,0,0
9606.ENSP00000262300,33.4,0.2,1,1,0.25,0.25,0.25,0.25
9606.ENSP00000324763,2.6,0.3,1,1,0.25,0.25,0.25,0.25
9606.ENSP00000293883,5.7,9.9,1,1,0,0,1,0
9606.ENSP00000380746,0.9,0,1,0,1,0,0,0
9606.ENSP00000262315,7.4,1.4,1,1,0.25,0.25,0.25,0.25
9606.ENSP00000248150,0,0,0,0,1,0,0,0
9606.ENSP00000354573,49.5,38.3,1,1,0,1,0,0
9606.ENSP00000395654,110,20.1,1,1,1,0,0,0
9606.ENSP00000159111,10.5,25.9,1,1,0.25,0.25,0.25,0.25
9606.ENSP00000248244,6.5,10.7,1,1,1,0,0,0
9606.ENSP00000248306,3,4.1,1,1,1,0,0,0
9606.ENSP00000261796,1.2,0,1,0,0.25,0.25,0.25,0.25
9606.ENSP00000380322,105.5,178.2,1,1,1,0,0,0
9606.ENSP00000248384,0,0,0,0,0.25,0.25,0.25,0.25
9606.ENSP00000263092,13.9,8.8,1,1,0.25,0.25,0.25,0.25
9606.ENSP00000248437,13.1,36,1,1,0,1,0,0
9606.ENSP00000248444,442,28,1,1,0,1,0,0
9606.ENSP00000248450,246.6,58.5,1,1,0,1,0,0
9606.ENSP00000273077,125.7,248.6,1,1,0,1,0,0
9606.ENSP00000371693,74.4,0.5,1,1,0.25,0.25,0.25,0.25
9606.ENSP00000371000,26.1,12.3,1,1,1,0,0,0
9606.ENSP00000357535,306.2,1644.1,1,1,0,0,0,1
9606.ENSP00000444747,0,0.1,0,1,0.25,0.25,0.25,0.25
9606.ENSP00000348573,6.5,153.5,1,1,0,1,0,0
9606.ENSP00000248564,0,11.5,0,1,1,0,0,0
9606.ENSP00000481021,539.3,1064,1,1,0,1,0,0
9606.ENSP00000248572,0,0,0,0,1,0,0,0
9606.ENSP00000336747,5.4,20.2,1,1,1,0,0,0
9606.ENSP00000248594,74.1,22.7,1,1,0,0,0,1
9606.ENSP00000419970,269.5,421.3,1,1,0,0,0,1
9606.ENSP00000248598,0.4,3.9,1,1,1,0,0,0
9606.ENSP00000248600,20.6,15.8,1,1,1,0,0,0
9606.ENSP00000369419,0.1,1.7,1,1,0.25,0.25,0.25,0.25
9606.ENSP00000343027,2,21.6,1,1,1,0,0,0
9606.ENSP00000248633,6.6,9.4,1,1,1,0,0,0
9606.ENSP00000248643,11.7,10,1,1,0,0,1,0
9606.ENSP00000398930,37.5,13.8,1,1,0.25,0.25,0.25,0.25
9606.ENSP00000265732,5.4,2.5,1,1,0,0,1,0
9606.ENSP00000297273,15,10.6,1,1,1,0,0,0
9606.ENSP00000391641,3.8,4.6,1,1,0.25,0.25,0.25,0.25
9606.ENSP00000248668,1,0.7,1,1,0.25,0.25,0.25,0.25
9606.ENSP00000469647,10.2,176.7,1,1,1,0,0,0
9606.ENSP00000264228,11.7,1.4,1,1,0,1,0,0
9606.ENSP00000425961,0,0,0,0,1,0,0,0
9606.ENSP00000248706,0,0,0,0,0.25,0.25,0.25,0.25
9606.ENSP00000382595,304.2,82.2,1,1,0,0,0,1
9606.ENSP00000263923,0,5.5,0,1,1,0,0,0
9606.ENSP00000264220,37.5,5.5,1,1,0,1,0,0
9606.ENSP00000248846,6.7,5.2,1,1,0,0,1,0
9606.ENSP00000379087,3.4,1.4,1,1,0.25,0.25,0.25,0.25
9606.ENSP00000248879,33.8,162,1,1,0.25,0.25,0.25,0.25
9606.ENSP00000263209,15.7,10.5,1,1,1,0,0,0
9606.ENSP00000215906,0.2,0.1,1,1,1,0,0,0
9606.ENSP00000248948,0.1,0.6,1,1,1,0,0,0
9606.ENSP00000248958,125.9,283.2,1,1,0,0,1,0
9606.ENSP00000385735,11.6,1.1,1,1,1,0,0,0
9606.ENSP00000248975,127.8,70.1,1,1,1,0,0,0
9606.ENSP00000346342,0,0.2,0,1,0.25,0.25,0.25,0.25
9606.ENSP00000383096,0,0.1,0,1,1,0,0,0
9606.ENSP00000478892,14.6,0.3,1,1,1,0,0,0
9606.ENSP00000345270,0.3,0,1,0,1,0,0,0
9606.ENSP00000336630,8.2,0,1,0,1,0,0,0
9606.ENSP00000336790,690,168.4,1,1,0,1,0,0
9606.ENSP00000384794,0.5,0.1,1,1,0.25,0.25,0.25,0.25
9606.ENSP00000249007,0,0,0,0,0.25,0.25,0.25,0.25
9606.ENSP00000249014,84.1,31.5,1,1,1,0,0,0
9606.ENSP00000344577,2.2,24.3,1,1,0.25,0.25,0.25,0.25
9606.ENSP00000249016,0.5,1.1,1,1,0.25,0.25,0.25,0.25
9606.ENSP00000339813,17,74.8,1,1,0,0,1,0
9606.ENSP00000371085,13.6,0.9,1,1,1,0,0,0
9606.ENSP00000380402,144.8,617.4,1,1,0,0,1,0
9606.ENSP00000249041,0.5,0,1,0,0.25,0.25,0.25,0.25
9606.ENSP00000385828,77.1,430.3,1,1,0,0,0,1
9606.ENSP00000249044,0,0,0,0,0.25,0.25,0.25,0.25
9606.ENSP00000329312,0,0,0,0,1,0,0,0
9606.ENSP00000249066,40.1,65,1,1,0,0,1,0
9606.ENSP00000249071,0.6,3.9,1,1,1,0,0,0
9606.ENSP00000249075,7.6,0,1,0,0,1,0,0
9606.ENSP00000249079,3.7,0.1,1,1,0.25,0.25,0.25,0.25
9606.ENSP00000384359,0.1,0.5,1,1,0,0,1,0
9606.ENSP00000309749,3,3.3,1,1,0.25,0.25,0.25,0.25
9606.ENSP00000483356,0.4,0,1,0,1,0,0,0
9606.ENSP00000308452,1.5,0,1,0,1,0,0,0
9606.ENSP00000267750,133.6,88.2,1,1,1,0,0,0
9606.ENSP00000454919,0,0,0,0,1,0,0,0
9606.ENSP00000261503,7.9,0.2,1,1,1,0,0,0
9606.ENSP00000222482,1.1,0,1,0,0.25,0.25,0.25,0.25
9606.ENSP00000404179,12.6,15.4,1,1,0.25,0.25,0.25,0.25
9606.ENSP00000350249,5.6,9.5,1,1,0.25,0.25,0.25,0.25
9606.ENSP00000249284,0,0,0,0,0.25,0.25,0.25,0.25
9606.ENSP00000417378,218.9,136.9,1,1,0,0,1,0
9606.ENSP00000249299,40.3,96.6,1,1,0,0,1,0
9606.ENSP00000325954,1.6,4.1,1,1,1,0,0,0
9606.ENSP00000419270,13.7,14.1,1,1,1,0,0,0
9606.ENSP00000249330,0.8,0,1,0,1,0,0,0
9606.ENSP00000367817,1.8,0.7,1,1,1,0,0,0
9606.ENSP00000386200,3.6,10.4,1,1,0,1,0,0
9606.ENSP00000249344,4.1,0.2,1,1,1,0,0,0
9606.ENSP00000320359,11.2,15.7,1,1,0,0,1,0
9606.ENSP00000323527,9.3,67.9,1,1,1,0,0,0
9606.ENSP00000249356,25,177.8,1,1,0,0,1,0
9606.ENSP00000327145,0.1,0,1,0,1,0,0,0
9606.ENSP00000249363,0,0,0,0,0.25,0.25,0.25,0.25
9606.ENSP00000438248,373,55.8,1,1,0,1,0,0
9606.ENSP00000297788,0,0,0,0,1,0,0,0
9606.ENSP00000249373,27.2,7.3,1,1,0,1,0,0
9606.ENSP00000349770,2.3,1,1,1,1,0,0,0
9606.ENSP00000344242,0.2,0.8,1,1,0.25,0.25,0.25,0.25
9606.ENSP00000334140,17.4,36.8,1,1,1,0,0,0
9606.ENSP00000417142,77.5,216.8,1,1,0,0,1,0
9606.ENSP00000411145,0,0,0,0,1,0,0,0
9606.ENSP00000249389,0,0,0,0,1,0,0,0
9606.ENSP00000384952,55.6,166.8,1,1,0,0,0,1
9606.ENSP00000376132,68.7,375.6,1,1,0,0,1,0
9606.ENSP00000328598,11.5,0,1,0,0.25,0.25,0.25,0.25
9606.ENSP00000386498,0.1,0,1,0,0.25,0.25,0.25,0.25
9606.ENSP00000249442,81.8,36.5,1,1,0,1,0,0
9606.ENSP00000286063,0,11.8,0,1,0,0,1,0
9606.ENSP00000386741,4,0.7,1,1,0.25,0.25,0.25,0.25
9606.ENSP00000350928,0.2,0,1,0,1,0,0,0
9606.ENSP00000264151,6.6,2.2,1,1,0,0,1,0
9606.ENSP00000326869,64.1,37.9,1,1,0.25,0.25,0.25,0.25
9606.ENSP00000264108,111.6,19,1,1,1,0,0,0
9606.ENSP00000249499,0,0,0,0,0.25,0.25,0.25,0.25
9606.ENSP00000249501,0,0,0,0,0.25,0.25,0.25,0.25
9606.ENSP00000249504,0,0,0,0,0.25,0.25,0.25,0.25
9606.ENSP00000376322,0,0,0,0,0.25,0.25,0.25,0.25
9606.ENSP00000261609,4,26.3,1,1,0,0,1,0
9606.ENSP00000382972,137.7,35.8,1,1,1,0,0,0
9606.ENSP00000325919,85.2,57.9,1,1,0,1,0,0
9606.ENSP00000262120,10.1,7,1,1,1,0,0,0
9606.ENSP00000412461,0.1,0.1,1,1,1,0,0,0
9606.ENSP00000320563,0,0.2,0,1,0,0,1,0
9606.ENSP00000263791,31.1,27.8,1,1,1,0,0,0
9606.ENSP00000261839,17.1,4.2,1,1,1,0,0,0
9606.ENSP00000281282,9.4,55.5,1,1,1,0,0,0
9606.ENSP00000249700,0,0.7,0,1,1,0,0,0
9606.ENSP00000267890,2.3,7.6,1,1,1,0,0,0
9606.ENSP00000320346,3.4,0,1,0,1,0,0,0
9606.ENSP00000452773,16.7,8.3,1,1,0,1,0,0
9606.ENSP00000355205,12.6,10.3,1,1,0.25,0.25,0.25,0.25
9606.ENSP00000261520,11.2,14.8,1,1,0.25,0.25,0.25,0.25
9606.ENSP00000249749,0.2,0,1,0,0,0,0,1
9606.ENSP00000249750,0.4,19.6,1,1,0,0,1,0
9606.ENSP00000452885,7,12.4,1,1,0,1,0,0
9606.ENSP00000418397,52.7,132.4,1,1,0,0,0,1
9606.ENSP00000249776,53.5,7.9,1,1,1,0,0,0
9606.ENSP00000370376,103.7,84.4,1,1,0,1,0,0
9606.ENSP00000398105,0.1,0.4,1,1,0,0,1,0
9606.ENSP00000249806,52.5,2.7,1,1,1,0,0,0
9606.ENSP00000455625,105.1,92.1,1,1,1,0,0,0
9606.ENSP00000261517,5.5,16.4,1,1,0,1,0,0
9606.ENSP00000419081,8.4,5.7,1,1,1,0,0,0
9606.ENSP00000249842,0,0.1,0,1,0,1,0,0
9606.ENSP00000249861,1.1,3.2,1,1,0.25,0.25,0.25,0.25
9606.ENSP00000261921,0.3,0,1,0,1,0,0,0
9606.ENSP00000249887,0.1,0.1,1,1,0.25,0.25,0.25,0.25
9606.ENSP00000421842,105.2,69.7,1,1,0.25,0.25,0.25,0.25
9606.ENSP00000249910,20.2,31.2,1,1,0,1,0,0
9606.ENSP00000249923,124.4,49,1,1,0,0,1,0
9606.ENSP00000414359,266.6,152.8,1,1,0,0,1,0
9606.ENSP00000341938,51.8,78.2,1,1,0,1,0,0
9606.ENSP00000425556,6.9,11.1,1,1,0,1,0,0
9606.ENSP00000427463,47.9,109.4,1,1,0,1,0,0
9606.ENSP00000263182,0,33.7,0,1,0,1,0,0
9606.ENSP00000250003,0,0,0,0,0.25,0.25,0.25,0.25
9606.ENSP00000265965,50.9,13.7,1,1,0,0,1,0
9606.ENSP00000265969,0.2,0.4,1,1,1,0,0,0
9606.ENSP00000250018,1,0.2,1,1,0,0,1,0
9606.ENSP00000431813,0,0,0,0,1,0,0,0
9606.ENSP00000481103,7.8,0,1,0,1,0,0,0
9606.ENSP00000349576,128.4,49.1,1,1,0,0,1,0
9606.ENSP00000355354,0.8,0,1,0,1,0,0,0
9606.ENSP00000250056,35.1,0,1,0,0.25,0.25,0.25,0.25
9606.ENSP00000385814,47.9,45.6,1,1,0,0,1,0
9606.ENSP00000460380,0.1,0,1,0,0.25,0.25,0.25,0.25
9606.ENSP00000369816,4.4,10,1,1,0.25,0.25,0.25,0.25
9606.ENSP00000263088,13.7,2.7,1,1,1,0,0,0
9606.ENSP00000370521,0.2,0,1,0,1,0,0,0
9606.ENSP00000250092,70.7,10.1,1,1,1,0,0,0
9606.ENSP00000250101,105.6,472.3,1,1,1,0,0,0
9606.ENSP00000250111,0.1,0.4,1,1,1,0,0,0
9606.ENSP00000250113,17.2,10,1,1,0,0,1,0
9606.ENSP00000320821,80.1,79.5,1,1,1,0,0,0
9606.ENSP00000250124,101.4,41.8,1,1,0,0,1,0
9606.ENSP00000378784,8.4,31.9,1,1,0,1,0,0
9606.ENSP00000484634,0,0.5,0,1,1,0,0,0
9606.ENSP00000261900,12.8,11.3,1,1,0,1,0,0
9606.ENSP00000415899,9.8,19.4,1,1,0,1,0,0
9606.ENSP00000320917,18.5,7.5,1,1,0,0,1,0
9606.ENSP00000404121,237.7,43.2,1,1,0,0,1,0
9606.ENSP00000336888,4.8,1.8,1,1,1,0,0,0
9606.ENSP00000250244,184.5,0,1,0,0.25,0.25,0.25,0.25
9606.ENSP00000377224,8.8,4.5,1,1,1,0,0,0
9606.ENSP00000262102,45.9,66.3,1,1,0.25,0.25,0.25,0.25
9606.ENSP00000375678,0.1,0,1,0,1,0,0,0
9606.ENSP00000413861,0.1,0.4,1,1,0,1,0,0
9606.ENSP00000311746,0.1,0,1,0,0.25,0.25,0.25,0.25
9606.ENSP00000375682,0,0,0,0,1,0,0,0
9606.ENSP00000386134,226.8,19.6,1,1,1,0,0,0
9606.ENSP00000216274,0,0,0,0,0.25,0.25,0.25,0.25
9606.ENSP00000312126,0,0.1,0,1,0,1,0,0
9606.ENSP00000380869,20,19.6,1,1,0.25,0.25,0.25,0.25
9606.ENSP00000250405,52,5.9,1,1,0,0,1,0
9606.ENSP00000262713,146,15.9,1,1,0,0,1,0
9606.ENSP00000312224,25.6,9.7,1,1,0,0,1,0
9606.ENSP00000250416,59.7,8.6,1,1,0,1,0,0
9606.ENSP00000437968,66.4,13.8,1,1,0.25,0.25,0.25,0.25
9606.ENSP00000250448,48.1,33.5,1,1,1,0,0,0
9606.ENSP00000355217,108,32.6,1,1,1,0,0,0
9606.ENSP00000250454,93,144.8,1,1,0,1,0,0
9606.ENSP00000250457,3.6,0.3,1,1,0.25,0.25,0.25,0.25
9606.ENSP00000309790,12.7,8.8,1,1,0,1,0,0
9606.ENSP00000454062,2.4,4,1,1,1,0,0,0
9606.ENSP00000381057,0.5,5.1,1,1,1,0,0,0
9606.ENSP00000250495,679,499.1,1,1,1,0,0,0
9606.ENSP00000250498,858.8,237.7,1,1,0,0,1,0
9606.ENSP00000262715,5.7,3.3,1,1,0.25,0.25,0.25,0.25
9606.ENSP00000261486,2.1,1.8,1,1,1,0,0,0
9606.ENSP00000250535,3.7,161.1,1,1,0,0,1,0
9606.ENSP00000368959,66,191.2,1,1,0,0,1,0
9606.ENSP00000319918,47.5,59.2,1,1,0,0,0,1
9606.ENSP00000262765,3.3,0.4,1,1,1,0,0,0
9606.ENSP00000323880,4.3,0,1,0,1,0,0,0
9606.ENSP00000376268,73.3,8.9,1,1,0,0,1,0
9606.ENSP00000322775,23,3,1,1,0,0,1,0
9606.ENSP00000250615,0,0.1,0,1,0.25,0.25,0.25,0.25
9606.ENSP00000250617,0,1.5,0,1,1,0,0,0
9606.ENSP00000318086,0,31.6,0,1,1,0,0,0
9606.ENSP00000322390,1.1,0.2,1,1,0.25,0.25,0.25,0.25
9606.ENSP00000340896,51.4,10.9,1,1,1,0,0,0
9606.ENSP00000478396,11.1,6.2,1,1,0,0,1,0
9606.ENSP00000250693,0,0,0,0,0.25,0.25,0.25,0.25
9606.ENSP00000250699,0.1,0.7,1,1,0.25,0.25,0.25,0.25
9606.ENSP00000413720,0,3.2,0,1,0,1,0,0
9606.ENSP00000263753,12,1,1,1,1,0,0,0
9606.ENSP00000289746,2.5,0.9,1,1,1,0,0,0
9606.ENSP00000250916,19,12.7,1,1,1,0,0,0
9606.ENSP00000401338,69.8,24.4,1,1,1,0,0,0
9606.ENSP00000398882,31.2,9.7,1,1,0,0,1,0
9606.ENSP00000262815,15.4,6.4,1,1,0.25,0.25,0.25,0.25
9606.ENSP00000264554,5.7,39.4,1,1,0,0,1,0
9606.ENSP00000352962,0,0,0,0,0.25,0.25,0.25,0.25
9606.ENSP00000380440,0,0,0,0,1,0,0,0
9606.ENSP00000250974,30.3,16.1,1,1,0,1,0,0
9606.ENSP00000217407,0,392.6,0,1,1,0,0,0
9606.ENSP00000346265,0.1,0,1,0,1,0,0,0
9606.ENSP00000341838,2,0,1,0,1,0,0,0
9606.ENSP00000268679,0,9.1,0,1,1,0,0,0
9606.ENSP00000403536,195.3,806.1,1,1,0,0,1,0
9606.ENSP00000396452,31.2,9.8,1,1,0,0,1,0
9606.ENSP00000355735,3.3,7.8,1,1,0,1,0,0
9606.ENSP00000341805,125.2,22.8,1,1,0,0,1,0
9606.ENSP00000359378,0.1,0.2,1,1,0.25,0.25,0.25,0.25
9606.ENSP00000252318,0.1,0,1,0,1,0,0,0
9606.ENSP00000252321,0,0,0,0,1,0,0,0
9606.ENSP00000409382,0,0.2,0,1,1,0,0,0
9606.ENSP00000365014,1,0.1,1,1,0.25,0.25,0.25,0.25
9606.ENSP00000363727,0.1,4.8,1,1,0,0,0,1
9606.ENSP00000252338,5.9,0.3,1,1,0.25,0.25,0.25,0.25
9606.ENSP00000414019,0,0,0,0,0.25,0.25,0.25,0.25
9606.ENSP00000368572,484.8,1106.5,1,1,0,1,0,0
9606.ENSP00000338573,14,15,1,1,0,1,0,0
9606.ENSP00000386862,63.1,25.8,1,1,1,0,0,0
9606.ENSP00000369860,5,6.9,1,1,1,0,0,0
9606.ENSP00000294618,11.9,3.8,1,1,0,0,1,0
9606.ENSP00000270517,51.2,52,1,1,0,0,1,0
9606.ENSP00000454071,52.9,122.2,1,1,0,0,1,0
9606.ENSP00000252445,81.6,39.5,1,1,1,0,0,0
9606.ENSP00000319486,0,0,0,0,1,0,0,0
9606.ENSP00000479969,35.7,126.2,1,1,0.25,0.25,0.25,0.25
9606.ENSP00000466134,291.4,77.1,1,1,0,0,1,0
9606.ENSP00000252456,2.1,0.1,1,1,1,0,0,0
9606.ENSP00000353549,31.4,35.6,1,1,0,0,1,0
9606.ENSP00000252463,0.3,0,1,0,0.25,0.25,0.25,0.25
9606.ENSP00000338607,39.3,17.5,1,1,0.25,0.25,0.25,0.25
9606.ENSP00000252483,122.8,58.6,1,1,0,0,1,0
9606.ENSP00000252486,1519.7,8379.2,1,1,0,0,1,0
9606.ENSP00000410339,178.6,28.5,1,1,0,0,1,0
9606.ENSP00000465356,810,34731.7,1,1,1,0,0,0
9606.ENSP00000252506,0,202.9,0,1,1,0,0,0
9606.ENSP00000325091,0,0,0,0,1,0,0,0
9606.ENSP00000367001,0,0,0,0,1,0,0,0
9606.ENSP00000252512,51.3,12.3,1,1,1,0,0,0
9606.ENSP00000389326,0.4,0.5,1,1,1,0,0,0
9606.ENSP00000252530,7.7,13.9,1,1,0,0,1,0
9606.ENSP00000252542,52.7,21.8,1,1,0,0,1,0
9606.ENSP00000464342,1062.3,3030.9,1,1,0,0,0,1
9606.ENSP00000311336,1.1,0.7,1,1,0.25,0.25,0.25,0.25
9606.ENSP00000247005,0,0,0,0,0.25,0.25,0.25,0.25
9606.ENSP00000252575,0,0.6,0,1,1,0,0,0
9606.ENSP00000438388,0.1,0.2,1,1,0.25,0.25,0.25,0.25
9606.ENSP00000351644,28.3,9.4,1,1,0,0,1,0
9606.ENSP00000252590,0,0,0,0,1,0,0,0
9606.ENSP00000252593,131.8,194.9,1,1,0,1,0,0
9606.ENSP00000252595,3.7,7.9,1,1,0.25,0.25,0.25,0.25
9606.ENSP00000309126,33.4,11,1,1,0,0,0,1
9606.ENSP00000252597,1.2,0.1,1,1,0.25,0.25,0.25,0.25
9606.ENSP00000252599,97.3,11.2,1,1,1,0,0,0
9606.ENSP00000352928,9.5,31.9,1,1,0,1,0,0
9606.ENSP00000252602,127.3,335.5,1,1,1,0,0,0
9606.ENSP00000252603,52.3,102.1,1,1,0,0,1,0
9606.ENSP00000252622,344.4,101.8,1,1,0,1,0,0
9606.ENSP00000356064,8.1,14.4,1,1,0,0,1,0
9606.ENSP00000376024,27.1,35.7,1,1,0,0,1,0
9606.ENSP00000358059,11.6,8.1,1,1,0,0,1,0
9606.ENSP00000358042,11.7,13.6,1,1,0,0,1,0
9606.ENSP00000384867,7.5,34.1,1,1,0,1,0,0
9606.ENSP00000252655,2.7,7.7,1,1,0,0,1,0
9606.ENSP00000252660,0,0.4,0,1,1,0,0,0
9606.ENSP00000465589,0,0,0,0,1,0,0,0
9606.ENSP00000252674,29.4,19.1,1,1,0,0,1,0
9606.ENSP00000466880,0,0,0,0,0.25,0.25,0.25,0.25
9606.ENSP00000252677,0,0,0,0,0.25,0.25,0.25,0.25
9606.ENSP00000375960,95.4,76.3,1,1,0,1,0,0
9606.ENSP00000252699,238.7,87.4,1,1,1,0,0,0
9606.ENSP00000416750,5.2,0.2,1,1,1,0,0,0
9606.ENSP00000252711,157,160.5,1,1,0,1,0,0
9606.ENSP00000252723,11.1,18.7,1,1,1,0,0,0
9606.ENSP00000389631,100.3,35.8,1,1,1,0,0,0
9606.ENSP00000252729,0,0,0,0,0.25,0.25,0.25,0.25
9606.ENSP00000252744,1.3,5.8,1,1,0.25,0.25,0.25,0.25
9606.ENSP00000473001,5.2,0,1,0,0,0,1,0
9606.ENSP00000429562,0.1,0.1,1,1,0.25,0.25,0.25,0.25
9606.ENSP00000325313,29.2,5,1,1,1,0,0,0
9606.ENSP00000379034,0.1,0.1,1,1,0.25,0.25,0.25,0.25
9606.ENSP00000252804,0.1,1.6,1,1,1,0,0,0
9606.ENSP00000270061,32.9,10.8,1,1,0.25,0.25,0.25,0.25
9606.ENSP00000252809,504,6.9,1,1,1,0,0,0
9606.ENSP00000269919,29.2,64.9,1,1,0,0,1,0
9606.ENSP00000376213,0.4,2,1,1,1,0,0,0
9606.ENSP00000469468,174.4,88.6,1,1,0,0,0,1
9606.ENSP00000252818,116.3,359.4,1,1,1,0,0,0
9606.ENSP00000252825,9.3,0.2,1,1,1,0,0,0
9606.ENSP00000252826,4.3,91.2,1,1,1,0,0,0
9606.ENSP00000252835,0,0,0,0,0.25,0.25,0.25,0.25
9606.ENSP00000332565,0,0.1,0,1,1,0,0,0
9606.ENSP00000252840,1.4,4.8,1,1,0.25,0.25,0.25,0.25
9606.ENSP00000349204,30.6,34.2,1,1,0,1,0,0
9606.ENSP00000360858,0,0.7,0,1,0.25,0.25,0.25,0.25
9606.ENSP00000374183,10.5,8,1,1,1,0,0,0
9606.ENSP00000360821,31.3,39.5,1,1,0,0,0,1
9606.ENSP00000386444,0,0,0,0,1,0,0,0
9606.ENSP00000378536,4,0,1,0,0.25,0.25,0.25,0.25
9606.ENSP00000417401,5.3,5.6,1,1,0.25,0.25,0.25,0.25
9606.ENSP00000358902,11.3,0.6,1,1,0,0,1,0
9606.ENSP00000371194,0.6,3,1,1,1,0,0,0
9606.ENSP00000278317,0,0,0,0,1,0,0,0
9606.ENSP00000371331,2.6,0.2,1,1,1,0,0,0
9606.ENSP00000360882,0.1,0.8,1,1,1,0,0,0
9606.ENSP00000252934,77.6,58,1,1,0,0,1,0
9606.ENSP00000446093,44.3,23,1,1,0,0,1,0
9606.ENSP00000252939,0,0.2,0,1,1,0,0,0
9606.ENSP00000440689,0.8,6502.1,1,1,0,0,0,1
9606.ENSP00000384610,0.5,6.3,1,1,0,1,0,0
9606.ENSP00000252951,0,0,0,0,1,0,0,0
9606.ENSP00000469413,60.3,10.5,1,1,0,0,1,0
9606.ENSP00000252971,4,0,1,0,0.25,0.25,0.25,0.25
9606.ENSP00000365619,14.8,3.4,1,1,1,0,0,0
9606.ENSP00000252992,18.9,1.6,1,1,1,0,0,0
9606.ENSP00000252996,11.8,8.9,1,1,0,0,1,0
9606.ENSP00000252997,0.1,0,1,0,0.25,0.25,0.25,0.25
9606.ENSP00000252998,0.8,0,1,0,0.25,0.25,0.25,0.25
9606.ENSP00000252999,73.8,9,1,1,1,0,0,0
9606.ENSP00000316649,31,12.3,1,1,0,1,0,0
9606.ENSP00000478877,334.9,112.7,1,1,0,0,1,0
9606.ENSP00000361471,112.7,1043.1,1,1,0,0,0,1
9606.ENSP00000253008,0.3,0,1,0,0.25,0.25,0.25,0.25
9606.ENSP00000361433,44.9,12.1,1,1,0,0,0,1
9606.ENSP00000361302,9.7,7.9,1,1,0.25,0.25,0.25,0.25
9606.ENSP00000361285,20.4,21,1,1,0,0,0,1
9606.ENSP00000361413,0.4,0,1,0,1,0,0,0
9606.ENSP00000469240,105.9,252,1,1,0,0,1,0
9606.ENSP00000253023,103.4,33.7,1,1,0,0,1,0
9606.ENSP00000253024,435.1,27.1,1,1,0,1,0,0
9606.ENSP00000440765,77,106.4,1,1,1,0,0,0
9606.ENSP00000253031,45.2,20.9,1,1,0,1,0,0
9606.ENSP00000311318,9.9,11.4,1,1,0,1,0,0
9606.ENSP00000253039,199.2,88.1,1,1,0,1,0,0
9606.ENSP00000253047,20,98.8,1,1,0.25,0.25,0.25,0.25
9606.ENSP00000253048,11.6,18.1,1,1,0,1,0,0
9606.ENSP00000469142,2.6,0,1,0,0.25,0.25,0.25,0.25
9606.ENSP00000472249,4.6,14.6,1,1,0,1,0,0
9606.ENSP00000253055,2.9,2.1,1,1,0,0,1,0
9606.ENSP00000367629,28.6,3.1,1,1,1,0,0,0
9606.ENSP00000367498,29.4,30.8,1,1,0,0,1,0
9606.ENSP00000253063,7.1,17.4,1,1,0.25,0.25,0.25,0.25
9606.ENSP00000363001,2.2,0,1,0,0.25,0.25,0.25,0.25
9606.ENSP00000335203,155.5,1164.7,1,1,0,0,0,1
9606.ENSP00000362948,7.1,3.8,1,1,0,1,0,0
9606.ENSP00000363031,1.6,0.8,1,1,1,0,0,0
9606.ENSP00000479322,33.6,41.3,1,1,1,0,0,0
9606.ENSP00000253079,0.1,0,1,0,1,0,0,0
9606.ENSP00000253083,16.1,18.6,1,1,1,0,0,0
9606.ENSP00000247956,15.9,9.6,1,1,1,0,0,0
9606.ENSP00000253107,42.2,11.2,1,1,0,0,0,1
9606.ENSP00000253108,258.8,121.1,1,1,1,0,0,0
9606.ENSP00000253109,0.3,10.4,1,1,0.25,0.25,0.25,0.25
9606.ENSP00000253110,11.5,87.7,1,1,1,0,0,0
9606.ENSP00000352516,32.3,17.3,1,1,1,0,0,0
9606.ENSP00000439017,4.7,3.1,1,1,0,1,0,0
9606.ENSP00000253122,113.1,0.6,1,1,0.25,0.25,0.25,0.25
9606.ENSP00000405950,1.6,0,1,0,0,0,1,0
9606.ENSP00000358563,140.4,24.6,1,1,0,0,0,1
9606.ENSP00000358696,4.1,1.1,1,1,0.25,0.25,0.25,0.25
9606.ENSP00000345853,407.2,0.4,1,1,1,0,0,0
9606.ENSP00000358547,18.5,11.5,1,1,1,0,0,0
9606.ENSP00000253144,13,2.1,1,1,0.25,0.25,0.25,0.25
9606.ENSP00000253159,2.3,5.5,1,1,0.25,0.25,0.25,0.25
9606.ENSP00000253188,0.4,0,1,0,0.25,0.25,0.25,0.25
9606.ENSP00000253193,44.4,2.3,1,1,0.25,0.25,0.25,0.25
9606.ENSP00000253233,18.6,40.1,1,1,1,0,0,0
9606.ENSP00000253247,57.3,22.9,1,1,0,0,1,0
9606.ENSP00000343001,30.1,12.5,1,1,1,0,0,0
9606.ENSP00000366221,2.7,3.7,1,1,1,0,0,0
9606.ENSP00000253255,0.1,0,1,0,1,0,0,0
9606.ENSP00000364412,0.2,0.1,1,1,1,0,0,0
9606.ENSP00000253262,0,0,0,0,0.25,0.25,0.25,0.25
9606.ENSP00000364398,37.5,4.7,1,1,0,0,1,0
9606.ENSP00000364486,1.7,0.1,1,1,1,0,0,0
9606.ENSP00000253270,128.3,45.1,1,1,0,0,1,0
9606.ENSP00000444278,5.8,12.7,1,1,0.25,0.25,0.25,0.25
9606.ENSP00000338413,162.9,40.7,1,1,0,0,1,0
9606.ENSP00000380365,47.1,205.2,1,1,0,0,0,1
9606.ENSP00000435506,0,0.7,0,1,0.25,0.25,0.25,0.25
9606.ENSP00000253329,40.9,20.5,1,1,0,1,0,0
9606.ENSP00000356320,0,0.2,0,1,1,0,0,0
9606.ENSP00000384537,31.6,4.9,1,1,1,0,0,0
9606.ENSP00000356224,3.8,18.3,1,1,0,0,1,0
9606.ENSP00000356308,0.6,0.4,1,1,1,0,0,0
9606.ENSP00000437550,10.9,11.6,1,1,0,0,0,1
9606.ENSP00000201647,1.6,0.1,1,1,1,0,0,0
9606.ENSP00000375629,0,2.1,0,1,0.25,0.25,0.25,0.25
9606.ENSP00000363043,43.1,10.7,1,1,0.25,0.25,0.25,0.25
9606.ENSP00000442515,0,0,0,0,0.25,0.25,0.25,0.25
9606.ENSP00000253362,0,0,0,0,1,0,0,0
9606.ENSP00000253363,112.9,203.3,1,1,1,0,0,0
9606.ENSP00000365243,0,0,0,0,0.25,0.25,0.25,0.25
9606.ENSP00000364603,0,0,0,0,1,0,0,0
9606.ENSP00000364346,2.9,0.9,1,1,0.25,0.25,0.25,0.25
9606.ENSP00000338964,25.3,8.5,1,1,0,0,0,1
9606.ENSP00000253381,0,0,0,0,1,0,0,0
9606.ENSP00000253382,50.3,109.2,1,1,0,1,0,0
9606.ENSP00000379365,10.1,0,1,0,0.25,0.25,0.25,0.25
9606.ENSP00000253401,0.6,8,1,1,0,0,1,0
9606.ENSP00000253407,0.1,0,1,0,0.25,0.25,0.25,0.25
9606.ENSP00000468500,1.1,0,1,0,1,0,0,0
9606.ENSP00000353198,0.1,0,1,0,1,0,0,0
9606.ENSP00000253410,0.3,0,1,0,0.25,0.25,0.25,0.25
9606.ENSP00000253413,147.8,52.7,1,1,0,1,0,0
9606.ENSP00000482749,9.7,3.8,1,1,0,1,0,0
9606.ENSP00000300811,41.7,59.3,1,1,0,0,1,0
9606.ENSP00000472308,0.3,0,1,0,1,0,0,0
9606.ENSP00000240499,0.2,4.4,1,1,0.25,0.25,0.25,0.25
9606.ENSP00000375086,0,0,0,0,1,0,0,0
9606.ENSP00000457513,961.3,1440.6,1,1,0,0,1,0
9606.ENSP00000253457,50.5,23,1,1,0,1,0,0
9606.ENSP00000253458,46.4,26.4,1,1,1,0,0,0
9606.ENSP00000253462,46.1,1.9,1,1,0.25,0.25,0.25,0.25
9606.ENSP00000380998,111.5,30.3,1,1,0.25,0.25,0.25,0.25
9606.ENSP00000362308,11.2,22.9,1,1,1,0,0,0
9606.ENSP00000417656,234.9,1476,1,1,1,0,0,0
9606.ENSP00000321424,0,1.2,0,1,1,0,0,0
9606.ENSP00000253496,5.1,379.9,1,1,1,0,0,0
9606.ENSP00000327168,7.3,2.8,1,1,0.25,0.25,0.25,0.25
9606.ENSP00000389377,0,0.2,0,1,1,0,0,0
9606.ENSP00000430950,0,0.7,0,1,1,0,0,0
9606.ENSP00000354020,0.1,0,1,0,0.25,0.25,0.25,0.25
9606.ENSP00000361883,212.2,75.4,1,1,1,0,0,0
9606.ENSP00000394863,179.6,9.5,1,1,0,0,0,1
9606.ENSP00000482620,75.9,2.9,1,1,1,0,0,0
9606.ENSP00000328059,10.3,12.6,1,1,0,1,0,0
9606.ENSP00000362613,0,0,0,0,0.25,0.25,0.25,0.25
9606.ENSP00000253577,18.2,16.7,1,1,0,1,0,0
9606.ENSP00000454207,11.1,4.6,1,1,0,1,0,0
9606.ENSP00000253669,19.2,4.7,1,1,0,0,0,1
9606.ENSP00000253673,0,0,0,0,0.25,0.25,0.25,0.25
9606.ENSP00000253686,36.2,115,1,1,0,1,0,0
9606.ENSP00000373301,2.5,7.7,1,1,1,0,0,0
9606.ENSP00000323811,24.1,26.7,1,1,0,1,0,0
9606.ENSP00000402935,20.3,17.1,1,1,0,1,0,0
9606.ENSP00000253693,18.3,20.1,1,1,1,0,0,0
9606.ENSP00000334153,0.3,5.8,1,1,0,0,1,0
9606.ENSP00000253697,0,0,0,0,0.25,0.25,0.25,0.25
9606.ENSP00000253699,8.3,13.5,1,1,1,0,0,0
9606.ENSP00000344260,0.2,1,1,1,0.25,0.25,0.25,0.25
9606.ENSP00000480890,15.8,0.3,1,1,1,0,0,0
9606.ENSP00000434241,2.5,2.4,1,1,0,1,0,0
9606.ENSP00000253719,0,0.2,0,1,1,0,0,0
9606.ENSP00000253727,25.4,19.5,1,1,1,0,0,0
9606.ENSP00000471502,0,0,0,0,0.25,0.25,0.25,0.25
9606.ENSP00000253754,2,0.2,1,1,0,1,0,0
9606.ENSP00000385808,4.4,3.1,1,1,1,0,0,0
9606.ENSP00000404718,81,89.1,1,1,0,1,0,0
9606.ENSP00000253778,0.1,0,1,0,0,0,1,0
9606.ENSP00000251413,248.8,15.7,1,1,1,0,0,0
9606.ENSP00000293362,155.2,29.9,1,1,0,0,1,0
9606.ENSP00000464813,4623,2244.9,1,1,0,0,1,0
9606.ENSP00000377384,29.4,2.2,1,1,1,0,0,0
9606.ENSP00000312326,28.8,0.1,1,1,1,0,0,0
9606.ENSP00000253792,203.4,43.8,1,1,0,1,0,0
9606.ENSP00000253794,189.9,47.9,1,1,0,1,0,0
9606.ENSP00000253796,7.1,2.7,1,1,0.25,0.25,0.25,0.25
9606.ENSP00000253799,2.4,0.2,1,1,0.25,0.25,0.25,0.25
9606.ENSP00000253801,50,233.9,1,1,0,0,0,1
9606.ENSP00000252102,215.4,591.9,1,1,0,0,1,0
9606.ENSP00000354085,79.3,9.8,1,1,0,0,1,0
9606.ENSP00000381565,86.4,80.5,1,1,0,0,1,0
9606.ENSP00000253814,28.2,164.3,1,1,0,1,0,0
9606.ENSP00000381717,125.8,86.5,1,1,1,0,0,0
9606.ENSP00000253861,20,16,1,1,0,0,0,1
9606.ENSP00000346733,28.2,12.3,1,1,0,1,0,0
9606.ENSP00000400736,7.9,3.3,1,1,0,0,0,1
9606.ENSP00000347454,0.1,120.1,1,1,0,0,1,0
9606.ENSP00000253925,21.5,24,1,1,0,1,0,0
9606.ENSP00000454945,0.1,0.9,1,1,0,0,1,0
9606.ENSP00000304422,2.5,0,1,0,0.25,0.25,0.25,0.25
9606.ENSP00000326531,53.9,8,1,1,0,1,0,0
9606.ENSP00000318944,65.5,29.4,1,1,0,1,0,0
9606.ENSP00000253968,0,0.2,0,1,0.25,0.25,0.25,0.25
9606.ENSP00000364595,174.4,50.8,1,1,0,0,1,0
9606.ENSP00000366654,0.3,0,1,0,1,0,0,0
9606.ENSP00000367398,5.8,2.5,1,1,1,0,0,0
9606.ENSP00000296755,10.9,0.4,1,1,1,0,0,0
9606.ENSP00000360441,0,0,0,0,1,0,0,0
9606.ENSP00000360730,77.2,133.6,1,1,0.25,0.25,0.25,0.25
9606.ENSP00000254029,3.7,16.7,1,1,1,0,0,0
9606.ENSP00000404203,3.1,0.2,1,1,1,0,0,0
9606.ENSP00000254037,51.6,89.2,1,1,0,0,1,0
9606.ENSP00000377570,0,0,0,0,1,0,0,0
9606.ENSP00000251646,0,0,0,0,1,0,0,0
9606.ENSP00000254051,8.4,0,1,0,0.25,0.25,0.25,0.25
9606.ENSP00000411532,206.9,5.6,1,1,1,0,0,0
9606.ENSP00000337446,36.7,13,1,1,0,0,1,0
9606.ENSP00000254066,28.1,25.3,1,1,0.25,0.25,0.25,0.25
9606.ENSP00000254079,0.1,0,1,0,0,0,1,0
9606.ENSP00000348108,19.7,22.9,1,1,1,0,0,0
9606.ENSP00000358262,91.8,2.5,1,1,0,0,1,0
9606.ENSP00000358312,31.6,30,1,1,0,0,0,1
9606.ENSP00000254090,94.6,248.3,1,1,0,0,1,0
9606.ENSP00000376765,10.1,3.3,1,1,1,0,0,0
9606.ENSP00000254101,39.3,42.7,1,1,0,0,0,1
9606.ENSP00000416606,0,0,0,0,1,0,0,0
9606.ENSP00000369134,153,92.9,1,1,0,0,1,0
9606.ENSP00000444210,0,0,0,0,0.25,0.25,0.25,0.25
9606.ENSP00000343657,104.6,89.2,1,1,0,0,0,1
9606.ENSP00000375586,4.5,1.4,1,1,0,0,1,0
9606.ENSP00000375593,14.3,7.6,1,1,1,0,0,0
9606.ENSP00000254166,0.5,0.9,1,1,0.25,0.25,0.25,0.25
9606.ENSP00000254181,0.1,0,1,0,1,0,0,0
9606.ENSP00000381282,83.2,208.9,1,1,1,0,0,0
9606.ENSP00000254190,11.5,4,1,1,0.25,0.25,0.25,0.25
9606.ENSP00000254193,136.1,37.8,1,1,0,0,1,0
9606.ENSP00000321537,10.1,1.4,1,1,0,0,1,0
9606.ENSP00000254227,110.2,210.5,1,1,0.25,0.25,0.25,0.25
9606.ENSP00000363314,0.1,0.7,1,1,1,0,0,0
9606.ENSP00000254250,8.8,13.1,1,1,0.25,0.25,0.25,0.25
9606.ENSP00000254260,24.4,9.2,1,1,0,0,1,0
9606.ENSP00000376103,31,57.8,1,1,0,0,1,0
9606.ENSP00000466121,6.5,1.2,1,1,0,0,0,1
9606.ENSP00000454748,0,0.8,0,1,0.25,0.25,0.25,0.25
9606.ENSP00000254286,5.4,29.2,1,1,0.25,0.25,0.25,0.25
9606.ENSP00000336693,0.1,0,1,0,0.25,0.25,0.25,0.25
9606.ENSP00000419045,12,85.5,1,1,0,1,0,0
9606.ENSP00000254301,79.4,2.2,1,1,1,0,0,0
9606.ENSP00000345175,0,0,0,0,0,0,1,0
9606.ENSP00000254322,191.7,64.9,1,1,0,0,1,0
9606.ENSP00000254323,0.6,1.4,1,1,0.25,0.25,0.25,0.25
9606.ENSP00000376945,11.4,4.6,1,1,1,0,0,0
9606.ENSP00000254325,2.7,15.6,1,1,0,0,1,0
9606.ENSP00000335437,1.2,1.4,1,1,0.25,0.25,0.25,0.25
9606.ENSP00000254336,0.3,0.2,1,1,1,0,0,0
9606.ENSP00000254337,15.8,3.2,1,1,0.25,0.25,0.25,0.25
9606.ENSP00000313601,6.5,10.4,1,1,0,0,1,0
9606.ENSP00000326253,0.8,0,1,0,0.25,0.25,0.25,0.25
9606.ENSP00000383894,146.7,0,1,0,0.25,0.25,0.25,0.25
9606.ENSP00000254436,5.1,8.4,1,1,0,1,0,0
9606.ENSP00000360913,0.8,2,1,1,0.25,0.25,0.25,0.25
9606.ENSP00000477792,45.3,21.2,1,1,1,0,0,0
9606.ENSP00000327191,0.7,3.7,1,1,0,0,1,0
9606.ENSP00000405620,55.3,56.9,1,1,0,0,0,1
9606.ENSP00000251849,49.3,36.1,1,1,0,1,0,0
9606.ENSP00000254488,22.5,0,1,0,1,0,0,0
9606.ENSP00000287820,15.8,3.1,1,1,1,0,0,0
9606.ENSP00000254508,56.4,12,1,1,0,0,1,0
9606.ENSP00000356936,0,0.2,0,1,1,0,0,0
9606.ENSP00000254521,34.2,42.3,1,1,0,0,1,0
9606.ENSP00000345974,6,61.6,1,1,0,0,0,1
9606.ENSP00000254528,0.3,0.5,1,1,1,0,0,0
9606.ENSP00000251303,85.6,1.4,1,1,0,0,1,0
9606.ENSP00000484121,52.7,17.5,1,1,1,0,0,0
9606.ENSP00000369373,9.4,15.1,1,1,0,0,1,0
9606.ENSP00000369268,0,0,0,0,0.25,0.25,0.25,0.25
9606.ENSP00000369299,2.1,2.7,1,1,0,0,1,0
9606.ENSP00000254605,9.8,26.1,1,1,0,0,1,0
9606.ENSP00000254616,26,22.3,1,1,0,0,1,0
9606.ENSP00000254624,22.5,72.4,1,1,0,0,1,0
9606.ENSP00000407107,0,0,0,0,0.25,0.25,0.25,0.25
9606.ENSP00000254630,62.9,37.9,1,1,0,0,1,0
9606.ENSP00000387262,157.9,56.9,1,1,0,1,0,0
9606.ENSP00000338389,86.7,61.1,1,1,0,1,0,0
9606.ENSP00000407213,0,0,0,0,0.25,0.25,0.25,0.25
9606.ENSP00000254654,48.5,17.1,1,1,1,0,0,0
9606.ENSP00000254657,8.1,29.3,1,1,1,0,0,0
9606.ENSP00000254661,0.8,108.4,1,1,0.25,0.25,0.25,0.25
9606.ENSP00000254663,35.1,4.5,1,1,0,0,0,1
9606.ENSP00000254667,0,1.2,0,1,0,1,0,0
9606.ENSP00000446215,1602.6,220.1,1,1,0.25,0.25,0.25,0.25
9606.ENSP00000346148,24.1,71.8,1,1,0,1,0,0
9606.ENSP00000254691,0.5,3.6,1,1,0,0,0,1
9606.ENSP00000254695,10.4,1.6,1,1,1,0,0,0
9606.ENSP00000458986,100.1,90,1,1,1,0,0,0
9606.ENSP00000413937,5.6,10.9,1,1,0.25,0.25,0.25,0.25
9606.ENSP00000370968,54.4,5.9,1,1,1,0,0,0
9606.ENSP00000254719,51.1,21.9,1,1,0,1,0,0
9606.ENSP00000254722,1043.9,723.1,1,1,0.25,0.25,0.25,0.25
9606.ENSP00000380178,45.9,56.5,1,1,0,0,1,0
9606.ENSP00000254730,0.3,13.5,1,1,0,1,0,0
9606.ENSP00000386921,46,23.5,1,1,1,0,0,0
9606.ENSP00000372201,21.8,15,1,1,0,1,0,0
9606.ENSP00000254759,13.7,11.9,1,1,0,1,0,0
9606.ENSP00000358242,34.6,86.1,1,1,1,0,0,0
9606.ENSP00000254765,0,0,0,0,0.25,0.25,0.25,0.25
9606.ENSP00000388337,493.5,697.3,1,1,1,0,0,0
9606.ENSP00000254770,6.8,7.9,1,1,1,0,0,0
9606.ENSP00000410811,10.9,2.5,1,1,0,0,1,0
9606.ENSP00000403644,55.1,64.3,1,1,0,0,1,0
9606.ENSP00000368207,0,0,0,0,0.25,0.25,0.25,0.25
9606.ENSP00000254799,91.5,51.3,1,1,0,1,0,0
9606.ENSP00000379383,0,0.7,0,1,0.25,0.25,0.25,0.25
9606.ENSP00000254801,0,18.5,0,1,1,0,0,0
9606.ENSP00000351416,48.1,45.9,1,1,0,1,0,0
9606.ENSP00000254803,39.6,27.9,1,1,0,0,1,0
9606.ENSP00000200181,14,0.6,1,1,0,0,1,0
9606.ENSP00000467579,97.6,61.9,1,1,0,0,1,0
9606.ENSP00000254810,1080.1,488.4,1,1,0,0,1,0
9606.ENSP00000464893,14.4,6.6,1,1,1,0,0,0
9606.ENSP00000254816,29.7,11.3,1,1,0,0,1,0
9606.ENSP00000359958,59.9,49.1,1,1,0,0,1,0
9606.ENSP00000336702,684.4,255.8,1,1,1,0,0,0
9606.ENSP00000254846,8.4,17,1,1,0,0,1,0
9606.ENSP00000254868,0.1,2.2,1,1,0,0,1,0
9606.ENSP00000399979,0.1,0,1,0,0.25,0.25,0.25,0.25
9606.ENSP00000254854,0,1,0,1,0.25,0.25,0.25,0.25
9606.ENSP00000370104,44.7,11.9,1,1,0,1,0,0
9606.ENSP00000354822,1.5,17.3,1,1,0,1,0,0
9606.ENSP00000382428,1.3,2,1,1,1,0,0,0
9606.ENSP00000254878,52.7,942.8,1,1,0,0,1,0
9606.ENSP00000351346,3.3,4.1,1,1,0.25,0.25,0.25,0.25
9606.ENSP00000354109,0,0,0,0,0.25,0.25,0.25,0.25
9606.ENSP00000254898,1.1,10.2,1,1,1,0,0,0
9606.ENSP00000367590,10.3,0,1,0,1,0,0,0
9606.ENSP00000421544,7.8,27.2,1,1,0,0,1,0
9606.ENSP00000247020,30.6,45.9,1,1,0.25,0.25,0.25,0.25
9606.ENSP00000378368,76,35.4,1,1,0,0,1,0
9606.ENSP00000254928,87.2,20.7,1,1,0,0,1,0
9606.ENSP00000343103,35.1,6.5,1,1,0,0,1,0
9606.ENSP00000254940,80.4,13,1,1,0,0,1,0
9606.ENSP00000254942,36.8,16.8,1,1,0,1,0,0
9606.ENSP00000254950,35.5,20.5,1,1,0,1,0,0
9606.ENSP00000341171,326.7,22,1,1,1,0,0,0
9606.ENSP00000254963,3.9,0.9,1,1,0,0,0,1
9606.ENSP00000367631,5,7.8,1,1,0,0,1,0
9606.ENSP00000366645,0,0,0,0,0.25,0.25,0.25,0.25
9606.ENSP00000353868,46.1,12.4,1,1,0,0,1,0
9606.ENSP00000254976,0.4,0.1,1,1,1,0,0,0
9606.ENSP00000384545,24.6,7,1,1,0,0,0,1
9606.ENSP00000368458,922.2,31.1,1,1,1,0,0,0
9606.ENSP00000254998,59.5,13.9,1,1,0.25,0.25,0.25,0.25
9606.ENSP00000366828,18,4.5,1,1,0,0,1,0
9606.ENSP00000255006,1.5,10.7,1,1,0,0,1,0
9606.ENSP00000369756,77.4,29.2,1,1,0,1,0,0
9606.ENSP00000255008,0,0,0,0,0.25,0.25,0.25,0.25
9606.ENSP00000357320,132.8,66,1,1,1,0,0,0
9606.ENSP00000441197,7.9,11,1,1,1,0,0,0
9606.ENSP00000357304,22.6,8.6,1,1,0,0,1,0
9606.ENSP00000357060,0,0,0,0,0.25,0.25,0.25,0.25
9606.ENSP00000357206,34.6,0.2,1,1,1,0,0,0
9606.ENSP00000331210,52.6,0,1,0,1,0,0,0
9606.ENSP00000255030,0,3048.6,0,1,0,0,0,1
9606.ENSP00000357177,11.8,7,1,1,0,1,0,0
9606.ENSP00000354376,0.6,0.2,1,1,0,1,0,0
9606.ENSP00000255039,0,0,0,0,1,0,0,0
9606.ENSP00000255040,0,4184.4,0,1,1,0,0,0
9606.ENSP00000355157,0,0.5,0,1,0.25,0.25,0.25,0.25
9606.ENSP00000357052,64.1,62.6,1,1,0,0,1,0
9606.ENSP00000357307,0.2,0.1,1,1,1,0,0,0
9606.ENSP00000255078,5.5,6.1,1,1,0.25,0.25,0.25,0.25
9606.ENSP00000255082,5.4,27.1,1,1,0,1,0,0
9606.ENSP00000255084,0,0,0,0,1,0,0,0
9606.ENSP00000255087,0,0.4,0,1,0.25,0.25,0.25,0.25
9606.ENSP00000383840,9.1,22.9,1,1,1,0,0,0
9606.ENSP00000255108,33.5,5.9,1,1,0,1,0,0
9606.ENSP00000361162,15,5.3,1,1,0,1,0,0
9606.ENSP00000255120,290.6,47,1,1,0,1,0,0
9606.ENSP00000361170,9.3,2.3,1,1,0,0,1,0
9606.ENSP00000355050,107.7,51.4,1,1,0,1,0,0
9606.ENSP00000362354,12.6,30.9,1,1,0,1,0,0
9606.ENSP00000255152,4,0.7,1,1,0.25,0.25,0.25,0.25
9606.ENSP00000348538,50.7,4.9,1,1,0,0,1,0
9606.ENSP00000362560,0,1.3,0,1,0.25,0.25,0.25,0.25
9606.ENSP00000362061,58.3,33,1,1,0,0,1,0
9606.ENSP00000340243,97.2,96.8,1,1,0,0,1,0
9606.ENSP00000360035,2.9,0.4,1,1,1,0,0,0
9606.ENSP00000255189,7.1,92.7,1,1,0,0,0,1
9606.ENSP00000255192,53.8,393.9,1,1,0,0,0,1
9606.ENSP00000255194,48.7,15.3,1,1,0,0,1,0
9606.ENSP00000255198,10.5,31.6,1,1,1,0,0,0
9606.ENSP00000360200,9.1,27.7,1,1,1,0,0,0
9606.ENSP00000360195,15.2,3.3,1,1,0.25,0.25,0.25,0.25
9606.ENSP00000360170,0.4,702.9,1,1,0,0,0,1
9606.ENSP00000255224,0,0,0,0,1,0,0,0
9606.ENSP00000255226,0,0,0,0,0.25,0.25,0.25,0.25
9606.ENSP00000365961,32.2,6.1,1,1,0,1,0,0
9606.ENSP00000364749,1,1.1,1,1,0,0,1,0
9606.ENSP00000330237,10.9,5.7,1,1,0,1,0,0
9606.ENSP00000255262,0,0,0,0,1,0,0,0
9606.ENSP00000414906,30.5,38.1,1,1,1,0,0,0
9606.ENSP00000255266,0.2,0.2,1,1,1,0,0,0
9606.ENSP00000371070,0,0,0,0,1,0,0,0
9606.ENSP00000483729,0,0.3,0,1,0,1,0,0
9606.ENSP00000372361,7.5,8.3,1,1,0,0,0,1
9606.ENSP00000255304,7.3,4.5,1,1,0,0,1,0
9606.ENSP00000255305,10.4,8.1,1,1,0.25,0.25,0.25,0.25
9606.ENSP00000383089,0,0,0,0,0.25,0.25,0.25,0.25
9606.ENSP00000370222,165.4,662.4,1,1,0,0,1,0
9606.ENSP00000370938,7.6,7.7,1,1,0.25,0.25,0.25,0.25
9606.ENSP00000479870,1.2,2,1,1,1,0,0,0
9606.ENSP00000335055,15.1,8.6,1,1,1,0,0,0
9606.ENSP00000255324,0,0,0,0,1,0,0,0
9606.ENSP00000384932,0,0,0,0,0.25,0.25,0.25,0.25
9606.ENSP00000255380,0,0.2,0,1,0,1,0,0
9606.ENSP00000384330,0,0,0,0,1,0,0,0
9606.ENSP00000353590,89.3,14.6,1,1,1,0,0,0
9606.ENSP00000255389,53.7,215.6,1,1,0,1,0,0
9606.ENSP00000255390,35.8,34.3,1,1,0,0,1,0
9606.ENSP00000379156,59.2,19.5,1,1,0,0,1,0
9606.ENSP00000255409,0.5,52.6,1,1,0.25,0.25,0.25,0.25
9606.ENSP00000255416,0.1,0,1,0,1,0,0,0
9606.ENSP00000356155,4.4,4.1,1,1,1,0,0,0
9606.ENSP00000356130,3.5,5.9,1,1,0,0,0,1
9606.ENSP00000356198,0,0,0,0,1,0,0,0
9606.ENSP00000356105,2.1,2.3,1,1,0,1,0,0
9606.ENSP00000356247,0,0.2,0,1,0,0,1,0
9606.ENSP00000350718,0.1,0,1,0,1,0,0,0
9606.ENSP00000255448,0,0,0,0,1,0,0,0
9606.ENSP00000255465,0,0,0,0,1,0,0,0
9606.ENSP00000397441,13.3,9.2,1,1,0,1,0,0
9606.ENSP00000414147,13.5,20,1,1,0,1,0,0
9606.ENSP00000298386,0,0,0,0,0.25,0.25,0.25,0.25
9606.ENSP00000318982,0.1,5.7,1,1,1,0,0,0
9606.ENSP00000369027,0,0,0,0,0.25,0.25,0.25,0.25
9606.ENSP00000369071,0,0.5,0,1,0,0,1,0
9606.ENSP00000255476,11.5,4.2,1,1,0.25,0.25,0.25,0.25
9606.ENSP00000477781,4460.9,5381.9,1,1,1,0,0,0
9606.ENSP00000368447,5.5,15.1,1,1,1,0,0,0
9606.ENSP00000368952,0,0,0,0,1,0,0,0
9606.ENSP00000369442,0,0.2,0,1,0.25,0.25,0.25,0.25
9606.ENSP00000369411,67.3,7.9,1,1,1,0,0,0
9606.ENSP00000338785,6.9,8.2,1,1,0,0,1,0
9606.ENSP00000361202,0,0,0,0,0.25,0.25,0.25,0.25
9606.ENSP00000347821,21.2,23.1,1,1,1,0,0,0
9606.ENSP00000442521,0.7,0.6,1,1,0,1,0,0
9606.ENSP00000255499,41.5,63.4,1,1,0,0,1,0
9606.ENSP00000349781,7.4,14.2,1,1,0,0,1,0
9606.ENSP00000361712,64,281,1,1,0.25,0.25,0.25,0.25
9606.ENSP00000361813,88.1,0.9,1,1,0,1,0,0
9606.ENSP00000384832,39,16.8,1,1,0,0,1,0
9606.ENSP00000445829,25.6,26.7,1,1,0.25,0.25,0.25,0.25
9606.ENSP00000363763,0.1,0.2,1,1,0,0,1,0
9606.ENSP00000326261,50.1,257.8,1,1,0,0,1,0
9606.ENSP00000255608,72.3,10,1,1,0.25,0.25,0.25,0.25
9606.ENSP00000408342,0,0,0,0,1,0,0,0
9606.ENSP00000255613,3.9,0.9,1,1,0.25,0.25,0.25,0.25
9606.ENSP00000377504,10.1,9.8,1,1,1,0,0,0
9606.ENSP00000420295,0.3,0,1,0,1,0,0,0
9606.ENSP00000255631,84.5,27.5,1,1,0,0,1,0
9606.ENSP00000255641,56.4,15.1,1,1,1,0,0,0
9606.ENSP00000265140,2.9,6.5,1,1,0,0,1,0
9606.ENSP00000325548,80.9,115.8,1,1,0,0,1,0
9606.ENSP00000255681,30.7,44.7,1,1,0.25,0.25,0.25,0.25
9606.ENSP00000432119,79.4,28.6,1,1,1,0,0,0
9606.ENSP00000339374,0,0.1,0,1,0.25,0.25,0.25,0.25
9606.ENSP00000367050,85,68.6,1,1,1,0,0,0
9606.ENSP00000255688,0.2,110.4,1,1,0.25,0.25,0.25,0.25
9606.ENSP00000255695,0,4,0,1,0,1,0,0
9606.ENSP00000379616,0,2.4,0,1,1,0,0,0
9606.ENSP00000255759,10.2,27.6,1,1,0,1,0,0
9606.ENSP00000255764,39.8,25,1,1,0.25,0.25,0.25,0.25
9606.ENSP00000402033,0,0,0,0,0,1,0,0
9606.ENSP00000215862,14.7,7.9,1,1,1,0,0,0
9606.ENSP00000347088,12.7,8.8,1,1,0.25,0.25,0.25,0.25
9606.ENSP00000290765,3.6,0.4,1,1,0.25,0.25,0.25,0.25
9606.ENSP00000334563,0,0,0,0,1,0,0,0
9606.ENSP00000483038,2,6.4,1,1,0,1,0,0
9606.ENSP00000338812,3.7,5.6,1,1,1,0,0,0
9606.ENSP00000385721,0,0,0,0,0,1,0,0
9606.ENSP00000330432,0,1.7,0,1,1,0,0,0
9606.ENSP00000255858,0.1,19.3,1,1,0.25,0.25,0.25,0.25
9606.ENSP00000479580,0,2.2,0,1,1,0,0,0
9606.ENSP00000255945,0,8,0,1,0,0,1,0
9606.ENSP00000072869,12.3,7.9,1,1,1,0,0,0
9606.ENSP00000255977,49.8,37.5,1,1,0.25,0.25,0.25,0.25
9606.ENSP00000380413,44.9,18.1,1,1,0,0,1,0
9606.ENSP00000317165,5.2,1.3,1,1,0,0,1,0
9606.ENSP00000256001,15.5,6.8,1,1,1,0,0,0
9606.ENSP00000256010,0.1,0,1,0,1,0,0,0
9606.ENSP00000256015,1.8,255.8,1,1,0.25,0.25,0.25,0.25
9606.ENSP00000376910,0,0,0,0,0.25,0.25,0.25,0.25
9606.ENSP00000349358,5.8,19.3,1,1,0,1,0,0
9606.ENSP00000416508,35.5,125.7,1,1,1,0,0,0
9606.ENSP00000361366,0,0.8,0,1,1,0,0,0
9606.ENSP00000361272,1.3,0.4,1,1,1,0,0,0
9606.ENSP00000361355,18.4,30.2,1,1,0,0,1,0
9606.ENSP00000442046,0.5,3.9,1,1,0,0,1,0
9606.ENSP00000256078,13.4,50,1,1,1,0,0,0
9606.ENSP00000256079,25.1,24.6,1,1,1,0,0,0
9606.ENSP00000377954,41.2,27.6,1,1,1,0,0,0
9606.ENSP00000352936,0,0.1,0,1,1,0,0,0
9606.ENSP00000408526,25.1,31.3,1,1,0,0,1,0
9606.ENSP00000353538,4.1,6.9,1,1,1,0,0,0
9606.ENSP00000398124,19.9,2.2,1,1,0.25,0.25,0.25,0.25
9606.ENSP00000430656,0.3,2.7,1,1,1,0,0,0
9606.ENSP00000256151,35,67.2,1,1,1,0,0,0
9606.ENSP00000315630,12.8,5.3,1,1,1,0,0,0
9606.ENSP00000384517,2.2,20.9,1,1,0,0,1,0
9606.ENSP00000256178,0.3,3.2,1,1,1,0,0,0
9606.ENSP00000379802,0.6,0.3,1,1,0,1,0,0
9606.ENSP00000256190,12.8,12.9,1,1,0,0,1,0
9606.ENSP00000256194,0.8,17.2,1,1,0,0,1,0
9606.ENSP00000256196,55.1,32.3,1,1,0,0,1,0
9606.ENSP00000420914,159.6,238.4,1,1,0,0,0,1
9606.ENSP00000368017,7.5,10.3,1,1,0,1,0,0
9606.ENSP00000256246,0.3,0,1,0,1,0,0,0
9606.ENSP00000256255,117,255,1,1,0.25,0.25,0.25,0.25
9606.ENSP00000256257,6.7,0.1,1,1,0,0,1,0
9606.ENSP00000256261,0,0,0,0,1,0,0,0
9606.ENSP00000436901,35,15.1,1,1,1,0,0,0
9606.ENSP00000337088,33.9,9.3,1,1,1,0,0,0
9606.ENSP00000256319,46.6,221.7,1,1,0,0,1,0
9606.ENSP00000238558,0,0,0,0,0.25,0.25,0.25,0.25
9606.ENSP00000428263,15,15.4,1,1,0,0,1,0
9606.ENSP00000256339,0,0.1,0,1,0.25,0.25,0.25,0.25
9606.ENSP00000451300,42.7,39.8,1,1,0,0,0,1
9606.ENSP00000256343,0.5,0.8,1,1,0.25,0.25,0.25,0.25
9606.ENSP00000256362,0,0,0,0,0.25,0.25,0.25,0.25
9606.ENSP00000374562,32.4,44.8,1,1,0.25,0.25,0.25,0.25
9606.ENSP00000256367,2.8,2.1,1,1,0.25,0.25,0.25,0.25
9606.ENSP00000481920,52.7,14.9,1,1,0,0,1,0
9606.ENSP00000256383,58.5,39.6,1,1,0,1,0,0
9606.ENSP00000256389,0,0,0,0,1,0,0,0
9606.ENSP00000373783,1.1,0.3,1,1,0,0,1,0
9606.ENSP00000256398,37,20.7,1,1,0,0,1,0
9606.ENSP00000256404,0,0.6,0,1,1,0,0,0
9606.ENSP00000256412,0,0,0,0,0.25,0.25,0.25,0.25
9606.ENSP00000372459,8.4,21.3,1,1,0,1,0,0
9606.ENSP00000397900,0,5.8,0,1,1,0,0,0
9606.ENSP00000256429,16.2,26.1,1,1,0,1,0,0
9606.ENSP00000256433,38.7,123.6,1,1,0,0,0,1
9606.ENSP00000256441,42.5,286.1,1,1,0,0,1,0
9606.ENSP00000256442,270.7,3.3,1,1,1,0,0,0
9606.ENSP00000256443,16.7,8.1,1,1,1,0,0,0
9606.ENSP00000256447,0,0.4,0,1,1,0,0,0
9606.ENSP00000256458,12.7,4.7,1,1,0,1,0,0
9606.ENSP00000256460,42.3,24.6,1,1,1,0,0,0
9606.ENSP00000339532,32.7,31.7,1,1,0,0,1,0
9606.ENSP00000256474,37.9,29.9,1,1,1,0,0,0
9606.ENSP00000256495,24.2,43.5,1,1,0,1,0,0
9606.ENSP00000256496,42.4,37.3,1,1,0,1,0,0
9606.ENSP00000256497,18.9,63.4,1,1,0,0,0,1
9606.ENSP00000407822,0,0,0,0,1,0,0,0
9606.ENSP00000256509,0,1.4,0,1,1,0,0,0
9606.ENSP00000453793,11.7,9.4,1,1,1,0,0,0
9606.ENSP00000256538,14.2,7.2,1,1,0,0,1,0
9606.ENSP00000256544,18,20.9,1,1,0,0,0,1
9606.ENSP00000256545,136.8,80.7,1,1,0,1,0,0
9606.ENSP00000437849,0,0.1,0,1,1,0,0,0
9606.ENSP00000251337,0.6,0,1,0,0.25,0.25,0.25,0.25
9606.ENSP00000311469,1,2,1,1,0,0,0,1
9606.ENSP00000359042,41.6,53.3,1,1,1,0,0,0
9606.ENSP00000346158,0.1,0,1,0,1,0,0,0
9606.ENSP00000358529,0,0,0,0,0,0,1,0
9606.ENSP00000256592,0,0,0,0,1,0,0,0
9606.ENSP00000256593,0,0.1,0,1,1,0,0,0
9606.ENSP00000256594,75.6,16.6,1,1,1,0,0,0
9606.ENSP00000477344,0,0,0,0,0.25,0.25,0.25,0.25
9606.ENSP00000359073,14.6,2.8,1,1,0,1,0,0
9606.ENSP00000358755,0,0,0,0,0,1,0,0
9606.ENSP00000358925,36.4,1.1,1,1,0.25,0.25,0.25,0.25
9606.ENSP00000358414,0.7,1106.7,1,1,0,0,0,1
9606.ENSP00000352833,0,0.2,0,1,0,0,1,0
9606.ENSP00000256637,50.2,19,1,1,0,1,0,0
9606.ENSP00000358698,0.3,0.3,1,1,0.25,0.25,0.25,0.25
9606.ENSP00000376899,8.4,9.7,1,1,0,1,0,0
9606.ENSP00000256644,332.5,406,1,1,0,0,1,0
9606.ENSP00000358407,0,0,0,0,1,0,0,0
9606.ENSP00000256646,5.2,33.5,1,1,1,0,0,0
9606.ENSP00000256649,2.1,0.2,1,1,0.25,0.25,0.25,0.25
9606.ENSP00000441980,19.8,28,1,1,0.25,0.25,0.25,0.25
9606.ENSP00000358482,0,0.5,0,1,0,1,0,0
9606.ENSP00000358470,0,0.2,0,1,1,0,0,0
9606.ENSP00000358525,0,0,0,0,0.25,0.25,0.25,0.25
9606.ENSP00000358582,7.5,4.1,1,1,0,0,1,0
9606.ENSP00000324628,13.5,18.9,1,1,0,1,0,0
9606.ENSP00000387266,12.7,3,1,1,0,0,0,1
9606.ENSP00000378935,70.2,34.3,1,1,0,0,1,0
9606.ENSP00000449751,10.4,92.9,1,1,1,0,0,0
9606.ENSP00000256682,103.4,45.8,1,1,0.25,0.25,0.25,0.25
9606.ENSP00000400471,116.1,17.8,1,1,0,1,0,0
9606.ENSP00000256689,384.5,218.2,1,1,0,0,1,0
9606.ENSP00000371267,350.6,102,1,1,1,0,0,0
9606.ENSP00000256707,21.4,25.6,1,1,1,0,0,0
9606.ENSP00000324693,7,5.6,1,1,0,0,1,0
9606.ENSP00000317985,74,34.5,1,1,1,0,0,0
9606.ENSP00000371471,0,0.9,0,1,0,0,0,1
9606.ENSP00000281043,0,0.3,0,1,0.25,0.25,0.25,0.25
9606.ENSP00000397908,8.6,40.3,1,1,0,0,1,0
9606.ENSP00000256722,0,1.3,0,1,0,1,0,0
9606.ENSP00000417580,27.1,76.6,1,1,1,0,0,0
9606.ENSP00000445175,635.4,558.1,1,1,0,0,1,0
9606.ENSP00000436126,0.2,44005,1,1,0.25,0.25,0.25,0.25
9606.ENSP00000256737,0.2,0.2,1,1,1,0,0,0
9606.ENSP00000370698,15.8,183.6,1,1,1,0,0,0
9606.ENSP00000256759,135.4,49.2,1,1,1,0,0,0
9606.ENSP00000356386,0,37,0,1,0.25,0.25,0.25,0.25
9606.ENSP00000356265,0,0.7,0,1,0,1,0,0
9606.ENSP00000356405,5.2,21.4,1,1,0,1,0,0
9606.ENSP00000356256,86.4,175.6,1,1,0,0,1,0
9606.ENSP00000356370,0,0,0,0,1,0,0,0
9606.ENSP00000256785,0,96.2,0,1,1,0,0,0
9606.ENSP00000256797,1,0,1,0,1,0,0,0
9606.ENSP00000318646,6559.8,4512.4,1,1,0,0,0,1
9606.ENSP00000334813,0,0,0,0,0.25,0.25,0.25,0.25
9606.ENSP00000256854,197.4,115,1,1,0,1,0,0
9606.ENSP00000256857,0,0,0,0,0.25,0.25,0.25,0.25
9606.ENSP00000381198,9,8,1,1,0,0,0,1
9606.ENSP00000369335,34.9,17.1,1,1,0,0,0,1
9606.ENSP00000388638,146.1,71.8,1,1,0,0,1,0
9606.ENSP00000369293,0,0.2,0,1,1,0,0,0
9606.ENSP00000369436,10,5,1,1,1,0,0,0
9606.ENSP00000368517,0,182,0,1,0,0,0,1
9606.ENSP00000380421,0.6,6.9,1,1,0,1,0,0
9606.ENSP00000256897,47.8,28.6,1,1,0,0,1,0
9606.ENSP00000256906,0.1,0,1,0,0.25,0.25,0.25,0.25
9606.ENSP00000372720,3.5,4.5,1,1,0.25,0.25,0.25,0.25
9606.ENSP00000384367,7.5,1.4,1,1,0.25,0.25,0.25,0.25
9606.ENSP00000256925,35,7.2,1,1,0.25,0.25,0.25,0.25
9606.ENSP00000256935,0,0.5,0,1,1,0,0,0
9606.ENSP00000256951,0.3,0.8,1,1,0.25,0.25,0.25,0.25
9606.ENSP00000398273,11.5,21.1,1,1,0.25,0.25,0.25,0.25
9606.ENSP00000256953,0,0,0,0,1,0,0,0
9606.ENSP00000256958,0,157.8,0,1,0,0,1,0
9606.ENSP00000371333,0.2,9.2,1,1,0.25,0.25,0.25,0.25
9606.ENSP00000438038,0.3,2.1,1,1,0.25,0.25,0.25,0.25
9606.ENSP00000256969,0.1,6.2,1,1,0.25,0.25,0.25,0.25
9606.ENSP00000379682,0.1,0,1,0,0.25,0.25,0.25,0.25
9606.ENSP00000367888,6.8,0.2,1,1,1,0,0,0
9606.ENSP00000442795,0,0,0,0,1,0,0,0
9606.ENSP00000256996,51.3,14.7,1,1,0,0,1,0
9606.ENSP00000256997,26.3,78.1,1,1,0.25,0.25,0.25,0.25
9606.ENSP00000423390,0,0,0,0,1,0,0,0
9606.ENSP00000257013,38.7,29.8,1,1,0.25,0.25,0.25,0.25
9606.ENSP00000257017,0,0,0,0,0.25,0.25,0.25,0.25
9606.ENSP00000359567,0,0,0,0,0.25,0.25,0.25,0.25
9606.ENSP00000339090,17,27.9,1,1,0,1,0,0
9606.ENSP00000377867,27.6,4.6,1,1,1,0,0,0
9606.ENSP00000299001,0,0,0,0,0,1,0,0
9606.ENSP00000257068,0,0,0,0,1,0,0,0
9606.ENSP00000391723,61.3,51.9,1,1,0,1,0,0
9606.ENSP00000353670,0.1,0,1,0,1,0,0,0
9606.ENSP00000362576,103.6,26.3,1,1,0,1,0,0
9606.ENSP00000257118,67.3,47.2,1,1,0,0,1,0
9606.ENSP00000362146,49.5,0.4,1,1,0,1,0,0
9606.ENSP00000362153,64.4,21.4,1,1,1,0,0,0
9606.ENSP00000362306,4.2,13.5,1,1,1,0,0,0
9606.ENSP00000360252,18.3,47,1,1,1,0,0,0
9606.ENSP00000360247,3.7,53.7,1,1,0.25,0.25,0.25,0.25
9606.ENSP00000360664,84,93.5,1,1,0,1,0,0
9606.ENSP00000257177,42.1,25.7,1,1,1,0,0,0
9606.ENSP00000257181,17.6,18.3,1,1,0.25,0.25,0.25,0.25
9606.ENSP00000280904,16.4,14.1,1,1,0,1,0,0
9606.ENSP00000257189,0,0,0,0,1,0,0,0
9606.ENSP00000261593,25.8,17.8,1,1,0.25,0.25,0.25,0.25
9606.ENSP00000414851,29.6,71.1,1,1,0,0,1,0
9606.ENSP00000257192,0,4.8,0,1,1,0,0,0
9606.ENSP00000353608,0.2,0.2,1,1,1,0,0,0
9606.ENSP00000257198,0,0,0,0,1,0,0,0
9606.ENSP00000470152,10.1,0.8,1,1,1,0,0,0
9606.ENSP00000466937,0,0,0,0,0,1,0,0
9606.ENSP00000464780,118.4,21.2,1,1,0,0,1,0
9606.ENSP00000257215,7.9,0.1,1,1,1,0,0,0
9606.ENSP00000434515,0.2,48.7,1,1,1,0,0,0
9606.ENSP00000257245,122,246.6,1,1,0,0,1,0
9606.ENSP00000257248,0,0,0,0,1,0,0,0
9606.ENSP00000331907,11.7,3.8,1,1,0.25,0.25,0.25,0.25
9606.ENSP00000475344,0,0,0,0,0,0,1,0
9606.ENSP00000278840,92.7,54.7,1,1,0,0,0,1
9606.ENSP00000443216,274.6,628,1,1,0,0,1,0
9606.ENSP00000257264,0,0.1,0,1,0.25,0.25,0.25,0.25
9606.ENSP00000472620,0.2,1.1,1,1,1,0,0,0
9606.ENSP00000370736,59.7,17.4,1,1,1,0,0,0
9606.ENSP00000308741,5.7,25.1,1,1,0,1,0,0
9606.ENSP00000257290,0.8,0.6,1,1,1,0,0,0
9606.ENSP00000365426,1.7,13.1,1,1,1,0,0,0
9606.ENSP00000353654,0.4,2.9,1,1,1,0,0,0
9606.ENSP00000299339,0.1,0.4,1,1,1,0,0,0
9606.ENSP00000257312,9.2,0.4,1,1,0,0,1,0
9606.ENSP00000383911,39.3,26.5,1,1,0,0,1,0
9606.ENSP00000383059,11.7,76.5,1,1,0,0,0,1
9606.ENSP00000257336,10,27.1,1,1,1,0,0,0
9606.ENSP00000347978,12,0.9,1,1,0,1,0,0
9606.ENSP00000365233,20.1,22.1,1,1,0,0,0,1
9606.ENSP00000365172,24.2,3,1,1,0,0,1,0
9606.ENSP00000257347,50.4,22.7,1,1,0,1,0,0
9606.ENSP00000310561,6.2,14.1,1,1,0,0,1,0
9606.ENSP00000376472,206.3,33.4,1,1,0,0,1,0
9606.ENSP00000257359,0,0,0,0,1,0,0,0
9606.ENSP00000432816,0.7,0,1,0,1,0,0,0
9606.ENSP00000376436,0.4,7.3,1,1,1,0,0,0
9606.ENSP00000311833,3.3,0.7,1,1,0.25,0.25,0.25,0.25
9606.ENSP00000257408,44.7,43.5,1,1,0,1,0,0
9606.ENSP00000405926,70,107.5,1,1,0,0,1,0
9606.ENSP00000257430,5.8,11.2,1,1,0,0,0,1
9606.ENSP00000378996,87.4,10,1,1,1,0,0,0
9606.ENSP00000423067,16.6,27.5,1,1,1,0,0,0
9606.ENSP00000340836,43.6,32,1,1,1,0,0,0
9606.ENSP00000365926,21.3,38.7,1,1,0,0,1,0
9606.ENSP00000365576,91.5,66.4,1,1,0,0,1,0
9606.ENSP00000354972,14.5,11.5,1,1,0,0,1,0
9606.ENSP00000366050,12.8,3.7,1,1,0,1,0,0
9606.ENSP00000366109,3.3,8.2,1,1,1,0,0,0
9606.ENSP00000345344,97.7,105.6,1,1,0,0,1,0
9606.ENSP00000366243,71.6,32.3,1,1,0,0,1,0
9606.ENSP00000338512,9.7,2.8,1,1,0,0,1,0
9606.ENSP00000373364,3.8,9.4,1,1,1,0,0,0
9606.ENSP00000257515,0,0,0,0,1,0,0,0
9606.ENSP00000365773,294.7,162.7,1,1,0,0,1,0
9606.ENSP00000365159,44.8,85.4,1,1,0,0,0,1
9606.ENSP00000257527,1.9,6.6,1,1,0.25,0.25,0.25,0.25
9606.ENSP00000312002,0,0.1,0,1,1,0,0,0
9606.ENSP00000377547,4.9,0,1,0,1,0,0,0
9606.ENSP00000376317,12.6,57.6,1,1,0,1,0,0
9606.ENSP00000257548,9,16.1,1,1,0,0,0,1
9606.ENSP00000257549,0,366.3,0,1,0,0,1,0
9606.ENSP00000257552,1.4,0,1,0,1,0,0,0
9606.ENSP00000257555,42.1,14.5,1,1,0,1,0,0
9606.ENSP00000328187,26.2,34.1,1,1,0,0,1,0
9606.ENSP00000257566,43.3,35.9,1,1,0.25,0.25,0.25,0.25
9606.ENSP00000257570,0.1,7.4,1,1,1,0,0,0
9606.ENSP00000257572,0,0,0,0,0.25,0.25,0.25,0.25
9606.ENSP00000257575,2.1,0,1,0,1,0,0,0
9606.ENSP00000353032,12.6,8.3,1,1,0,0,1,0
9606.ENSP00000380690,10.3,4.7,1,1,1,0,0,0
9606.ENSP00000257600,0,11.5,0,1,0,1,0,0
9606.ENSP00000257604,18.6,4.4,1,1,1,0,0,0
9606.ENSP00000378193,15.4,6.8,1,1,1,0,0,0
9606.ENSP00000257627,0,0,0,0,0.25,0.25,0.25,0.25
9606.ENSP00000398083,54.7,3.4,1,1,1,0,0,0
9606.ENSP00000285871,0.7,0.9,1,1,1,0,0,0
9606.ENSP00000257663,36.1,28.8,1,1,1,0,0,0
9606.ENSP00000399421,18.5,8.8,1,1,1,0,0,0
9606.ENSP00000251566,4.1,51.7,1,1,1,0,0,0
9606.ENSP00000341030,0,0,0,0,1,0,0,0
9606.ENSP00000334276,0,0.1,0,1,1,0,0,0
9606.ENSP00000410804,8.1,42.8,1,1,0,0,1,0
9606.ENSP00000257696,13.2,3,1,1,1,0,0,0
9606.ENSP00000326652,0,0,0,0,0.25,0.25,0.25,0.25
9606.ENSP00000257700,16.9,5.5,1,1,0,0,1,0
9606.ENSP00000377262,18.8,36.4,1,1,1,0,0,0
9606.ENSP00000479679,0.6,0.2,1,1,0.25,0.25,0.25,0.25
9606.ENSP00000350937,23.8,11.5,1,1,1,0,0,0
9606.ENSP00000484656,0,13.7,0,1,0,0,1,0
9606.ENSP00000402038,9.8,20.6,1,1,0,0,0,1
9606.ENSP00000359630,0,0,0,0,0.25,0.25,0.25,0.25
9606.ENSP00000430985,0.3,3.5,1,1,0,1,0,0
9606.ENSP00000358963,0,0,0,0,1,0,0,0
9606.ENSP00000359411,0,0,0,0,0.25,0.25,0.25,0.25
9606.ENSP00000385215,2,5.9,1,1,1,0,0,0
9606.ENSP00000358635,142.2,78.8,1,1,0,0,1,0
9606.ENSP00000313121,64.9,22.5,1,1,0,0,0,1
9606.ENSP00000257770,10.8,32,1,1,0,0,1,0
9606.ENSP00000257776,0.4,0.1,1,1,0.25,0.25,0.25,0.25
9606.ENSP00000358309,0,0,0,0,0,1,0,0
9606.ENSP00000257787,75.2,37,1,1,0.25,0.25,0.25,0.25
9606.ENSP00000257789,25.2,9.8,1,1,0,0,1,0
9606.ENSP00000376686,1.6,0.2,1,1,0,1,0,0
9606.ENSP00000358335,23,18.6,1,1,1,0,0,0
9606.ENSP00000482232,0.3,0.1,1,1,1,0,0,0
9606.ENSP00000358358,0,0,0,0,0.25,0.25,0.25,0.25
9606.ENSP00000368144,0,0.3,0,1,0.25,0.25,0.25,0.25
9606.ENSP00000257818,0,2.8,0,1,1,0,0,0
9606.ENSP00000398824,10.6,4.3,1,1,1,0,0,0
9606.ENSP00000257829,55.3,7.1,1,1,1,0,0,0
9606.ENSP00000435835,0.3,0.8,1,1,1,0,0,0
9606.ENSP00000311010,3.1,0.3,1,1,0.25,0.25,0.25,0.25
9606.ENSP00000257836,0.4,50,1,1,0,0,1,0
9606.ENSP00000340329,119.7,45.8,1,1,0,0,1,0
9606.ENSP00000377878,503.6,851.1,1,1,0,0,1,0
9606.ENSP00000350223,22.4,5.9,1,1,0,0,1,0
9606.ENSP00000447730,385.9,433.7,1,1,0,1,0,0
9606.ENSP00000257860,0.1,0,1,0,1,0,0,0
9606.ENSP00000257861,0.8,1.9,1,1,1,0,0,0
9606.ENSP00000257863,0.5,0,1,0,0.25,0.25,0.25,0.25
9606.ENSP00000257867,0,0,0,0,0.25,0.25,0.25,0.25
9606.ENSP00000257868,3.1,0.7,1,1,0,1,0,0
9606.ENSP00000310447,7.5,51,1,1,0,0,0,1
9606.ENSP00000452120,3.5,0.9,1,1,1,0,0,0
9606.ENSP00000400892,0.2,0.3,1,1,1,0,0,0
9606.ENSP00000257894,0.5,0.5,1,1,1,0,0,0
9606.ENSP00000257895,1.8,12.8,1,1,0.25,0.25,0.25,0.25
9606.ENSP00000449241,2.5,0.1,1,1,1,0,0,0
9606.ENSP00000447537,162.7,430,1,1,0,0,1,0
9606.ENSP00000257901,0,0,0,0,1,0,0,0
9606.ENSP00000257904,211.8,38,1,1,1,0,0,0
9606.ENSP00000257905,0.1,240.2,1,1,1,0,0,0
9606.ENSP00000257909,49.9,0.8,1,1,1,0,0,0
9606.ENSP00000257910,7.2,18.8,1,1,0,1,0,0
9606.ENSP00000341562,9.8,0.1,1,1,1,0,0,0
9606.ENSP00000257915,22.6,9,1,1,0.25,0.25,0.25,0.25
9606.ENSP00000312587,18,18.3,1,1,0.25,0.25,0.25,0.25
9606.ENSP00000321951,0.1,0,1,0,1,0,0,0
9606.ENSP00000401721,4.8,15.4,1,1,0.25,0.25,0.25,0.25
9606.ENSP00000257934,11.8,5.7,1,1,0,1,0,0
9606.ENSP00000329243,5.8,2.2,1,1,1,0,0,0
9606.ENSP00000257940,1.9,2.5,1,1,0,1,0,0
9606.ENSP00000341826,2002.2,162.8,1,1,0,0,1,0
9606.ENSP00000442656,18.4,19.2,1,1,0,0,1,0
9606.ENSP00000318165,203.7,133.3,1,1,0,0,1,0
9606.ENSP00000257979,0,0.2,0,1,1,0,0,0
9606.ENSP00000257981,0,0,0,0,0.25,0.25,0.25,0.25
9606.ENSP00000356548,101.3,21.1,1,1,0,1,0,0
9606.ENSP00000482335,0.4,36.3,1,1,0,1,0,0
9606.ENSP00000309376,173.2,155.9,1,1,0,0,1,0
9606.ENSP00000357973,5.8,4.6,1,1,0,1,0,0
9606.ENSP00000394546,40.1,31.3,1,1,1,0,0,0
9606.ENSP00000356774,3.4,18.9,1,1,0,1,0,0
9606.ENSP00000357348,0,11.6,0,1,0,0,1,0
9606.ENSP00000480824,1,3,1,1,0,0,1,0
9606.ENSP00000258034,0,0,0,0,0.25,0.25,0.25,0.25
9606.ENSP00000258042,0,0,0,0,0.25,0.25,0.25,0.25
9606.ENSP00000258052,8,3.1,1,1,0,0,1,0
9606.ENSP00000351664,8.5,0.1,1,1,1,0,0,0
9606.ENSP00000392065,28.7,37.8,1,1,0,0,1,0
9606.ENSP00000356540,0.1,1.3,1,1,0,0,1,0
9606.ENSP00000370912,0.1,2.7,1,1,0,1,0,0
9606.ENSP00000258083,31.5,73,1,1,0,0,1,0
9606.ENSP00000350547,5.5,0.2,1,1,0,1,0,0
9606.ENSP00000258091,653.8,71.1,1,1,0,0,1,0
9606.ENSP00000445626,0.1,0,1,0,1,0,0,0
9606.ENSP00000258098,8.5,6.1,1,1,1,0,0,0
9606.ENSP00000374152,69.8,5.6,1,1,1,0,0,0
9606.ENSP00000386881,0.1,10.4,1,1,1,0,0,0
9606.ENSP00000290418,7.3,2.4,1,1,1,0,0,0
9606.ENSP00000258106,2.3,0.2,1,1,1,0,0,0
9606.ENSP00000258111,1.8,0.3,1,1,1,0,0,0
9606.ENSP00000280377,11.1,40.8,1,1,0,1,0,0
9606.ENSP00000258145,40,46.3,1,1,0,0,1,0
9606.ENSP00000448517,0.2,32.6,1,1,0,1,0,0
9606.ENSP00000258149,88.5,40.2,1,1,0,0,0,1
9606.ENSP00000456743,12.5,20.2,1,1,0,1,0,0
9606.ENSP00000258168,0,0.3,0,1,0.25,0.25,0.25,0.25
9606.ENSP00000258169,100.9,33.7,1,1,1,0,0,0
9606.ENSP00000338783,0.5,0,1,0,1,0,0,0
9606.ENSP00000457408,1.9,2.5,1,1,1,0,0,0
9606.ENSP00000258198,70.5,28.3,1,1,1,0,0,0
9606.ENSP00000258200,7.1,5.4,1,1,0,1,0,0
9606.ENSP00000258201,23.1,0.2,1,1,1,0,0,0
9606.ENSP00000258214,2.2,0.8,1,1,0,1,0,0
9606.ENSP00000299798,0.7,0,1,0,0.25,0.25,0.25,0.25
9606.ENSP00000355627,911.5,1921,1,1,1,0,0,0
9606.ENSP00000258229,0,0.2,0,1,0,0,1,0
9606.ENSP00000355580,0.1,6.3,1,1,0,0,1,0
9606.ENSP00000258243,10.8,3,1,1,0.25,0.25,0.25,0.25
9606.ENSP00000355601,34.8,13.1,1,1,0,0,1,0
9606.ENSP00000271971,0.1,0,1,0,1,0,0,0
9606.ENSP00000355629,25.4,13.2,1,1,0.25,0.25,0.25,0.25
9606.ENSP00000355637,21.5,16.9,1,1,0,1,0,0
9606.ENSP00000355587,4.3,38.8,1,1,0,1,0,0
9606.ENSP00000258281,16.1,14.2,1,1,0.25,0.25,0.25,0.25
9606.ENSP00000307900,130.5,675.5,1,1,0,0,1,0
9606.ENSP00000258301,15.7,3.5,1,1,1,0,0,0
9606.ENSP00000258302,0,0,0,0,1,0,0,0
9606.ENSP00000356530,0.2,2,1,1,0,1,0,0
9606.ENSP00000356520,104.1,31.1,1,1,0,0,1,0
9606.ENSP00000356560,2.6,0.1,1,1,0,0,1,0
9606.ENSP00000356579,11.2,24.4,1,1,0,0,1,0
9606.ENSP00000258317,0.1,5.5,1,1,1,0,0,0
9606.ENSP00000356481,0,0.2,0,1,1,0,0,0
9606.ENSP00000356702,31.4,16.9,1,1,1,0,0,0
9606.ENSP00000258341,107.6,15.9,1,1,1,0,0,0
9606.ENSP00000356669,5.9,44,1,1,0,0,1,0
9606.ENSP00000375894,0,0,0,0,0.25,0.25,0.25,0.25
9606.ENSP00000258381,7.9,21.9,1,1,0.25,0.25,0.25,0.25
9606.ENSP00000258383,70.6,55.9,1,1,0,1,0,0
9606.ENSP00000258385,0,0,0,0,0.25,0.25,0.25,0.25
9606.ENSP00000375921,0,0,0,0,0.25,0.25,0.25,0.25
9606.ENSP00000258390,0,0.9,0,1,1,0,0,0
9606.ENSP00000375951,47.2,2.3,1,1,1,0,0,0
9606.ENSP00000258399,9.7,8.4,1,1,0,1,0,0
9606.ENSP00000258400,0,2.3,0,1,1,0,0,0
9606.ENSP00000322730,191.3,12.6,1,1,0.25,0.25,0.25,0.25
9606.ENSP00000258403,1.2,10.8,1,1,0,0,1,0
9606.ENSP00000415786,28.9,0.7,1,1,0.25,0.25,0.25,0.25
9606.ENSP00000338019,37.2,16.4,1,1,0,1,0,0
9606.ENSP00000258411,0,0.2,0,1,0.25,0.25,0.25,0.25
9606.ENSP00000409738,194.3,46.4,1,1,0,0,0,1
9606.ENSP00000258415,263.5,367.9,1,1,0,0,1,0
9606.ENSP00000258416,140.1,120.2,1,1,0.25,0.25,0.25,0.25
9606.ENSP00000484804,12.8,0.5,1,1,0,0,1,0
9606.ENSP00000258418,36.2,31.6,1,1,1,0,0,0
9606.ENSP00000258424,477.9,1401.5,1,1,0,0,0,1
9606.ENSP00000258428,12,15.6,1,1,0,0,0,1
9606.ENSP00000377123,0.4,7.8,1,1,0.25,0.25,0.25,0.25
9606.ENSP00000258436,10.6,14,1,1,0,0,1,0
9606.ENSP00000258439,33.8,30,1,1,0.25,0.25,0.25,0.25
9606.ENSP00000258443,0,0.1,0,1,0,1,0,0
9606.ENSP00000377027,25.5,5.2,1,1,0,1,0,0
9606.ENSP00000307939,15.5,32.8,1,1,0,1,0,0
9606.ENSP00000258455,82.5,33.2,1,1,0,0,1,0
9606.ENSP00000258456,0.1,0,1,0,0.25,0.25,0.25,0.25
9606.ENSP00000258457,25.5,23.2,1,1,0,1,0,0
9606.ENSP00000391950,2.7,0.8,1,1,0.25,0.25,0.25,0.25
9606.ENSP00000258484,19.4,5,1,1,0,0,1,0
9606.ENSP00000316845,0,0.4,0,1,1,0,0,0
9606.ENSP00000310623,156.3,136.9,1,1,0,0,0,1
9606.ENSP00000258494,1.9,0,1,0,1,0,0,0
9606.ENSP00000373539,0.5,2.8,1,1,1,0,0,0
9606.ENSP00000258499,0.1,0,1,0,0.25,0.25,0.25,0.25
9606.ENSP00000354061,18.5,40.2,1,1,0,0,1,0
9606.ENSP00000367265,89.8,44,1,1,1,0,0,0
9606.ENSP00000258526,5.4,1.1,1,1,0.25,0.25,0.25,0.25
9606.ENSP00000446917,13.4,4.7,1,1,0,0,1,0
9606.ENSP00000387365,80.9,56.4,1,1,0.25,0.25,0.25,0.25
9606.ENSP00000258534,29,1.6,1,1,0.25,0.25,0.25,0.25
9606.ENSP00000484713,14.2,27.3,1,1,0,0,1,0
9606.ENSP00000258538,6.7,42.5,1,1,0,1,0,0
9606.ENSP00000283713,0.7,0.2,1,1,1,0,0,0
9606.ENSP00000420213,116.6,41.7,1,1,0,1,0,0
9606.ENSP00000484443,23.5,6.9,1,1,0,1,0,0
9606.ENSP00000367177,0,0,0,0,0.25,0.25,0.25,0.25
9606.ENSP00000367299,13.3,58.8,1,1,0,0,0,1
9606.ENSP00000337623,26.7,18.3,1,1,0,0,1,0
9606.ENSP00000367276,41.3,5.4,1,1,0,1,0,0
9606.ENSP00000367198,0.2,0,1,0,0.25,0.25,0.25,0.25
9606.ENSP00000366863,35.3,20,1,1,0,0,1,0
9606.ENSP00000258613,0,0.8,0,1,1,0,0,0
9606.ENSP00000479266,11.5,0,1,0,0,0,0,1
9606.ENSP00000374447,10,6.6,1,1,1,0,0,0
9606.ENSP00000367923,56.3,20.2,1,1,0,1,0,0
9606.ENSP00000367552,25.6,7.9,1,1,0.25,0.25,0.25,0.25
9606.ENSP00000258648,75.4,75,1,1,0,0,1,0
9606.ENSP00000367570,9.6,19.5,1,1,0.25,0.25,0.25,0.25
9606.ENSP00000258654,19.6,67,1,1,0,0,1,0
9606.ENSP00000433352,101.4,56.1,1,1,1,0,0,0
9606.ENSP00000302579,0,0,0,0,1,0,0,0
9606.ENSP00000367828,119.3,520.3,1,1,1,0,0,0
9606.ENSP00000366306,10.1,13.7,1,1,0,0,1,0
9606.ENSP00000258662,46.2,17.2,1,1,0,0,0,1
9606.ENSP00000366416,0,0.6,0,1,1,0,0,0
9606.ENSP00000389910,1.8,4.4,1,1,0,0,1,0
9606.ENSP00000381581,4.1,22.8,1,1,1,0,0,0
9606.ENSP00000346175,7.4,6.6,1,1,0,0,1,0
9606.ENSP00000388942,53.1,0.3,1,1,1,0,0,0
9606.ENSP00000413029,2.8,0.3,1,1,0,1,0,0
9606.ENSP00000312143,51,33,1,1,1,0,0,0
9606.ENSP00000258704,0.6,0,1,0,1,0,0,0
9606.ENSP00000481912,20.4,6.4,1,1,0,0,1,0
9606.ENSP00000258729,41.7,0.1,1,1,1,0,0,0
9606.ENSP00000371420,1.7,4,1,1,0.25,0.25,0.25,0.25
9606.ENSP00000343656,7.4,4,1,1,0,0,1,0
9606.ENSP00000348461,137.1,399.1,1,1,1,0,0,0
9606.ENSP00000258739,286.4,332.8,1,1,1,0,0,0
9606.ENSP00000258742,21.6,10.8,1,1,0.25,0.25,0.25,0.25
9606.ENSP00000385675,0,0,0,0,1,0,0,0
9606.ENSP00000379934,66.1,47.8,1,1,0,1,0,0
9606.ENSP00000479664,0,1.9,0,1,1,0,0,0
9606.ENSP00000397249,103,16.5,1,1,0,1,0,0
9606.ENSP00000385780,0,0.4,0,1,0.25,0.25,0.25,0.25
9606.ENSP00000258770,84.9,30.5,1,1,1,0,0,0
9606.ENSP00000258772,74.4,27.4,1,1,0,1,0,0
9606.ENSP00000258774,7.5,19.8,1,1,1,0,0,0
9606.ENSP00000420477,0,0,0,0,1,0,0,0
9606.ENSP00000417653,41.2,18.6,1,1,0,1,0,0
9606.ENSP00000370503,19,52.6,1,1,1,0,0,0
9606.ENSP00000258787,0,0.9,0,1,1,0,0,0
9606.ENSP00000258796,115,17.1,1,1,0,1,0,0
9606.ENSP00000384690,0,0,0,0,0.25,0.25,0.25,0.25
9606.ENSP00000337731,38.9,245.1,1,1,0,1,0,0
9606.ENSP00000258821,4.7,5.3,1,1,1,0,0,0
9606.ENSP00000258829,0,0,0,0,0.25,0.25,0.25,0.25
9606.ENSP00000346879,0,0,0,0,1,0,0,0
9606.ENSP00000413418,0.7,0.7,1,1,0.25,0.25,0.25,0.25
9606.ENSP00000258874,29.9,225.7,1,1,0,0,1,0
9606.ENSP00000373472,0.1,0.2,1,1,0.25,0.25,0.25,0.25
9606.ENSP00000258884,16.9,5.4,1,1,1,0,0,0
9606.ENSP00000258886,26.8,37.4,1,1,0,1,0,0
9606.ENSP00000258888,0,1.6,0,1,0,1,0,0
9606.ENSP00000317000,0,0.7,0,1,0.25,0.25,0.25,0.25
9606.ENSP00000258930,1.5,0.4,1,1,1,0,0,0
9606.ENSP00000398523,71.4,55.8,1,1,0,1,0,0
9606.ENSP00000258955,38,17.8,1,1,0,0,1,0
9606.ENSP00000468424,75.8,357.6,1,1,0,1,0,0
9606.ENSP00000323184,0.4,0,1,0,1,0,0,0
9606.ENSP00000258962,175.7,47.5,1,1,0,0,0,1
9606.ENSP00000462337,30.4,15.4,1,1,0,1,0,0
9606.ENSP00000423812,2,2.2,1,1,1,0,0,0
9606.ENSP00000258975,68.8,102.9,1,1,0,0,0,1
9606.ENSP00000258991,27.3,28,1,1,1,0,0,0
9606.ENSP00000483236,46.2,34.5,1,1,0,1,0,0
9606.ENSP00000333157,0,0,0,0,1,0,0,0
9606.ENSP00000316416,0,0,0,0,1,0,0,0
9606.ENSP00000259006,18.7,4.8,1,1,1,0,0,0
9606.ENSP00000259008,10.7,2.5,1,1,0,1,0,0
9606.ENSP00000259021,16.4,10.6,1,1,1,0,0,0
9606.ENSP00000259030,0.1,5.1,1,1,0.25,0.25,0.25,0.25
9606.ENSP00000397552,78.8,19.9,1,1,0,0,1,0
9606.ENSP00000259037,70.5,127.8,1,1,0,0,1,0
9606.ENSP00000417602,85.2,82,1,1,0,0,1,0
9606.ENSP00000416959,85.1,93.2,1,1,0,0,0,1
9606.ENSP00000364586,0,0,0,0,1,0,0,0
9606.ENSP00000374205,0,0,0,0,1,0,0,0
9606.ENSP00000259050,52.9,31.8,1,1,0,0,1,0
9606.ENSP00000380453,0.5,0,1,0,1,0,0,0
9606.ENSP00000259056,0,0.3,0,1,1,0,0,0
9606.ENSP00000386796,1,0,1,0,1,0,0,0
9606.ENSP00000376505,86.6,54.7,1,1,0,0,1,0
9606.ENSP00000259089,0,0.2,0,1,1,0,0,0
9606.ENSP00000334458,22.8,11.3,1,1,0,1,0,0
9606.ENSP00000415243,7.9,28.3,1,1,0,0,1,0
9606.ENSP00000355890,68.9,19.7,1,1,1,0,0,0
9606.ENSP00000355870,0.3,8.3,1,1,0,0,0,1
9606.ENSP00000358126,17,5.6,1,1,0,0,1,0
9606.ENSP00000412237,0,1.1,0,1,1,0,0,0
9606.ENSP00000259154,47.8,56.1,1,1,1,0,0,0
9606.ENSP00000355927,9.9,7.4,1,1,0,1,0,0
9606.ENSP00000259199,32.9,7.5,1,1,1,0,0,0
9606.ENSP00000259205,0.1,0.2,1,1,0.25,0.25,0.25,0.25
9606.ENSP00000259206,43.8,47.9,1,1,1,0,0,0
9606.ENSP00000259211,0,0,0,0,0.25,0.25,0.25,0.25
9606.ENSP00000376896,0,0,0,0,0.25,0.25,0.25,0.25
9606.ENSP00000259213,0,0,0,0,0.25,0.25,0.25,0.25
9606.ENSP00000376893,0,0,0,0,0.25,0.25,0.25,0.25
9606.ENSP00000259216,0,0,0,0,1,0,0,0
9606.ENSP00000386531,94.5,0.5,1,1,0,1,0,0
9606.ENSP00000325377,54.5,73,1,1,0,0,1,0
9606.ENSP00000259229,24,26.5,1,1,0,1,0,0
9606.ENSP00000350333,32.4,5.3,1,1,0.25,0.25,0.25,0.25
9606.ENSP00000316779,5.3,18.2,1,1,0,0,1,0
9606.ENSP00000259239,145.1,98,1,1,0.25,0.25,0.25,0.25
9606.ENSP00000259241,98.1,20,1,1,0.25,0.25,0.25,0.25
9606.ENSP00000259253,65.7,32.1,1,1,0,1,0,0
9606.ENSP00000259254,0.1,6.7,1,1,0,1,0,0
9606.ENSP00000366746,31.8,7.3,1,1,0,0,1,0
9606.ENSP00000365437,0,0,0,0,1,0,0,0
9606.ENSP00000365312,23.5,22.8,1,1,0,0,1,0
9606.ENSP00000318480,92.2,67.2,1,1,1,0,0,0
9606.ENSP00000366179,18.4,88.9,1,1,1,0,0,0
9606.ENSP00000363899,17.3,48.2,1,1,0,0,1,0
9606.ENSP00000259324,28.2,13.9,1,1,0.25,0.25,0.25,0.25
9606.ENSP00000362361,23.4,25.6,1,1,0,1,0,0
9606.ENSP00000363641,884.7,1069.9,1,1,0,1,0,0
9606.ENSP00000403453,38.2,11.3,1,1,1,0,0,0
9606.ENSP00000259335,62.6,24.3,1,1,0,0,1,0
9606.ENSP00000259339,17.4,10.9,1,1,0,0,1,0
9606.ENSP00000361524,40.7,95.3,1,1,0,1,0,0
9606.ENSP00000286398,22,8.2,1,1,0,0,1,0
9606.ENSP00000363804,0.2,4,1,1,1,0,0,0
9606.ENSP00000345719,37.4,20.2,1,1,0,0,1,0
9606.ENSP00000259351,3,2.4,1,1,1,0,0,0
9606.ENSP00000362409,51.1,1.9,1,1,1,0,0,0
9606.ENSP00000259357,0,0,0,0,0.25,0.25,0.25,0.25
9606.ENSP00000259362,0,0,0,0,0.25,0.25,0.25,0.25
9606.ENSP00000336733,31.3,1.3,1,1,0.25,0.25,0.25,0.25
9606.ENSP00000259365,0.4,19.5,1,1,0,1,0,0
9606.ENSP00000259371,36.1,10.5,1,1,0.25,0.25,0.25,0.25
9606.ENSP00000362399,5.1,0.7,1,1,1,0,0,0
9606.ENSP00000362469,59.5,20.8,1,1,0,1,0,0
9606.ENSP00000362524,1.9,0,1,0,1,0,0,0
9606.ENSP00000343818,39.3,21.2,1,1,0,1,0,0
9606.ENSP00000452552,2,2,1,1,0.25,0.25,0.25,0.25
9606.ENSP00000259392,5,17.1,1,1,0,1,0,0
9606.ENSP00000363329,55.3,90.7,1,1,0,0,1,0
9606.ENSP00000363089,0.2,3.2,1,1,1,0,0,0
9606.ENSP00000342019,28.8,9,1,1,1,0,0,0
9606.ENSP00000363988,1.4,3364.3,1,1,0,0,0,1
9606.ENSP00000259400,9.6,37.8,1,1,0,1,0,0
9606.ENSP00000363313,38.9,9,1,1,0,1,0,0
9606.ENSP00000362344,34.5,56.4,1,1,1,0,0,0
9606.ENSP00000313811,4.2,5.2,1,1,0,0,0,1
9606.ENSP00000259407,1.6,1052,1,1,0,0,1,0
9606.ENSP00000363232,4,9.9,1,1,0.25,0.25,0.25,0.25
9606.ENSP00000363162,141.3,397.1,1,1,0,1,0,0
9606.ENSP00000364037,22.9,7.2,1,1,0.25,0.25,0.25,0.25
9606.ENSP00000362485,1.8,3,1,1,0,1,0,0
9606.ENSP00000363999,62.6,53.9,1,1,0,0,0,1
9606.ENSP00000322181,54.2,33.7,1,1,1,0,0,0
9606.ENSP00000483312,0,0,0,0,0.25,0.25,0.25,0.25
9606.ENSP00000342499,11,9.9,1,1,0,0,1,0
9606.ENSP00000259455,0,0,0,0,1,0,0,0
9606.ENSP00000480020,0.1,0.5,1,1,1,0,0,0
9606.ENSP00000259457,414.2,347.4,1,1,0,0,0,1
9606.ENSP00000362690,61.9,0,1,0,0.25,0.25,0.25,0.25
9606.ENSP00000364260,13.1,8.6,1,1,0,0,1,0
9606.ENSP00000362639,100.7,57.3,1,1,0,0,0,1
9606.ENSP00000362656,12.7,12.1,1,1,1,0,0,0
9606.ENSP00000364270,18.2,62.3,1,1,0,1,0,0
9606.ENSP00000364289,28,14.3,1,1,0,1,0,0
9606.ENSP00000345848,439.3,104.6,1,1,0,0,1,0
9606.ENSP00000259466,0,0,0,0,0.25,0.25,0.25,0.25
9606.ENSP00000259467,23.4,7.3,1,1,0,1,0,0
9606.ENSP00000259469,3113,3417.2,1,1,1,0,0,0
9606.ENSP00000445052,9.9,0,1,0,0,0,0,1
9606.ENSP00000347684,0,0,0,0,0.25,0.25,0.25,0.25
9606.ENSP00000345361,59.8,87.1,1,1,0,0,1,0
9606.ENSP00000259486,2.9,0.6,1,1,1,0,0,0
9606.ENSP00000322180,14.7,0.4,1,1,0,0,1,0
9606.ENSP00000259512,54.6,68.9,1,1,0,0,0,1
9606.ENSP00000479618,210.4,23.1,1,1,0,0,1,0
9606.ENSP00000259526,0,0,0,0,1,0,0,0
9606.ENSP00000370842,0,3.3,0,1,1,0,0,0
9606.ENSP00000350961,27.4,170.1,1,1,1,0,0,0
9606.ENSP00000259569,14.6,11.9,1,1,0,0,1,0
9606.ENSP00000367029,30.8,23,1,1,0,0,1,0
9606.ENSP00000380460,21.6,11.7,1,1,1,0,0,0
9606.ENSP00000450565,2.6,24.1,1,1,0,0,1,0
9606.ENSP00000368540,46,14,1,1,0,0,1,0
9606.ENSP00000400806,31.5,25.6,1,1,0,0,1,0
9606.ENSP00000259605,13.4,15.2,1,1,0,1,0,0
9606.ENSP00000316029,69.9,51.9,1,1,0,1,0,0
9606.ENSP00000259607,0,0.4,0,1,1,0,0,0
9606.ENSP00000259608,1.1,0,1,0,1,0,0,0
9606.ENSP00000369574,0,0,0,0,0.25,0.25,0.25,0.25
9606.ENSP00000371711,0,0,0,0,1,0,0,0
9606.ENSP00000404079,1.8,1.2,1,1,0,1,0,0
9606.ENSP00000340982,0,0.1,0,1,1,0,0,0
9606.ENSP00000259632,58.3,113.6,1,1,1,0,0,0
9606.ENSP00000379980,0,0,0,0,1,0,0,0
9606.ENSP00000367227,3.3,3.7,1,1,0,0,1,0
9606.ENSP00000313432,122.4,961,1,1,0,0,1,0
9606.ENSP00000366927,134.9,116.1,1,1,0,0,0,1
9606.ENSP00000259667,43.8,89.1,1,1,0,0,1,0
9606.ENSP00000367638,3.8,0.2,1,1,0,1,0,0
9606.ENSP00000366923,0.2,0.3,1,1,0.25,0.25,0.25,0.25
9606.ENSP00000473565,10.6,13.7,1,1,0,1,0,0
9606.ENSP00000369757,3009.8,2816.1,1,1,0,1,0,0
9606.ENSP00000361926,132.4,54.2,1,1,0,0,1,0
9606.ENSP00000362151,75.9,15.7,1,1,0,0,1,0
9606.ENSP00000362803,139.9,9.5,1,1,0.25,0.25,0.25,0.25
9606.ENSP00000259708,43.4,62.8,1,1,0,0,1,0
9606.ENSP00000259711,29.6,23.9,1,1,1,0,0,0
9606.ENSP00000404074,12.8,2.7,1,1,0,1,0,0
9606.ENSP00000362608,61.9,28.8,1,1,0,1,0,0
9606.ENSP00000259727,0,6.4,0,1,0,0,1,0
9606.ENSP00000362550,42.4,10.6,1,1,0,1,0,0
9606.ENSP00000368924,0,0,0,0,1,0,0,0
9606.ENSP00000361666,17.1,188.5,1,1,0,0,0,1
9606.ENSP00000361499,142.2,67.9,1,1,0,0,1,0
9606.ENSP00000420658,222.6,176.6,1,1,0.25,0.25,0.25,0.25
9606.ENSP00000259746,49.8,29.9,1,1,0,1,0,0
9606.ENSP00000362109,5.8,1.1,1,1,1,0,0,0
9606.ENSP00000361522,33.6,6.6,1,1,0,1,0,0
9606.ENSP00000381758,0.1,0.1,1,1,1,0,0,0
9606.ENSP00000259782,1.4,0,1,0,1,0,0,0
9606.ENSP00000477548,0,0,0,0,1,0,0,0
9606.ENSP00000367459,0,0,0,0,1,0,0,0
9606.ENSP00000370343,0,0.3,0,1,1,0,0,0
9606.ENSP00000385028,25.8,11,1,1,0,0,1,0
9606.ENSP00000369703,71.8,63.8,1,1,1,0,0,0
9606.ENSP00000359925,32,0,1,0,1,0,0,0
9606.ENSP00000259803,0.3,0,1,0,1,0,0,0
9606.ENSP00000259806,0,0,0,0,0.25,0.25,0.25,0.25
9606.ENSP00000369739,21.6,68.4,1,1,0,0,0,1
9606.ENSP00000259808,6.7,15.7,1,1,0,1,0,0
9606.ENSP00000259818,21.6,0.8,1,1,1,0,0,0
9606.ENSP00000476140,258.7,196,1,1,1,0,0,0
9606.ENSP00000399888,375.8,11.8,1,1,0,1,0,0
9606.ENSP00000365433,1.7,1.2,1,1,0.25,0.25,0.25,0.25
9606.ENSP00000365569,11.6,63.7,1,1,0,0,1,0
9606.ENSP00000259874,0.6,19.8,1,1,0,0,1,0
9606.ENSP00000365588,16.7,10.6,1,1,0,1,0,0
9606.ENSP00000259883,5.1,0.4,1,1,0.25,0.25,0.25,0.25
9606.ENSP00000327832,2.3,2.7,1,1,0,0,1,0
9606.ENSP00000312304,23,96.3,1,1,0,0,1,0
9606.ENSP00000259938,0,0,0,0,1,0,0,0
9606.ENSP00000259939,4,22.7,1,1,0,0,0,1
9606.ENSP00000259953,3.7,1.2,1,1,0.25,0.25,0.25,0.25
9606.ENSP00000362730,162.5,56.9,1,1,0,0,0,1
9606.ENSP00000441000,1.4,0,1,0,0,1,0,0
9606.ENSP00000362068,17.2,9,1,1,0,0,1,0
9606.ENSP00000259963,40.1,72.3,1,1,0,0,0,1
9606.ENSP00000259983,0.6,1.7,1,1,0.25,0.25,0.25,0.25
9606.ENSP00000371770,0,0,0,0,1,0,0,0
9606.ENSP00000259989,0,0.3,0,1,0.25,0.25,0.25,0.25
9606.ENSP00000443985,2.7,21.8,1,1,0.25,0.25,0.25,0.25
9606.ENSP00000427567,0.2,0,1,0,0.25,0.25,0.25,0.25
9606.ENSP00000260010,0.6,1.8,1,1,0.25,0.25,0.25,0.25
9606.ENSP00000381928,0.1,0.1,1,1,1,0,0,0
9606.ENSP00000423505,0,0,0,0,1,0,0,0
9606.ENSP00000386331,5.6,13.4,1,1,0,0,1,0
9606.ENSP00000386722,31.1,9,1,1,0.25,0.25,0.25,0.25
9606.ENSP00000409581,34.9,3,1,1,0,1,0,0
9606.ENSP00000289575,23.4,188.4,1,1,0,1,0,0
9606.ENSP00000260045,28.1,25.1,1,1,0,0,1,0
9606.ENSP00000377051,3.6,3.1,1,1,0,1,0,0
9606.ENSP00000384212,4.4,0.5,1,1,1,0,0,0
9606.ENSP00000377298,61.8,17.2,1,1,0,1,0,0
9606.ENSP00000434724,22.6,48.2,1,1,0,1,0,0
9606.ENSP00000318803,0.4,0.2,1,1,1,0,0,0
9606.ENSP00000435189,5.9,5.5,1,1,0,0,1,0
9606.ENSP00000433459,9,24.7,1,1,1,0,0,0
9606.ENSP00000384126,0,0,0,0,0.25,0.25,0.25,0.25
9606.ENSP00000377055,71.4,58.3,1,1,0,0,1,0
9606.ENSP00000281038,38.3,18.5,1,1,0,0,0,1
9606.ENSP00000354571,18.8,13.2,1,1,0,0,1,0
9606.ENSP00000260102,148.8,73.2,1,1,1,0,0,0
9606.ENSP00000260113,0,0,0,0,1,0,0,0
9606.ENSP00000260116,0.6,76,1,1,0.25,0.25,0.25,0.25
9606.ENSP00000260118,114.8,215.5,1,1,0,0,0,1
9606.ENSP00000260126,0,0.2,0,1,0.25,0.25,0.25,0.25
9606.ENSP00000260128,0,0.2,0,1,1,0,0,0
9606.ENSP00000260129,5.6,20.3,1,1,0,1,0,0
9606.ENSP00000260130,53.1,109.1,1,1,0,1,0,0
9606.ENSP00000424757,3.9,7.8,1,1,0,0,1,0
9606.ENSP00000377344,0,4,0,1,0,0,0,1
9606.ENSP00000364627,0,0,0,0,1,0,0,0
9606.ENSP00000260197,25.2,92.5,1,1,1,0,0,0
9606.ENSP00000477949,0.1,0.1,1,1,0,1,0,0
9606.ENSP00000260210,22.7,7,1,1,0,0,0,1
9606.ENSP00000340913,0,0,0,0,1,0,0,0
9606.ENSP00000260227,0.4,0,1,0,1,0,0,0
9606.ENSP00000260228,0,0,0,0,0.25,0.25,0.25,0.25
9606.ENSP00000260229,0,0,0,0,1,0,0,0
9606.ENSP00000414390,0,0,0,0,1,0,0,0
9606.ENSP00000260247,13.3,31.4,1,1,0,0,1,0
9606.ENSP00000478927,91.7,38.1,1,1,1,0,0,0
9606.ENSP00000343129,0.8,0.6,1,1,1,0,0,0
9606.ENSP00000476176,23.1,154,1,1,0,0,1,0
9606.ENSP00000348300,0,0,0,0,0.25,0.25,0.25,0.25
9606.ENSP00000260264,0.1,0.4,1,1,1,0,0,0
9606.ENSP00000384136,56.8,341.9,1,1,0,1,0,0
9606.ENSP00000311344,36,70,1,1,0,1,0,0
9606.ENSP00000260270,12.4,220,1,1,1,0,0,0
9606.ENSP00000260276,30.9,62.2,1,1,1,0,0,0
9606.ENSP00000482442,0,0.9,0,1,0,0,0,1
9606.ENSP00000260283,0,2.6,0,1,0.25,0.25,0.25,0.25
9606.ENSP00000292079,59.5,3.5,1,1,1,0,0,0
9606.ENSP00000260302,0,0,0,0,0,1,0,0
9606.ENSP00000434279,0,0,0,0,0.25,0.25,0.25,0.25
9606.ENSP00000433138,1.5,2,1,1,0,1,0,0
9606.ENSP00000376849,0,0,0,0,0.25,0.25,0.25,0.25
9606.ENSP00000397673,5.6,5,1,1,0,1,0,0
9606.ENSP00000178640,10.7,9.3,1,1,0,1,0,0
9606.ENSP00000260323,0,0,0,0,0.25,0.25,0.25,0.25
9606.ENSP00000260324,31.2,63,1,1,0,0,1,0
9606.ENSP00000260327,18,11.5,1,1,0,1,0,0
9606.ENSP00000369887,41.3,114.2,1,1,0,0,1,0
9606.ENSP00000260356,53.2,5.4,1,1,1,0,0,0
9606.ENSP00000393099,3,2,1,1,0,0,1,0
9606.ENSP00000453403,40.4,0.4,1,1,1,0,0,0
9606.ENSP00000260361,10.7,33.2,1,1,0,0,0,1
9606.ENSP00000260363,24.9,0.3,1,1,0,0,0,1
9606.ENSP00000327290,0.1,0.2,1,1,0,1,0,0
9606.ENSP00000335463,4,9.1,1,1,1,0,0,0
9606.ENSP00000260372,15.3,9.4,1,1,0,0,1,0
9606.ENSP00000374280,25.8,204.9,1,1,0,1,0,0
9606.ENSP00000456348,0.3,5.7,1,1,1,0,0,0
9606.ENSP00000346037,2369.3,7253.8,1,1,0.25,0.25,0.25,0.25
9606.ENSP00000378803,0.6,0.1,1,1,0.25,0.25,0.25,0.25
9606.ENSP00000453273,0.4,0,1,0,0.25,0.25,0.25,0.25
9606.ENSP00000260383,16.8,10.9,1,1,1,0,0,0
9606.ENSP00000260385,37.8,30.9,1,1,0,0,1,0
9606.ENSP00000260386,42.5,0.1,1,1,1,0,0,0
9606.ENSP00000314556,12.2,14.6,1,1,1,0,0,0
9606.ENSP00000288840,2.9,2.9,1,1,0.25,0.25,0.25,0.25
9606.ENSP00000260402,0,0.2,0,1,1,0,0,0
9606.ENSP00000260403,9.3,6.4,1,1,0,0,1,0
9606.ENSP00000406873,0.1,0,1,0,1,0,0,0
9606.ENSP00000260408,49.2,32.9,1,1,1,0,0,0
9606.ENSP00000317997,0.2,0.8,1,1,1,0,0,0
9606.ENSP00000315006,0.1,0.2,1,1,1,0,0,0
9606.ENSP00000456609,1.9,0,1,0,0,1,0,0
9606.ENSP00000379683,17.8,0,1,0,1,0,0,0
9606.ENSP00000267807,8.9,21.3,1,1,0,1,0,0
9606.ENSP00000324857,0,0.7,0,1,0.25,0.25,0.25,0.25
9606.ENSP00000260442,0,4.2,0,1,0,0,0,1
9606.ENSP00000260443,154.2,82.4,1,1,0,1,0,0
9606.ENSP00000317790,0,0.3,0,1,1,0,0,0
9606.ENSP00000465231,0.1,0.1,1,1,0,1,0,0
9606.ENSP00000260447,107.9,859.3,1,1,0,0,0,1
9606.ENSP00000359264,11.5,13,1,1,0,0,1,0
9606.ENSP00000260505,0.1,3.1,1,1,1,0,0,0
9606.ENSP00000271234,25.6,20,1,1,0,0,1,0
9606.ENSP00000260508,26,18,1,1,0,0,1,0
9606.ENSP00000359531,33.3,24.8,1,1,0,1,0,0
9606.ENSP00000387822,0.1,0,1,0,1,0,0,0
9606.ENSP00000317473,158.3,72.2,1,1,0,0,1,0
9606.ENSP00000359787,0.1,0.2,1,1,1,0,0,0
9606.ENSP00000359795,25.3,40.6,1,1,1,0,0,0
9606.ENSP00000260526,7.3,51.2,1,1,0,1,0,0
9606.ENSP00000359783,0,3.7,0,1,0,1,0,0
9606.ENSP00000359892,6.4,0,1,0,0.25,0.25,0.25,0.25
9606.ENSP00000359596,0,0,0,0,1,0,0,0
9606.ENSP00000359699,0,0,0,0,0.25,0.25,0.25,0.25
9606.ENSP00000359151,10.3,41.4,1,1,0,1,0,0
9606.ENSP00000260563,45.3,13.4,1,1,0,1,0,0
9606.ENSP00000260570,7.2,2.9,1,1,0.25,0.25,0.25,0.25
9606.ENSP00000260585,38.4,36.1,1,1,0,1,0,0
9606.ENSP00000385452,26.6,4,1,1,0.25,0.25,0.25,0.25
9606.ENSP00000325136,190.7,289.9,1,1,0,0,1,0
9606.ENSP00000260599,74,392.3,1,1,0,0,0,1
9606.ENSP00000260600,1.3,0.3,1,1,0,0,1,0
9606.ENSP00000282412,28.7,51,1,1,0,0,1,0
9606.ENSP00000400646,15.6,16.3,1,1,0,1,0,0
9606.ENSP00000474032,15.8,11.2,1,1,1,0,0,0
9606.ENSP00000294954,0,0,0,0,0.25,0.25,0.25,0.25
9606.ENSP00000423933,4.4,9,1,1,0,0,0,1
9606.ENSP00000478561,0.1,8.7,1,1,0,1,0,0
9606.ENSP00000384950,0,0,0,0,0.25,0.25,0.25,0.25
9606.ENSP00000387286,374.5,184.2,1,1,1,0,0,0
9606.ENSP00000367220,223.9,89.8,1,1,0,1,0,0
9606.ENSP00000260643,136.4,37.6,1,1,0,0,1,0
9606.ENSP00000310208,210.8,52.6,1,1,1,0,0,0
9606.ENSP00000260645,7.3,48.7,1,1,0.25,0.25,0.25,0.25
9606.ENSP00000386543,23.8,31.1,1,1,0,0,1,0
9606.ENSP00000260649,0.2,3.6,1,1,0,1,0,0
9606.ENSP00000369677,34.6,2.2,1,1,1,0,0,0
9606.ENSP00000384823,34.2,16.7,1,1,0.25,0.25,0.25,0.25
9606.ENSP00000260653,0,0,0,0,0.25,0.25,0.25,0.25
9606.ENSP00000484228,188.5,87.9,1,1,1,0,0,0
9606.ENSP00000370214,29.2,0.5,1,1,0.25,0.25,0.25,0.25
9606.ENSP00000260665,200.6,51.1,1,1,0,0,1,0
9606.ENSP00000296098,0.6,0,1,0,0,1,0,0
9606.ENSP00000384084,10.5,5.6,1,1,1,0,0,0
9606.ENSP00000358921,65.8,23.9,1,1,0,0,1,0
9606.ENSP00000260682,0,1625.4,0,1,0,0,0,1
9606.ENSP00000238936,5.5,3.8,1,1,0.25,0.25,0.25,0.25
9606.ENSP00000360317,0.1,1588.5,1,1,0,0,0,1
9606.ENSP00000352208,1.3,0.2,1,1,1,0,0,0
9606.ENSP00000260702,18.9,0.1,1,1,1,0,0,0
9606.ENSP00000360994,0.7,2.6,1,1,1,0,0,0
9606.ENSP00000360918,0,0.1,0,1,0.25,0.25,0.25,0.25
9606.ENSP00000359212,0,0,0,0,0.25,0.25,0.25,0.25
9606.ENSP00000339017,17.5,29,1,1,1,0,0,0
9606.ENSP00000260723,2.8,3.9,1,1,0.25,0.25,0.25,0.25
9606.ENSP00000260731,34,1,1,1,0,0,1,0
9606.ENSP00000357900,0,0,0,0,1,0,0,0
9606.ENSP00000358001,28.8,16.1,1,1,0,0,1,0
9606.ENSP00000358596,4.2,1.9,1,1,0.25,0.25,0.25,0.25
9606.ENSP00000260743,0.8,0.2,1,1,0,1,0,0
9606.ENSP00000260746,7.9,38.8,1,1,1,0,0,0
9606.ENSP00000360540,21.8,0.9,1,1,1,0,0,0
9606.ENSP00000360793,15.3,4.3,1,1,0,1,0,0
9606.ENSP00000360250,4.1,0.7,1,1,0,1,0,0
9606.ENSP00000260762,11.9,14.5,1,1,0,0,1,0
9606.ENSP00000360431,0.4,1.1,1,1,0,0,1,0
9606.ENSP00000360522,1417.9,12630.5,1,1,0,0,0,1
9606.ENSP00000260803,14.7,4.8,1,1,1,0,0,0
9606.ENSP00000260818,12.2,8.3,1,1,0,0,0,1
9606.ENSP00000260843,0,0,0,0,0.25,0.25,0.25,0.25
9606.ENSP00000362010,100.8,123.7,1,1,0,1,0,0
9606.ENSP00000242505,6,4.7,1,1,1,0,0,0
9606.ENSP00000339404,32.3,24.1,1,1,0,0,1,0
9606.ENSP00000362123,21.4,50.7,1,1,0,0,1,0
9606.ENSP00000387091,0,0,0,0,1,0,0,0
9606.ENSP00000333900,4.1,7.8,1,1,0.25,0.25,0.25,0.25
9606.ENSP00000362304,0.1,0,1,0,0.25,0.25,0.25,0.25
9606.ENSP00000414321,2893,2399.7,1,1,1,0,0,0
9606.ENSP00000362748,5,1.8,1,1,0.25,0.25,0.25,0.25
9606.ENSP00000351185,11.1,3.6,1,1,0,0,1,0
9606.ENSP00000351790,0,0,0,0,1,0,0,0
9606.ENSP00000363832,20.2,710,1,1,0,0,0,1
9606.ENSP00000236959,260.9,25.5,1,1,1,0,0,0
9606.ENSP00000349823,20.8,3.6,1,1,1,0,0,0
9606.ENSP00000260947,7,3.9,1,1,0,0,1,0
9606.ENSP00000376134,0.1,0.9,1,1,0,1,0,0
9606.ENSP00000260950,0,0,0,0,1,0,0,0
9606.ENSP00000384006,2.5,2.2,1,1,0,1,0,0
9606.ENSP00000260952,72.4,33.9,1,1,0,0,0,1
9606.ENSP00000260953,151.6,64.1,1,1,0,0,0,1
9606.ENSP00000386636,305.7,96,1,1,0,0,0,1
9606.ENSP00000336894,33.8,22.6,1,1,1,0,0,0
9606.ENSP00000406472,0,0,0,0,0.25,0.25,0.25,0.25
9606.ENSP00000260970,82.7,179.9,1,1,0,0,0,1
9606.ENSP00000400513,18.4,5.5,1,1,0,0,1,0
9606.ENSP00000363533,0.5,0,1,0,1,0,0,0
9606.ENSP00000260983,0.1,2.6,1,1,1,0,0,0
9606.ENSP00000390265,653.6,307.9,1,1,0,0,1,0
9606.ENSP00000284719,195.2,28.8,1,1,0,0,1,0
9606.ENSP00000339723,34.9,80.5,1,1,1,0,0,0
9606.ENSP00000388731,27.4,88.2,1,1,1,0,0,0
9606.ENSP00000261007,0,0,0,0,1,0,0,0
9606.ENSP00000376071,11.8,2.7,1,1,0.25,0.25,0.25,0.25
9606.ENSP00000261015,17.5,14.9,1,1,0,0,1,0
9606.ENSP00000295851,24.8,10.9,1,1,1,0,0,0
9606.ENSP00000261023,63.4,15.4,1,1,1,0,0,0
9606.ENSP00000261024,45.3,246.5,1,1,1,0,0,0
9606.ENSP00000417654,11,13.6,1,1,0.25,0.25,0.25,0.25
9606.ENSP00000261038,5.6,4,1,1,0.25,0.25,0.25,0.25
9606.ENSP00000377655,6,8.3,1,1,1,0,0,0
9606.ENSP00000261047,0,0,0,0,1,0,0,0
9606.ENSP00000261058,0,0,0,0,0.25,0.25,0.25,0.25
9606.ENSP00000261070,172.5,932.8,1,1,0,0,0,1
9606.ENSP00000353512,4.8,47.9,1,1,0.25,0.25,0.25,0.25
9606.ENSP00000260453,1.7,0.2,1,1,0.25,0.25,0.25,0.25
9606.ENSP00000379721,26.7,55.5,1,1,1,0,0,0
9606.ENSP00000453854,9,25,1,1,0,0,0,1
9606.ENSP00000308753,14.7,52.8,1,1,0,1,0,0
9606.ENSP00000261854,44.7,108.3,1,1,0,0,1,0
9606.ENSP00000261858,7.7,22.4,1,1,0,0,1,0
9606.ENSP00000290894,26.1,9.6,1,1,0.25,0.25,0.25,0.25
9606.ENSP00000261879,0.8,1.5,1,1,0.25,0.25,0.25,0.25
9606.ENSP00000408429,37.4,12.6,1,1,1,0,0,0
9606.ENSP00000261883,0,0.8,0,1,1,0,0,0
9606.ENSP00000261888,7.4,7,1,1,0,1,0,0
9606.ENSP00000343190,17.4,4.9,1,1,0,0,1,0
9606.ENSP00000261917,0,0,0,0,1,0,0,0
9606.ENSP00000261918,10.4,0.8,1,1,0,1,0,0
9606.ENSP00000457703,45.7,17.2,1,1,0,1,0,0
9606.ENSP00000378611,0.2,9.3,1,1,0,1,0,0
9606.ENSP00000264344,2,151.9,1,1,0,1,0,0
9606.ENSP00000385684,0.5,4.3,1,1,0,0,1,0
9606.ENSP00000264346,0.5,2.1,1,1,1,0,0,0
9606.ENSP00000264350,0.2,6.5,1,1,0,1,0,0
9606.ENSP00000264360,0,0,0,0,1,0,0,0
9606.ENSP00000264363,0,0,0,0,0.25,0.25,0.25,0.25
9606.ENSP00000424737,2.5,0.4,1,1,0,1,0,0
9606.ENSP00000274000,36,25.2,1,1,0,1,0,0
9606.ENSP00000264389,39.4,23.2,1,1,0,1,0,0
9606.ENSP00000313199,558.5,99.2,1,1,0,1,0,0
9606.ENSP00000264399,0,0,0,0,0,0,1,0
9606.ENSP00000264400,0.3,42.8,1,1,1,0,0,0
9606.ENSP00000378721,288,74.4,1,1,0,0,1,0
9606.ENSP00000311697,0,0,0,0,0.25,0.25,0.25,0.25
9606.ENSP00000482571,17.8,10.9,1,1,1,0,0,0
9606.ENSP00000264497,0,0,0,0,0.25,0.25,0.25,0.25
9606.ENSP00000264498,0.1,2.1,1,1,0,1,0,0
9606.ENSP00000264499,5.9,5.7,1,1,1,0,0,0
9606.ENSP00000264501,14.1,20.7,1,1,1,0,0,0
9606.ENSP00000401907,0,0,0,0,0.25,0.25,0.25,0.25
9606.ENSP00000340454,24.3,15.7,1,1,1,0,0,0
9606.ENSP00000321997,42.2,166.2,1,1,1,0,0,0
9606.ENSP00000378431,0,1.8,0,1,1,0,0,0
9606.ENSP00000347046,1.2,0.5,1,1,0,0,1,0
9606.ENSP00000264808,0.2,0,1,0,0,1,0,0
9606.ENSP00000368966,0,0,0,0,0.25,0.25,0.25,0.25
9606.ENSP00000286733,23.7,34.9,1,1,0,0,1,0
9606.ENSP00000264883,34.3,14.8,1,1,1,0,0,0
9606.ENSP00000354901,0,1.5,0,1,0.25,0.25,0.25,0.25
9606.ENSP00000334836,3.5,16.4,1,1,0,0,1,0
9606.ENSP00000352738,130.2,81,1,1,0,1,0,0
9606.ENSP00000264893,46.3,43.1,1,1,0,0,1,0
9606.ENSP00000326330,26.8,0.2,1,1,1,0,0,0
9606.ENSP00000264896,29.4,105.6,1,1,0,0,0,1
9606.ENSP00000315743,9.4,4.6,1,1,1,0,0,0
9606.ENSP00000424896,11.7,32.9,1,1,1,0,0,0
9606.ENSP00000444850,65.8,56.7,1,1,0,1,0,0
9606.ENSP00000412365,0,0,0,0,0.25,0.25,0.25,0.25
9606.ENSP00000296043,0,41.3,0,1,1,0,0,0
9606.ENSP00000264908,20.3,0.3,1,1,1,0,0,0
9606.ENSP00000343885,16,78.9,1,1,0,0,1,0
9606.ENSP00000265148,9.2,0.8,1,1,0,1,0,0
9606.ENSP00000422354,10.9,7.5,1,1,0,0,0,1
9606.ENSP00000415433,23.6,10.2,1,1,0,0,1,0
9606.ENSP00000265162,0,25.3,0,1,0,0,1,0
9606.ENSP00000265164,14.9,19.1,1,1,1,0,0,0
9606.ENSP00000265165,0,0.7,0,1,1,0,0,0
9606.ENSP00000474560,53.8,314.6,1,1,0,0,0,1
9606.ENSP00000265171,0.5,0,1,0,0.25,0.25,0.25,0.25
9606.ENSP00000265174,100.1,10.1,1,1,1,0,0,0
9606.ENSP00000428564,18.8,24.9,1,1,0,1,0,0
9606.ENSP00000322582,0,0,0,0,0.25,0.25,0.25,0.25
9606.ENSP00000378323,21.8,38.3,1,1,0,0,0,1
9606.ENSP00000378310,0.4,24.9,1,1,0,0,1,0
9606.ENSP00000427679,47.6,209.3,1,1,0,0,1,0
9606.ENSP00000424571,0.1,0,1,0,1,0,0,0
9606.ENSP00000250894,16,6.2,1,1,0,1,0,0
9606.ENSP00000363255,20.1,36.2,1,1,0.25,0.25,0.25,0.25
9606.ENSP00000479370,74.7,164.7,1,1,0.25,0.25,0.25,0.25
9606.ENSP00000392252,0,0,0,0,0.25,0.25,0.25,0.25
9606.ENSP00000320508,20.5,27.7,1,1,0.25,0.25,0.25,0.25
9606.ENSP00000370568,0,0,0,0,0,0,1,0
9606.ENSP00000391583,0,0.9,0,1,1,0,0,0
9606.ENSP00000266383,2.1,0.1,1,1,0,1,0,0
9606.ENSP00000266395,0,0,0,0,1,0,0,0
9606.ENSP00000266397,12.3,0.1,1,1,1,0,0,0
9606.ENSP00000379658,2.6,8.8,1,1,1,0,0,0
9606.ENSP00000266458,22,112.8,1,1,0,1,0,0
9606.ENSP00000354878,29.9,43.1,1,1,1,0,0,0
9606.ENSP00000329748,1.9,17.5,1,1,0,0,0,1
9606.ENSP00000320658,26.5,5.3,1,1,1,0,0,0
9606.ENSP00000394487,3.6,31.5,1,1,0,0,1,0
9606.ENSP00000266483,4,2.6,1,1,0,0,1,0
9606.ENSP00000445381,0,25.7,0,1,0.25,0.25,0.25,0.25
9606.ENSP00000337477,64.6,5.5,1,1,1,0,0,0
9606.ENSP00000266505,0,0,0,0,0.25,0.25,0.25,0.25
9606.ENSP00000381840,33.3,11.9,1,1,0,0,0,1
9606.ENSP00000444149,0,0,0,0,0.25,0.25,0.25,0.25
9606.ENSP00000350353,0.7,18.5,1,1,0,0,1,0
9606.ENSP00000266517,20.5,39,1,1,0,0,1,0
9606.ENSP00000266529,67.1,148.9,1,1,0.25,0.25,0.25,0.25
9606.ENSP00000266534,4.5,2,1,1,0.25,0.25,0.25,0.25
9606.ENSP00000345064,0.5,0.8,1,1,1,0,0,0
9606.ENSP00000266542,16.1,112.1,1,1,1,0,0,0
9606.ENSP00000266544,54.3,79.4,1,1,0,0,0,1
9606.ENSP00000266546,26.3,20.1,1,1,0.25,0.25,0.25,0.25
9606.ENSP00000349477,1.1,3.1,1,1,1,0,0,0
9606.ENSP00000379602,4,2.1,1,1,0,0,1,0
9606.ENSP00000266556,5.4,10.4,1,1,0,0,1,0
9606.ENSP00000266557,0,1.9,0,1,1,0,0,0
9606.ENSP00000266560,15.5,473.8,1,1,0,0,0,1
9606.ENSP00000391601,28.8,16,1,1,0,0,1,0
9606.ENSP00000442157,0,0,0,0,1,0,0,0
9606.ENSP00000389843,3.1,242.2,1,1,0.25,0.25,0.25,0.25
9606.ENSP00000266581,0.1,0.9,1,1,0,0,1,0
9606.ENSP00000358374,41.9,121.9,1,1,0,0,1,0
9606.ENSP00000369889,5.9,0,1,0,1,0,0,0
9606.ENSP00000450337,0,0,0,0,0.25,0.25,0.25,0.25
9606.ENSP00000266594,0,0,0,0,0.25,0.25,0.25,0.25
9606.ENSP00000266604,34.9,66.2,1,1,0.25,0.25,0.25,0.25
9606.ENSP00000326759,8,5.6,1,1,0,0,1,0
9606.ENSP00000266643,5.6,3,1,1,0.25,0.25,0.25,0.25
9606.ENSP00000266646,13.5,33.8,1,1,1,0,0,0
9606.ENSP00000266659,5,4.9,1,1,0,0,1,0
9606.ENSP00000329093,0,0,0,0,1,0,0,0
9606.ENSP00000266671,55.6,135.7,1,1,1,0,0,0
9606.ENSP00000266673,19.2,30.8,1,1,1,0,0,0
9606.ENSP00000266674,48.8,1.1,1,1,1,0,0,0
9606.ENSP00000482885,0,0,0,0,0.25,0.25,0.25,0.25
9606.ENSP00000279488,61.3,113.4,1,1,0,1,0,0
9606.ENSP00000323302,8.6,6.8,1,1,0.25,0.25,0.25,0.25
9606.ENSP00000266712,8.4,15.4,1,1,1,0,0,0
9606.ENSP00000266718,0,0.1,0,1,0,1,0,0
9606.ENSP00000266719,0,0,0,0,0.25,0.25,0.25,0.25
9606.ENSP00000266735,170.6,405.9,1,1,0.25,0.25,0.25,0.25
9606.ENSP00000266736,18,134.6,1,1,0,0,0,1
9606.ENSP00000451211,14.5,5.8,1,1,0,0,1,0
9606.ENSP00000376658,0.1,0,1,0,1,0,0,0
9606.ENSP00000266744,0,1.6,0,1,1,0,0,0
9606.ENSP00000448955,6.6,1.2,1,1,1,0,0,0
9606.ENSP00000299308,0,0.1,0,1,0.25,0.25,0.25,0.25
9606.ENSP00000266771,13.9,17.4,1,1,0,0,1,0
9606.ENSP00000376611,17.7,27.8,1,1,0,1,0,0
9606.ENSP00000448680,30.7,40.8,1,1,0,0,1,0
9606.ENSP00000385790,5.1,106,1,1,0,0,1,0
9606.ENSP00000445920,33.3,242.1,1,1,0,0,0,1
9606.ENSP00000315263,15.2,15.1,1,1,1,0,0,0
9606.ENSP00000347464,14.4,10.2,1,1,0,0,1,0
9606.ENSP00000324404,13.8,8.9,1,1,0,0,1,0
9606.ENSP00000443292,9.2,1.8,1,1,0.25,0.25,0.25,0.25
9606.ENSP00000299162,0.1,0,1,0,0.25,0.25,0.25,0.25
9606.ENSP00000371155,26.7,22.2,1,1,0,0,1,0
9606.ENSP00000371221,6.3,19.3,1,1,0.25,0.25,0.25,0.25
9606.ENSP00000370192,0,49,0,1,0,1,0,0
9606.ENSP00000370128,36.5,0.4,1,1,1,0,0,0
9606.ENSP00000370421,0,0,0,0,1,0,0,0
9606.ENSP00000325929,8.7,52.2,1,1,1,0,0,0
9606.ENSP00000377668,31.6,46.9,1,1,0,0,0,1
9606.ENSP00000312706,0.8,0.3,1,1,0.25,0.25,0.25,0.25
9606.ENSP00000266980,80.9,116.5,1,1,0.25,0.25,0.25,0.25
9606.ENSP00000266987,36.4,16.1,1,1,0,1,0,0
9606.ENSP00000381206,0.1,344,1,1,0,0,0,1
9606.ENSP00000266991,0,0,0,0,0.25,0.25,0.25,0.25
9606.ENSP00000373574,0,0,0,0,1,0,0,0
9606.ENSP00000450310,0,0,0,0,1,0,0,0
9606.ENSP00000267017,0,0,0,0,0.25,0.25,0.25,0.25
9606.ENSP00000369545,36.2,26.6,1,1,1,0,0,0
9606.ENSP00000369473,13,63.8,1,1,0,0,1,0
9606.ENSP00000293636,0,0.1,0,1,0.25,0.25,0.25,0.25
9606.ENSP00000267064,24.8,20.2,1,1,0,0,1,0
9606.ENSP00000369497,3.1,0.6,1,1,0.25,0.25,0.25,0.25
9606.ENSP00000415436,15.6,8,1,1,0,0,1,0
9606.ENSP00000325485,17.2,5,1,1,0,1,0,0
9606.ENSP00000448689,0.4,12.5,1,1,1,0,0,0
9606.ENSP00000267082,0,3.1,0,1,0.25,0.25,0.25,0.25
9606.ENSP00000444171,2.2,0,1,0,1,0,0,0
9606.ENSP00000267085,8.7,37.5,1,1,0,0,1,0
9606.ENSP00000267102,8.1,6.7,1,1,0.25,0.25,0.25,0.25
9606.ENSP00000267103,67.1,0.1,1,1,0,0,1,0
9606.ENSP00000267113,54.5,32.5,1,1,1,0,0,0
9606.ENSP00000389277,503.3,2156.8,1,1,1,0,0,0
9606.ENSP00000267116,15.9,4.7,1,1,1,0,0,0
9606.ENSP00000267119,0,0,0,0,1,0,0,0
9606.ENSP00000409463,8,5.5,1,1,0,0,1,0
9606.ENSP00000383270,0,0,0,0,1,0,0,0
9606.ENSP00000298125,14.5,16.1,1,1,0.25,0.25,0.25,0.25
9606.ENSP00000350090,10.5,0,1,0,0.25,0.25,0.25,0.25
9606.ENSP00000367691,24.7,4.6,1,1,1,0,0,0
9606.ENSP00000367992,198.8,190.8,1,1,0,1,0,0
9606.ENSP00000267163,20.2,14.2,1,1,0,0,1,0
9606.ENSP00000387361,14.6,23.3,1,1,0,0,1,0
9606.ENSP00000347486,0.6,0.7,1,1,0.25,0.25,0.25,0.25
9606.ENSP00000442924,7.6,12.3,1,1,0,1,0,0
9606.ENSP00000267199,23,10.3,1,1,0.25,0.25,0.25,0.25
9606.ENSP00000267202,14.7,8.5,1,1,0,0,1,0
9606.ENSP00000267205,25.5,2.4,1,1,1,0,0,0
9606.ENSP00000280557,75.7,58.1,1,1,0,0,1,0
9606.ENSP00000383178,9.4,0.2,1,1,0.25,0.25,0.25,0.25
9606.ENSP00000400921,1.4,5.5,1,1,0.25,0.25,0.25,0.25
9606.ENSP00000483408,34.6,37.7,1,1,0,0,1,0
9606.ENSP00000267260,0,0,0,0,0.25,0.25,0.25,0.25
9606.ENSP00000267273,0,0,0,0,0.25,0.25,0.25,0.25
9606.ENSP00000267287,28.7,72.2,1,1,0.25,0.25,0.25,0.25
9606.ENSP00000267291,0,0,0,0,0.25,0.25,0.25,0.25
9606.ENSP00000267294,0.3,0,1,0,0.25,0.25,0.25,0.25
9606.ENSP00000365063,6.4,28.4,1,1,0,0,1,0
9606.ENSP00000267328,21.3,32.5,1,1,0,0,0,1
9606.ENSP00000364579,35.8,35.2,1,1,0,0,1,0
9606.ENSP00000364589,76.7,49,1,1,0.25,0.25,0.25,0.25
9606.ENSP00000267377,0.1,6.5,1,1,1,0,0,0
9606.ENSP00000380517,1.6,0,1,0,0.25,0.25,0.25,0.25
9606.ENSP00000267396,0,0,0,0,0.25,0.25,0.25,0.25
9606.ENSP00000267406,1.3,0.2,1,1,1,0,0,0
9606.ENSP00000339179,2.5,0.1,1,1,1,0,0,0
9606.ENSP00000438875,0.1,0.4,1,1,1,0,0,0
9606.ENSP00000267426,1.8,48.3,1,1,0,0,0,1
9606.ENSP00000382178,0,0.1,0,1,1,0,0,0
9606.ENSP00000393316,21.2,44.7,1,1,1,0,0,0
9606.ENSP00000343899,3.1,3.2,1,1,0,0,1,0
9606.ENSP00000267460,0.1,0.6,1,1,0,0,1,0
9606.ENSP00000267484,0,0.3,0,1,1,0,0,0
9606.ENSP00000267485,0.3,2.5,1,1,1,0,0,0
9606.ENSP00000478637,0,0,0,0,1,0,0,0
9606.ENSP00000346959,10.8,4.2,1,1,1,0,0,0
9606.ENSP00000452521,13.1,25.1,1,1,0.25,0.25,0.25,0.25
9606.ENSP00000474385,0.1,0,1,0,1,0,0,0
9606.ENSP00000449079,1.3,5.2,1,1,0.25,0.25,0.25,0.25
9606.ENSP00000341351,17.5,28.4,1,1,0,0,0,1
9606.ENSP00000267512,18.5,9.1,1,1,0,0,1,0
9606.ENSP00000378399,13.1,9,1,1,0,1,0,0
9606.ENSP00000343925,0.2,0.1,1,1,1,0,0,0
9606.ENSP00000321427,0,0,0,0,0.25,0.25,0.25,0.25
9606.ENSP00000450857,3.2,0.6,1,1,1,0,0,0
9606.ENSP00000326267,18,5.4,1,1,0.25,0.25,0.25,0.25
9606.ENSP00000267549,0,2,0,1,0,0,1,0
9606.ENSP00000452280,3.1,13.7,1,1,0,0,1,0
9606.ENSP00000267569,13.5,6.3,1,1,0,1,0,0
9606.ENSP00000267584,0.4,1.6,1,1,1,0,0,0
9606.ENSP00000267594,0.4,0,1,0,1,0,0,0
9606.ENSP00000431840,0.1,0.2,1,1,0.25,0.25,0.25,0.25
9606.ENSP00000345008,0.8,1.3,1,1,1,0,0,0
9606.ENSP00000261994,17.2,219.9,1,1,0.25,0.25,0.25,0.25
9606.ENSP00000450114,0.9,1.3,1,1,1,0,0,0
9606.ENSP00000347495,59.1,13,1,1,1,0,0,0
9606.ENSP00000354886,2.6,231.6,1,1,0.25,0.25,0.25,0.25
9606.ENSP00000406084,20.6,13,1,1,0.25,0.25,0.25,0.25
9606.ENSP00000337618,65.7,23.2,1,1,1,0,0,0
9606.ENSP00000346112,8.7,6.7,1,1,1,0,0,0
9606.ENSP00000267803,0,0,0,0,1,0,0,0
9606.ENSP00000267812,50.5,19.9,1,1,0,1,0,0
9606.ENSP00000388940,33.5,16,1,1,0,1,0,0
9606.ENSP00000267814,60.8,271.3,1,1,0,0,0,1
9606.ENSP00000387187,1551.3,3080,1,1,0.25,0.25,0.25,0.25
9606.ENSP00000380174,16.7,6.5,1,1,0,0,0,1
9606.ENSP00000319705,0,0,0,0,1,0,0,0
9606.ENSP00000475084,0,0.1,0,1,0.25,0.25,0.25,0.25
9606.ENSP00000267838,0.1,17.7,1,1,0,0,1,0
9606.ENSP00000267842,26.2,173.7,1,1,0,0,1,0
9606.ENSP00000267843,0,0.1,0,1,1,0,0,0
9606.ENSP00000267845,0,0.2,0,1,1,0,0,0
9606.ENSP00000379377,20.9,0.2,1,1,1,0,0,0
9606.ENSP00000267859,29,42.1,1,1,0,1,0,0
9606.ENSP00000379372,127.6,92.3,1,1,0.25,0.25,0.25,0.25
9606.ENSP00000267884,301.2,1034.9,1,1,0.25,0.25,0.25,0.25
9606.ENSP00000396976,11.6,10.4,1,1,0.25,0.25,0.25,0.25
9606.ENSP00000267889,0.1,0.2,1,1,0.25,0.25,0.25,0.25
9606.ENSP00000348564,7.3,3.7,1,1,1,0,0,0
9606.ENSP00000452871,11.8,18.2,1,1,1,0,0,0
9606.ENSP00000417864,277.1,92.3,1,1,0,0,1,0
9606.ENSP00000267935,136.5,48.8,1,1,0,1,0,0
9606.ENSP00000267938,20.4,5.8,1,1,0.25,0.25,0.25,0.25
9606.ENSP00000452746,4.7,1.6,1,1,1,0,0,0
9606.ENSP00000452762,237.3,383.7,1,1,0,0,1,0
9606.ENSP00000267953,0.8,1.6,1,1,0.25,0.25,0.25,0.25
9606.ENSP00000371133,28.5,25,1,1,1,0,0,0
9606.ENSP00000454973,4.6,8.1,1,1,0,1,0,0
9606.ENSP00000267970,199.5,27,1,1,1,0,0,0
9606.ENSP00000267973,76.1,53.5,1,1,0,1,0,0
9606.ENSP00000399968,14,56.9,1,1,0.25,0.25,0.25,0.25
9606.ENSP00000347170,3.1,9.4,1,1,0,0,0,1
9606.ENSP00000457788,19.1,17.5,1,1,0.25,0.25,0.25,0.25
9606.ENSP00000378324,0,0.2,0,1,0,1,0,0
9606.ENSP00000267984,7.9,9.4,1,1,0.25,0.25,0.25,0.25
9606.ENSP00000351022,143.7,155.4,1,1,1,0,0,0
9606.ENSP00000268035,26,0.7,1,1,0,0,1,0
9606.ENSP00000268042,3.9,13.3,1,1,0,1,0,0
9606.ENSP00000328174,9.7,0.4,1,1,0,0,1,0
9606.ENSP00000369681,13.3,20.4,1,1,0.25,0.25,0.25,0.25
9606.ENSP00000268053,0.4,3.3,1,1,1,0,0,0
9606.ENSP00000268057,8.6,5.9,1,1,1,0,0,0
9606.ENSP00000268058,15.1,8.6,1,1,1,0,0,0
9606.ENSP00000369050,9.9,10,1,1,0,0,1,0
9606.ENSP00000268070,0,5.6,0,1,0.25,0.25,0.25,0.25
9606.ENSP00000318423,4.7,5.8,1,1,0,0,1,0
9606.ENSP00000400312,7.6,11.8,1,1,0,0,1,0
9606.ENSP00000391085,0,0,0,0,1,0,0,0
9606.ENSP00000482760,82.7,189.1,1,1,0,1,0,0
9606.ENSP00000381795,0,0,0,0,0.25,0.25,0.25,0.25
9606.ENSP00000287202,0.4,0,1,0,1,0,0,0
9606.ENSP00000268099,68.2,25.6,1,1,1,0,0,0
9606.ENSP00000342007,0.2,541.7,1,1,0,0,0,1
9606.ENSP00000310431,0,0,0,0,0.25,0.25,0.25,0.25
9606.ENSP00000352606,0,0.1,0,1,0,0,1,0
9606.ENSP00000268122,0,0,0,0,1,0,0,0
9606.ENSP00000268124,11.4,16.8,1,1,0,0,1,0
9606.ENSP00000268125,0.2,0,1,0,1,0,0,0
9606.ENSP00000310842,45.5,1,1,1,0,1,0,0
9606.ENSP00000268129,13.4,335.2,1,1,0,0,1,0
9606.ENSP00000268130,0.1,0,1,0,0.25,0.25,0.25,0.25
9606.ENSP00000268138,8.8,0,1,0,0.25,0.25,0.25,0.25
9606.ENSP00000354207,0,0,0,0,0,1,0,0
9606.ENSP00000456340,2.5,0.2,1,1,0.25,0.25,0.25,0.25
9606.ENSP00000268150,11.7,11.2,1,1,1,0,0,0
9606.ENSP00000268154,17.1,2.1,1,1,1,0,0,0
9606.ENSP00000407487,40.3,12.1,1,1,0,0,1,0
9606.ENSP00000268164,0,0,0,0,1,0,0,0
9606.ENSP00000350377,1.5,0.8,1,1,0,0,0,1
9606.ENSP00000483552,47.9,114.5,1,1,0,0,1,0
9606.ENSP00000268182,28.6,8.9,1,1,1,0,0,0
9606.ENSP00000268184,7.7,16.6,1,1,1,0,0,0
9606.ENSP00000268206,8.6,3.7,1,1,0,0,0,1
9606.ENSP00000320092,0,0,0,0,1,0,0,0
9606.ENSP00000452697,294.4,184.6,1,1,0.25,0.25,0.25,0.25
9606.ENSP00000268231,0,0,0,0,0.25,0.25,0.25,0.25
9606.ENSP00000322716,58.5,48.9,1,1,0,0,0,1
9606.ENSP00000268261,77,15.6,1,1,1,0,0,0
9606.ENSP00000327943,0.6,0.2,1,1,1,0,0,0
9606.ENSP00000454623,0.2,0.1,1,1,1,0,0,0
9606.ENSP00000378332,3.4,0.9,1,1,1,0,0,0
9606.ENSP00000317579,41.2,23.1,1,1,1,0,0,0
9606.ENSP00000386125,18.5,24,1,1,1,0,0,0
9606.ENSP00000387911,45.7,14.5,1,1,0,0,1,0
9606.ENSP00000418823,29.8,14.8,1,1,0,1,0,0
9606.ENSP00000268379,545.8,148.6,1,1,0,0,1,0
9606.ENSP00000268383,102.9,8.8,1,1,0,0,1,0
9606.ENSP00000268389,0.1,2.8,1,1,1,0,0,0
9606.ENSP00000289968,37.8,5.2,1,1,0,1,0,0
9606.ENSP00000378288,0.1,0.8,1,1,1,0,0,0
9606.ENSP00000311030,0,0,0,0,0.25,0.25,0.25,0.25
9606.ENSP00000268459,48.1,1,1,1,1,0,0,0
9606.ENSP00000268482,79.3,11.1,1,1,0,0,1,0
9606.ENSP00000268483,29.5,15.5,1,1,0.25,0.25,0.25,0.25
9606.ENSP00000299952,9.5,9,1,1,0.25,0.25,0.25,0.25
9606.ENSP00000341206,0,0.1,0,1,1,0,0,0
9606.ENSP00000268489,13.5,29.9,1,1,1,0,0,0
9606.ENSP00000341051,0,0,0,0,0.25,0.25,0.25,0.25
9606.ENSP00000290776,14.5,1.6,1,1,1,0,0,0
9606.ENSP00000262510,2.8,3.8,1,1,0.25,0.25,0.25,0.25
9606.ENSP00000368982,46.3,6,1,1,0,1,0,0
9606.ENSP00000368976,77.6,11.5,1,1,0,1,0,0
9606.ENSP00000282849,0,0,0,0,0,1,0,0
9606.ENSP00000268533,12.1,48.8,1,1,0,0,1,0
9606.ENSP00000319531,118.9,282.6,1,1,0,0,0,1
9606.ENSP00000400482,46.9,1.5,1,1,0,1,0,0
9606.ENSP00000268595,0,0.2,0,1,0.25,0.25,0.25,0.25
9606.ENSP00000268603,0,0,0,0,1,0,0,0
9606.ENSP00000457243,8,32.6,1,1,0,1,0,0
9606.ENSP00000268607,85.2,77.5,1,1,1,0,0,0
9606.ENSP00000344223,63.4,29.9,1,1,0,1,0,0
9606.ENSP00000268613,0.2,0.2,1,1,1,0,0,0
9606.ENSP00000268616,23.5,24.4,1,1,0.25,0.25,0.25,0.25
9606.ENSP00000343635,8.6,0.7,1,1,0,1,0,0
9606.ENSP00000268624,0,0,0,0,1,0,0,0
9606.ENSP00000355374,94.3,76.7,1,1,0.25,0.25,0.25,0.25
9606.ENSP00000268638,0.2,5.9,1,1,1,0,0,0
9606.ENSP00000321971,51.6,26.3,1,1,0,0,1,0
9606.ENSP00000268661,1.5,0,1,0,1,0,0,0
9606.ENSP00000380057,7,3.3,1,1,0.25,0.25,0.25,0.25
9606.ENSP00000341885,4189.8,2463.5,1,1,1,0,0,0
9606.ENSP00000268668,244.6,499.2,1,1,0,0,1,0
9606.ENSP00000344220,50.7,35.8,1,1,0,0,1,0
9606.ENSP00000380071,0.1,0.5,1,1,0,1,0,0
9606.ENSP00000268676,159.5,25.2,1,1,0,0,0,1
9606.ENSP00000263346,101,154.4,1,1,0,0,0,1
9606.ENSP00000268695,14.9,5.4,1,1,0,0,0,1
9606.ENSP00000268699,15.5,4.9,1,1,0,1,0,0
9606.ENSP00000268711,15.6,5.7,1,1,0.25,0.25,0.25,0.25
9606.ENSP00000268712,64.3,134.3,1,1,0,0,1,0
9606.ENSP00000268717,69.5,23.3,1,1,1,0,0,0
9606.ENSP00000268719,7,9.4,1,1,1,0,0,0
9606.ENSP00000379168,0,0,0,0,0.25,0.25,0.25,0.25
9606.ENSP00000401678,0,0,0,0,0,1,0,0
9606.ENSP00000381958,19.4,1,1,1,0,0,1,0
9606.ENSP00000327179,98.7,6.9,1,1,1,0,0,0
9606.ENSP00000316589,14.2,19.4,1,1,0.25,0.25,0.25,0.25
9606.ENSP00000458537,1.4,0,1,0,1,0,0,0
9606.ENSP00000268793,0,0,0,0,1,0,0,0
9606.ENSP00000268797,26,42,1,1,0,0,1,0
9606.ENSP00000268802,178.1,11.8,1,1,0,0,1,0
9606.ENSP00000268835,43,18,1,1,0,0,1,0
9606.ENSP00000268876,0,0,0,0,0.25,0.25,0.25,0.25
9606.ENSP00000268896,41.9,75.5,1,1,0,0,1,0
9606.ENSP00000365451,0,0,0,0,0.25,0.25,0.25,0.25
9606.ENSP00000460823,50.9,42.6,1,1,0,0,1,0
9606.ENSP00000268919,0,0,0,0,0,0,1,0
9606.ENSP00000351937,27.9,3.3,1,1,0,0,0,1
9606.ENSP00000427695,72.2,179.5,1,1,0,1,0,0
9606.ENSP00000401435,7.7,21.6,1,1,0,0,1,0
9606.ENSP00000459580,0,0,0,0,0.25,0.25,0.25,0.25
9606.ENSP00000268989,28.1,5.4,1,1,0,0,1,0
9606.ENSP00000320324,58.2,28.9,1,1,0,0,1,0
9606.ENSP00000338171,0,32.2,0,1,1,0,0,0
9606.ENSP00000269025,0.3,0.1,1,1,1,0,0,0
9606.ENSP00000290216,28.3,31.4,1,1,0,0,1,0
9606.ENSP00000444743,14.5,27.5,1,1,0,1,0,0
9606.ENSP00000269051,0.1,0,1,0,0.25,0.25,0.25,0.25
9606.ENSP00000269053,0,0,0,0,1,0,0,0
9606.ENSP00000407193,6.5,4.8,1,1,1,0,0,0
9606.ENSP00000467271,0,37.3,0,1,0,0,1,0
9606.ENSP00000269097,137.4,5.8,1,1,0.25,0.25,0.25,0.25
9606.ENSP00000479606,316.8,157.9,1,1,1,0,0,0
9606.ENSP00000269127,0,0,0,0,1,0,0,0
9606.ENSP00000375067,9.9,13.5,1,1,0,0,1,0
9606.ENSP00000464327,141.3,31.8,1,1,0,0,0,1
9606.ENSP00000414516,39.8,26.5,1,1,0,1,0,0
9606.ENSP00000269142,1.9,0,1,0,0,0,1,0
9606.ENSP00000269143,80.9,78.5,1,1,1,0,0,0
9606.ENSP00000404700,10.2,0,1,0,0.25,0.25,0.25,0.25
9606.ENSP00000269159,56.3,67,1,1,1,0,0,0
9606.ENSP00000334051,4.1,2.3,1,1,1,0,0,0
9606.ENSP00000269187,39.9,10.8,1,1,0,0,1,0
9606.ENSP00000381984,40.7,26.9,1,1,0,1,0,0
9606.ENSP00000465517,32.4,11.2,1,1,0,1,0,0
9606.ENSP00000269195,44.9,69.2,1,1,0,0,1,0
9606.ENSP00000269197,0,1.4,0,1,0.25,0.25,0.25,0.25
9606.ENSP00000462647,0,0,0,0,1,0,0,0
9606.ENSP00000269202,0,0,0,0,1,0,0,0
9606.ENSP00000372612,0,0,0,0,0.25,0.25,0.25,0.25
9606.ENSP00000269209,1.3,8.8,1,1,0,0,1,0
9606.ENSP00000269214,12,7.8,1,1,0,0,0,1
9606.ENSP00000320291,0.2,15.2,1,1,0,0,1,0
9606.ENSP00000269216,4.4,9.7,1,1,1,0,0,0
9606.ENSP00000464162,0.4,2.2,1,1,0.25,0.25,0.25,0.25
9606.ENSP00000269221,12,6.4,1,1,1,0,0,0
9606.ENSP00000301396,64,8.1,1,1,0,1,0,0
9606.ENSP00000269228,56.8,6.8,1,1,0,0,1,0
9606.ENSP00000390637,0.2,0.8,1,1,0,1,0,0
9606.ENSP00000403701,59.2,12.3,1,1,0.25,0.25,0.25,0.25
9606.ENSP00000406220,131.2,304.1,1,1,0,1,0,0
9606.ENSP00000269289,0.5,0.3,1,1,0.25,0.25,0.25,0.25
9606.ENSP00000324203,18.2,4.6,1,1,0,1,0,0
9606.ENSP00000347427,30.3,9.6,1,1,1,0,0,0
9606.ENSP00000269298,40.2,339.3,1,1,0,0,1,0
9606.ENSP00000269299,638.2,988.7,1,1,0,0,0,1
9606.ENSP00000392812,0,0.7,0,1,1,0,0,0
9606.ENSP00000269305,76.4,18.1,1,1,1,0,0,0
9606.ENSP00000380679,4.3,0.9,1,1,1,0,0,0
9606.ENSP00000269321,310.5,74.6,1,1,0,1,0,0
9606.ENSP00000465261,45.7,3.4,1,1,0,0,1,0
9606.ENSP00000463978,333.3,1,1,1,0,0,1,0
9606.ENSP00000458715,0.2,0.1,1,1,0.25,0.25,0.25,0.25
9606.ENSP00000269346,0.7,0.4,1,1,0.25,0.25,0.25,0.25
9606.ENSP00000461785,12.3,19.9,1,1,0.25,0.25,0.25,0.25
9606.ENSP00000269349,202.9,30.4,1,1,0,0,1,0
9606.ENSP00000324464,103,28.7,1,1,0,0,1,0
9606.ENSP00000349957,322.2,553.7,1,1,0,1,0,0
9606.ENSP00000347719,49.4,23.1,1,1,0,0,1,0
9606.ENSP00000269373,72.9,11.9,1,1,1,0,0,0
9606.ENSP00000309899,30.8,26,1,1,0.25,0.25,0.25,0.25
9606.ENSP00000307272,23.8,8,1,1,0,1,0,0
9606.ENSP00000335677,59.9,10.2,1,1,0,1,0,0
9606.ENSP00000269383,14.2,3.1,1,1,0,1,0,0
9606.ENSP00000269385,15.7,3.1,1,1,1,0,0,0
9606.ENSP00000269389,9.2,0.9,1,1,0,0,1,0
9606.ENSP00000269391,4,3.8,1,1,0.25,0.25,0.25,0.25
9606.ENSP00000393583,31.7,1.5,1,1,1,0,0,0
9606.ENSP00000269394,0,0,0,0,1,0,0,0
9606.ENSP00000376139,84.6,69.1,1,1,0.25,0.25,0.25,0.25
9606.ENSP00000269397,45.5,15.4,1,1,1,0,0,0
9606.ENSP00000269439,0,5.7,0,1,0.25,0.25,0.25,0.25
9606.ENSP00000269445,35.1,11.8,1,1,0,0,0,1
9606.ENSP00000383234,0,1.6,0,1,0.25,0.25,0.25,0.25
9606.ENSP00000269466,2,15.6,1,1,1,0,0,0
9606.ENSP00000468785,26.5,16.4,1,1,1,0,0,0
9606.ENSP00000341551,16,38.6,1,1,0,1,0,0
9606.ENSP00000465500,5.2,0.3,1,1,1,0,0,0
9606.ENSP00000269499,34.4,29.2,1,1,0,1,0,0
9606.ENSP00000393154,0,0.3,0,1,0.25,0.25,0.25,0.25
9606.ENSP00000269503,0,0,0,0,0.25,0.25,0.25,0.25
9606.ENSP00000326119,3.4,2.1,1,1,0,0,1,0
9606.ENSP00000347649,42,1.6,1,1,0.25,0.25,0.25,0.25
9606.ENSP00000389948,13.8,27.2,1,1,0,1,0,0
9606.ENSP00000309432,30.2,40.6,1,1,0,1,0,0
9606.ENSP00000269571,80.5,8.3,1,1,0,1,0,0
9606.ENSP00000403459,74.9,2.9,1,1,1,0,0,0
9606.ENSP00000377778,45.2,136.7,1,1,0,1,0,0
9606.ENSP00000269582,0.2,0,1,0,1,0,0,0
9606.ENSP00000269586,0,0,0,0,0.25,0.25,0.25,0.25
9606.ENSP00000327509,0,0,0,0,0.25,0.25,0.25,0.25
9606.ENSP00000269593,90.2,411.2,1,1,1,0,0,0
9606.ENSP00000317232,230.6,0,1,0,1,0,0,0
9606.ENSP00000269601,205,104.3,1,1,0.25,0.25,0.25,0.25
9606.ENSP00000353362,0,1,0,1,0,0,1,0
9606.ENSP00000269720,1.3,4.2,1,1,0.25,0.25,0.25,0.25
9606.ENSP00000431971,67.5,11.2,1,1,0.25,0.25,0.25,0.25
9606.ENSP00000263377,45.7,73.1,1,1,0,0,0,1
9606.ENSP00000269740,50,32.7,1,1,0,0,0,1
9606.ENSP00000396843,18.2,358.8,1,1,0,0,1,0
9606.ENSP00000352265,3.5,39.8,1,1,0.25,0.25,0.25,0.25
9606.ENSP00000329697,0.2,1.2,1,1,0,1,0,0
9606.ENSP00000269834,0,0.2,0,1,0.25,0.25,0.25,0.25
9606.ENSP00000269844,3.8,2.3,1,1,0.25,0.25,0.25,0.25
9606.ENSP00000269848,161.3,63.8,1,1,0,0,1,0
9606.ENSP00000269856,7.4,16.2,1,1,0.25,0.25,0.25,0.25
9606.ENSP00000472929,0,0.8,0,1,1,0,0,0
9606.ENSP00000324810,45.1,33.4,1,1,0,1,0,0
9606.ENSP00000269878,0,0,0,0,0.25,0.25,0.25,0.25
9606.ENSP00000269886,97.9,23.6,1,1,0,0,1,0
9606.ENSP00000311977,18.2,5.5,1,1,0,0,0,1
9606.ENSP00000262960,46.2,31.8,1,1,1,0,0,0
9606.ENSP00000269945,0,0,0,0,1,0,0,0
9606.ENSP00000269967,21.6,5.4,1,1,1,0,0,0
9606.ENSP00000375859,11.7,3.7,1,1,0.25,0.25,0.25,0.25
9606.ENSP00000270001,1.9,4.4,1,1,0.25,0.25,0.25,0.25
9606.ENSP00000372191,17,21,1,1,0,0,1,0
9606.ENSP00000382707,504.8,2371.6,1,1,0,1,0,0
9606.ENSP00000387185,5.4,11.8,1,1,0,0,0,1
9606.ENSP00000270112,2.8,0.8,1,1,0,1,0,0
9606.ENSP00000355180,6.7,11.9,1,1,1,0,0,0
9606.ENSP00000270139,25.3,76.4,1,1,0,1,0,0
9606.ENSP00000270142,804.8,4327.3,1,1,0,0,0,1
9606.ENSP00000300527,0.4,2,1,1,1,0,0,0
9606.ENSP00000270162,3.5,1.9,1,1,0,0,0,1
9606.ENSP00000270172,0.2,21.2,1,1,0,1,0,0
9606.ENSP00000381023,0.1,0,1,0,1,0,0,0
9606.ENSP00000270176,74,31.3,1,1,0.25,0.25,0.25,0.25
9606.ENSP00000439768,11.1,55.2,1,1,0,0,1,0
9606.ENSP00000284981,238.9,105.1,1,1,1,0,0,0
9606.ENSP00000382104,2.9,4.6,1,1,0,1,0,0
9606.ENSP00000372199,12.3,8.4,1,1,0,0,1,0
9606.ENSP00000451828,110.7,40.2,1,1,0,1,0,0
9606.ENSP00000343000,0,0,0,0,0.25,0.25,0.25,0.25
9606.ENSP00000270221,26.1,4.7,1,1,0.25,0.25,0.25,0.25
9606.ENSP00000270225,100.9,21.2,1,1,1,0,0,0
9606.ENSP00000270235,0,0,0,0,0.25,0.25,0.25,0.25
9606.ENSP00000270238,1.5,0.4,1,1,1,0,0,0
9606.ENSP00000270257,49.9,21.7,1,1,0.25,0.25,0.25,0.25
9606.ENSP00000270279,3,12.9,1,1,0,0,1,0
9606.ENSP00000466953,13.6,0.6,1,1,0.25,0.25,0.25,0.25
9606.ENSP00000270328,0.4,0.8,1,1,0,0,1,0
9606.ENSP00000270349,0,0,0,0,1,0,0,0
9606.ENSP00000270357,27.6,38.7,1,1,1,0,0,0
9606.ENSP00000375844,20.6,2.7,1,1,0,0,1,0
9606.ENSP00000344871,0.1,6.3,1,1,1,0,0,0
9606.ENSP00000375653,0,0.2,0,1,0,1,0,0
9606.ENSP00000270458,0.1,0,1,0,1,0,0,0
9606.ENSP00000478557,36.9,31,1,1,0,1,0,0
9606.ENSP00000270502,14.8,12.2,1,1,0,0,1,0
9606.ENSP00000470498,0.1,0,1,0,0.25,0.25,0.25,0.25
9606.ENSP00000325690,75,23.7,1,1,0,0,1,0
9606.ENSP00000445905,3.5,1.8,1,1,1,0,0,0
9606.ENSP00000270560,187,240.2,1,1,0.25,0.25,0.25,0.25
9606.ENSP00000270570,54.3,37.4,1,1,0,1,0,0
9606.ENSP00000270586,332.8,294.8,1,1,0,0,0,1
9606.ENSP00000270590,0,0,0,0,0.25,0.25,0.25,0.25
9606.ENSP00000345243,0.1,0.2,1,1,1,0,0,0
9606.ENSP00000270593,0.2,0,1,0,0.25,0.25,0.25,0.25
9606.ENSP00000314151,0,0,0,0,1,0,0,0
9606.ENSP00000472808,9.7,1.5,1,1,1,0,0,0
9606.ENSP00000471272,0,3.1,0,1,0.25,0.25,0.25,0.25
9606.ENSP00000270625,4664.9,1806.5,1,1,1,0,0,0
9606.ENSP00000270631,0.1,0,1,0,0.25,0.25,0.25,0.25
9606.ENSP00000375730,4169.8,4810.4,1,1,0,0,1,0
9606.ENSP00000390011,2.1,7.1,1,1,1,0,0,0
9606.ENSP00000470034,94.1,53,1,1,0,0,1,0
9606.ENSP00000270642,0.4,0.1,1,1,1,0,0,0
9606.ENSP00000270645,13.1,3.7,1,1,0,0,1,0
9606.ENSP00000270649,12.3,1.6,1,1,0.25,0.25,0.25,0.25
9606.ENSP00000366641,0.1,0.2,1,1,1,0,0,0
9606.ENSP00000338629,44.6,22.5,1,1,0,1,0,0
9606.ENSP00000367668,0.3,0,1,0,0.25,0.25,0.25,0.25
9606.ENSP00000417061,1.1,0.8,1,1,1,0,0,0
9606.ENSP00000270722,0.3,0,1,0,0.25,0.25,0.25,0.25
9606.ENSP00000352639,0,0,0,0,0.25,0.25,0.25,0.25
9606.ENSP00000364609,0,0,0,0,0.25,0.25,0.25,0.25
9606.ENSP00000351770,0,0,0,0,1,0,0,0
9606.ENSP00000364620,0,0,0,0,1,0,0,0
9606.ENSP00000351209,54.7,17.5,1,1,0.25,0.25,0.25,0.25
9606.ENSP00000270747,1.8,1.2,1,1,0.25,0.25,0.25,0.25
9606.ENSP00000365147,43.1,19.1,1,1,1,0,0,0
9606.ENSP00000349016,29.7,45.3,1,1,0,0,0,1
9606.ENSP00000270776,316.8,64.2,1,1,0,1,0,0
9606.ENSP00000363557,16.7,0,1,0,0.25,0.25,0.25,0.25
9606.ENSP00000270792,132.3,135.3,1,1,1,0,0,0
9606.ENSP00000363371,7,0.3,1,1,0.25,0.25,0.25,0.25
9606.ENSP00000363676,1642.3,4177.1,1,1,0,1,0,0
9606.ENSP00000270800,12.2,4.9,1,1,0.25,0.25,0.25,0.25
9606.ENSP00000363384,87.2,223.4,1,1,0,0,0,1
9606.ENSP00000425166,2.1,1.6,1,1,1,0,0,0
9606.ENSP00000318406,33.6,36,1,1,1,0,0,0
9606.ENSP00000270824,2.1,0.9,1,1,0,1,0,0
9606.ENSP00000435634,0,0,0,0,0.25,0.25,0.25,0.25
9606.ENSP00000383909,0,0,0,0,0.25,0.25,0.25,0.25
9606.ENSP00000270861,15.7,0.2,1,1,0,1,0,0
9606.ENSP00000419591,3,0.9,1,1,0,0,1,0
9606.ENSP00000270879,0,28.4,0,1,1,0,0,0
9606.ENSP00000363250,27.5,14,1,1,0.25,0.25,0.25,0.25
9606.ENSP00000440704,13.6,1.3,1,1,1,0,0,0
9606.ENSP00000317971,9,16,1,1,1,0,0,0
9606.ENSP00000290122,0.2,0,1,0,1,0,0,0
9606.ENSP00000316782,0.9,0.6,1,1,1,0,0,0
9606.ENSP00000363827,42.1,6.4,1,1,0,1,0,0
9606.ENSP00000360133,31.9,11,1,1,1,0,0,0
9606.ENSP00000360034,417.1,367.8,1,1,0,0,1,0
9606.ENSP00000359612,9.9,19.6,1,1,1,0,0,0
9606.ENSP00000398736,17.6,42.1,1,1,0,0,1,0
9606.ENSP00000359719,3.5,16.3,1,1,0,1,0,0
9606.ENSP00000359848,11.1,23.8,1,1,0.25,0.25,0.25,0.25
9606.ENSP00000271064,18.7,3.2,1,1,1,0,0,0
9606.ENSP00000294517,0.2,0,1,0,0.25,0.25,0.25,0.25
9606.ENSP00000379888,3068.7,2979.5,1,1,0.25,0.25,0.25,0.25
9606.ENSP00000361298,56.4,0.3,1,1,1,0,0,0
9606.ENSP00000353030,117.3,130.5,1,1,1,0,0,0
9606.ENSP00000361281,3.2,0,1,0,0.25,0.25,0.25,0.25
9606.ENSP00000271139,2.4,3.6,1,1,0.25,0.25,0.25,0.25
9606.ENSP00000360991,0,0,0,0,1,0,0,0
9606.ENSP00000360315,0,0,0,0,0.25,0.25,0.25,0.25
9606.ENSP00000360500,0,0,0,0,1,0,0,0
9606.ENSP00000359575,32.1,84.1,1,1,0,0,1,0
9606.ENSP00000358888,0.2,4.1,1,1,0.25,0.25,0.25,0.25
9606.ENSP00000359474,0,0,0,0,0.25,0.25,0.25,0.25
9606.ENSP00000359321,24.3,13.9,1,1,0.25,0.25,0.25,0.25
9606.ENSP00000271227,7.9,1.5,1,1,1,0,0,0
9606.ENSP00000358495,0.8,0.6,1,1,1,0,0,0
9606.ENSP00000396857,6.2,3.4,1,1,0.25,0.25,0.25,0.25
9606.ENSP00000271277,3.6,1.5,1,1,0,1,0,0
9606.ENSP00000358810,19.1,9,1,1,1,0,0,0
9606.ENSP00000358786,0,0,0,0,0.25,0.25,0.25,0.25
9606.ENSP00000271308,17.8,134.2,1,1,0,0,1,0
9606.ENSP00000359034,0,0,0,0,1,0,0,0
9606.ENSP00000344218,0,10.2,0,1,0,1,0,0
9606.ENSP00000271324,0.1,7.4,1,1,0,1,0,0
9606.ENSP00000271331,0,0,0,0,0.25,0.25,0.25,0.25
9606.ENSP00000271332,5.9,5.7,1,1,0.25,0.25,0.25,0.25
9606.ENSP00000358310,0.9,0.3,1,1,0.25,0.25,0.25,0.25
9606.ENSP00000441039,0.1,0.1,1,1,0,0,1,0
9606.ENSP00000346827,37,161,1,1,0,0,0,1
9606.ENSP00000356790,160.4,247.2,1,1,1,0,0,0
9606.ENSP00000356807,19.9,34.3,1,1,0,1,0,0
9606.ENSP00000356785,11.4,11.2,1,1,0,0,1,0
9606.ENSP00000356849,14.6,9.8,1,1,1,0,0,0
9606.ENSP00000356820,53.9,755.5,1,1,0,0,1,0
9606.ENSP00000359540,37.5,86.4,1,1,0.25,0.25,0.25,0.25
9606.ENSP00000356814,31.4,94.9,1,1,0.25,0.25,0.25,0.25
9606.ENSP00000356842,0,0,0,0,1,0,0,0
9606.ENSP00000352900,0,0,0,0,0.25,0.25,0.25,0.25
9606.ENSP00000356795,0.4,0.5,1,1,1,0,0,0
9606.ENSP00000356853,65.4,5.7,1,1,0.25,0.25,0.25,0.25
9606.ENSP00000480514,145,323,1,1,1,0,0,0
9606.ENSP00000356792,3.2,1,1,1,1,0,0,0
9606.ENSP00000356793,0.3,3.5,1,1,1,0,0,0
9606.ENSP00000356840,5.7,11.2,1,1,1,0,0,0
9606.ENSP00000356846,0,0.1,0,1,1,0,0,0
9606.ENSP00000271417,0.1,1.4,1,1,1,0,0,0
9606.ENSP00000356791,0,0.1,0,1,0.25,0.25,0.25,0.25
9606.ENSP00000356864,55.6,341.2,1,1,1,0,0,0
9606.ENSP00000356825,0.1,10.6,1,1,1,0,0,0
9606.ENSP00000364858,28.4,26.6,1,1,0.25,0.25,0.25,0.25
9606.ENSP00000356991,8.5,0,1,0,1,0,0,0
9606.ENSP00000356982,170.8,132.3,1,1,1,0,0,0
9606.ENSP00000356978,16.2,5.8,1,1,0,0,1,0
9606.ENSP00000271450,0.1,2.3,1,1,1,0,0,0
9606.ENSP00000271452,32,0.3,1,1,0.25,0.25,0.25,0.25
9606.ENSP00000433001,0.3,0.6,1,1,0.25,0.25,0.25,0.25
9606.ENSP00000356953,236.1,240.9,1,1,0.25,0.25,0.25,0.25
9606.ENSP00000356989,314.8,159.6,1,1,0,0,1,0
9606.ENSP00000356959,0.9,130.1,1,1,0.25,0.25,0.25,0.25
9606.ENSP00000356981,18.6,1.9,1,1,0,1,0,0
9606.ENSP00000356382,1.9,59.8,1,1,1,0,0,0
9606.ENSP00000271526,60.7,12.7,1,1,1,0,0,0
9606.ENSP00000354691,0,1,0,1,0.25,0.25,0.25,0.25
9606.ENSP00000357199,15.2,17,1,1,1,0,0,0
9606.ENSP00000354525,72.8,148.9,1,1,0,1,0,0
9606.ENSP00000357069,4.7,20.6,1,1,0.25,0.25,0.25,0.25
9606.ENSP00000357057,0.1,0,1,0,0,1,0,0
9606.ENSP00000323424,18.7,16.5,1,1,0,1,0,0
9606.ENSP00000482841,1.7,0.1,1,1,1,0,0,0
9606.ENSP00000357189,244.4,148.8,1,1,0,0,1,0
9606.ENSP00000427562,5.5,12.4,1,1,0,1,0,0
9606.ENSP00000356562,20.1,10,1,1,0,1,0,0
9606.ENSP00000356529,0,2.3,0,1,1,0,0,0
9606.ENSP00000435365,27.2,22.7,1,1,0,0,0,1
9606.ENSP00000354891,0,0,0,0,0.25,0.25,0.25,0.25
9606.ENSP00000271588,0,1.8,0,1,0,0,0,1
9606.ENSP00000303192,9.9,2.8,1,1,0,1,0,0
9606.ENSP00000355895,10.3,56.1,1,1,0,0,1,0
9606.ENSP00000356357,0,0.2,0,1,0.25,0.25,0.25,0.25
9606.ENSP00000271620,19.1,14.2,1,1,1,0,0,0
9606.ENSP00000327025,3.9,51,1,1,0.25,0.25,0.25,0.25
9606.ENSP00000357842,7.8,9.8,1,1,0,0,1,0
9606.ENSP00000271628,96,12.9,1,1,1,0,0,0
9606.ENSP00000358045,0.6,1,1,1,1,0,0,0
9606.ENSP00000319829,21.1,5.5,1,1,0,0,1,0
9606.ENSP00000358060,23.4,18.7,1,1,0,0,1,0
9606.ENSP00000271636,1.2,23.2,1,1,1,0,0,0
9606.ENSP00000357836,12.2,19.1,1,1,0.25,0.25,0.25,0.25
9606.ENSP00000271640,23,5.8,1,1,1,0,0,0
9606.ENSP00000358035,12.8,8.6,1,1,0,1,0,0
9606.ENSP00000358022,109.5,205.2,1,1,0,1,0,0
9606.ENSP00000271651,0.2,1.1,1,1,0.25,0.25,0.25,0.25
9606.ENSP00000290524,28.1,8.1,1,1,0,0,0,1
9606.ENSP00000357869,24.9,11.1,1,1,0,0,1,0
9606.ENSP00000357883,39.7,11.4,1,1,0,0,1,0
9606.ENSP00000463154,120.7,63.8,1,1,0,0,1,0
9606.ENSP00000354669,13.8,8.6,1,1,0,1,0,0
9606.ENSP00000357943,31.5,17.1,1,1,0,0,1,0
9606.ENSP00000397261,30.1,531.6,1,1,0,0,0,1
9606.ENSP00000271688,216.9,169.6,1,1,0,0,1,0
9606.ENSP00000341743,184.4,99.9,1,1,0,1,0,0
9606.ENSP00000357909,2.8,4.4,1,1,0.25,0.25,0.25,0.25
9606.ENSP00000357823,93.8,32.3,1,1,0,1,0,0
9606.ENSP00000351407,17.9,39.6,1,1,0,1,0,0
9606.ENSP00000271715,19.4,32.9,1,1,1,0,0,0
9606.ENSP00000357922,4.6,44.5,1,1,1,0,0,0
9606.ENSP00000313922,1.2,3.2,1,1,0.25,0.25,0.25,0.25
9606.ENSP00000355167,0,0,0,0,1,0,0,0
9606.ENSP00000271732,13.9,10,1,1,0.25,0.25,0.25,0.25
9606.ENSP00000357914,0.2,7.1,1,1,0,0,1,0
9606.ENSP00000355986,0,0,0,0,0.25,0.25,0.25,0.25
9606.ENSP00000271751,0,0,0,0,1,0,0,0
9606.ENSP00000355958,19.2,0,1,0,1,0,0,0
9606.ENSP00000356076,1.3,4.2,1,1,0.25,0.25,0.25,0.25
9606.ENSP00000271764,59.6,15.4,1,1,0,0,0,1
9606.ENSP00000355961,16.2,9,1,1,0.25,0.25,0.25,0.25
9606.ENSP00000428324,1.4,0,1,0,0.25,0.25,0.25,0.25
9606.ENSP00000339976,6.2,1.2,1,1,0,1,0,0
9606.ENSP00000355924,55.2,20.3,1,1,0,0,1,0
9606.ENSP00000344219,0,1,0,1,1,0,0,0
9606.ENSP00000355866,3,40.5,1,1,0,0,0,1
9606.ENSP00000342118,3.4,0,1,0,1,0,0,0
9606.ENSP00000341957,11.2,9.1,1,1,0,0,1,0
9606.ENSP00000357475,21.6,0.5,1,1,1,0,0,0
9606.ENSP00000373370,0,0,0,0,1,0,0,0
9606.ENSP00000271835,0,0,0,0,1,0,0,0
9606.ENSP00000349436,24.7,16.7,1,1,0,1,0,0
9606.ENSP00000271843,122.6,340.7,1,1,0,0,1,0
9606.ENSP00000357564,73.3,125.8,1,1,1,0,0,0
9606.ENSP00000357722,0,37.8,0,1,1,0,0,0
9606.ENSP00000357516,269.2,115,1,1,0,1,0,0
9606.ENSP00000357547,0,0,0,0,1,0,0,0
9606.ENSP00000357674,23,38.1,1,1,0,0,1,0
9606.ENSP00000485061,1,27.5,1,1,0,1,0,0
9606.ENSP00000357712,0,0,0,0,1,0,0,0
9606.ENSP00000389445,168.4,17.8,1,1,0,0,1,0
9606.ENSP00000357612,97.8,5.7,1,1,0.25,0.25,0.25,0.25
9606.ENSP00000329002,89.1,104.6,1,1,1,0,0,0
9606.ENSP00000357596,10,12.9,1,1,0,0,1,0
9606.ENSP00000357393,1.4,1,1,1,1,0,0,0
9606.ENSP00000318355,0,0,0,0,1,0,0,0
9606.ENSP00000481848,0,0.2,0,1,1,0,0,0
9606.ENSP00000357507,212.9,152.4,1,1,0,1,0,0
9606.ENSP00000357644,3.9,20.1,1,1,0,0,1,0
9606.ENSP00000355011,276.6,40,1,1,0,0,1,0
9606.ENSP00000357305,13.9,8.8,1,1,1,0,0,0
9606.ENSP00000318641,6.5,9.1,1,1,1,0,0,0
9606.ENSP00000339933,15.5,51,1,1,0,0,0,1
9606.ENSP00000357342,2.1,1.3,1,1,0,1,0,0
9606.ENSP00000357789,0.2,0,1,0,1,0,0,0
9606.ENSP00000355645,17.5,0,1,0,1,0,0,0
9606.ENSP00000355609,42.3,65.9,1,1,0,0,1,0
9606.ENSP00000355632,67.1,87.2,1,1,0,0,1,0
9606.ENSP00000355621,11.7,3.3,1,1,0.25,0.25,0.25,0.25
9606.ENSP00000355467,71.1,191.5,1,1,0,0,0,1
9606.ENSP00000374443,0.5,17,1,1,0.25,0.25,0.25,0.25
9606.ENSP00000355583,0,5.7,0,1,1,0,0,0
9606.ENSP00000355500,11.2,4.8,1,1,1,0,0,0
9606.ENSP00000272067,363.3,136.7,1,1,1,0,0,0
9606.ENSP00000314157,18.7,10.6,1,1,0,0,1,0
9606.ENSP00000305230,376.5,241.7,1,1,0.25,0.25,0.25,0.25
9606.ENSP00000281701,12.1,4.9,1,1,0,1,0,0
9606.ENSP00000272091,14.3,21.6,1,1,0,1,0,0
9606.ENSP00000316476,28.9,18.8,1,1,0.25,0.25,0.25,0.25
9606.ENSP00000355827,10.7,22.4,1,1,1,0,0,0
9606.ENSP00000440005,381.7,116.9,1,1,0,0,1,0
9606.ENSP00000355785,0.4,0,1,0,1,0,0,0
9606.ENSP00000420443,55.2,77.4,1,1,0,0,0,1
9606.ENSP00000411152,0,0.3,0,1,1,0,0,0
9606.ENSP00000355689,158.1,384.1,1,1,0,0,1,0
9606.ENSP00000355731,7.3,24.4,1,1,0,1,0,0
9606.ENSP00000272133,0,2.7,0,1,0.25,0.25,0.25,0.25
9606.ENSP00000272139,23,28.8,1,1,0,0,1,0
9606.ENSP00000302177,0,0.1,0,1,0,0,1,0
9606.ENSP00000355759,117.9,72.9,1,1,0,0,1,0
9606.ENSP00000355747,10.2,0.9,1,1,0.25,0.25,0.25,0.25
9606.ENSP00000342502,70.4,15.9,1,1,1,0,0,0
9606.ENSP00000339883,73.1,63.9,1,1,0,0,0,1
9606.ENSP00000272164,0.1,0,1,0,0.25,0.25,0.25,0.25
9606.ENSP00000480004,218.6,658.2,1,1,0,0,0,1
9606.ENSP00000272190,0,0.8,0,1,1,0,0,0
9606.ENSP00000356172,16,8.5,1,1,0.25,0.25,0.25,0.25
9606.ENSP00000356169,27.7,199.2,1,1,0,1,0,0
9606.ENSP00000272198,0,0,0,0,1,0,0,0
9606.ENSP00000272203,24.2,17.6,1,1,1,0,0,0
9606.ENSP00000309116,0,1,0,1,1,0,0,0
9606.ENSP00000356236,0,0,0,0,1,0,0,0
9606.ENSP00000272217,9.9,37.6,1,1,1,0,0,0
9606.ENSP00000272223,2.3,0,1,0,0.25,0.25,0.25,0.25
9606.ENSP00000272224,6,7.5,1,1,0.25,0.25,0.25,0.25
9606.ENSP00000385385,817.3,310.2,1,1,0,0,1,0
9606.ENSP00000272233,263.9,1240.2,1,1,0.25,0.25,0.25,0.25
9606.ENSP00000272238,2.1,0.1,1,1,1,0,0,0
9606.ENSP00000390625,47.9,7.2,1,1,0,0,1,0
9606.ENSP00000272252,72.4,52.2,1,1,0,1,0,0
9606.ENSP00000367755,20.1,8.2,1,1,0.25,0.25,0.25,0.25
9606.ENSP00000272286,7.6,68.3,1,1,0,0,1,0
9606.ENSP00000320663,234.8,55.4,1,1,0,0,0,1
9606.ENSP00000272298,1283.7,622.4,1,1,0,0,1,0
9606.ENSP00000295304,12,6.8,1,1,1,0,0,0
9606.ENSP00000272317,2783.7,3954.7,1,1,0,0,0,1
9606.ENSP00000272321,3.3,1.9,1,1,1,0,0,0
9606.ENSP00000272322,47.1,12.7,1,1,0.25,0.25,0.25,0.25
9606.ENSP00000272324,0,0,0,0,1,0,0,0
9606.ENSP00000383920,22.4,12.2,1,1,0.25,0.25,0.25,0.25
9606.ENSP00000272342,7.8,11.2,1,1,0,1,0,0
9606.ENSP00000272348,665,469.4,1,1,0,0,1,0
9606.ENSP00000326491,0.1,5.1,1,1,0,0,1,0
9606.ENSP00000272369,2.3,1.4,1,1,1,0,0,0
9606.ENSP00000272395,0,0,0,0,0.25,0.25,0.25,0.25
9606.ENSP00000272395,0,0,0,0,0.25,0.25,0.25,0.25
9606.ENSP00000418287,45.3,66.6,1,1,0,0,1,0
9606.ENSP00000295208,10.2,10.3,1,1,1,0,0,0
9606.ENSP00000317123,125,44.5,1,1,1,0,0,0
9606.ENSP00000272418,20.8,152.6,1,1,1,0,0,0
9606.ENSP00000353796,0.1,0.1,1,1,1,0,0,0
9606.ENSP00000272424,83,53.3,1,1,0,1,0,0
9606.ENSP00000272425,9.3,52.2,1,1,0,1,0,0
9606.ENSP00000272427,11.2,3.5,1,1,1,0,0,0
9606.ENSP00000272433,21,53.5,1,1,0,1,0,0
9606.ENSP00000272438,71.8,30.8,1,1,0,1,0,0
9606.ENSP00000384621,21.8,0,1,0,1,0,0,0
9606.ENSP00000272444,37.4,14.1,1,1,0.25,0.25,0.25,0.25
9606.ENSP00000386942,0,0,0,0,0.25,0.25,0.25,0.25
9606.ENSP00000313169,2.1,4,1,1,0,0,1,0
9606.ENSP00000272462,0.2,0.2,1,1,0,1,0,0
9606.ENSP00000327323,0,39.3,0,1,1,0,0,0
9606.ENSP00000272519,70.4,9.6,1,1,1,0,0,0
9606.ENSP00000272520,0,0,0,0,0.25,0.25,0.25,0.25
9606.ENSP00000402661,62.3,32.3,1,1,0.25,0.25,0.25,0.25
9606.ENSP00000330247,0.4,0,1,0,0.25,0.25,0.25,0.25
9606.ENSP00000376872,1.5,3.3,1,1,1,0,0,0
9606.ENSP00000272542,84.3,44.8,1,1,0,0,0,1
9606.ENSP00000331411,4,3.1,1,1,0.25,0.25,0.25,0.25
9606.ENSP00000386488,14.7,14.4,1,1,1,0,0,0
9606.ENSP00000377115,7.5,2.3,1,1,0,0,1,0
9606.ENSP00000377140,0,0,0,0,1,0,0,0
9606.ENSP00000410470,9.9,3.2,1,1,0,0,0,1
9606.ENSP00000386923,0.9,0.4,1,1,0.25,0.25,0.25,0.25
9606.ENSP00000386834,0,0.8,0,1,0,0,1,0
9606.ENSP00000272638,102.7,248,1,1,0,0,0,1
9606.ENSP00000272641,0,0,0,0,1,0,0,0
9606.ENSP00000280098,20.4,12.7,1,1,0,0,0,1
9606.ENSP00000272643,0,0,0,0,0.25,0.25,0.25,0.25
9606.ENSP00000442982,0.3,0,1,0,1,0,0,0
9606.ENSP00000272645,82.4,14.8,1,1,1,0,0,0
9606.ENSP00000272647,8.6,11.9,1,1,0,0,1,0
9606.ENSP00000376570,1.7,0.1,1,1,1,0,0,0
9606.ENSP00000374409,52.1,28.6,1,1,0,0,1,0
9606.ENSP00000303540,2.9,0,1,0,0.25,0.25,0.25,0.25
9606.ENSP00000393066,0,0.2,0,1,1,0,0,0
9606.ENSP00000272732,11.2,8.5,1,1,0,0,1,0
9606.ENSP00000272748,16.9,36.6,1,1,0,0,1,0
9606.ENSP00000386845,5.1,13.8,1,1,0.25,0.25,0.25,0.25
9606.ENSP00000272771,0,0,0,0,1,0,0,0
9606.ENSP00000306968,61.7,0,1,0,0.25,0.25,0.25,0.25
9606.ENSP00000354478,3.3,0.1,1,1,1,0,0,0
9606.ENSP00000396068,19.1,32.9,1,1,0,0,1,0
9606.ENSP00000481046,13.7,2.5,1,1,1,0,0,0
9606.ENSP00000386289,0.1,1.6,1,1,0,1,0,0
9606.ENSP00000304108,0,0,0,0,0,1,0,0
9606.ENSP00000373620,2176.3,367.9,1,1,0,0,0,1
9606.ENSP00000373827,1.9,4.5,1,1,0.25,0.25,0.25,0.25
9606.ENSP00000415115,56.2,9.7,1,1,0,0,1,0
9606.ENSP00000391088,0,0,0,0,1,0,0,0
9606.ENSP00000272847,0,0,0,0,1,0,0,0
9606.ENSP00000272852,0,0.7,0,1,0.25,0.25,0.25,0.25
9606.ENSP00000399903,2.2,23,1,1,0,0,1,0
9606.ENSP00000281772,4.7,5.8,1,1,0,0,1,0
9606.ENSP00000332592,25.9,19.1,1,1,0,0,1,0
9606.ENSP00000272895,0,0,0,0,0.25,0.25,0.25,0.25
9606.ENSP00000272902,29.6,15.9,1,1,1,0,0,0
9606.ENSP00000272907,0,0.3,0,1,0.25,0.25,0.25,0.25
9606.ENSP00000375914,5.8,11.7,1,1,0,0,1,0
9606.ENSP00000272928,0.1,2.5,1,1,0,1,0,0
9606.ENSP00000323926,0,37.9,0,1,0.25,0.25,0.25,0.25
9606.ENSP00000272937,62,4.6,1,1,0.25,0.25,0.25,0.25
9606.ENSP00000339115,0.8,1.3,1,1,0.25,0.25,0.25,0.25
9606.ENSP00000385887,12.6,4.8,1,1,0,1,0,0
9606.ENSP00000362710,52.5,6,1,1,0,0,0,1
9606.ENSP00000315569,21.2,7,1,1,0,0,1,0
9606.ENSP00000373343,0,0,0,0,0.25,0.25,0.25,0.25
9606.ENSP00000287647,16.9,1.1,1,1,1,0,0,0
9606.ENSP00000398596,12.4,5.5,1,1,0.25,0.25,0.25,0.25
9606.ENSP00000404251,25.1,17.4,1,1,1,0,0,0
9606.ENSP00000273047,28.9,39.6,1,1,0,0,1,0
9606.ENSP00000395249,48,66.1,1,1,0,1,0,0
9606.ENSP00000273062,78,52.4,1,1,0.25,0.25,0.25,0.25
9606.ENSP00000273064,78.6,19.3,1,1,0,1,0,0
9606.ENSP00000273067,0,0,0,0,1,0,0,0
9606.ENSP00000295641,11,2.1,1,1,0,1,0,0
9606.ENSP00000350949,104,34.8,1,1,1,0,0,0
9606.ENSP00000480660,0.3,0,1,0,0.25,0.25,0.25,0.25
9606.ENSP00000380054,19.5,28.4,1,1,0,1,0,0
9606.ENSP00000380602,0,0.9,0,1,0.25,0.25,0.25,0.25
9606.ENSP00000273130,34.3,28.9,1,1,1,0,0,0
9606.ENSP00000373277,0,1.2,0,1,1,0,0,0
9606.ENSP00000282538,0.3,0,1,0,0.25,0.25,0.25,0.25
9606.ENSP00000379804,14.2,0.4,1,1,0.25,0.25,0.25,0.25
9606.ENSP00000344125,16.1,8.5,1,1,1,0,0,0
9606.ENSP00000416996,2.5,7.1,1,1,1,0,0,0
9606.ENSP00000407301,0,18,0,1,0,0,1,0
9606.ENSP00000273153,11,33.3,1,1,0.25,0.25,0.25,0.25
9606.ENSP00000273158,43.8,26.8,1,1,1,0,0,0
9606.ENSP00000264741,0.2,1.5,1,1,0,1,0,0
9606.ENSP00000273173,0,0,0,0,0.25,0.25,0.25,0.25
9606.ENSP00000349305,51,131,1,1,0,0,1,0
9606.ENSP00000273179,54.2,16.4,1,1,1,0,0,0
9606.ENSP00000273183,0.1,0,1,0,0,0,1,0
9606.ENSP00000480301,43.4,39.7,1,1,0,1,0,0
9606.ENSP00000387641,1.3,3.3,1,1,1,0,0,0
9606.ENSP00000416429,2026.6,4303.8,1,1,0,0,1,0
9606.ENSP00000418112,15,25.7,1,1,1,0,0,0
9606.ENSP00000296318,0.2,0.2,1,1,1,0,0,0
9606.ENSP00000315182,14.1,6.9,1,1,1,0,0,0
9606.ENSP00000346955,20.5,41.4,1,1,1,0,0,0
9606.ENSP00000354340,42.5,15.8,1,1,0,1,0,0
9606.ENSP00000273258,36.8,68.7,1,1,0,0,1,0
9606.ENSP00000381567,13.9,18.2,1,1,0,1,0,0
9606.ENSP00000273261,7.6,18.1,1,1,1,0,0,0
9606.ENSP00000273286,0.1,0,1,0,0.25,0.25,0.25,0.25
9606.ENSP00000273317,9.6,19.4,1,1,0,0,1,0
9606.ENSP00000324605,0.5,0,1,0,0.25,0.25,0.25,0.25
9606.ENSP00000325663,6.9,50.4,1,1,1,0,0,0
9606.ENSP00000261037,0,0.2,0,1,1,0,0,0
9606.ENSP00000396421,13.3,0.7,1,1,0.25,0.25,0.25,0.25
9606.ENSP00000273352,0,22.7,0,1,0.25,0.25,0.25,0.25
9606.ENSP00000273353,0,0,0,0,0,1,0,0
9606.ENSP00000405405,12.5,30.9,1,1,0,0,1,0
9606.ENSP00000273359,34,24.7,1,1,0,0,1,0
9606.ENSP00000377494,0.5,0,1,0,1,0,0,0
9606.ENSP00000273371,0.1,23.2,1,1,0.25,0.25,0.25,0.25
9606.ENSP00000273375,17.9,17.1,1,1,0,1,0,0
9606.ENSP00000420200,0,1.2,0,1,0,0,1,0
9606.ENSP00000377370,0,0,0,0,1,0,0,0
9606.ENSP00000283290,41.1,51.4,1,1,0,0,1,0
9606.ENSP00000336528,11.2,26.2,1,1,0.25,0.25,0.25,0.25
9606.ENSP00000418663,0,0.2,0,1,0,0,0,1
9606.ENSP00000418401,68.8,84.2,1,1,0,1,0,0
9606.ENSP00000324651,0,0.2,0,1,1,0,0,0
9606.ENSP00000419422,0.5,28.7,1,1,1,0,0,0
9606.ENSP00000417235,0.1,0,1,0,0,1,0,0
9606.ENSP00000417229,129.6,35.7,1,1,0,0,1,0
9606.ENSP00000273450,71.8,550.1,1,1,0,0,0,1
9606.ENSP00000296220,12,37,1,1,0.25,0.25,0.25,0.25
9606.ENSP00000419313,3.7,0,1,0,0,1,0,0
9606.ENSP00000442464,18.2,1.9,1,1,1,0,0,0
9606.ENSP00000341765,0,0,0,0,1,0,0,0
9606.ENSP00000262365,0,0,0,0,0,0,1,0
9606.ENSP00000482472,12.9,89.8,1,1,1,0,0,0
9606.ENSP00000376227,4.9,0.4,1,1,0.25,0.25,0.25,0.25
9606.ENSP00000296343,4.6,3,1,1,1,0,0,0
9606.ENSP00000273588,45.7,1.3,1,1,0,0,0,1
9606.ENSP00000273590,10.6,34.1,1,1,0,0,1,0
9606.ENSP00000273598,9,0,1,0,0.25,0.25,0.25,0.25
9606.ENSP00000273610,0.8,0,1,0,0.25,0.25,0.25,0.25
9606.ENSP00000393183,20.3,12.8,1,1,0,0,1,0
9606.ENSP00000432799,206.6,156,1,1,0,0,0,1
9606.ENSP00000273666,0,0,0,0,0.25,0.25,0.25,0.25
9606.ENSP00000273668,9,2.7,1,1,1,0,0,0
9606.ENSP00000345667,0,0.1,0,1,0,0,1,0
9606.ENSP00000273695,0.1,0,1,0,0.25,0.25,0.25,0.25
9606.ENSP00000417498,0,0,0,0,1,0,0,0
9606.ENSP00000422591,0.1,0.3,1,1,1,0,0,0
9606.ENSP00000273783,43.4,26.3,1,1,0,0,1,0
9606.ENSP00000393887,4665.3,1133.3,1,1,1,0,0,0
9606.ENSP00000384223,0,0,0,0,0.25,0.25,0.25,0.25
9606.ENSP00000398688,0,0,0,0,0,1,0,0
9606.ENSP00000273814,15.1,5.4,1,1,1,0,0,0
9606.ENSP00000336752,39.7,21.9,1,1,0,0,1,0
9606.ENSP00000354721,17.6,9.5,1,1,0,1,0,0
9606.ENSP00000345917,93.8,15.1,1,1,1,0,0,0
9606.ENSP00000273853,0.9,12.2,1,1,0.25,0.25,0.25,0.25
9606.ENSP00000480763,0,0,0,0,0.25,0.25,0.25,0.25
9606.ENSP00000273857,0.2,0,1,0,0.25,0.25,0.25,0.25
9606.ENSP00000273859,0.6,5.9,1,1,0,0,1,0
9606.ENSP00000423014,0.3,220.7,1,1,0,0,1,0
9606.ENSP00000273861,0,0,0,0,0.25,0.25,0.25,0.25
9606.ENSP00000273905,0,0,0,0,1,0,0,0
9606.ENSP00000316329,0.9,0.1,1,1,0,1,0,0
9606.ENSP00000399700,31,6.1,1,1,1,0,0,0
9606.ENSP00000273920,82.3,10.6,1,1,0,1,0,0
9606.ENSP00000273936,0,0,0,0,1,0,0,0
9606.ENSP00000421725,0.2,2798.3,1,1,0,1,0,0
9606.ENSP00000273962,7.6,38,1,1,0.25,0.25,0.25,0.25
9606.ENSP00000273963,8.5,17.7,1,1,1,0,0,0
9606.ENSP00000338345,0.6,1.2,1,1,1,0,0,0
9606.ENSP00000273968,59.2,0,1,0,0,0,1,0
9606.ENSP00000273980,12.2,3.4,1,1,1,0,0,0
9606.ENSP00000339740,40.7,52.3,1,1,1,0,0,0
9606.ENSP00000273986,7.4,164.5,1,1,0,0,1,0
9606.ENSP00000354830,0,0,0,0,0.25,0.25,0.25,0.25
9606.ENSP00000349588,4.2,0.5,1,1,1,0,0,0
9606.ENSP00000354911,6.2,11,1,1,0,0,1,0
9606.ENSP00000274008,1.9,2.6,1,1,1,0,0,0
9606.ENSP00000274024,1.8,0.2,1,1,1,0,0,0
9606.ENSP00000274026,84.3,1.6,1,1,1,0,0,0
9606.ENSP00000373474,12.2,34.2,1,1,1,0,0,0
9606.ENSP00000409906,2.7,31.8,1,1,0,0,1,0
9606.ENSP00000274031,0.6,64.8,1,1,1,0,0,0
9606.ENSP00000274054,15.4,5.2,1,1,0,0,1,0
9606.ENSP00000427223,0.5,1.5,1,1,0,1,0,0
9606.ENSP00000274063,0,0,0,0,0.25,0.25,0.25,0.25
9606.ENSP00000346050,3546.1,1622.7,1,1,0,0,1,0
9606.ENSP00000340979,0,0,0,0,0.25,0.25,0.25,0.25
9606.ENSP00000422464,2.4,13.2,1,1,1,0,0,0
9606.ENSP00000303525,12.5,97.6,1,1,0,0,0,1
9606.ENSP00000274093,0,0,0,0,0.25,0.25,0.25,0.25
9606.ENSP00000368079,1.1,90.4,1,1,0,0,1,0
9606.ENSP00000421405,0,0.2,0,1,1,0,0,0
9606.ENSP00000274137,367.9,565.7,1,1,0,0,1,0
9606.ENSP00000274140,38.3,68.4,1,1,1,0,0,0
9606.ENSP00000296849,0.2,0.2,1,1,0.25,0.25,0.25,0.25
9606.ENSP00000425093,0,0,0,0,1,0,0,0
9606.ENSP00000274181,0.1,0,1,0,0.25,0.25,0.25,0.25
9606.ENSP00000274192,3.5,97.9,1,1,0,0,1,0
9606.ENSP00000421280,14.1,1.7,1,1,1,0,0,0
9606.ENSP00000274217,0.2,0.3,1,1,0.25,0.25,0.25,0.25
9606.ENSP00000274242,783.9,3832,1,1,0.25,0.25,0.25,0.25
9606.ENSP00000274255,52.1,11.8,1,1,0,1,0,0
9606.ENSP00000274276,36.2,11.6,1,1,1,0,0,0
9606.ENSP00000274278,0.2,64.7,1,1,1,0,0,0
9606.ENSP00000274289,9.5,9.8,1,1,0,0,1,0
9606.ENSP00000373726,0,0,0,0,1,0,0,0
9606.ENSP00000274306,0,4.6,0,1,1,0,0,0
9606.ENSP00000428056,15.9,173.5,1,1,0,1,0,0
9606.ENSP00000274341,0.1,0,1,0,1,0,0,0
9606.ENSP00000369702,17.9,1,1,1,0,0,1,0
9606.ENSP00000483921,0.2,1.8,1,1,1,0,0,0
9606.ENSP00000274353,4.8,556.9,1,1,0,0,0,1
9606.ENSP00000274361,0,0,0,0,1,0,0,0
9606.ENSP00000274364,58.9,228.8,1,1,0,1,0,0
9606.ENSP00000274368,0,9.7,0,1,1,0,0,0
9606.ENSP00000274376,12.7,10.5,1,1,1,0,0,0
9606.ENSP00000274382,0,0,0,0,0.25,0.25,0.25,0.25
9606.ENSP00000381970,2.5,3.7,1,1,1,0,0,0
9606.ENSP00000482907,26.7,20.6,1,1,0,1,0,0
9606.ENSP00000306100,31.7,1.6,1,1,1,0,0,0
9606.ENSP00000351575,1.5,29.6,1,1,0.25,0.25,0.25,0.25
9606.ENSP00000328901,0.7,8.6,1,1,0.25,0.25,0.25,0.25
9606.ENSP00000379836,40.7,16.3,1,1,0,1,0,0
9606.ENSP00000369965,1208.3,552.7,1,1,0,0,0,1
9606.ENSP00000437464,4.6,21.5,1,1,1,0,0,0
9606.ENSP00000274432,0,0,0,0,1,0,0,0
9606.ENSP00000339804,0,13,0,1,0.25,0.25,0.25,0.25
9606.ENSP00000427424,16.5,1.8,1,1,1,0,0,0
9606.ENSP00000274457,5.9,37.7,1,1,1,0,0,0
9606.ENSP00000274458,21.2,19.2,1,1,0,1,0,0
9606.ENSP00000425107,14.3,59.3,1,1,0,0,1,0
9606.ENSP00000274473,0,1,0,1,0.25,0.25,0.25,0.25
9606.ENSP00000274487,0,0,0,0,0.25,0.25,0.25,0.25
9606.ENSP00000274496,45.9,30.4,1,1,0,1,0,0
9606.ENSP00000274498,20.1,5.9,1,1,1,0,0,0
9606.ENSP00000337065,0,1.1,0,1,0,1,0,0
9606.ENSP00000274507,1.4,117,1,1,1,0,0,0
9606.ENSP00000413049,0.8,2,1,1,0.25,0.25,0.25,0.25
9606.ENSP00000416534,52.8,128.7,1,1,0,0,1,0
9606.ENSP00000274520,0,0,0,0,0.25,0.25,0.25,0.25
9606.ENSP00000274532,0.2,0.2,1,1,1,0,0,0
9606.ENSP00000430955,19.9,22,1,1,1,0,0,0
9606.ENSP00000377545,0,0,0,0,0,1,0,0
9606.ENSP00000274545,0,0,0,0,1,0,0,0
9606.ENSP00000274547,0,0,0,0,1,0,0,0
9606.ENSP00000377895,13.9,12.5,1,1,0,1,0,0
9606.ENSP00000274565,0,0,0,0,1,0,0,0
9606.ENSP00000274569,0.9,0,1,0,0,0,1,0
9606.ENSP00000411593,0,0,0,0,0.25,0.25,0.25,0.25
9606.ENSP00000317891,59.1,57.3,1,1,0,1,0,0
9606.ENSP00000377681,236.5,153.3,1,1,1,0,0,0
9606.ENSP00000397178,3.5,0.3,1,1,0.25,0.25,0.25,0.25
9606.ENSP00000274605,0,0,0,0,0,0,1,0
9606.ENSP00000274606,311.4,219.2,1,1,1,0,0,0
9606.ENSP00000420875,24.3,14.6,1,1,1,0,0,0
9606.ENSP00000309644,89.9,18.8,1,1,1,0,0,0
9606.ENSP00000352544,249.2,0,1,0,1,0,0,0
9606.ENSP00000429430,0,5.2,0,1,0.25,0.25,0.25,0.25
9606.ENSP00000274629,0.2,0.3,1,1,0.25,0.25,0.25,0.25
9606.ENSP00000369627,0,21.3,0,1,1,0,0,0
9606.ENSP00000274643,0.1,0.1,1,1,0.25,0.25,0.25,0.25
9606.ENSP00000274673,0,0,0,0,0.25,0.25,0.25,0.25
9606.ENSP00000475727,38.9,17.7,1,1,0,0,0,1
9606.ENSP00000316335,15.8,11.7,1,1,0,1,0,0
9606.ENSP00000368589,4.4,14.8,1,1,0,1,0,0
9606.ENSP00000274695,12.2,7,1,1,0.25,0.25,0.25,0.25
9606.ENSP00000274710,0,0,0,0,0.25,0.25,0.25,0.25
9606.ENSP00000274711,0,0,0,0,0.25,0.25,0.25,0.25
9606.ENSP00000274712,114.3,101.1,1,1,0,0,1,0
9606.ENSP00000274721,0.5,0,1,0,0,1,0,0
9606.ENSP00000312397,0,3,0,1,0,0,1,0
9606.ENSP00000367715,67.3,0.9,1,1,1,0,0,0
9606.ENSP00000367137,0,34.3,0,1,0,0,0,1
9606.ENSP00000274764,0,0,0,0,1,0,0,0
9606.ENSP00000274766,4.2,0,1,0,1,0,0,0
9606.ENSP00000274773,0.2,0.1,1,1,0,0,0,1
9606.ENSP00000320869,15.3,22.3,1,1,1,0,0,0
9606.ENSP00000274787,230.5,244.9,1,1,0,0,1,0
9606.ENSP00000422131,14.5,10.7,1,1,0,0,1,0
9606.ENSP00000274793,0,0.1,0,1,0.25,0.25,0.25,0.25
9606.ENSP00000296861,80.1,1.2,1,1,0,1,0,0
9606.ENSP00000274811,33,9.1,1,1,1,0,0,0
9606.ENSP00000274813,26.4,106.4,1,1,0,0,0,1
9606.ENSP00000377037,0,0,0,0,0,0,1,0
9606.ENSP00000349727,2,0.4,1,1,1,0,0,0
9606.ENSP00000274849,40.1,30.5,1,1,0.25,0.25,0.25,0.25
9606.ENSP00000274853,5.9,8,1,1,1,0,0,0
9606.ENSP00000381876,0.1,1.5,1,1,0,1,0,0
9606.ENSP00000484105,33.5,3.4,1,1,0.25,0.25,0.25,0.25
9606.ENSP00000426290,0.1,24,1,1,1,0,0,0
9606.ENSP00000381654,0,0,0,0,0.25,0.25,0.25,0.25
9606.ENSP00000359691,0.1,0.7,1,1,1,0,0,0
9606.ENSP00000274963,0,0.7,0,1,1,0,0,0
9606.ENSP00000274938,0.1,0,1,0,0.25,0.25,0.25,0.25
9606.ENSP00000274979,4.7,4.1,1,1,1,0,0,0
9606.ENSP00000361650,4,3.4,1,1,0.25,0.25,0.25,0.25
9606.ENSP00000259750,0.7,2.8,1,1,1,0,0,0
9606.ENSP00000360560,0,0,0,0,0.25,0.25,0.25,0.25
9606.ENSP00000418221,116.6,58.4,1,1,0.25,0.25,0.25,0.25
9606.ENSP00000275015,13.7,1.7,1,1,0,0,1,0
9606.ENSP00000275016,0.9,55.7,1,1,0.25,0.25,0.25,0.25
9606.ENSP00000358765,0.7,0.1,1,1,0,0,1,0
9606.ENSP00000358956,0.9,2.3,1,1,0.25,0.25,0.25,0.25
9606.ENSP00000275034,9.7,20.2,1,1,1,0,0,0
9606.ENSP00000358714,0,0,0,0,0.25,0.25,0.25,0.25
9606.ENSP00000275053,5.7,2.2,1,1,0.25,0.25,0.25,0.25
9606.ENSP00000374328,0.6,0.1,1,1,0.25,0.25,0.25,0.25
9606.ENSP00000412673,0,0,0,0,0.25,0.25,0.25,0.25
9606.ENSP00000336931,36.6,216.7,1,1,1,0,0,0
9606.ENSP00000275072,21.2,7.2,1,1,0,1,0,0
9606.ENSP00000358549,56,21.6,1,1,1,0,0,0
9606.ENSP00000358016,0.2,0.9,1,1,1,0,0,0
9606.ENSP00000381270,0.5,1.2,1,1,0.25,0.25,0.25,0.25
9606.ENSP00000275162,0,0,0,0,0.25,0.25,0.25,0.25
9606.ENSP00000406986,0,0,0,0,0.25,0.25,0.25,0.25
9606.ENSP00000428698,1.3,25.4,1,1,0.25,0.25,0.25,0.25
9606.ENSP00000349131,0,0.6,0,1,1,0,0,0
9606.ENSP00000357131,81.3,4.9,1,1,1,0,0,0
9606.ENSP00000356908,0,0,0,0,0.25,0.25,0.25,0.25
9606.ENSP00000275198,0,0,0,0,0.25,0.25,0.25,0.25
9606.ENSP00000275200,0,0,0,0,0.25,0.25,0.25,0.25
9606.ENSP00000356632,18.5,326.5,1,1,1,0,0,0
9606.ENSP00000275216,0,0,0,0,0,0,1,0
9606.ENSP00000275227,17.3,11.9,1,1,0,0,1,0
9606.ENSP00000395232,15.4,0.5,1,1,1,0,0,0
9606.ENSP00000275230,0.2,1.6,1,1,1,0,0,0
9606.ENSP00000356475,6.3,15.1,1,1,0,0,0,1
9606.ENSP00000350509,149.9,237.9,1,1,0,0,0,1
9606.ENSP00000356056,168,128.2,1,1,0.25,0.25,0.25,0.25
9606.ENSP00000437188,2,1.6,1,1,0,1,0,0
9606.ENSP00000356057,65.8,21.1,1,1,0,0,1,0
9606.ENSP00000376007,0,0,0,0,1,0,0,0
9606.ENSP00000351141,116.3,92.6,1,1,0,1,0,0
9606.ENSP00000322915,21.1,12.9,1,1,0,0,1,0
9606.ENSP00000356213,0,0,0,0,0,0,1,0
9606.ENSP00000356263,47.5,45.7,1,1,1,0,0,0
9606.ENSP00000275300,21.6,54.2,1,1,0,0,1,0
9606.ENSP00000275358,0,0,0,0,0.25,0.25,0.25,0.25
9606.ENSP00000275364,23.1,12.2,1,1,0,0,1,0
9606.ENSP00000380286,90,37.7,1,1,0,0,1,0
9606.ENSP00000385899,1.6,0,1,0,0,0,1,0
9606.ENSP00000314544,59.1,7.4,1,1,0,1,0,0
9606.ENSP00000340220,19,7.8,1,1,0,0,1,0
9606.ENSP00000380120,6.5,3.4,1,1,0.25,0.25,0.25,0.25
9606.ENSP00000350359,0.7,0.5,1,1,0.25,0.25,0.25,0.25
9606.ENSP00000275461,0,0,0,0,0.25,0.25,0.25,0.25
9606.ENSP00000275493,4.4,71.6,1,1,0,1,0,0
9606.ENSP00000275517,65.7,0,1,0,1,0,0,0
9606.ENSP00000370473,1.9,4.7,1,1,0.25,0.25,0.25,0.25
9606.ENSP00000379051,7.9,13.9,1,1,0.25,0.25,0.25,0.25
9606.ENSP00000275525,696.4,911,1,1,1,0,0,0
9606.ENSP00000275560,24.1,3.3,1,1,0.25,0.25,0.25,0.25
9606.ENSP00000327070,203.5,272.9,1,1,0,0,0,1
9606.ENSP00000309233,3.4,1,1,1,0.25,0.25,0.25,0.25
9606.ENSP00000313050,47.3,9.3,1,1,0,1,0,0
9606.ENSP00000275603,310.1,65.3,1,1,0,0,1,0
9606.ENSP00000378854,62,9.5,1,1,1,0,0,0
9606.ENSP00000327994,8.2,0,1,0,0.25,0.25,0.25,0.25
9606.ENSP00000332595,8,2,1,1,0.25,0.25,0.25,0.25
9606.ENSP00000410759,3.8,18.2,1,1,0,0,1,0
9606.ENSP00000323068,10.3,10,1,1,0,0,1,0
9606.ENSP00000397655,0,0,0,0,0.25,0.25,0.25,0.25
9606.ENSP00000324741,7.1,2.7,1,1,1,0,0,0
9606.ENSP00000275730,14.1,4.6,1,1,1,0,0,0
9606.ENSP00000275732,16.9,14.9,1,1,0,0,1,0
9606.ENSP00000348216,24,20,1,1,0,1,0,0
9606.ENSP00000308546,33.2,21.5,1,1,0,0,1,0
9606.ENSP00000480750,0,0,0,0,0.25,0.25,0.25,0.25
9606.ENSP00000380747,14.8,7.8,1,1,0.25,0.25,0.25,0.25
9606.ENSP00000388275,6.6,2.8,1,1,0.25,0.25,0.25,0.25
9606.ENSP00000275764,0.1,0,1,0,0.25,0.25,0.25,0.25
9606.ENSP00000275766,9.3,0,1,0,0.25,0.25,0.25,0.25
9606.ENSP00000275767,14.3,26.7,1,1,0.25,0.25,0.25,0.25
9606.ENSP00000316512,41,8.7,1,1,0.25,0.25,0.25,0.25
9606.ENSP00000275815,2.6,8.2,1,1,0,0,1,0
9606.ENSP00000275820,11.6,13.9,1,1,0,1,0,0
9606.ENSP00000317439,0,0,0,0,0.25,0.25,0.25,0.25
9606.ENSP00000387007,35.5,2.2,1,1,0,0,1,0
9606.ENSP00000391137,0,0,0,0,1,0,0,0
9606.ENSP00000370485,0,0,0,0,1,0,0,0
9606.ENSP00000370299,2,4.6,1,1,0,1,0,0
9606.ENSP00000440167,0.2,0.2,1,1,0.25,0.25,0.25,0.25
9606.ENSP00000440222,44.2,49.4,1,1,0,0,1,0
9606.ENSP00000275884,0.1,0.3,1,1,0.25,0.25,0.25,0.25
9606.ENSP00000369699,0.5,29.9,1,1,1,0,0,0
9606.ENSP00000380921,28.7,15.3,1,1,1,0,0,0
9606.ENSP00000275954,0,16,0,1,0,0,1,0
9606.ENSP00000367882,0,0,0,0,0,0,1,0
9606.ENSP00000395220,0,1.7,0,1,0.25,0.25,0.25,0.25
9606.ENSP00000367408,22.3,13.1,1,1,0,1,0,0
9606.ENSP00000367203,6,15.5,1,1,1,0,0,0
9606.ENSP00000364043,0.4,0,1,0,0.25,0.25,0.25,0.25
9606.ENSP00000353408,2.8,48.6,1,1,1,0,0,0
9606.ENSP00000351327,0,0,0,0,1,0,0,0
9606.ENSP00000365210,0,0.5,0,1,0.25,0.25,0.25,0.25
9606.ENSP00000362674,20.3,14.5,1,1,0,1,0,0
9606.ENSP00000465734,0.1,53.2,1,1,0.25,0.25,0.25,0.25
9606.ENSP00000381086,0.1,0,1,0,0,0,1,0
9606.ENSP00000366273,0,0,0,0,0.25,0.25,0.25,0.25
9606.ENSP00000380165,4.1,3,1,1,0.25,0.25,0.25,0.25
9606.ENSP00000276055,5.3,4.3,1,1,1,0,0,0
9606.ENSP00000345797,12.7,6.1,1,1,0.25,0.25,0.25,0.25
9606.ENSP00000276062,268,705.9,1,1,0,0,1,0
9606.ENSP00000366265,3.2,1.4,1,1,0,1,0,0
9606.ENSP00000276066,0.1,0,1,0,0.25,0.25,0.25,0.25
9606.ENSP00000322845,30.5,13.5,1,1,1,0,0,0
9606.ENSP00000406549,13.1,11.9,1,1,0,0,0,1
9606.ENSP00000276077,0,0.9,0,1,1,0,0,0
9606.ENSP00000276079,379,117.2,1,1,0,0,0,1
9606.ENSP00000474071,3.6,3.7,1,1,0.25,0.25,0.25,0.25
9606.ENSP00000408205,0,0,0,0,0.25,0.25,0.25,0.25
9606.ENSP00000417052,165.9,641.2,1,1,0,0,1,0
9606.ENSP00000421172,0,0,0,0,1,0,0,0
9606.ENSP00000362824,28.6,18.4,1,1,0,0,1,0
9606.ENSP00000481314,53.5,11.2,1,1,0,1,0,0
9606.ENSP00000362935,0.5,0.8,1,1,0.25,0.25,0.25,0.25
9606.ENSP00000363318,0.2,2.7,1,1,1,0,0,0
9606.ENSP00000362799,0.2,0.4,1,1,1,0,0,0
9606.ENSP00000362260,3,0,1,0,1,0,0,0
9606.ENSP00000276127,0,0,0,0,0.25,0.25,0.25,0.25
9606.ENSP00000321348,4.9,22.5,1,1,0,1,0,0
9606.ENSP00000378504,0,0,0,0,1,0,0,0
9606.ENSP00000276173,0.7,5.2,1,1,0.25,0.25,0.25,0.25
9606.ENSP00000361512,99.9,51.3,1,1,1,0,0,0
9606.ENSP00000361628,0.7,1.4,1,1,0,0,1,0
9606.ENSP00000276185,0,0,0,0,0.25,0.25,0.25,0.25
9606.ENSP00000276198,0,0,0,0,0.25,0.25,0.25,0.25
9606.ENSP00000276202,0.1,1.5,1,1,1,0,0,0
9606.ENSP00000359940,121.8,1,1,1,1,0,0,0
9606.ENSP00000276211,0,0,0,0,1,0,0,0
9606.ENSP00000377836,3057.6,0.2,1,1,0.25,0.25,0.25,0.25
9606.ENSP00000276218,2.4,0,1,0,0.25,0.25,0.25,0.25
9606.ENSP00000359645,265,107.5,1,1,0,0,1,0
9606.ENSP00000342924,6.3,6.7,1,1,0,0,1,0
9606.ENSP00000276282,14.2,16.6,1,1,0,1,0,0
9606.ENSP00000372274,24.5,85.2,1,1,0.25,0.25,0.25,0.25
9606.ENSP00000359375,0,0,0,0,1,0,0,0
9606.ENSP00000353379,0.3,0,1,0,1,0,0,0
9606.ENSP00000359297,66.3,55.3,1,1,0,0,0,1
9606.ENSP00000440847,2.9,0.1,1,1,1,0,0,0
9606.ENSP00000359300,77.6,104.7,1,1,1,0,0,0
9606.ENSP00000413436,3286.7,4238.3,1,1,0,0,0,1
9606.ENSP00000411816,2.3,0.1,1,1,0.25,0.25,0.25,0.25
9606.ENSP00000276390,65.4,29.2,1,1,0,0,1,0
9606.ENSP00000348933,23.4,184.7,1,1,0,0,1,0
9606.ENSP00000380516,4.3,11.5,1,1,0,1,0,0
9606.ENSP00000289957,0,0,0,0,1,0,0,0
9606.ENSP00000276410,0,0,0,0,0.25,0.25,0.25,0.25
9606.ENSP00000276414,1.3,0.1,1,1,1,0,0,0
9606.ENSP00000276416,17.2,6.7,1,1,1,0,0,0
9606.ENSP00000276420,0.1,1.1,1,1,1,0,0,0
9606.ENSP00000429200,3.2,35.5,1,1,1,0,0,0
9606.ENSP00000380794,6.6,7.8,1,1,1,0,0,0
9606.ENSP00000276440,14.1,27.4,1,1,1,0,0,0
9606.ENSP00000276449,5.2,0,1,0,1,0,0,0
9606.ENSP00000333551,70.7,64.8,1,1,0,0,1,0
9606.ENSP00000276461,28.9,33.6,1,1,0,0,0,1
9606.ENSP00000429842,0,0.4,0,1,1,0,0,0
9606.ENSP00000348645,0,0,0,0,0.25,0.25,0.25,0.25
9606.ENSP00000276480,0,0.2,0,1,0,0,1,0
9606.ENSP00000297313,1,0.1,1,1,1,0,0,0
9606.ENSP00000321703,17.3,35.8,1,1,0,1,0,0
9606.ENSP00000350378,50.3,43.5,1,1,0,0,1,0
9606.ENSP00000392553,37.9,25.6,1,1,0.25,0.25,0.25,0.25
9606.ENSP00000276533,15.9,0.5,1,1,0,0,1,0
9606.ENSP00000313983,23,31.7,1,1,0,0,0,1
9606.ENSP00000276570,0,0.7,0,1,0.25,0.25,0.25,0.25
9606.ENSP00000276571,0,0.2,0,1,0.25,0.25,0.25,0.25
9606.ENSP00000323913,0,35,0,1,1,0,0,0
9606.ENSP00000379865,0,26.2,0,1,0,0,1,0
9606.ENSP00000276585,120.1,69.4,1,1,0,0,1,0
9606.ENSP00000256103,0,0,0,0,0.25,0.25,0.25,0.25
9606.ENSP00000276590,21.7,91.7,1,1,0,0,1,0
9606.ENSP00000276594,0,0,0,0,0.25,0.25,0.25,0.25
9606.ENSP00000276603,7.6,33.4,1,1,0.25,0.25,0.25,0.25
9606.ENSP00000339795,3463,1531.5,1,1,0,0,1,0
9606.ENSP00000309504,0,0,0,0,0.25,0.25,0.25,0.25
9606.ENSP00000276616,0,0,0,0,1,0,0,0
9606.ENSP00000285393,0.2,0,1,0,1,0,0,0
9606.ENSP00000407118,9.8,40.3,1,1,1,0,0,0
9606.ENSP00000276651,0,398.4,0,1,0,0,1,0
9606.ENSP00000338235,67.6,423.7,1,1,0,0,1,0
9606.ENSP00000276654,1.2,0.6,1,1,0,1,0,0
9606.ENSP00000337675,37.2,52.1,1,1,0,0,1,0
9606.ENSP00000276659,0,0,0,0,1,0,0,0
9606.ENSP00000342889,104.7,164.9,1,1,0.25,0.25,0.25,0.25
9606.ENSP00000479708,112.2,42.1,1,1,0,1,0,0
9606.ENSP00000429931,415.4,134.5,1,1,0,0,1,0
9606.ENSP00000308332,16.4,15.3,1,1,0.25,0.25,0.25,0.25
9606.ENSP00000276689,452.1,554.8,1,1,0,1,0,0
9606.ENSP00000276692,33.6,47.2,1,1,0,0,1,0
9606.ENSP00000428876,0,0,0,0,0.25,0.25,0.25,0.25
9606.ENSP00000276708,0,0,0,0,1,0,0,0
9606.ENSP00000378710,0,0,0,0,0.25,0.25,0.25,0.25
9606.ENSP00000393260,16.2,7.8,1,1,1,0,0,0
9606.ENSP00000366522,4,1.3,1,1,0.25,0.25,0.25,0.25
9606.ENSP00000301305,82.7,24.6,1,1,0.25,0.25,0.25,0.25
9606.ENSP00000401508,1.7,101.2,1,1,0,1,0,0
9606.ENSP00000371532,1.3,2.5,1,1,0,1,0,0
9606.ENSP00000371230,118.3,307,1,1,0,0,0,1
9606.ENSP00000276893,16.6,12.2,1,1,0.25,0.25,0.25,0.25
9606.ENSP00000370340,1.7,90,1,1,0,0,1,0
9606.ENSP00000370297,0,0,0,0,0.25,0.25,0.25,0.25
9606.ENSP00000276914,218.6,604.2,1,1,0,1,0,0
9606.ENSP00000484479,0,0,0,0,0.25,0.25,0.25,0.25
9606.ENSP00000369871,22.8,5.4,1,1,0,0,1,0
9606.ENSP00000276925,1.3,0,1,0,0,0,0,1
9606.ENSP00000369564,0,0,0,0,0.25,0.25,0.25,0.25
9606.ENSP00000418915,10.3,0.3,1,1,1,0,0,0
9606.ENSP00000482753,3.2,6.9,1,1,1,0,0,0
9606.ENSP00000276943,0,0,0,0,0.25,0.25,0.25,0.25
9606.ENSP00000443113,12.9,14.4,1,1,0,1,0,0
9606.ENSP00000403802,3.5,1.7,1,1,1,0,0,0
9606.ENSP00000277010,120.1,86,1,1,0,0,0,1
9606.ENSP00000366612,63.9,42.8,1,1,0,0,1,0
9606.ENSP00000365782,9.3,8,1,1,0,1,0,0
9606.ENSP00000277120,0,0,0,0,1,0,0,0
9606.ENSP00000365601,11.3,56,1,1,0,0,1,0
9606.ENSP00000364995,0.3,0.1,1,1,0,0,1,0
9606.ENSP00000364883,34.9,20.7,1,1,0,0,1,0
9606.ENSP00000364493,32.5,10.2,1,1,0.25,0.25,0.25,0.25
9606.ENSP00000364464,5.2,89.3,1,1,0,0,1,0
9606.ENSP00000364008,12.2,4.5,1,1,1,0,0,0
9606.ENSP00000277216,0,0,0,0,0.25,0.25,0.25,0.25
9606.ENSP00000277225,0,0,0,0,0.25,0.25,0.25,0.25
9606.ENSP00000363360,13.5,16.6,1,1,1,0,0,0
9606.ENSP00000363397,9,15.1,1,1,0,0,0,1
9606.ENSP00000363799,0,0,0,0,1,0,0,0
9606.ENSP00000363349,8.5,8.1,1,1,0.25,0.25,0.25,0.25
9606.ENSP00000286713,68.3,309.3,1,1,0,0,1,0
9606.ENSP00000362924,326.6,17.3,1,1,1,0,0,0
9606.ENSP00000343867,25.7,19,1,1,0,0,0,1
9606.ENSP00000420267,25.9,4.5,1,1,0.25,0.25,0.25,0.25
9606.ENSP00000362734,0.2,0,1,0,1,0,0,0
9606.ENSP00000362784,0,0,0,0,0.25,0.25,0.25,0.25
9606.ENSP00000386284,31.9,81.6,1,1,0,0,1,0
9606.ENSP00000354504,13.6,3.9,1,1,0.25,0.25,0.25,0.25
9606.ENSP00000363308,0.5,2.1,1,1,0,1,0,0
9606.ENSP00000363286,88.4,44.8,1,1,1,0,0,0
9606.ENSP00000361057,186.2,174.1,1,1,0,1,0,0
9606.ENSP00000361110,0.1,0,1,0,0,1,0,0
9606.ENSP00000361042,21.4,151.8,1,1,0,0,1,0
9606.ENSP00000361032,12,26.8,1,1,0,0,1,0
9606.ENSP00000361092,9,33.9,1,1,0,0,1,0
9606.ENSP00000482438,10.5,4.5,1,1,0.25,0.25,0.25,0.25
9606.ENSP00000361010,22.7,27.8,1,1,0,1,0,0
9606.ENSP00000361076,1691.6,1514,1,1,0.25,0.25,0.25,0.25
9606.ENSP00000361180,74.8,14.8,1,1,0,0,1,0
9606.ENSP00000277458,10.5,4,1,1,0,0,1,0
9606.ENSP00000345341,74.2,36.5,1,1,0,0,1,0
9606.ENSP00000483489,76.2,60.8,1,1,1,0,0,0
9606.ENSP00000439244,51.1,5.3,1,1,1,0,0,0
9606.ENSP00000362159,13.8,71.9,1,1,0,1,0,0
9606.ENSP00000361634,22.9,6.3,1,1,1,0,0,0
9606.ENSP00000351138,6.3,6,1,1,0,0,1,0
9606.ENSP00000342385,0.3,0,1,0,1,0,0,0
9606.ENSP00000362108,1.2,41,1,1,1,0,0,0
9606.ENSP00000322937,9.4,7,1,1,0,1,0,0
9606.ENSP00000485357,0,1.9,0,1,1,0,0,0
9606.ENSP00000361483,27.2,9,1,1,0,1,0,0
9606.ENSP00000360682,16.9,59.8,1,1,0,1,0,0
9606.ENSP00000277517,0,0.1,0,1,0.25,0.25,0.25,0.25
9606.ENSP00000360777,8.2,2.9,1,1,1,0,0,0
9606.ENSP00000277526,0,0,0,0,1,0,0,0
9606.ENSP00000325827,34.2,47.6,1,1,0,0,1,0
9606.ENSP00000277540,4.8,5.1,1,1,0.25,0.25,0.25,0.25
9606.ENSP00000277541,0.5,6.1,1,1,0,0,1,0
9606.ENSP00000360423,0,0,0,0,0,0,1,0
9606.ENSP00000277554,16.4,31.2,1,1,1,0,0,0
9606.ENSP00000277570,16.5,29.3,1,1,1,0,0,0
9606.ENSP00000277575,21.4,12.6,1,1,0,1,0,0
9606.ENSP00000366032,54.9,72.8,1,1,0,0,1,0
9606.ENSP00000365693,5.3,208.3,1,1,0,1,0,0
9606.ENSP00000365388,11.5,4,1,1,0,0,0,1
9606.ENSP00000367356,48.7,19.3,1,1,0,0,1,0
9606.ENSP00000277632,9.7,10.5,1,1,0,1,0,0
9606.ENSP00000366586,0,0,0,0,0.25,0.25,0.25,0.25
9606.ENSP00000366715,0.2,0,1,0,1,0,0,0
9606.ENSP00000367154,15.7,35.2,1,1,0,0,1,0
9606.ENSP00000366827,0.3,2.3,1,1,0.25,0.25,0.25,0.25
9606.ENSP00000363921,39.9,24.6,1,1,0,1,0,0
9606.ENSP00000354432,0,0,0,0,0.25,0.25,0.25,0.25
9606.ENSP00000354487,5.9,11.6,1,1,1,0,0,0
9606.ENSP00000481854,1.7,0.3,1,1,0,1,0,0
9606.ENSP00000277746,33.3,58.8,1,1,0,0,0,1
9606.ENSP00000378868,68.8,344.7,1,1,0,0,1,0
9606.ENSP00000485478,0,0.2,0,1,1,0,0,0
9606.ENSP00000361177,0,0,0,0,0.25,0.25,0.25,0.25
9606.ENSP00000352427,0.1,0,1,0,0.25,0.25,0.25,0.25
9606.ENSP00000361446,24.9,7.3,1,1,0.25,0.25,0.25,0.25
9606.ENSP00000378624,10.6,18.9,1,1,0.25,0.25,0.25,0.25
9606.ENSP00000361577,32.4,19.4,1,1,0,1,0,0
9606.ENSP00000319060,18.2,10.7,1,1,1,0,0,0
9606.ENSP00000361083,2,300.1,1,1,0,1,0,0
9606.ENSP00000277865,578,380.3,1,1,0,0,0,1
9606.ENSP00000360762,120.2,0,1,0,1,0,0,0
9606.ENSP00000337949,0,0,0,0,1,0,0,0
9606.ENSP00000389182,57.7,19.1,1,1,1,0,0,0
9606.ENSP00000360488,10.8,84,1,1,1,0,0,0
9606.ENSP00000348381,40,10.4,1,1,0,1,0,0
9606.ENSP00000277903,0,187.9,0,1,1,0,0,0
9606.ENSP00000358207,0,0,0,0,0.25,0.25,0.25,0.25
9606.ENSP00000345575,26.3,28.6,1,1,1,0,0,0
9606.ENSP00000362314,36.3,164.7,1,1,0,1,0,0
9606.ENSP00000277942,0,0.1,0,1,0.25,0.25,0.25,0.25
9606.ENSP00000358316,0,0,0,0,0.25,0.25,0.25,0.25
9606.ENSP00000358404,24.5,63,1,1,0,0,0,1
9606.ENSP00000357643,44.2,2.1,1,1,1,0,0,0
9606.ENSP00000358903,0.1,6,1,1,1,0,0,0
9606.ENSP00000358865,0.1,0,1,0,1,0,0,0
9606.ENSP00000278025,43.9,629.4,1,1,0,0,0,1
9606.ENSP00000357603,2.8,2.1,1,1,1,0,0,0
9606.ENSP00000323047,49.1,41.7,1,1,0,0,1,0
9606.ENSP00000357581,0,0,0,0,0.25,0.25,0.25,0.25
9606.ENSP00000278060,0.1,11.8,1,1,0.25,0.25,0.25,0.25
9606.ENSP00000358727,480.6,817,1,1,0,0,0,1
9606.ENSP00000358854,7.3,2.4,1,1,0,0,1,0
9606.ENSP00000278070,41.6,5.1,1,1,1,0,0,0
9606.ENSP00000278071,4.6,1.8,1,1,0.25,0.25,0.25,0.25
9606.ENSP00000358894,13,5.6,1,1,0.25,0.25,0.25,0.25
9606.ENSP00000358812,37,25.6,1,1,0,1,0,0
9606.ENSP00000357668,0,0.2,0,1,1,0,0,0
9606.ENSP00000358099,15.1,0.6,1,1,0,0,1,0
9606.ENSP00000431186,19,5.5,1,1,1,0,0,0
9606.ENSP00000436607,14.4,18.9,1,1,0,0,0,1
9606.ENSP00000401145,56.4,21.2,1,1,0,0,1,0
9606.ENSP00000379326,0,0,0,0,1,0,0,0
9606.ENSP00000278193,15.7,61,1,1,1,0,0,0
9606.ENSP00000278198,0,0,0,0,1,0,0,0
9606.ENSP00000278200,27,45.9,1,1,0,0,1,0
9606.ENSP00000278222,100,1693.4,1,1,1,0,0,0
9606.ENSP00000278243,36.9,11.2,1,1,0,0,1,0
9606.ENSP00000308000,14.4,13.2,1,1,0.25,0.25,0.25,0.25
9606.ENSP00000278282,0,0,0,0,1,0,0,0
9606.ENSP00000371394,0.1,0,1,0,1,0,0,0
9606.ENSP00000278314,0.2,0.9,1,1,0.25,0.25,0.25,0.25
9606.ENSP00000278319,0.1,1.1,1,1,1,0,0,0
9606.ENSP00000278353,77.7,197.5,1,1,0,0,1,0
9606.ENSP00000379133,45.1,30.4,1,1,0,0,1,0
9606.ENSP00000482899,0,0,0,0,0.25,0.25,0.25,0.25
9606.ENSP00000412178,27.2,5.8,1,1,1,0,0,0
9606.ENSP00000436049,230.3,81.4,1,1,1,0,0,0
9606.ENSP00000437271,14.1,38.2,1,1,0,0,1,0
9606.ENSP00000484592,0.1,459.5,1,1,0,0,0,1
9606.ENSP00000278407,5.6,2202.4,1,1,1,0,0,0
9606.ENSP00000278409,0,0,0,0,0.25,0.25,0.25,0.25
9606.ENSP00000278412,224.3,37.1,1,1,1,0,0,0
9606.ENSP00000278426,71.1,106.1,1,1,0,1,0,0
9606.ENSP00000400010,2.1,10.4,1,1,0,1,0,0
9606.ENSP00000367878,12.3,2.5,1,1,0,0,1,0
9606.ENSP00000434442,55.9,39.5,1,1,0,1,0,0
9606.ENSP00000435926,48.2,189.9,1,1,0,1,0,0
9606.ENSP00000278483,48.9,44.9,1,1,0,0,1,0
9606.ENSP00000415528,0.2,0,1,0,0.25,0.25,0.25,0.25
9606.ENSP00000441927,0.8,6,1,1,0.25,0.25,0.25,0.25
9606.ENSP00000278505,8.7,2.7,1,1,1,0,0,0
9606.ENSP00000278520,27.4,35.7,1,1,0,1,0,0
9606.ENSP00000438526,0,0.1,0,1,1,0,0,0
9606.ENSP00000278550,0,0,0,0,1,0,0,0
9606.ENSP00000434412,178.6,9,1,1,1,0,0,0
9606.ENSP00000278559,1,32.4,1,1,0,1,0,0
9606.ENSP00000434466,18.6,4.5,1,1,0,0,1,0
9606.ENSP00000278568,2.2,14.3,1,1,1,0,0,0
9606.ENSP00000278572,2465.6,1572.7,1,1,0,0,1,0
9606.ENSP00000278590,1.7,5.8,1,1,0,0,1,0
9606.ENSP00000433757,6.1,2.5,1,1,0,1,0,0
9606.ENSP00000480132,0,1.5,0,1,1,0,0,0
9606.ENSP00000354859,0,0,0,0,1,0,0,0
9606.ENSP00000278601,17.8,0.2,1,1,0.25,0.25,0.25,0.25
9606.ENSP00000260191,0.5,0,1,0,1,0,0,0
9606.ENSP00000278612,5.8,7.3,1,1,0.25,0.25,0.25,0.25
9606.ENSP00000278616,10.3,24.3,1,1,0,1,0,0
9606.ENSP00000278618,38.2,37,1,1,1,0,0,0
9606.ENSP00000444628,1,0.4,1,1,0,1,0,0
9606.ENSP00000335557,4.8,6.4,1,1,0,0,0,1
9606.ENSP00000278671,127.5,101.2,1,1,0,0,1,0
9606.ENSP00000401749,0,0,0,0,1,0,0,0
9606.ENSP00000435648,0,0.3,0,1,1,0,0,0
9606.ENSP00000278742,1.2,1.8,1,1,1,0,0,0
9606.ENSP00000480150,87.7,38.8,1,1,1,0,0,0
9606.ENSP00000337587,0,0.7,0,1,0.25,0.25,0.25,0.25
9606.ENSP00000348912,0,0,0,0,0,0,1,0
9606.ENSP00000337335,0.3,0,1,0,1,0,0,0
9606.ENSP00000392318,7.9,13.7,1,1,1,0,0,0
9606.ENSP00000378360,184.7,107.3,1,1,0,0,1,0
9606.ENSP00000278823,66.5,5.5,1,1,0,0,1,0
9606.ENSP00000278826,16.6,12.7,1,1,0,0,1,0
9606.ENSP00000322229,97.8,59.9,1,1,0,0,1,0
9606.ENSP00000351732,0,0,0,0,0.25,0.25,0.25,0.25
9606.ENSP00000278833,3.7,1.5,1,1,1,0,0,0
9606.ENSP00000378254,10.3,14.6,1,1,0.25,0.25,0.25,0.25
9606.ENSP00000378295,29,0.7,1,1,1,0,0,0
9606.ENSP00000278853,0,0,0,0,0.25,0.25,0.25,0.25
9606.ENSP00000278855,0,0,0,0,1,0,0,0
9606.ENSP00000278865,0,0,0,0,1,0,0,0
9606.ENSP00000367747,0.1,3.8,1,1,1,0,0,0
9606.ENSP00000345412,75.6,22,1,1,0,0,1,0
9606.ENSP00000278888,0,0,0,0,1,0,0,0
9606.ENSP00000265471,35.9,22.4,1,1,0,0,0,1
9606.ENSP00000278903,181.5,532.5,1,1,0,0,1,0
9606.ENSP00000341684,1.6,0.9,1,1,0.25,0.25,0.25,0.25
9606.ENSP00000388648,47.7,1.2,1,1,0.25,0.25,0.25,0.25
9606.ENSP00000278919,0,1.2,0,1,1,0,0,0
9606.ENSP00000278927,5.9,0.9,1,1,0,0,1,0
9606.ENSP00000435466,0,0,0,0,0,1,0,0
9606.ENSP00000278937,27.2,15.7,1,1,1,0,0,0
9606.ENSP00000278947,0,0,0,0,0.25,0.25,0.25,0.25
9606.ENSP00000314023,16.9,21.1,1,1,1,0,0,0
9606.ENSP00000315635,8.1,9.7,1,1,0,0,1,0
9606.ENSP00000432282,87.8,15.2,1,1,1,0,0,0
9606.ENSP00000362071,0.1,0,1,0,0,1,0,0
9606.ENSP00000341658,0.5,0,1,0,1,0,0,0
9606.ENSP00000278980,69.1,39.3,1,1,0.25,0.25,0.25,0.25
9606.ENSP00000364370,0,0,0,0,1,0,0,0
9606.ENSP00000279024,0,0.8,0,1,0,1,0,0
9606.ENSP00000361597,7.3,0,1,0,0.25,0.25,0.25,0.25
9606.ENSP00000279028,0,0,0,0,0.25,0.25,0.25,0.25
9606.ENSP00000389810,39.6,5.7,1,1,0,1,0,0
9606.ENSP00000237536,8.4,0.6,1,1,0,0,1,0
9606.ENSP00000340954,16.5,11.5,1,1,0,1,0,0
9606.ENSP00000279058,0,0,0,0,1,0,0,0
9606.ENSP00000437790,0,0,0,0,0.25,0.25,0.25,0.25
9606.ENSP00000279068,79.8,9.7,1,1,0,1,0,0
9606.ENSP00000359364,78.2,30.9,1,1,0.25,0.25,0.25,0.25
9606.ENSP00000279101,12.3,1.2,1,1,0.25,0.25,0.25,0.25
9606.ENSP00000279147,17.5,3.7,1,1,0.25,0.25,0.25,0.25
9606.ENSP00000279168,27,0,1,0,0.25,0.25,0.25,0.25
9606.ENSP00000279178,4.6,13.8,1,1,0.25,0.25,0.25,0.25
9606.ENSP00000378050,24.2,31.4,1,1,0,0,0,1
9606.ENSP00000279206,18.6,59,1,1,0,0,1,0
9606.ENSP00000279227,0.2,1.4,1,1,0.25,0.25,0.25,0.25
9606.ENSP00000443631,13.9,2.2,1,1,1,0,0,0
9606.ENSP00000279242,67.3,21.9,1,1,0,0,1,0
9606.ENSP00000279249,11.2,0,1,0,1,0,0,0
9606.ENSP00000435370,1476,2443.4,1,1,0,0,1,0
9606.ENSP00000279263,57.9,183.3,1,1,1,0,0,0
9606.ENSP00000279281,76.3,44.4,1,1,0,0,1,0
9606.ENSP00000378650,0.8,0.2,1,1,0.25,0.25,0.25,0.25
9606.ENSP00000279387,240.3,98.6,1,1,1,0,0,0
9606.ENSP00000378669,2720.7,4.6,1,1,1,0,0,0
9606.ENSP00000369863,0,0,0,0,0.25,0.25,0.25,0.25
9606.ENSP00000340017,0.2,0,1,0,0.25,0.25,0.25,0.25
9606.ENSP00000279392,25.6,19.4,1,1,0,1,0,0
9606.ENSP00000310094,35.6,8.6,1,1,0,0,1,0
9606.ENSP00000457492,112.6,176.7,1,1,0,1,0,0
9606.ENSP00000437621,153.7,0,1,0,1,0,0,0
9606.ENSP00000299855,0.9,0.1,1,1,0.25,0.25,0.25,0.25
9606.ENSP00000368824,0,3.8,0,1,0.25,0.25,0.25,0.25
9606.ENSP00000435637,0,0,0,0,0,0,1,0
9606.ENSP00000483713,0,2.5,0,1,0.25,0.25,0.25,0.25
9606.ENSP00000326407,0,0,0,0,0.25,0.25,0.25,0.25
9606.ENSP00000364946,0,1.3,0,1,0,1,0,0
9606.ENSP00000337907,4.8,2.5,1,1,1,0,0,0
9606.ENSP00000379350,237.3,238.2,1,1,1,0,0,0
9606.ENSP00000483791,0,0,0,0,1,0,0,0
9606.ENSP00000402414,0,0,0,0,0.25,0.25,0.25,0.25
9606.ENSP00000279783,0,0,0,0,0.25,0.25,0.25,0.25
9606.ENSP00000279791,0,0,0,0,0.25,0.25,0.25,0.25
9606.ENSP00000363068,0,0,0,0,0.25,0.25,0.25,0.25
9606.ENSP00000279804,0.9,0.4,1,1,0.25,0.25,0.25,0.25
9606.ENSP00000475615,37.5,151.3,1,1,1,0,0,0
9606.ENSP00000358165,0,0.2,0,1,0.25,0.25,0.25,0.25
9606.ENSP00000279873,14.7,7.2,1,1,0,1,0,0
9606.ENSP00000367075,0,0,0,0,0.25,0.25,0.25,0.25
9606.ENSP00000462701,0,0,0,0,1,0,0,0
9606.ENSP00000417706,10.2,2.7,1,1,1,0,0,0
9606.ENSP00000389399,48.4,10.1,1,1,0,1,0,0
9606.ENSP00000436596,12.2,15.5,1,1,0.25,0.25,0.25,0.25
9606.ENSP00000376445,6.8,5.7,1,1,0.25,0.25,0.25,0.25
9606.ENSP00000372206,17.3,28.8,1,1,1,0,0,0
9606.ENSP00000372035,15.1,19,1,1,0,0,1,0
9606.ENSP00000481842,241,295,1,1,0,0,1,0
9606.ENSP00000422533,0,0.1,0,1,0,0,1,0
9606.ENSP00000280020,9.7,3.5,1,1,0,0,1,0
9606.ENSP00000280057,0,0,0,0,1,0,0,0
9606.ENSP00000280082,114.3,80.2,1,1,0,0,1,0
9606.ENSP00000280097,315.8,184.1,1,1,0,0,1,0
9606.ENSP00000380605,0,0,0,0,0.25,0.25,0.25,0.25
9606.ENSP00000387077,0,0.1,0,1,0.25,0.25,0.25,0.25
9606.ENSP00000280154,40.2,27.7,1,1,0,1,0,0
9606.ENSP00000280155,0,0,0,0,0.25,0.25,0.25,0.25
9606.ENSP00000280187,0.9,9.7,1,1,1,0,0,0
9606.ENSP00000280190,0,0.1,0,1,1,0,0,0
9606.ENSP00000280191,0,0,0,0,1,0,0,0
9606.ENSP00000480043,0,0,0,0,0.25,0.25,0.25,0.25
9606.ENSP00000353377,1.4,0.9,1,1,1,0,0,0
9606.ENSP00000280200,0.1,0.2,1,1,1,0,0,0
9606.ENSP00000351682,0,30.8,0,1,0,1,0,0
9606.ENSP00000280236,0,0,0,0,0.25,0.25,0.25,0.25
9606.ENSP00000365272,0.5,3.4,1,1,1,0,0,0
9606.ENSP00000280245,0,0,0,0,0.25,0.25,0.25,0.25
9606.ENSP00000356430,0,0.8,0,1,0,0,1,0
9606.ENSP00000280258,1.4,7,1,1,0,0,1,0
9606.ENSP00000371577,32.6,21.5,1,1,0,0,1,0
9606.ENSP00000280295,0,27.8,0,1,0.25,0.25,0.25,0.25
9606.ENSP00000280325,0,0.4,0,1,0.25,0.25,0.25,0.25
9606.ENSP00000280326,420.9,62.3,1,1,1,0,0,0
9606.ENSP00000422338,8.7,8.7,1,1,0.25,0.25,0.25,0.25
9606.ENSP00000280333,21.9,7.6,1,1,1,0,0,0
9606.ENSP00000394352,10,18.2,1,1,0,1,0,0
9606.ENSP00000280346,30.8,15.5,1,1,0,1,0,0
9606.ENSP00000280350,1.1,0.1,1,1,0.25,0.25,0.25,0.25
9606.ENSP00000376767,21.9,16.2,1,1,0,1,0,0
9606.ENSP00000438455,95.4,541.8,1,1,0,0,1,0
9606.ENSP00000280357,5.6,1.8,1,1,1,0,0,0
9606.ENSP00000280358,0.1,0.3,1,1,1,0,0,0
9606.ENSP00000280362,40.6,144.4,1,1,0,0,1,0
9606.ENSP00000365757,38.3,11.3,1,1,0,0,1,0
9606.ENSP00000370997,0.2,0,1,0,1,0,0,0
9606.ENSP00000280481,0,1.7,0,1,0.25,0.25,0.25,0.25
9606.ENSP00000368880,10.2,39,1,1,0,1,0,0
9606.ENSP00000280527,76.6,2.6,1,1,1,0,0,0
9606.ENSP00000280551,62.3,63.2,1,1,0,0,0,1
9606.ENSP00000440288,6.2,1,1,1,1,0,0,0
9606.ENSP00000280571,24.8,11.9,1,1,0,0,1,0
9606.ENSP00000311135,22.4,6.8,1,1,0,0,1,0
9606.ENSP00000441543,1678.1,493.3,1,1,0,0,0,1
9606.ENSP00000306253,6.1,3.2,1,1,1,0,0,0
9606.ENSP00000280605,0,0,0,0,0.25,0.25,0.25,0.25
9606.ENSP00000280606,0.1,0.3,1,1,0.25,0.25,0.25,0.25
9606.ENSP00000280612,9.2,0.2,1,1,0.25,0.25,0.25,0.25
9606.ENSP00000280614,6.9,1.4,1,1,0.25,0.25,0.25,0.25
9606.ENSP00000331044,0.2,0,1,0,1,0,0,0
9606.ENSP00000365529,0,0,0,0,1,0,0,0
9606.ENSP00000364467,0.4,0.2,1,1,0.25,0.25,0.25,0.25
9606.ENSP00000372169,4.1,1.1,1,1,0.25,0.25,0.25,0.25
9606.ENSP00000280665,6.2,4.4,1,1,0,0,0,1
9606.ENSP00000266376,0,0,0,0,1,0,0,0
9606.ENSP00000280684,0,0,0,0,0.25,0.25,0.25,0.25
9606.ENSP00000379904,11.7,35.3,1,1,1,0,0,0
9606.ENSP00000280700,23.4,26.1,1,1,0,0,0,1
9606.ENSP00000280701,17.4,18.8,1,1,0,0,1,0
9606.ENSP00000379500,8.1,10.9,1,1,0,0,0,1
9606.ENSP00000280734,0,1.5,0,1,0,1,0,0
9606.ENSP00000447057,31,58.1,1,1,0,1,0,0
9606.ENSP00000280756,63.4,40.9,1,1,1,0,0,0
9606.ENSP00000280758,9.5,0.6,1,1,0.25,0.25,0.25,0.25
9606.ENSP00000340596,22.3,17.2,1,1,0,0,1,0
9606.ENSP00000280772,0.2,0.9,1,1,1,0,0,0
9606.ENSP00000363046,6.6,12.2,1,1,0,0,1,0
9606.ENSP00000376440,0,0,0,0,1,0,0,0
9606.ENSP00000280800,37,16.1,1,1,1,0,0,0
9606.ENSP00000361467,4.9,3.3,1,1,0.25,0.25,0.25,0.25
9606.ENSP00000361287,80,5245.2,1,1,0,0,0,1
9606.ENSP00000280871,1.9,8.1,1,1,0,0,1,0
9606.ENSP00000381666,17.7,22.5,1,1,0.25,0.25,0.25,0.25
9606.ENSP00000449428,52.9,28.6,1,1,0,1,0,0
9606.ENSP00000280886,3.4,21.6,1,1,0,1,0,0
9606.ENSP00000425561,137.1,78.5,1,1,0,1,0,0
9606.ENSP00000385450,12,47.7,1,1,1,0,0,0
9606.ENSP00000365200,0.7,47.3,1,1,1,0,0,0
9606.ENSP00000353904,22.4,27.4,1,1,0,0,1,0
9606.ENSP00000341324,8.5,12.1,1,1,0,1,0,0
9606.ENSP00000280979,1.1,2.1,1,1,1,0,0,0
9606.ENSP00000348460,0,0.1,0,1,1,0,0,0
9606.ENSP00000280987,160.9,281.5,1,1,1,0,0,0
9606.ENSP00000399718,62.2,27.3,1,1,1,0,0,0
9606.ENSP00000333539,13.8,2.1,1,1,0,0,1,0
9606.ENSP00000379032,69.3,16,1,1,0.25,0.25,0.25,0.25
9606.ENSP00000281017,35.4,39.3,1,1,0,0,1,0
9606.ENSP00000252505,0,0,0,0,0.25,0.25,0.25,0.25
9606.ENSP00000316482,21.6,5,1,1,1,0,0,0
9606.ENSP00000281030,0.2,142.2,1,1,0,0,1,0
9606.ENSP00000281031,822.9,889.1,1,1,0,0,1,0
9606.ENSP00000440246,0,1.5,0,1,1,0,0,0
9606.ENSP00000281047,0,0,0,0,0.25,0.25,0.25,0.25
9606.ENSP00000422554,0,0.4,0,1,0.25,0.25,0.25,0.25
9606.ENSP00000281081,32.4,18.4,1,1,0,0,1,0
9606.ENSP00000356355,8.8,21.8,1,1,0,0,1,0
9606.ENSP00000281087,0,0,0,0,1,0,0,0
9606.ENSP00000281092,8.7,1.3,1,1,0,1,0,0
9606.ENSP00000452181,12.9,6,1,1,1,0,0,0
9606.ENSP00000425658,4.1,7.2,1,1,0,1,0,0
9606.ENSP00000348708,16.8,98.6,1,1,0.25,0.25,0.25,0.25
9606.ENSP00000281141,229.2,51.7,1,1,0,0,1,0
9606.ENSP00000281142,5.3,1.4,1,1,0,0,0,1
9606.ENSP00000368102,0,0,0,0,0.25,0.25,0.25,0.25
9606.ENSP00000281146,3.4,4,1,1,1,0,0,0
9606.ENSP00000350032,0.4,4.8,1,1,0,0,1,0
9606.ENSP00000281154,0,0,0,0,1,0,0,0
9606.ENSP00000281171,0,0,0,0,1,0,0,0
9606.ENSP00000281172,34.9,38.1,1,1,0,0,1,0
9606.ENSP00000281182,11.7,35.3,1,1,0,0,0,1
9606.ENSP00000341657,74.4,62.1,1,1,0,0,1,0
9606.ENSP00000281187,27.3,38.7,1,1,1,0,0,0
9606.ENSP00000433681,7.3,8.9,1,1,0.25,0.25,0.25,0.25
9606.ENSP00000376792,12.2,7.9,1,1,0,1,0,0
9606.ENSP00000281243,147.7,382.4,1,1,1,0,0,0
9606.ENSP00000358251,6.6,24.6,1,1,0,0,0,1
9606.ENSP00000376703,0,0,0,0,0.25,0.25,0.25,0.25
9606.ENSP00000342169,4.6,0.5,1,1,0.25,0.25,0.25,0.25
9606.ENSP00000420682,18.6,8.2,1,1,0,0,1,0
9606.ENSP00000373169,0,0,0,0,0.25,0.25,0.25,0.25
9606.ENSP00000281317,1.3,29,1,1,0,0,1,0
9606.ENSP00000368761,2.9,2.2,1,1,0,0,1,0
9606.ENSP00000281321,0,0,0,0,0.25,0.25,0.25,0.25
9606.ENSP00000315011,0,0,0,0,1,0,0,0
9606.ENSP00000350815,0,5.3,0,1,0,0,1,0
9606.ENSP00000370129,2504.7,477.6,1,1,0,0,0,1
9606.ENSP00000339850,3.3,0,1,0,1,0,0,0
9606.ENSP00000357556,0,0,0,0,0.25,0.25,0.25,0.25
9606.ENSP00000453302,0,1.9,0,1,1,0,0,0
9606.ENSP00000351190,1586.6,410.8,1,1,1,0,0,0
9606.ENSP00000368881,5.6,17.9,1,1,0.25,0.25,0.25,0.25
9606.ENSP00000281382,44.2,24.3,1,1,0.25,0.25,0.25,0.25
9606.ENSP00000427882,0.1,3,1,1,0.25,0.25,0.25,0.25
9606.ENSP00000376142,17.6,24.8,1,1,0,1,0,0
9606.ENSP00000376141,2.2,0.7,1,1,0,0,1,0
9606.ENSP00000321330,11.7,1,1,1,0,0,1,0
9606.ENSP00000281419,16.6,4.6,1,1,0,1,0,0
9606.ENSP00000309968,12.5,9.9,1,1,0,0,1,0
9606.ENSP00000433488,0.1,1.1,1,1,1,0,0,0
9606.ENSP00000376432,0,0,0,0,1,0,0,0
9606.ENSP00000281441,38.9,9.7,1,1,0,0,0,1
9606.ENSP00000384222,32.8,34.9,1,1,0,0,1,0
9606.ENSP00000281453,14.3,0.6,1,1,0.25,0.25,0.25,0.25
9606.ENSP00000422607,36.6,1012.8,1,1,0,0,0,1
9606.ENSP00000281456,7.3,112.6,1,1,0,0,1,0
9606.ENSP00000281471,10.5,4.4,1,1,1,0,0,0
9606.ENSP00000281474,6.3,1,1,1,0,0,1,0
9606.ENSP00000324729,11.5,12.4,1,1,1,0,0,0
9606.ENSP00000407763,1.4,5.8,1,1,0,1,0,0
9606.ENSP00000368477,0.2,5.7,1,1,0,1,0,0
9606.ENSP00000281513,29.6,6.3,1,1,0,0,0,1
9606.ENSP00000281523,0,7.6,0,1,0.25,0.25,0.25,0.25
9606.ENSP00000444788,0,1549.6,0,1,0,1,0,0
9606.ENSP00000281543,13.4,12,1,1,0,1,0,0
9606.ENSP00000342518,0,0,0,0,0.25,0.25,0.25,0.25
9606.ENSP00000421828,0.2,0,1,0,0.25,0.25,0.25,0.25
9606.ENSP00000371735,5.9,0.5,1,1,0,0,1,0
9606.ENSP00000453940,0,0,0,0,0.25,0.25,0.25,0.25
9606.ENSP00000281589,0.1,0.1,1,1,1,0,0,0
9606.ENSP00000371308,5.6,1.6,1,1,0.25,0.25,0.25,0.25
9606.ENSP00000281623,7,16.9,1,1,0.25,0.25,0.25,0.25
9606.ENSP00000426067,8.9,10.1,1,1,0.25,0.25,0.25,0.25
9606.ENSP00000354416,0,5.3,0,1,1,0,0,0
9606.ENSP00000281631,1.2,2.6,1,1,1,0,0,0
9606.ENSP00000347591,0,34.8,0,1,0,0,1,0
9606.ENSP00000358147,9.3,25,1,1,0.25,0.25,0.25,0.25
9606.ENSP00000307959,35.8,63.6,1,1,0,1,0,0
9606.ENSP00000359782,0.3,0,1,0,1,0,0,0
9606.ENSP00000358089,28.8,46.9,1,1,0.25,0.25,0.25,0.25
9606.ENSP00000358081,44,13.3,1,1,1,0,0,0
9606.ENSP00000281703,0,10.1,0,1,0.25,0.25,0.25,0.25
9606.ENSP00000408581,0,0,0,0,1,0,0,0
9606.ENSP00000281722,0,0,0,0,0.25,0.25,0.25,0.25
9606.ENSP00000404860,0,0.3,0,1,1,0,0,0
9606.ENSP00000281806,0,0,0,0,0.25,0.25,0.25,0.25
9606.ENSP00000281830,0,0,0,0,1,0,0,0
9606.ENSP00000379891,11.3,1.6,1,1,1,0,0,0
9606.ENSP00000251507,10,16,1,1,1,0,0,0
9606.ENSP00000308873,0.1,0,1,0,0.25,0.25,0.25,0.25
9606.ENSP00000359222,6.8,235.9,1,1,0.25,0.25,0.25,0.25
9606.ENSP00000281871,630.4,362.5,1,1,1,0,0,0
9606.ENSP00000318197,0,0,0,0,0.25,0.25,0.25,0.25
9606.ENSP00000354536,0,0,0,0,0.25,0.25,0.25,0.25
9606.ENSP00000281882,0,0,0,0,1,0,0,0
9606.ENSP00000387051,74.2,36.8,1,1,1,0,0,0
9606.ENSP00000355923,3.3,0.5,1,1,0,0,1,0
9606.ENSP00000386377,55.6,2.6,1,1,0,1,0,0
9606.ENSP00000281924,0,0.2,0,1,0.25,0.25,0.25,0.25
9606.ENSP00000386772,8.3,18.1,1,1,0,0,1,0
9606.ENSP00000281938,1.8,0,1,0,0,1,0,0
9606.ENSP00000281950,45.2,49.1,1,1,0,1,0,0
9606.ENSP00000281961,0.7,0.3,1,1,0.25,0.25,0.25,0.25
9606.ENSP00000366413,2.2,0,1,0,1,0,0,0
9606.ENSP00000282003,14.1,7.9,1,1,0,0,1,0
9606.ENSP00000282018,0,0,0,0,0,1,0,0
9606.ENSP00000282020,0,0,0,0,1,0,0,0
9606.ENSP00000282026,0.4,0.2,1,1,0.25,0.25,0.25,0.25
9606.ENSP00000321805,0,0,0,0,1,0,0,0
9606.ENSP00000282030,0.6,14.7,1,1,1,0,0,0
9606.ENSP00000282032,12.9,35.8,1,1,1,0,0,0
9606.ENSP00000282041,3.8,10.6,1,1,0,0,0,1
9606.ENSP00000387261,0.4,15.7,1,1,1,0,0,0
9606.ENSP00000381736,779.2,279.9,1,1,0,0,0,1
9606.ENSP00000282058,64.8,9.6,1,1,0,0,0,1
9606.ENSP00000481626,10.6,11.2,1,1,0,0,0,1
9606.ENSP00000282074,3.9,0.6,1,1,1,0,0,0
9606.ENSP00000364512,0,0,0,0,0.25,0.25,0.25,0.25
9606.ENSP00000376352,17.4,16.4,1,1,0,1,0,0
9606.ENSP00000282091,0,0,0,0,1,0,0,0
9606.ENSP00000282096,18.6,48.5,1,1,0.25,0.25,0.25,0.25
9606.ENSP00000282111,2.5,5.4,1,1,0.25,0.25,0.25,0.25
9606.ENSP00000386443,132.9,200.4,1,1,0,0,0,1
9606.ENSP00000341867,0,0.3,0,1,0.25,0.25,0.25,0.25
9606.ENSP00000282146,0.3,0,1,0,1,0,0,0
9606.ENSP00000420270,14.2,74.5,1,1,0.25,0.25,0.25,0.25
9606.ENSP00000282185,3.9,11.5,1,1,0,1,0,0
9606.ENSP00000410216,8.7,2.6,1,1,0,0,1,0
9606.ENSP00000378401,0,0,0,0,0.25,0.25,0.25,0.25
9606.ENSP00000282226,0.3,0.9,1,1,0,0,1,0
9606.ENSP00000356848,24.4,18.8,1,1,0,0,1,0
9606.ENSP00000282249,0,0,0,0,0,0,1,0
9606.ENSP00000282251,7.9,66.8,1,1,0,1,0,0
9606.ENSP00000379441,3.8,14.5,1,1,0,0,1,0
9606.ENSP00000334382,16.5,5.1,1,1,1,0,0,0
9606.ENSP00000421491,9.9,7.3,1,1,1,0,0,0
9606.ENSP00000314792,0,0,0,0,1,0,0,0
9606.ENSP00000282282,1.7,1.2,1,1,0.25,0.25,0.25,0.25
9606.ENSP00000282292,4.7,0.9,1,1,0.25,0.25,0.25,0.25
9606.ENSP00000321812,5.2,6.2,1,1,0.25,0.25,0.25,0.25
9606.ENSP00000282308,4.3,0.5,1,1,0.25,0.25,0.25,0.25
9606.ENSP00000346997,19.5,3.5,1,1,1,0,0,0
9606.ENSP00000367527,5.2,2.1,1,1,0.25,0.25,0.25,0.25
9606.ENSP00000367462,0.2,0.2,1,1,1,0,0,0
9606.ENSP00000478982,21.2,41.8,1,1,1,0,0,0
9606.ENSP00000367407,14.6,151.5,1,1,0,1,0,0
9606.ENSP00000282326,0,0,0,0,1,0,0,0
9606.ENSP00000405699,0.8,2.4,1,1,0.25,0.25,0.25,0.25
9606.ENSP00000282344,18.9,21.9,1,1,0,0,1,0
9606.ENSP00000376250,66.6,85.4,1,1,1,0,0,0
9606.ENSP00000282356,0,0.2,0,1,0,1,0,0
9606.ENSP00000282369,1.6,0,1,0,0.25,0.25,0.25,0.25
9606.ENSP00000282388,71.5,137.2,1,1,1,0,0,0
9606.ENSP00000370345,8.7,7.1,1,1,0,0,1,0
9606.ENSP00000282406,0.4,0,1,0,0.25,0.25,0.25,0.25
9606.ENSP00000345771,2.2,2.7,1,1,0,1,0,0
9606.ENSP00000381204,404.9,295.3,1,1,0.25,0.25,0.25,0.25
9606.ENSP00000282499,0,0,0,0,0.25,0.25,0.25,0.25
9606.ENSP00000282466,0.1,0.2,1,1,0.25,0.25,0.25,0.25
9606.ENSP00000348314,0.4,1.9,1,1,1,0,0,0
9606.ENSP00000414856,0.4,9.5,1,1,1,0,0,0
9606.ENSP00000382213,0,0,0,0,0.25,0.25,0.25,0.25
9606.ENSP00000340935,0,0,0,0,0,0,1,0
9606.ENSP00000416984,0,0,0,0,0.25,0.25,0.25,0.25
9606.ENSP00000282486,20.5,81.6,1,1,0,0,1,0
9606.ENSP00000380524,0,0,0,0,1,0,0,0
9606.ENSP00000371362,34.9,210.8,1,1,0,0,0,1
9606.ENSP00000282541,14.7,1,1,1,0.25,0.25,0.25,0.25
9606.ENSP00000282561,0.2,0.8,1,1,1,0,0,0
9606.ENSP00000282572,0.1,0,1,0,0.25,0.25,0.25,0.25
9606.ENSP00000424838,0,0,0,0,1,0,0,0
9606.ENSP00000272367,0,0,0,0,0.25,0.25,0.25,0.25
9606.ENSP00000368648,20.5,14.2,1,1,1,0,0,0
9606.ENSP00000274311,15,23.2,1,1,1,0,0,0
9606.ENSP00000384192,0,5.5,0,1,0.25,0.25,0.25,0.25
9606.ENSP00000385432,70.6,247.9,1,1,0,1,0,0
9606.ENSP00000282611,0.3,1.2,1,1,0.25,0.25,0.25,0.25
9606.ENSP00000366157,0,29.4,0,1,0,0,1,0
9606.ENSP00000282670,0,3.5,0,1,0.25,0.25,0.25,0.25
9606.ENSP00000360065,0.2,1,1,1,0.25,0.25,0.25,0.25
9606.ENSP00000360998,0,1.2,0,1,1,0,0,0
9606.ENSP00000471242,126.8,55.6,1,1,0.25,0.25,0.25,0.25
9606.ENSP00000360860,8.3,16.1,1,1,0.25,0.25,0.25,0.25
9606.ENSP00000360855,0,2.1,0,1,0.25,0.25,0.25,0.25
9606.ENSP00000302108,18.6,143.6,1,1,0.25,0.25,0.25,0.25
9606.ENSP00000339764,0,0,0,0,0.25,0.25,0.25,0.25
9606.ENSP00000282701,0,0,0,0,0.25,0.25,0.25,0.25
9606.ENSP00000483254,463.1,126.5,1,1,0,0,0,1
9606.ENSP00000282728,87.5,56.4,1,1,1,0,0,0
9606.ENSP00000356515,85.8,12.3,1,1,0,1,0,0
9606.ENSP00000354896,0,0,0,0,1,0,0,0
9606.ENSP00000357196,52.9,31.8,1,1,1,0,0,0
9606.ENSP00000282841,29.3,9.7,1,1,0,1,0,0
9606.ENSP00000479811,0,0.1,0,1,1,0,0,0
9606.ENSP00000282869,6.1,2.1,1,1,0.25,0.25,0.25,0.25
9606.ENSP00000282878,0,1,0,1,1,0,0,0
9606.ENSP00000407353,1.3,0,1,0,0.25,0.25,0.25,0.25
9606.ENSP00000323264,7.2,33.9,1,1,0,1,0,0
9606.ENSP00000426191,14,11.3,1,1,0,1,0,0
9606.ENSP00000282892,21.4,26.8,1,1,0,0,1,0
9606.ENSP00000282903,119.2,51.1,1,1,0,0,1,0
9606.ENSP00000282908,0,0,0,0,0.25,0.25,0.25,0.25
9606.ENSP00000367739,0.8,0,1,0,1,0,0,0
9606.ENSP00000386711,0,0,0,0,1,0,0,0
9606.ENSP00000282928,0,4.8,0,1,1,0,0,0
9606.ENSP00000334952,34,92.4,1,1,0,1,0,0
9606.ENSP00000417222,0,0,0,0,1,0,0,0
9606.ENSP00000427401,6.3,117.6,1,1,1,0,0,0
9606.ENSP00000371548,0,0,0,0,1,0,0,0
9606.ENSP00000370460,32.3,10.3,1,1,0,1,0,0
9606.ENSP00000477563,7.5,7.7,1,1,0.25,0.25,0.25,0.25
9606.ENSP00000424870,81.5,86.9,1,1,0,0,0,1
9606.ENSP00000283006,22.6,2.4,1,1,0,0,1,0
9606.ENSP00000380718,17.4,10.4,1,1,0,0,1,0
9606.ENSP00000379838,385.5,361,1,1,0,0,1,0
9606.ENSP00000283025,0,0,0,0,0.25,0.25,0.25,0.25
9606.ENSP00000320509,0,0,0,0,1,0,0,0
9606.ENSP00000283033,59.1,32.7,1,1,0,0,1,0
9606.ENSP00000313391,23.5,6.1,1,1,1,0,0,0
9606.ENSP00000348459,0.7,132,1,1,0,0,1,0
9606.ENSP00000407761,0.6,0,1,0,0.25,0.25,0.25,0.25
9606.ENSP00000376943,11,8.3,1,1,0,0,1,0
9606.ENSP00000339109,38.8,8.6,1,1,1,0,0,0
9606.ENSP00000379157,67.1,176.6,1,1,0,1,0,0
9606.ENSP00000477352,64.9,76.7,1,1,0,0,1,0
9606.ENSP00000326699,12.9,2.5,1,1,1,0,0,0
9606.ENSP00000428259,46.7,34.6,1,1,1,0,0,0
9606.ENSP00000283131,30.7,21.9,1,1,1,0,0,0
9606.ENSP00000283141,0,0,0,0,0.25,0.25,0.25,0.25
9606.ENSP00000283147,0.7,0.4,1,1,1,0,0,0
9606.ENSP00000386588,0.2,0,1,0,0.25,0.25,0.25,0.25
9606.ENSP00000443021,23,3.6,1,1,0,0,0,1
9606.ENSP00000283179,289.3,129.2,1,1,0,0,1,0
9606.ENSP00000283195,37.4,50.3,1,1,1,0,0,0
9606.ENSP00000355465,22.9,10.1,1,1,0,1,0,0
9606.ENSP00000295408,35,8.4,1,1,0,0,1,0
9606.ENSP00000283206,12.7,8,1,1,1,0,0,0
9606.ENSP00000283225,0,0,0,0,0.25,0.25,0.25,0.25
9606.ENSP00000283228,0,0,0,0,1,0,0,0
9606.ENSP00000344479,0,5.3,0,1,0,1,0,0
9606.ENSP00000283233,0.1,2.7,1,1,0.25,0.25,0.25,0.25
9606.ENSP00000283243,0,0.1,0,1,1,0,0,0
9606.ENSP00000294904,54.4,28.2,1,1,0.25,0.25,0.25,0.25
9606.ENSP00000283254,0,0,0,0,1,0,0,0
9606.ENSP00000283268,0.1,0,1,0,0.25,0.25,0.25,0.25
9606.ENSP00000283285,0.2,0.8,1,1,1,0,0,0
9606.ENSP00000360398,2.9,1.2,1,1,0.25,0.25,0.25,0.25
9606.ENSP00000360299,0,0,0,0,1,0,0,0
9606.ENSP00000283303,0,0,0,0,1,0,0,0
9606.ENSP00000283309,0,0.6,0,1,1,0,0,0
9606.ENSP00000429150,52.4,14.8,1,1,1,0,0,0
9606.ENSP00000429900,22.2,6.6,1,1,0,1,0,0
9606.ENSP00000283351,10.1,32.5,1,1,1,0,0,0
9606.ENSP00000283357,0,0,0,0,1,0,0,0
9606.ENSP00000391457,42,18.8,1,1,0,0,1,0
9606.ENSP00000283415,10.5,3.6,1,1,0,1,0,0
9606.ENSP00000283426,0,0.1,0,1,1,0,0,0
9606.ENSP00000458762,20.9,82,1,1,0,0,1,0
9606.ENSP00000283474,41.2,31.4,1,1,0,1,0,0
9606.ENSP00000324672,2.2,0,1,0,1,0,0,0
9606.ENSP00000388431,17.7,20.8,1,1,1,0,0,0
9606.ENSP00000364929,16,28.7,1,1,0,1,0,0
9606.ENSP00000283547,0,0.3,0,1,0.25,0.25,0.25,0.25
9606.ENSP00000283550,0,0,0,0,1,0,0,0
9606.ENSP00000364567,1,1.1,1,1,1,0,0,0
9606.ENSP00000335605,31.3,1.9,1,1,0.25,0.25,0.25,0.25
9606.ENSP00000417601,0.5,0,1,0,1,0,0,0
9606.ENSP00000283629,63.8,37,1,1,0.25,0.25,0.25,0.25
9606.ENSP00000283632,34.8,71.4,1,1,0,0,1,0
9606.ENSP00000386559,0.1,0.8,1,1,1,0,0,0
9606.ENSP00000283646,58.2,6.3,1,1,0,1,0,0
9606.ENSP00000454322,0,0,0,0,0.25,0.25,0.25,0.25
9606.ENSP00000370593,0,10.7,0,1,0,1,0,0
9606.ENSP00000321026,5.4,37.9,1,1,0.25,0.25,0.25,0.25
9606.ENSP00000475915,17.5,55.7,1,1,1,0,0,0
9606.ENSP00000283875,15.5,4,1,1,0,1,0,0
9606.ENSP00000283882,163.2,182.3,1,1,1,0,0,0
9606.ENSP00000453704,0,0,0,0,1,0,0,0
9606.ENSP00000456782,68.9,8.9,1,1,1,0,0,0
9606.ENSP00000443411,0,0,0,0,1,0,0,0
9606.ENSP00000386604,4.9,0.5,1,1,0.25,0.25,0.25,0.25
9606.ENSP00000283916,0,0,0,0,1,0,0,0
9606.ENSP00000283928,0,6.1,0,1,0,0,1,0
9606.ENSP00000446100,87.7,26.7,1,1,0,1,0,0
9606.ENSP00000375909,0,0,0,0,0,1,0,0
9606.ENSP00000465295,0,0.1,0,1,0,0,1,0
9606.ENSP00000375907,0.3,130.8,1,1,0,0,0,1
9606.ENSP00000373696,77.9,43.3,1,1,1,0,0,0
9606.ENSP00000283946,2,2.8,1,1,0.25,0.25,0.25,0.25
9606.ENSP00000284000,34.3,66.4,1,1,0,0,1,0
9606.ENSP00000394390,25.2,2.1,1,1,0.25,0.25,0.25,0.25
9606.ENSP00000333802,6.6,4.7,1,1,0.25,0.25,0.25,0.25
9606.ENSP00000359640,0,0,0,0,0.25,0.25,0.25,0.25
9606.ENSP00000312273,0.4,1.3,1,1,0,1,0,0
9606.ENSP00000284031,34.5,99.2,1,1,1,0,0,0
9606.ENSP00000334538,7.6,53.9,1,1,0,0,1,0
9606.ENSP00000483667,17.8,26.4,1,1,0,0,1,0
9606.ENSP00000321627,0,0,0,0,0.25,0.25,0.25,0.25
9606.ENSP00000284061,3.8,2.7,1,1,1,0,0,0
9606.ENSP00000359581,60.1,25.1,1,1,0,0,1,0
9606.ENSP00000284073,58.7,29.9,1,1,0,0,1,0
9606.ENSP00000349320,0,0.4,0,1,0,1,0,0
9606.ENSP00000357565,18.1,5.4,1,1,1,0,0,0
9606.ENSP00000284110,2.4,0,1,0,0,0,1,0
9606.ENSP00000284116,3.4,0.5,1,1,0.25,0.25,0.25,0.25
9606.ENSP00000357480,73.1,36.4,1,1,1,0,0,0
9606.ENSP00000284136,0,0,0,0,0.25,0.25,0.25,0.25
9606.ENSP00000337641,20.8,40.7,1,1,0,1,0,0
9606.ENSP00000284142,0,0,0,0,0.25,0.25,0.25,0.25
9606.ENSP00000284154,4.1,0.7,1,1,1,0,0,0
9606.ENSP00000379008,0.1,0,1,0,0.25,0.25,0.25,0.25
9606.ENSP00000346577,0.6,0,1,0,1,0,0,0
9606.ENSP00000483621,1.6,0,1,0,1,0,0,0
9606.ENSP00000284202,9.8,34.1,1,1,1,0,0,0
9606.ENSP00000468354,0.1,2.2,1,1,0.25,0.25,0.25,0.25
9606.ENSP00000359505,5.9,13,1,1,0,0,1,0
9606.ENSP00000480991,14.3,11.5,1,1,0,0,1,0
9606.ENSP00000284240,0.1,0.1,1,1,1,0,0,0
9606.ENSP00000367815,0.8,0.3,1,1,1,0,0,0
9606.ENSP00000284245,0.6,1.6,1,1,0.25,0.25,0.25,0.25
9606.ENSP00000403925,7.6,17.3,1,1,1,0,0,0
9606.ENSP00000284262,0,0,0,0,0.25,0.25,0.25,0.25
9606.ENSP00000284268,11.1,30,1,1,0.25,0.25,0.25,0.25
9606.ENSP00000284274,8.4,35.3,1,1,0,0,1,0
9606.ENSP00000284273,7.1,0.7,1,1,0,0,1,0
9606.ENSP00000304945,0.4,0.7,1,1,0.25,0.25,0.25,0.25
9606.ENSP00000380903,0,0,0,0,0.25,0.25,0.25,0.25
9606.ENSP00000284288,0,0,0,0,0.25,0.25,0.25,0.25
9606.ENSP00000409016,6.5,83.9,1,1,0.25,0.25,0.25,0.25
9606.ENSP00000284292,3.3,0.8,1,1,1,0,0,0
9606.ENSP00000304642,0,81.3,0,1,0.25,0.25,0.25,0.25
9606.ENSP00000371689,0,0,0,0,0.25,0.25,0.25,0.25
9606.ENSP00000284311,0,0,0,0,0,1,0,0
9606.ENSP00000284320,59,58.2,1,1,0,1,0,0
9606.ENSP00000284322,0,0,0,0,0.25,0.25,0.25,0.25
9606.ENSP00000428340,0,0.1,0,1,1,0,0,0
9606.ENSP00000464006,2.4,10.5,1,1,0,0,1,0
9606.ENSP00000360642,8.5,7.5,1,1,1,0,0,0
9606.ENSP00000284382,0,0,0,0,1,0,0,0
9606.ENSP00000408695,21.1,11.9,1,1,1,0,0,0
9606.ENSP00000373600,0,0.5,0,1,1,0,0,0
9606.ENSP00000376522,2.4,0.1,1,1,0.25,0.25,0.25,0.25
9606.ENSP00000192314,2.8,0,1,0,1,0,0,0
9606.ENSP00000342216,0.7,7.9,1,1,0,1,0,0
9606.ENSP00000284425,0,86.4,0,1,0.25,0.25,0.25,0.25
9606.ENSP00000269081,0,1.6,0,1,1,0,0,0
9606.ENSP00000376443,3.6,74.1,1,1,0,1,0,0
9606.ENSP00000406261,26.1,1,1,1,1,0,0,0
9606.ENSP00000284437,0.3,39.3,1,1,0,0,1,0
9606.ENSP00000284440,0.5,0.5,1,1,1,0,0,0
9606.ENSP00000340900,27.2,53,1,1,0,1,0,0
9606.ENSP00000284476,1.1,16.4,1,1,0.25,0.25,0.25,0.25
9606.ENSP00000399511,0.1,6.7,1,1,0,0,1,0
9606.ENSP00000284486,0,0,0,0,1,0,0,0
9606.ENSP00000284503,12.6,22,1,1,0.25,0.25,0.25,0.25
9606.ENSP00000379678,0,0,0,0,1,0,0,0
9606.ENSP00000284523,0,0,0,0,0.25,0.25,0.25,0.25
9606.ENSP00000455507,0.1,1.4,1,1,0,1,0,0
9606.ENSP00000381298,8.3,11.7,1,1,1,0,0,0
9606.ENSP00000284551,18.6,3.9,1,1,0,1,0,0
9606.ENSP00000355809,79.5,11.4,1,1,0,1,0,0
9606.ENSP00000284601,0,0,0,0,1,0,0,0
9606.ENSP00000284617,5.9,4,1,1,1,0,0,0
9606.ENSP00000284629,0,0,0,0,1,0,0,0
9606.ENSP00000284637,5.7,10.5,1,1,0,1,0,0
9606.ENSP00000359488,0.1,0.2,1,1,1,0,0,0
9606.ENSP00000357858,284.6,41.7,1,1,1,0,0,0
9606.ENSP00000284674,0,0,0,0,1,0,0,0
9606.ENSP00000391504,0.2,0.6,1,1,1,0,0,0
9606.ENSP00000357798,0.3,0,1,0,0.25,0.25,0.25,0.25
9606.ENSP00000284694,0,0,0,0,1,0,0,0
9606.ENSP00000359333,19.9,12.4,1,1,0,0,1,0
9606.ENSP00000284727,763.2,1093.9,1,1,0.25,0.25,0.25,0.25
9606.ENSP00000478671,2.3,5,1,1,0.25,0.25,0.25,0.25
9606.ENSP00000472118,5.2,0,1,0,0.25,0.25,0.25,0.25
9606.ENSP00000414302,0.8,0.7,1,1,1,0,0,0
9606.ENSP00000284770,4.2,1,1,1,1,0,0,0
9606.ENSP00000347852,25.5,168.6,1,1,0.25,0.25,0.25,0.25
9606.ENSP00000478121,177,232.2,1,1,0.25,0.25,0.25,0.25
9606.ENSP00000284818,2,2.9,1,1,0.25,0.25,0.25,0.25
9606.ENSP00000311121,0,0,0,0,0.25,0.25,0.25,0.25
9606.ENSP00000284878,69.1,104.9,1,1,0,0,1,0
9606.ENSP00000344609,29.6,7,1,1,0,1,0,0
9606.ENSP00000284881,5.3,7.6,1,1,0,0,1,0
9606.ENSP00000299295,0,0,0,0,1,0,0,0
9606.ENSP00000284885,0,0,0,0,1,0,0,0
9606.ENSP00000383392,0,0.1,0,1,1,0,0,0
9606.ENSP00000382976,6,10,1,1,1,0,0,0
9606.ENSP00000379496,0,0,0,0,0.25,0.25,0.25,0.25
9606.ENSP00000370208,13.1,9.7,1,1,0.25,0.25,0.25,0.25
9606.ENSP00000305682,85.5,25.1,1,1,1,0,0,0
9606.ENSP00000383376,0.1,0.4,1,1,0.25,0.25,0.25,0.25
9606.ENSP00000389649,484.6,2016.3,1,1,0,0,0,1
9606.ENSP00000346886,10.2,16.4,1,1,1,0,0,0
9606.ENSP00000284984,0.1,2.4,1,1,1,0,0,0
9606.ENSP00000284987,0,0,0,0,1,0,0,0
9606.ENSP00000284995,5,5.7,1,1,1,0,0,0
9606.ENSP00000285013,0.1,1,1,1,1,0,0,0
9606.ENSP00000285018,0,0,0,0,1,0,0,0
9606.ENSP00000285021,24.5,40,1,1,0,0,1,0
9606.ENSP00000373304,7.6,36,1,1,0,0,1,0
9606.ENSP00000285046,0.1,0.4,1,1,0,1,0,0
9606.ENSP00000285071,16.1,18.3,1,1,0,0,1,0
9606.ENSP00000419599,20.1,49.9,1,1,1,0,0,0
9606.ENSP00000285083,11.2,25.6,1,1,1,0,0,0
9606.ENSP00000478458,0,4.9,0,1,1,0,0,0
9606.ENSP00000390475,37.1,11,1,1,0,0,1,0
9606.ENSP00000285116,12.2,0.1,1,1,0,0,0,1
9606.ENSP00000383402,40.8,10.2,1,1,1,0,0,0
9606.ENSP00000347433,0.6,0.1,1,1,0.25,0.25,0.25,0.25
9606.ENSP00000421377,11.6,6,1,1,1,0,0,0
9606.ENSP00000465894,5.1,24,1,1,0,0,0,1
9606.ENSP00000285199,0.7,10.7,1,1,0,0,1,0
9606.ENSP00000285208,0.6,0,1,0,1,0,0,0
9606.ENSP00000376952,14.4,0.3,1,1,0,0,1,0
9606.ENSP00000381097,0.1,4.3,1,1,1,0,0,0
9606.ENSP00000316924,34.6,3.5,1,1,1,0,0,0
9606.ENSP00000285243,42.3,22.4,1,1,1,0,0,0
9606.ENSP00000315664,3.7,2.7,1,1,0,0,0,1
9606.ENSP00000405388,0,0,0,0,1,0,0,0
9606.ENSP00000285279,53.2,21.2,1,1,0.25,0.25,0.25,0.25
9606.ENSP00000373627,2.4,0,1,0,1,0,0,0
9606.ENSP00000362268,7.8,49.9,1,1,0,0,1,0
9606.ENSP00000285311,0,0,0,0,1,0,0,0
9606.ENSP00000333212,1.6,5.2,1,1,1,0,0,0
9606.ENSP00000385443,0.2,0,1,0,1,0,0,0
9606.ENSP00000371805,4.8,7.4,1,1,0.25,0.25,0.25,0.25
9606.ENSP00000399013,0,0,0,0,0.25,0.25,0.25,0.25
9606.ENSP00000318270,0,0,0,0,1,0,0,0
9606.ENSP00000410186,3.4,1.4,1,1,0,0,0,1
9606.ENSP00000285402,0,0,0,0,1,0,0,0
9606.ENSP00000285407,22.8,43.7,1,1,0.25,0.25,0.25,0.25
9606.ENSP00000374069,11.1,1.2,1,1,1,0,0,0
9606.ENSP00000337180,69.7,61.5,1,1,0,0,0,1
9606.ENSP00000379203,30.6,15.6,1,1,1,0,0,0
9606.ENSP00000285419,1.7,1.4,1,1,1,0,0,0
9606.ENSP00000285420,7.1,10.4,1,1,0,1,0,0
9606.ENSP00000357907,10.7,11.2,1,1,0,0,1,0
9606.ENSP00000357863,292,111.4,1,1,0,0,1,0
9606.ENSP00000422496,5.2,10.1,1,1,0.25,0.25,0.25,0.25
9606.ENSP00000285518,8.6,47.7,1,1,1,0,0,0
9606.ENSP00000412698,44.6,11.2,1,1,1,0,0,0
9606.ENSP00000285600,0,0,0,0,0.25,0.25,0.25,0.25
9606.ENSP00000359665,17.2,9.1,1,1,0,1,0,0
9606.ENSP00000441365,0,0.4,0,1,0.25,0.25,0.25,0.25
9606.ENSP00000377282,17.7,7.6,1,1,0,0,1,0
9606.ENSP00000359634,0,0.2,0,1,0,0,1,0
9606.ENSP00000371927,0,0,0,0,0.25,0.25,0.25,0.25
9606.ENSP00000374387,5.1,3,1,1,0.25,0.25,0.25,0.25
9606.ENSP00000359526,19.4,18.2,1,1,0.25,0.25,0.25,0.25
9606.ENSP00000285667,27.2,9.4,1,1,0,0,1,0
9606.ENSP00000285670,0,2.3,0,1,0,1,0,0
9606.ENSP00000383044,15.4,16.9,1,1,0,0,1,0
9606.ENSP00000426120,5.5,19,1,1,0,1,0,0
9606.ENSP00000423276,54.4,74.7,1,1,1,0,0,0
9606.ENSP00000285697,7.4,47.5,1,1,1,0,0,0
9606.ENSP00000399797,36.1,14.5,1,1,0.25,0.25,0.25,0.25
9606.ENSP00000285735,160.4,61.6,1,1,1,0,0,0
9606.ENSP00000308926,0.2,0.1,1,1,1,0,0,0
9606.ENSP00000439012,867,2831.9,1,1,0,0,0,1
9606.ENSP00000441065,111.8,34,1,1,0,0,1,0
9606.ENSP00000299192,21.2,9.2,1,1,1,0,0,0
9606.ENSP00000285805,2,0,1,0,0.25,0.25,0.25,0.25
9606.ENSP00000285814,88.6,39.3,1,1,0,1,0,0
9606.ENSP00000483491,350.8,99.6,1,1,1,0,0,0
9606.ENSP00000380666,2.7,1.5,1,1,1,0,0,0
9606.ENSP00000285879,0,0,0,0,1,0,0,0
9606.ENSP00000336721,105.3,56.4,1,1,0,1,0,0
9606.ENSP00000430493,59.1,10.8,1,1,0,0,1,0
9606.ENSP00000428994,0,0,0,0,1,0,0,0
9606.ENSP00000285928,0,0.4,0,1,0.25,0.25,0.25,0.25
9606.ENSP00000285947,5.3,35.1,1,1,0.25,0.25,0.25,0.25
9606.ENSP00000370596,11.3,8.6,1,1,1,0,0,0
9606.ENSP00000285968,28.8,8.8,1,1,0.25,0.25,0.25,0.25
9606.ENSP00000331626,8,3.2,1,1,0.25,0.25,0.25,0.25
9606.ENSP00000334289,12.8,11.8,1,1,0,1,0,0
9606.ENSP00000286049,0,0,0,0,1,0,0,0
9606.ENSP00000339826,2.9,64.6,1,1,0,1,0,0
9606.ENSP00000286070,12.6,3.8,1,1,0,0,1,0
9606.ENSP00000467141,0.4,0.2,1,1,1,0,0,0
9606.ENSP00000363869,0,2.7,0,1,1,0,0,0
9606.ENSP00000286091,503.6,459.8,1,1,0,0,1,0
9606.ENSP00000398410,5.8,59.3,1,1,0,0,1,0
9606.ENSP00000441685,0,0,0,0,0.25,0.25,0.25,0.25
9606.ENSP00000373610,0,0.1,0,1,1,0,0,0
9606.ENSP00000352941,5.4,10,1,1,1,0,0,0
9606.ENSP00000393667,6,17.2,1,1,1,0,0,0
9606.ENSP00000385098,0.4,0.1,1,1,0.25,0.25,0.25,0.25
9606.ENSP00000409937,0,0,0,0,0.25,0.25,0.25,0.25
9606.ENSP00000386264,13.8,2.3,1,1,1,0,0,0
9606.ENSP00000286201,1.9,0.2,1,1,0,0,1,0
9606.ENSP00000337804,0,0,0,0,1,0,0,0
9606.ENSP00000286234,0.9,15.4,1,1,0,0,1,0
9606.ENSP00000318884,0,0,0,0,0.25,0.25,0.25,0.25
9606.ENSP00000373772,41.8,16.1,1,1,0,1,0,0
9606.ENSP00000420256,0,0,0,0,0.25,0.25,0.25,0.25
9606.ENSP00000312649,1.2,3.3,1,1,0.25,0.25,0.25,0.25
9606.ENSP00000312185,0,13.8,0,1,0.25,0.25,0.25,0.25
9606.ENSP00000286298,5.1,1.5,1,1,1,0,0,0
9606.ENSP00000286307,4.8,1.9,1,1,1,0,0,0
9606.ENSP00000286317,10.9,10.9,1,1,0.25,0.25,0.25,0.25
9606.ENSP00000369907,0,0.8,0,1,1,0,0,0
9606.ENSP00000369899,124.1,70.2,1,1,0,1,0,0
9606.ENSP00000344801,0,0,0,0,0.25,0.25,0.25,0.25
9606.ENSP00000286349,0,0,0,0,0.25,0.25,0.25,0.25
9606.ENSP00000286353,9.3,2.2,1,1,0,0,1,0
9606.ENSP00000286355,0,0,0,0,0,0,1,0
9606.ENSP00000286364,3.9,10.1,1,1,0,0,0,1
9606.ENSP00000356272,42.2,20.4,1,1,0,0,0,1
9606.ENSP00000356310,0,0,0,0,0.25,0.25,0.25,0.25
9606.ENSP00000394049,0,2.2,0,1,1,0,0,0
9606.ENSP00000286424,44.8,216.6,1,1,0.25,0.25,0.25,0.25
9606.ENSP00000286428,52.5,31.3,1,1,0,0,1,0
9606.ENSP00000358466,0,0,0,0,1,0,0,0
9606.ENSP00000358460,0,1.1,0,1,1,0,0,0
9606.ENSP00000359489,0,0,0,0,1,0,0,0
9606.ENSP00000321455,2.4,13.1,1,1,1,0,0,0
9606.ENSP00000381098,0.1,0,1,0,1,0,0,0
9606.ENSP00000318629,17.4,19.7,1,1,0,1,0,0
9606.ENSP00000408979,8.4,0,1,0,1,0,0,0
9606.ENSP00000286479,0.2,63.2,1,1,0,0,0,1
9606.ENSP00000438293,0,0,0,0,1,0,0,0
9606.ENSP00000324127,2.9,38.9,1,1,1,0,0,0
9606.ENSP00000366030,18.1,24.1,1,1,0,1,0,0
9606.ENSP00000362144,20.6,6.7,1,1,0,1,0,0
9606.ENSP00000286523,5.8,16.5,1,1,0,1,0,0
9606.ENSP00000310829,0.8,2.3,1,1,1,0,0,0
9606.ENSP00000365807,0,1.5,0,1,1,0,0,0
9606.ENSP00000286544,1.8,1.8,1,1,0,0,1,0
9606.ENSP00000286548,16.5,52.5,1,1,1,0,0,0
9606.ENSP00000286574,0,0,0,0,0.25,0.25,0.25,0.25
9606.ENSP00000305221,2.2,816.6,1,1,0,0,1,0
9606.ENSP00000432456,0,0,0,0,1,0,0,0
9606.ENSP00000286614,0,0,0,0,1,0,0,0
9606.ENSP00000286621,99,148.5,1,1,0,0,1,0
9606.ENSP00000286628,0,24.8,0,1,0,1,0,0
9606.ENSP00000286639,1.2,1.1,1,1,0,1,0,0
9606.ENSP00000286648,20.9,7.4,1,1,1,0,0,0
9606.ENSP00000286657,0,0,0,0,0.25,0.25,0.25,0.25
9606.ENSP00000358807,2.1,0,1,0,0.25,0.25,0.25,0.25
9606.ENSP00000389630,11.7,20.3,1,1,0,0,1,0
9606.ENSP00000379430,6.2,30.3,1,1,0,0,0,1
9606.ENSP00000286692,16.6,33.2,1,1,0,0,1,0
9606.ENSP00000286688,2.1,2.9,1,1,0,1,0,0
9606.ENSP00000286719,0,0,0,0,0.25,0.25,0.25,0.25
9606.ENSP00000286732,0.1,0.1,1,1,1,0,0,0
9606.ENSP00000286744,0,8.6,0,1,0.25,0.25,0.25,0.25
9606.ENSP00000348064,0,0,0,0,1,0,0,0
9606.ENSP00000378074,1.5,35.3,1,1,1,0,0,0
9606.ENSP00000286760,4.5,10,1,1,1,0,0,0
9606.ENSP00000286758,0,16.2,0,1,1,0,0,0
9606.ENSP00000303584,3.3,4.6,1,1,1,0,0,0
9606.ENSP00000418693,0.9,24.2,1,1,0.25,0.25,0.25,0.25
9606.ENSP00000334808,31.9,98.8,1,1,1,0,0,0
9606.ENSP00000286788,328,64.3,1,1,0,1,0,0
9606.ENSP00000382828,1,6.1,1,1,1,0,0,0
9606.ENSP00000286794,0.1,0,1,0,1,0,0,0
9606.ENSP00000382805,18.7,23.7,1,1,1,0,0,0
9606.ENSP00000286808,0,0,0,0,1,0,0,0
9606.ENSP00000382783,0,0,0,0,1,0,0,0
9606.ENSP00000367743,77.2,4.2,1,1,1,0,0,0
9606.ENSP00000286827,0.1,4.2,1,1,0,0,1,0
9606.ENSP00000286835,31.5,17.8,1,1,0,0,1,0
9606.ENSP00000367766,7.1,6.4,1,1,0,0,0,1
9606.ENSP00000322343,0,0.9,0,1,0,0,1,0
9606.ENSP00000358862,17.6,14.1,1,1,0.25,0.25,0.25,0.25
9606.ENSP00000286918,7.2,12.1,1,1,1,0,0,0
9606.ENSP00000358742,5.9,2.3,1,1,0.25,0.25,0.25,0.25
9606.ENSP00000358715,0,0,0,0,0.25,0.25,0.25,0.25
9606.ENSP00000358909,5,21.4,1,1,0,1,0,0
9606.ENSP00000401770,303.5,1362.6,1,1,0,0,0,1
9606.ENSP00000313398,12.9,8.1,1,1,1,0,0,0
9606.ENSP00000387303,0,0,0,0,0.25,0.25,0.25,0.25
9606.ENSP00000274625,0,0,0,0,0.25,0.25,0.25,0.25
9606.ENSP00000287008,0.4,23.6,1,1,0,1,0,0
9606.ENSP00000424497,6.5,11.1,1,1,0,1,0,0
9606.ENSP00000287020,0,0,0,0,0.25,0.25,0.25,0.25
9606.ENSP00000430494,307.7,1355.2,1,1,0,0,0,1
9606.ENSP00000287025,18.4,8.8,1,1,0.25,0.25,0.25,0.25
9606.ENSP00000430548,5.5,27.5,1,1,0.25,0.25,0.25,0.25
9606.ENSP00000377936,0.3,0,1,0,1,0,0,0
9606.ENSP00000428085,3665.6,2621.7,1,1,0,1,0,0
9606.ENSP00000287042,0,0,0,0,0.25,0.25,0.25,0.25
9606.ENSP00000359820,1,1.5,1,1,0,0,1,0
9606.ENSP00000352678,25.5,11.6,1,1,0,0,0,1
9606.ENSP00000419592,11.5,5.6,1,1,0,0,1,0
9606.ENSP00000339063,13399.8,3520.2,1,1,0,0,1,0
9606.ENSP00000403293,0.3,0,1,0,0.25,0.25,0.25,0.25
9606.ENSP00000346643,23.5,0.2,1,1,1,0,0,0
9606.ENSP00000402103,0.9,0.6,1,1,0,1,0,0
9606.ENSP00000287078,4.8,13.6,1,1,1,0,0,0
9606.ENSP00000329097,13.4,14.4,1,1,1,0,0,0
9606.ENSP00000287097,3.6,0,1,0,1,0,0,0
9606.ENSP00000345985,0,0,0,0,1,0,0,0
9606.ENSP00000287139,0.1,0,1,0,0.25,0.25,0.25,0.25
9606.ENSP00000287143,0,0,0,0,1,0,0,0
9606.ENSP00000287156,33.4,46.8,1,1,0,0,1,0
9606.ENSP00000287169,45.8,13,1,1,0,0,1,0
9606.ENSP00000337340,15.2,33.7,1,1,0,1,0,0
9606.ENSP00000287218,64.3,46.3,1,1,1,0,0,0
9606.ENSP00000290401,122.6,37.8,1,1,1,0,0,0
9606.ENSP00000287239,4.5,21,1,1,0,1,0,0
9606.ENSP00000438042,7.2,9,1,1,0.25,0.25,0.25,0.25
9606.ENSP00000331342,14.4,14.2,1,1,0,1,0,0
9606.ENSP00000385143,0,0,0,0,0.25,0.25,0.25,0.25
9606.ENSP00000287275,0,0,0,0,1,0,0,0
9606.ENSP00000377944,25.3,6.8,1,1,1,0,0,0
9606.ENSP00000287295,73,99.7,1,1,0,0,1,0
9606.ENSP00000211287,19.8,0.7,1,1,0,1,0,0
9606.ENSP00000287322,23.4,25.7,1,1,0,0,1,0
9606.ENSP00000433277,0,0,0,0,1,0,0,0
9606.ENSP00000287380,10.9,1.9,1,1,1,0,0,0
9606.ENSP00000287387,18.8,8.5,1,1,0,1,0,0
9606.ENSP00000287394,64.1,11.7,1,1,1,0,0,0
9606.ENSP00000428205,0.1,3.2,1,1,0.25,0.25,0.25,0.25
9606.ENSP00000287437,31.1,17.7,1,1,0,0,1,0
9606.ENSP00000287461,16.2,6.2,1,1,0,1,0,0
9606.ENSP00000441641,24.2,10.7,1,1,0.25,0.25,0.25,0.25
9606.ENSP00000348489,30.6,7,1,1,0,0,1,0
9606.ENSP00000287474,8.2,46,1,1,0,0,1,0
9606.ENSP00000455607,36,23,1,1,0.25,0.25,0.25,0.25
9606.ENSP00000359171,35.7,2.4,1,1,0,0,1,0
9606.ENSP00000287482,9.2,2.3,1,1,0,0,1,0
9606.ENSP00000287490,0,72.9,0,1,0.25,0.25,0.25,0.25
9606.ENSP00000373854,0,0.2,0,1,0.25,0.25,0.25,0.25
9606.ENSP00000377699,0,0.1,0,1,0.25,0.25,0.25,0.25
9606.ENSP00000287538,0.1,0,1,0,0.25,0.25,0.25,0.25
9606.ENSP00000419370,22.1,129.1,1,1,0,0,1,0
9606.ENSP00000404704,9.5,8.3,1,1,1,0,0,0
9606.ENSP00000453129,15.2,21.3,1,1,0,1,0,0
9606.ENSP00000287585,0.1,0.1,1,1,0.25,0.25,0.25,0.25
9606.ENSP00000287590,0.6,0.1,1,1,1,0,0,0
9606.ENSP00000379669,4.4,26,1,1,0,0,1,0
9606.ENSP00000287598,37.5,0.3,1,1,0.25,0.25,0.25,0.25
9606.ENSP00000287600,14.1,5,1,1,0,0,1,0
9606.ENSP00000326381,212.9,139.6,1,1,0,1,0,0
9606.ENSP00000373340,10.7,3.5,1,1,1,0,0,0
9606.ENSP00000373331,44.8,33.9,1,1,0,0,1,0
9606.ENSP00000287641,0,0,0,0,1,0,0,0
9606.ENSP00000287652,24,9.5,1,1,0,1,0,0
9606.ENSP00000335074,4.4,0.1,1,1,1,0,0,0
9606.ENSP00000373312,377.1,63.2,1,1,1,0,0,0
9606.ENSP00000287675,6.4,5.4,1,1,0,1,0,0
9606.ENSP00000287706,2.7,25.9,1,1,0.25,0.25,0.25,0.25
9606.ENSP00000356518,0,0,0,0,1,0,0,0
9606.ENSP00000287713,0,0,0,0,1,0,0,0
9606.ENSP00000287727,11.4,8.2,1,1,1,0,0,0
9606.ENSP00000353414,2.8,21.2,1,1,1,0,0,0
9606.ENSP00000287748,0,0,0,0,1,0,0,0
9606.ENSP00000287766,0.7,27,1,1,1,0,0,0
9606.ENSP00000402515,31.8,37.2,1,1,0,0,1,0
9606.ENSP00000393776,7.5,12.5,1,1,1,0,0,0
9606.ENSP00000340176,77.6,54.4,1,1,0,1,0,0
9606.ENSP00000415030,0,0.8,0,1,0,0,1,0
9606.ENSP00000287777,0,0,0,0,1,0,0,0
9606.ENSP00000354458,12.3,260.8,1,1,0.25,0.25,0.25,0.25
9606.ENSP00000287814,0.5,0,1,0,0.25,0.25,0.25,0.25
9606.ENSP00000480050,0,0,0,0,0.25,0.25,0.25,0.25
9606.ENSP00000384620,1.1,6.4,1,1,1,0,0,0
9606.ENSP00000287859,13.9,21.2,1,1,0,1,0,0
9606.ENSP00000360541,11.4,87.5,1,1,0,0,1,0
9606.ENSP00000391942,42.4,10.5,1,1,1,0,0,0
9606.ENSP00000303634,16.7,0.1,1,1,1,0,0,0
9606.ENSP00000360381,0,0,0,0,0.25,0.25,0.25,0.25
9606.ENSP00000384048,16.2,7.6,1,1,1,0,0,0
9606.ENSP00000378119,2,4.5,1,1,0,0,1,0
9606.ENSP00000360371,25.9,89.9,1,1,0.25,0.25,0.25,0.25
9606.ENSP00000287907,0,0,0,0,1,0,0,0
9606.ENSP00000287916,33,38,1,1,0,1,0,0
9606.ENSP00000308208,6.7,3.2,1,1,0,0,1,0
9606.ENSP00000287934,1.2,0.9,1,1,0,0,0,1
9606.ENSP00000287957,14.3,19,1,1,0.25,0.25,0.25,0.25
9606.ENSP00000364621,4.5,71.7,1,1,0,1,0,0
9606.ENSP00000288025,14.8,4,1,1,1,0,0,0
9606.ENSP00000484176,0.3,0,1,0,0.25,0.25,0.25,0.25
9606.ENSP00000326219,60.3,79.1,1,1,0,0,1,0
9606.ENSP00000477802,0,0.1,0,1,0.25,0.25,0.25,0.25
9606.ENSP00000477846,0.1,0,1,0,0.25,0.25,0.25,0.25
9606.ENSP00000288065,0.1,2.9,1,1,1,0,0,0
9606.ENSP00000288071,57.1,20.3,1,1,0,0,0,1
9606.ENSP00000377257,10,11.9,1,1,1,0,0,0
9606.ENSP00000288078,5.8,7.2,1,1,1,0,0,0
9606.ENSP00000397863,2.4,0.1,1,1,0.25,0.25,0.25,0.25
9606.ENSP00000288111,32.3,112.5,1,1,0,0,0,1
9606.ENSP00000288139,0,3.4,0,1,0,0,1,0
9606.ENSP00000441417,75.7,65.7,1,1,1,0,0,0
9606.ENSP00000288135,0,0,0,0,1,0,0,0
9606.ENSP00000377197,0.1,0,1,0,1,0,0,0
9606.ENSP00000205214,5.6,22,1,1,0,0,0,1
9606.ENSP00000288177,3,3.8,1,1,0,0,1,0
9606.ENSP00000419101,0,0,0,0,0.25,0.25,0.25,0.25
9606.ENSP00000453872,11.1,8.9,1,1,0,0,0,1
9606.ENSP00000288207,92.7,1.1,1,1,1,0,0,0
9606.ENSP00000288228,0.5,0.1,1,1,1,0,0,0
9606.ENSP00000288235,37.6,10.9,1,1,0,1,0,0
9606.ENSP00000288266,14.8,42,1,1,1,0,0,0
9606.ENSP00000338641,0,0,0,0,1,0,0,0
9606.ENSP00000296721,0.3,0.3,1,1,0.25,0.25,0.25,0.25
9606.ENSP00000361458,0.7,84.8,1,1,1,0,0,0
9606.ENSP00000311399,23.7,22.4,1,1,0,0,1,0
9606.ENSP00000381932,15.6,17.6,1,1,1,0,0,0
9606.ENSP00000477437,0,0.1,0,1,0.25,0.25,0.25,0.25
9606.ENSP00000331698,0.1,0.3,1,1,0,1,0,0
9606.ENSP00000414150,0,0.5,0,1,0,0,1,0
9606.ENSP00000353344,73.5,243.5,1,1,0.25,0.25,0.25,0.25
9606.ENSP00000339820,0,0.5,0,1,0.25,0.25,0.25,0.25
9606.ENSP00000351008,0.1,1.5,1,1,1,0,0,0
9606.ENSP00000377401,80.9,15,1,1,1,0,0,0
9606.ENSP00000361143,7.7,1.5,1,1,0,0,1,0
9606.ENSP00000381601,2,4.6,1,1,0,0,1,0
9606.ENSP00000481956,0,0,0,0,0,0,1,0
9606.ENSP00000369853,7.3,4.1,1,1,0,1,0,0
9606.ENSP00000368215,40.3,21.7,1,1,0,1,0,0
9606.ENSP00000363891,66.1,62.8,1,1,0,0,1,0
9606.ENSP00000288462,0.2,0.8,1,1,0.25,0.25,0.25,0.25
9606.ENSP00000363654,12.7,82.6,1,1,0.25,0.25,0.25,0.25
9606.ENSP00000288466,0.2,7.6,1,1,0.25,0.25,0.25,0.25
9606.ENSP00000288490,0,0,0,0,0.25,0.25,0.25,0.25
9606.ENSP00000288502,3.7,4.4,1,1,0,0,1,0
9606.ENSP00000405482,0.1,0.1,1,1,0.25,0.25,0.25,0.25
9606.ENSP00000323435,1.6,1.3,1,1,0.25,0.25,0.25,0.25
9606.ENSP00000418648,3.8,16.7,1,1,1,0,0,0
9606.ENSP00000288602,5.5,11.7,1,1,1,0,0,0
9606.ENSP00000371483,0.2,0,1,0,1,0,0,0
9606.ENSP00000387356,0,0,0,0,1,0,0,0
9606.ENSP00000288607,56.4,37,1,1,0,0,1,0
9606.ENSP00000317310,0,0,0,0,0,0,1,0
9606.ENSP00000382717,5.6,7.4,1,1,0,0,0,1
9606.ENSP00000321498,20,6.1,1,1,0.25,0.25,0.25,0.25
9606.ENSP00000338777,42.8,15.9,1,1,1,0,0,0
9606.ENSP00000288670,62.9,1.1,1,1,1,0,0,0
9606.ENSP00000384593,0.8,0,1,0,0.25,0.25,0.25,0.25
9606.ENSP00000288680,24.6,29.1,1,1,0,0,1,0
9606.ENSP00000288699,0.3,0.2,1,1,1,0,0,0
9606.ENSP00000288710,0,0,0,0,0.25,0.25,0.25,0.25
9606.ENSP00000328551,12.1,6.2,1,1,1,0,0,0
9606.ENSP00000413218,21,4,1,1,0,0,1,0
9606.ENSP00000347948,2,18.4,1,1,0,1,0,0
9606.ENSP00000367727,4.4,5.9,1,1,0.25,0.25,0.25,0.25
9606.ENSP00000288861,0,0,0,0,0.25,0.25,0.25,0.25
9606.ENSP00000386908,0,0,0,0,0.25,0.25,0.25,0.25
9606.ENSP00000437803,16.5,13,1,1,0,0,1,0
9606.ENSP00000288774,51.1,9.3,1,1,1,0,0,0
9606.ENSP00000475168,155.5,226,1,1,0,0,1,0
9606.ENSP00000382492,0.1,0,1,0,1,0,0,0
9606.ENSP00000367797,25.5,20.6,1,1,1,0,0,0
9606.ENSP00000288828,50.9,56.9,1,1,1,0,0,0
9606.ENSP00000363458,13.8,23.8,1,1,1,0,0,0
9606.ENSP00000307634,14.2,5,1,1,0.25,0.25,0.25,0.25
9606.ENSP00000442400,3.1,17.2,1,1,1,0,0,0
9606.ENSP00000386502,0.6,0.1,1,1,0.25,0.25,0.25,0.25
9606.ENSP00000363400,8.3,18.4,1,1,0,0,1,0
9606.ENSP00000363398,0.1,0,1,0,0,1,0,0
9606.ENSP00000363394,0,0,0,0,0.25,0.25,0.25,0.25
9606.ENSP00000343412,40.8,21.2,1,1,0,1,0,0
9606.ENSP00000363390,0,0,0,0,0.25,0.25,0.25,0.25
9606.ENSP00000288912,0.3,2.4,1,1,0,0,1,0
9606.ENSP00000288937,56.3,37.7,1,1,0,0,1,0
9606.ENSP00000288943,0,4.5,0,1,0.25,0.25,0.25,0.25
9606.ENSP00000288955,0,0.5,0,1,0,1,0,0
9606.ENSP00000363339,11,2.4,1,1,0,1,0,0
9606.ENSP00000299481,0,0.1,0,1,1,0,0,0
9606.ENSP00000477817,2.9,1.5,1,1,0,0,1,0
9606.ENSP00000314500,0,1.4,0,1,0.25,0.25,0.25,0.25
9606.ENSP00000417273,23.7,35.1,1,1,0,0,1,0
9606.ENSP00000289004,364,1601.8,1,1,0,0,0,1
9606.ENSP00000289013,0.3,0.6,1,1,1,0,0,0
9606.ENSP00000367595,47,66.3,1,1,0.25,0.25,0.25,0.25
9606.ENSP00000344233,0.1,0.2,1,1,0.25,0.25,0.25,0.25
9606.ENSP00000364382,8.4,12.5,1,1,0,0,0,1
9606.ENSP00000368727,0,41.8,0,1,1,0,0,0
9606.ENSP00000362991,14.4,3.8,1,1,0.25,0.25,0.25,0.25
9606.ENSP00000366275,8.7,2.5,1,1,1,0,0,0
9606.ENSP00000362978,10,8.8,1,1,0.25,0.25,0.25,0.25
9606.ENSP00000332148,1,0,1,0,1,0,0,0
9606.ENSP00000289373,0.2,0,1,0,0.25,0.25,0.25,0.25
9606.ENSP00000289081,9.3,39,1,1,0,0,1,0
9606.ENSP00000289104,18,2.3,1,1,0,0,0,1
9606.ENSP00000483313,35.6,43,1,1,0,0,1,0
9606.ENSP00000289119,35.5,28.3,1,1,1,0,0,0
9606.ENSP00000374218,0.7,0,1,0,1,0,0,0
9606.ENSP00000342805,32.8,9.2,1,1,0,0,1,0
9606.ENSP00000289166,1.6,0.1,1,1,0.25,0.25,0.25,0.25
9606.ENSP00000402460,0,0,0,0,1,0,0,0
9606.ENSP00000383115,0,0.4,0,1,1,0,0,0
9606.ENSP00000367173,2.4,2.5,1,1,0.25,0.25,0.25,0.25
9606.ENSP00000384109,22.8,15,1,1,0,1,0,0
9606.ENSP00000367125,0.4,31.7,1,1,1,0,0,0
9606.ENSP00000279027,89.2,18,1,1,1,0,0,0
9606.ENSP00000437872,0.6,6.9,1,1,1,0,0,0
9606.ENSP00000289248,7.1,0,1,0,1,0,0,0
9606.ENSP00000344087,0.4,25.6,1,1,0,1,0,0
9606.ENSP00000365188,0.2,0.4,1,1,0,0,1,0
9606.ENSP00000289316,13.4,32.1,1,1,0,0,0,1
9606.ENSP00000321656,21.6,0.4,1,1,1,0,0,0
9606.ENSP00000244537,3.5,0.4,1,1,0,0,1,0
9606.ENSP00000289359,36.9,37.2,1,1,0,1,0,0
9606.ENSP00000289371,131,518.1,1,1,0,0,0,1
9606.ENSP00000364476,0.5,0.6,1,1,0.25,0.25,0.25,0.25
9606.ENSP00000472749,0,0,0,0,0.25,0.25,0.25,0.25
9606.ENSP00000289388,0.1,0.2,1,1,1,0,0,0
9606.ENSP00000289382,100.3,31.2,1,1,1,0,0,0
9606.ENSP00000360806,0,5.1,0,1,1,0,0,0
9606.ENSP00000483872,9.2,16,1,1,1,0,0,0
9606.ENSP00000354910,0,0,0,0,1,0,0,0
9606.ENSP00000315931,8.1,5,1,1,1,0,0,0
9606.ENSP00000360776,39.4,20.6,1,1,0.25,0.25,0.25,0.25
9606.ENSP00000357153,0,4.7,0,1,1,0,0,0
9606.ENSP00000289429,0,0,0,0,1,0,0,0
9606.ENSP00000416799,16.6,7,1,1,0,0,1,0
9606.ENSP00000357152,0,0,0,0,0.25,0.25,0.25,0.25
9606.ENSP00000357150,0,0,0,0,0,0,1,0
9606.ENSP00000261383,0,0,0,0,0.25,0.25,0.25,0.25
9606.ENSP00000357149,0,0,0,0,0,1,0,0
9606.ENSP00000289448,0,0,0,0,0.25,0.25,0.25,0.25
9606.ENSP00000222481,0,0,0,0,1,0,0,0
9606.ENSP00000289473,0.6,0.1,1,1,1,0,0,0
9606.ENSP00000420237,0.7,0,1,0,0.25,0.25,0.25,0.25
9606.ENSP00000364293,23,27.4,1,1,1,0,0,0
9606.ENSP00000405514,7.5,1.4,1,1,0,1,0,0
9606.ENSP00000416951,53.6,11.3,1,1,0,0,0,1
9606.ENSP00000289528,40.5,40.4,1,1,0,0,1,0
9606.ENSP00000392726,0,0,0,0,0.25,0.25,0.25,0.25
9606.ENSP00000337972,40.2,1.7,1,1,0,0,0,1
9606.ENSP00000320130,0.1,0.4,1,1,1,0,0,0
9606.ENSP00000364145,2.7,13.5,1,1,0.25,0.25,0.25,0.25
9606.ENSP00000332369,0.1,0.7,1,1,0.25,0.25,0.25,0.25
9606.ENSP00000404042,68.8,56.6,1,1,0,0,1,0
9606.ENSP00000356156,18.4,38.6,1,1,0.25,0.25,0.25,0.25
9606.ENSP00000402346,19.2,4.4,1,1,0,0,1,0
9606.ENSP00000433205,8.2,7.1,1,1,0,1,0,0
9606.ENSP00000289619,0.1,4.8,1,1,1,0,0,0
9606.ENSP00000380184,26.7,57.3,1,1,0,1,0,0
9606.ENSP00000289672,0.6,0,1,0,0.25,0.25,0.25,0.25
9606.ENSP00000354305,3.9,0.6,1,1,0,1,0,0
9606.ENSP00000357076,49.9,64.5,1,1,1,0,0,0
9606.ENSP00000350681,11.5,25.7,1,1,0,1,0,0
9606.ENSP00000289707,0,0.2,0,1,1,0,0,0
9606.ENSP00000356113,5,6.5,1,1,1,0,0,0
9606.ENSP00000357087,0,260.9,0,1,0,0,1,0
9606.ENSP00000326095,22,3.1,1,1,0.25,0.25,0.25,0.25
9606.ENSP00000289749,41.9,0.7,1,1,0.25,0.25,0.25,0.25
9606.ENSP00000289753,0,0,0,0,1,0,0,0
9606.ENSP00000357008,0,0.2,0,1,1,0,0,0
9606.ENSP00000357005,48.5,57.1,1,1,0,0,1,0
9606.ENSP00000357000,18.1,0.1,1,1,0,1,0,0
9606.ENSP00000364243,0,0,0,0,0.25,0.25,0.25,0.25
9606.ENSP00000289805,20.9,6.6,1,1,0,0,1,0
9606.ENSP00000356988,18.8,69.4,1,1,0,0,1,0
9606.ENSP00000356985,22,10,1,1,0,0,1,0
9606.ENSP00000415836,5.8,9,1,1,0,1,0,0
9606.ENSP00000381032,38.4,0.5,1,1,1,0,0,0
9606.ENSP00000363680,14.2,1,1,1,0.25,0.25,0.25,0.25
9606.ENSP00000352414,0.8,0.1,1,1,1,0,0,0
9606.ENSP00000364220,0,0,0,0,1,0,0,0
9606.ENSP00000364212,20.4,136.8,1,1,0,1,0,0
9606.ENSP00000364204,15.6,100.7,1,1,0,0,1,0
9606.ENSP00000480428,35.7,11.5,1,1,1,0,0,0
9606.ENSP00000427866,95.6,12.6,1,1,0,1,0,0
9606.ENSP00000356975,1,1.2,1,1,0,1,0,0
9606.ENSP00000289921,4,11.6,1,1,0,0,1,0
9606.ENSP00000356972,141.1,231.4,1,1,0,0,1,0
9606.ENSP00000289932,5.2,0.4,1,1,0.25,0.25,0.25,0.25
9606.ENSP00000289902,10.4,18.2,1,1,1,0,0,0
9606.ENSP00000356969,16913.2,52487.7,1,1,1,0,0,0
9606.ENSP00000356967,21.2,5.8,1,1,1,0,0,0
9606.ENSP00000432943,24.7,1.6,1,1,1,0,0,0
9606.ENSP00000361735,0,0,0,0,1,0,0,0
9606.ENSP00000310670,176.7,8.3,1,1,0,0,1,0
9606.ENSP00000290015,0,0,0,0,1,0,0,0
9606.ENSP00000290039,0,1.4,0,1,0,0,1,0
9606.ENSP00000427421,22.1,38.9,1,1,1,0,0,0
9606.ENSP00000296859,8.7,4.3,1,1,0,0,1,0
9606.ENSP00000345259,29.1,39.9,1,1,1,0,0,0
9606.ENSP00000290130,45.5,6.8,1,1,1,0,0,0
9606.ENSP00000299626,58.1,41.2,1,1,0,0,0,1
9606.ENSP00000313034,54.2,98.5,1,1,0,0,1,0
9606.ENSP00000290155,48.9,20.5,1,1,1,0,0,0
9606.ENSP00000409667,2.8,3.4,1,1,1,0,0,0
9606.ENSP00000328992,17.4,9.4,1,1,0,0,0,1
9606.ENSP00000343957,20.8,15.4,1,1,0.25,0.25,0.25,0.25
9606.ENSP00000290208,101.9,15.8,1,1,0,0,1,0
9606.ENSP00000290219,22.9,27.8,1,1,0,0,1,0
9606.ENSP00000371253,76.7,18.1,1,1,0,1,0,0
9606.ENSP00000348984,93.7,342.3,1,1,0,0,1,0
9606.ENSP00000307143,35.9,4.6,1,1,1,0,0,0
9606.ENSP00000358142,2.3,0.1,1,1,1,0,0,0
9606.ENSP00000375829,78.3,7.5,1,1,0,1,0,0
9606.ENSP00000290271,0,0,0,0,1,0,0,0
9606.ENSP00000354488,0.8,0,1,0,1,0,0,0
9606.ENSP00000356275,52,30.1,1,1,1,0,0,0
9606.ENSP00000290294,0.2,0,1,0,0,1,0,0
9606.ENSP00000290295,0,0,0,0,1,0,0,0
9606.ENSP00000363770,0,5.5,0,1,1,0,0,0
9606.ENSP00000290310,0,0,0,0,1,0,0,0
9606.ENSP00000377033,633.3,569.5,1,1,0.25,0.25,0.25,0.25
9606.ENSP00000370527,26.4,184.6,1,1,1,0,0,0
9606.ENSP00000354201,94.1,27.4,1,1,1,0,0,0
9606.ENSP00000290363,0.1,4,1,1,0,1,0,0
9606.ENSP00000421380,105.5,78.1,1,1,0,0,1,0
9606.ENSP00000290332,0,0,0,0,1,0,0,0
9606.ENSP00000361392,0.8,1.7,1,1,0.25,0.25,0.25,0.25
9606.ENSP00000300305,9.6,3.8,1,1,1,0,0,0
9606.ENSP00000290341,94.1,0,1,0,1,0,0,0
9606.ENSP00000350005,5.4,0,1,0,1,0,0,0
9606.ENSP00000290349,45.6,336.8,1,1,0,0,0,1
9606.ENSP00000290354,0.2,0.3,1,1,0,0,1,0
9606.ENSP00000290374,0,0,0,0,0.25,0.25,0.25,0.25
9606.ENSP00000290378,0,0.1,0,1,1,0,0,0
9606.ENSP00000383333,10,15.6,1,1,0,0,1,0
9606.ENSP00000315700,12.7,0.5,1,1,1,0,0,0
9606.ENSP00000382090,1.9,18.9,1,1,0.25,0.25,0.25,0.25
9606.ENSP00000290399,0.5,0,1,0,0,0,1,0
9606.ENSP00000382071,7.1,16.1,1,1,0,0,1,0
9606.ENSP00000290438,0,0.5,0,1,1,0,0,0
9606.ENSP00000354080,0.3,1.4,1,1,1,0,0,0
9606.ENSP00000403323,3,2.4,1,1,1,0,0,0
9606.ENSP00000312250,29.1,19.6,1,1,0,1,0,0
9606.ENSP00000478828,83.1,781.7,1,1,0,0,1,0
9606.ENSP00000290472,0,0,0,0,0.25,0.25,0.25,0.25
9606.ENSP00000364597,0,0.9,0,1,1,0,0,0
9606.ENSP00000341785,90.5,59.8,1,1,0.25,0.25,0.25,0.25
9606.ENSP00000356218,21,37,1,1,0,0,1,0
9606.ENSP00000357879,309.4,145.4,1,1,0,1,0,0
9606.ENSP00000327214,26.2,3.3,1,1,0,0,0,1
9606.ENSP00000290536,0,0.1,0,1,0.25,0.25,0.25,0.25
9606.ENSP00000290541,404.5,164.4,1,1,0,0,1,0
9606.ENSP00000290552,0,0,0,0,0.25,0.25,0.25,0.25
9606.ENSP00000290551,17.6,4.7,1,1,1,0,0,0
9606.ENSP00000428864,0,6.7,0,1,0.25,0.25,0.25,0.25
9606.ENSP00000290573,66.3,0.3,1,1,1,0,0,0
9606.ENSP00000438615,3.2,1166.1,1,1,1,0,0,0
9606.ENSP00000290583,0.1,0,1,0,0,1,0,0
9606.ENSP00000364490,111.1,327.3,1,1,0,0,0,1
9606.ENSP00000290607,1.6,1.2,1,1,0,1,0,0
9606.ENSP00000357804,5.4,22,1,1,0,0,1,0
9606.ENSP00000480484,0,0.3,0,1,1,0,0,0
9606.ENSP00000357769,0,0,0,0,0.25,0.25,0.25,0.25
9606.ENSP00000290650,6.9,8,1,1,1,0,0,0
9606.ENSP00000290649,72.1,135.5,1,1,0,0,1,0
9606.ENSP00000290663,75.6,31.2,1,1,0,0,1,0
9606.ENSP00000389466,0,0,0,0,0.25,0.25,0.25,0.25
9606.ENSP00000290691,0.7,0.2,1,1,1,0,0,0
9606.ENSP00000357737,0,0,0,0,0.25,0.25,0.25,0.25
9606.ENSP00000290722,0,0,0,0,0.25,0.25,0.25,0.25
9606.ENSP00000290759,4.4,0,1,0,0.25,0.25,0.25,0.25
9606.ENSP00000443176,38.6,33.6,1,1,0,0,0,1
9606.ENSP00000432172,0,1.2,0,1,1,0,0,0
9606.ENSP00000347224,43.3,78.3,1,1,0,0,1,0
9606.ENSP00000351990,134.9,24.4,1,1,0,0,1,0
9606.ENSP00000361095,43.6,12.9,1,1,1,0,0,0
9606.ENSP00000342981,0,0,0,0,1,0,0,0
9606.ENSP00000353942,5.4,0,1,0,0.25,0.25,0.25,0.25
9606.ENSP00000290866,0,0.4,0,1,1,0,0,0
9606.ENSP00000290871,0,0.7,0,1,1,0,0,0
9606.ENSP00000373073,0.7,53.5,1,1,0,0,1,0
9606.ENSP00000361001,8.9,51.9,1,1,0,0,1,0
9606.ENSP00000483599,25.7,44.9,1,1,1,0,0,0
9606.ENSP00000290913,28.3,6.8,1,1,0,0,1,0
9606.ENSP00000290921,188.8,73.1,1,1,0,1,0,0
9606.ENSP00000329943,0,0,0,0,1,0,0,0
9606.ENSP00000462435,1.2,0.1,1,1,1,0,0,0
9606.ENSP00000340299,0.8,2.7,1,1,0,0,1,0
9606.ENSP00000290949,81.8,53.3,1,1,1,0,0,0
9606.ENSP00000290953,0.4,0,1,0,1,0,0,0
9606.ENSP00000290974,0.2,2.9,1,1,0,1,0,0
9606.ENSP00000334958,1.8,0,1,0,0,1,0,0
9606.ENSP00000384117,0,3,0,1,1,0,0,0
9606.ENSP00000291009,0,0,0,0,1,0,0,0
9606.ENSP00000410603,0,0,0,0,0.25,0.25,0.25,0.25
9606.ENSP00000339381,13.8,25.4,1,1,0.25,0.25,0.25,0.25
9606.ENSP00000291041,28.4,16.9,1,1,0,0,1,0
9606.ENSP00000324422,45.7,29.6,1,1,1,0,0,0
9606.ENSP00000303909,0.4,0.7,1,1,0,0,1,0
9606.ENSP00000367185,0,0,0,0,1,0,0,0
9606.ENSP00000249064,34.4,37.6,1,1,0,1,0,0
9606.ENSP00000409318,2.1,2.1,1,1,0.25,0.25,0.25,0.25
9606.ENSP00000414964,19.3,82.5,1,1,0.25,0.25,0.25,0.25
9606.ENSP00000375822,4.1,1.1,1,1,1,0,0,0
9606.ENSP00000341083,2.7,3.7,1,1,0.25,0.25,0.25,0.25
9606.ENSP00000251269,0.6,0.1,1,1,0.25,0.25,0.25,0.25
9606.ENSP00000375820,1.5,0,1,0,0.25,0.25,0.25,0.25
9606.ENSP00000291182,3.5,2,1,1,1,0,0,0
9606.ENSP00000379839,18.5,102,1,1,0,0,1,0
9606.ENSP00000291232,0.3,0.2,1,1,1,0,0,0
9606.ENSP00000291231,0,0.1,0,1,0.25,0.25,0.25,0.25
9606.ENSP00000385720,28.1,81.2,1,1,1,0,0,0
9606.ENSP00000291294,0,0.2,0,1,0.25,0.25,0.25,0.25
9606.ENSP00000291295,479,128.4,1,1,1,0,0,0
9606.ENSP00000366237,28.1,32.7,1,1,0,1,0,0
9606.ENSP00000413017,4.2,0.5,1,1,1,0,0,0
9606.ENSP00000442291,2.7,0.3,1,1,1,0,0,0
9606.ENSP00000309792,5.5,6.8,1,1,0,0,1,0
9606.ENSP00000344816,26.3,50.4,1,1,1,0,0,0
9606.ENSP00000362609,2.3,4.7,1,1,0,0,1,0
9606.ENSP00000311766,24.7,6.1,1,1,0,0,1,0
9606.ENSP00000291386,159,140.6,1,1,0,0,1,0
9606.ENSP00000383719,49.9,28.1,1,1,0.25,0.25,0.25,0.25
9606.ENSP00000446335,17,7.9,1,1,0.25,0.25,0.25,0.25
9606.ENSP00000362570,1,1.9,1,1,1,0,0,0
9606.ENSP00000402505,0,0.4,0,1,1,0,0,0
9606.ENSP00000291442,48.2,127.5,1,1,0.25,0.25,0.25,0.25
9606.ENSP00000377971,1.3,0.1,1,1,1,0,0,0
9606.ENSP00000291458,133,56.2,1,1,0,0,1,0
9606.ENSP00000333255,25.8,38.3,1,1,0.25,0.25,0.25,0.25
9606.ENSP00000240874,11.7,21.5,1,1,0,1,0,0
9606.ENSP00000291495,0.4,0,1,0,0.25,0.25,0.25,0.25
9606.ENSP00000354995,0,1.3,0,1,0,0,1,0
9606.ENSP00000430690,4.2,4.5,1,1,1,0,0,0
9606.ENSP00000291526,0,5.9,0,1,1,0,0,0
9606.ENSP00000291527,1.4,1.5,1,1,1,0,0,0
9606.ENSP00000291532,0.6,0,1,0,0.25,0.25,0.25,0.25
9606.ENSP00000317327,0,0,0,0,0.25,0.25,0.25,0.25
9606.ENSP00000291536,0.1,1.6,1,1,1,0,0,0
9606.ENSP00000344648,0.2,4.4,1,1,1,0,0,0
9606.ENSP00000291539,7.8,0.6,1,1,1,0,0,0
9606.ENSP00000381266,37.3,6.7,1,1,0.25,0.25,0.25,0.25
9606.ENSP00000346196,9.8,364.7,1,1,0,0,1,0
9606.ENSP00000291547,4.1,8.1,1,1,1,0,0,0
9606.ENSP00000381231,60,2.6,1,1,0,0,1,0
9606.ENSP00000291552,152.5,4.2,1,1,0,0,1,0
9606.ENSP00000291554,34.7,0,1,0,1,0,0,0
9606.ENSP00000291560,1.5,0.3,1,1,1,0,0,0
9606.ENSP00000339145,42.8,15.1,1,1,0,0,1,0
9606.ENSP00000291565,30,45.5,1,1,0,1,0,0
9606.ENSP00000377192,168.8,0.7,1,1,1,0,0,0
9606.ENSP00000291568,334.6,514.6,1,1,1,0,0,0
9606.ENSP00000417464,26.9,16.5,1,1,1,0,0,0
9606.ENSP00000381140,65.7,72.7,1,1,0.25,0.25,0.25,0.25
9606.ENSP00000291574,5.1,12.7,1,1,0,1,0,0
9606.ENSP00000399588,1.6,0.1,1,1,0,0,1,0
9606.ENSP00000291577,49.4,9.1,1,1,0,0,0,1
9606.ENSP00000339477,2.4,2.7,1,1,0,0,1,0
9606.ENSP00000291582,0,0,0,0,0.25,0.25,0.25,0.25
9606.ENSP00000461425,5.7,0,1,0,0.25,0.25,0.25,0.25
9606.ENSP00000291592,14.5,24.2,1,1,0.25,0.25,0.25,0.25
9606.ENSP00000380948,6.7,10.9,1,1,1,0,0,0
9606.ENSP00000291634,74.5,59.2,1,1,0,0,1,0
9606.ENSP00000361120,12.3,3.1,1,1,0,1,0,0
9606.ENSP00000291670,99.1,369,1,1,0,0,0,1
9606.ENSP00000291672,5,0.2,1,1,1,0,0,0
9606.ENSP00000380837,67.5,128.9,1,1,0,0,0,1
9606.ENSP00000360916,42.9,40.5,1,1,1,0,0,0
9606.ENSP00000380820,32.6,17.8,1,1,0,1,0,0
9606.ENSP00000291691,4.9,1.1,1,1,0.25,0.25,0.25,0.25
9606.ENSP00000352572,9.4,8.4,1,1,1,0,0,0
9606.ENSP00000392066,11.1,11.3,1,1,1,0,0,0
9606.ENSP00000291700,0.1,0.2,1,1,1,0,0,0
9606.ENSP00000380759,59,39.4,1,1,1,0,0,0
9606.ENSP00000291715,9.9,18.2,1,1,0.25,0.25,0.25,0.25
9606.ENSP00000380315,0.6,0,1,0,0.25,0.25,0.25,0.25
9606.ENSP00000360997,0.9,1.7,1,1,1,0,0,0
9606.ENSP00000440832,5,38.8,1,1,0.25,0.25,0.25,0.25
9606.ENSP00000360966,7.6,0.5,1,1,0,0,1,0
9606.ENSP00000480218,16,13.3,1,1,0.25,0.25,0.25,0.25
9606.ENSP00000291744,0,12.1,0,1,0.25,0.25,0.25,0.25
9606.ENSP00000395281,17.6,2.2,1,1,0,1,0,0
9606.ENSP00000263598,0,0,0,0,0.25,0.25,0.25,0.25
9606.ENSP00000478345,8.3,1.2,1,1,0.25,0.25,0.25,0.25
9606.ENSP00000392828,2.2,0,1,0,0,0,1,0
9606.ENSP00000463159,15.8,3.8,1,1,0,1,0,0
9606.ENSP00000291823,0,0.1,0,1,0.25,0.25,0.25,0.25
9606.ENSP00000362392,1.1,0.1,1,1,1,0,0,0
9606.ENSP00000362381,9,7.2,1,1,1,0,0,0
9606.ENSP00000362235,21.1,1.1,1,1,0,1,0,0
9606.ENSP00000291842,29.8,10.1,1,1,0,0,1,0
9606.ENSP00000391121,15.4,6.5,1,1,0,0,1,0
9606.ENSP00000291900,14.4,10.5,1,1,0.25,0.25,0.25,0.25
9606.ENSP00000361748,44.2,51.8,1,1,0,0,1,0
9606.ENSP00000291906,20.5,0.3,1,1,0,0,1,0
9606.ENSP00000263373,0,0.3,0,1,1,0,0,0
9606.ENSP00000310649,1,0.7,1,1,1,0,0,0
9606.ENSP00000467266,0.1,0,1,0,0.25,0.25,0.25,0.25
9606.ENSP00000291934,6.6,0,1,0,0.25,0.25,0.25,0.25
9606.ENSP00000301295,0,0,0,0,0.25,0.25,0.25,0.25
9606.ENSP00000361338,2.4,0.1,1,1,1,0,0,0
9606.ENSP00000261716,11.6,26.3,1,1,0,0,0,1
9606.ENSP00000292035,24.7,5.6,1,1,0,0,1,0
9606.ENSP00000470082,14.1,8.9,1,1,0.25,0.25,0.25,0.25
9606.ENSP00000364449,11.8,19.9,1,1,0,0,0,1
9606.ENSP00000278949,6.5,7.4,1,1,0.25,0.25,0.25,0.25
9606.ENSP00000348635,2.9,1.7,1,1,1,0,0,0
9606.ENSP00000268766,12.7,6.5,1,1,0,0,1,0
9606.ENSP00000292090,31.4,16.5,1,1,0,0,0,1
9606.ENSP00000325917,14.8,23.7,1,1,0.25,0.25,0.25,0.25
9606.ENSP00000467423,119.8,22.5,1,1,0,0,1,0
9606.ENSP00000431445,0.2,2.2,1,1,1,0,0,0
9606.ENSP00000292169,360.5,6.2,1,1,1,0,0,0
9606.ENSP00000357679,59.3,43.6,1,1,0,0,1,0
9606.ENSP00000292174,0,0,0,0,1,0,0,0
9606.ENSP00000406286,14.4,22.8,1,1,1,0,0,0
9606.ENSP00000292180,27.5,26.3,1,1,0,0,1,0
9606.ENSP00000401303,136.4,38.5,1,1,0,1,0,0
9606.ENSP00000481126,16.9,6.5,1,1,1,0,0,0
9606.ENSP00000387334,10.9,8.4,1,1,0,1,0,0
9606.ENSP00000357459,59.2,87.7,1,1,0,1,0,0
9606.ENSP00000357470,16.9,87.2,1,1,0.25,0.25,0.25,0.25
9606.ENSP00000292211,32.5,32.5,1,1,1,0,0,0
9606.ENSP00000357461,0,0,0,0,0.25,0.25,0.25,0.25
9606.ENSP00000357622,15,10.5,1,1,1,0,0,0
9606.ENSP00000292246,17.1,9.7,1,1,0,0,0,1
9606.ENSP00000349078,309.9,330.5,1,1,0,0,1,0
9606.ENSP00000357336,24.5,7.1,1,1,0,0,1,0
9606.ENSP00000354958,13.4,6.4,1,1,0.25,0.25,0.25,0.25
9606.ENSP00000338330,1.4,0.9,1,1,0.25,0.25,0.25,0.25
9606.ENSP00000357256,93,76.3,1,1,0.25,0.25,0.25,0.25
9606.ENSP00000407560,17.7,31.2,1,1,0.25,0.25,0.25,0.25
9606.ENSP00000357283,224.1,95.3,1,1,0,0,0,1
9606.ENSP00000292303,0,0.2,0,1,0.25,0.25,0.25,0.25
9606.ENSP00000415034,11.2,1.4,1,1,1,0,0,0
9606.ENSP00000292314,136.3,59.9,1,1,0,1,0,0
9606.ENSP00000321999,0,0.5,0,1,1,0,0,0
9606.ENSP00000357292,42.6,16.1,1,1,1,0,0,0
9606.ENSP00000379210,0.3,2.2,1,1,1,0,0,0
9606.ENSP00000292330,15.2,15.4,1,1,1,0,0,0
9606.ENSP00000396441,54.3,46.8,1,1,1,0,0,0
9606.ENSP00000336661,0,0,0,0,0.25,0.25,0.25,0.25
9606.ENSP00000357167,0,0.1,0,1,1,0,0,0
9606.ENSP00000292401,117.4,4265.3,1,1,1,0,0,0
9606.ENSP00000292408,280,23.6,1,1,0,0,1,0
9606.ENSP00000337915,0.3,2605.9,1,1,0,0,0,1
9606.ENSP00000480571,5.4,33.4,1,1,0.25,0.25,0.25,0.25
9606.ENSP00000292431,83.8,16.6,1,1,0,1,0,0
9606.ENSP00000292427,0,0,0,0,1,0,0,0
9606.ENSP00000292432,0,0,0,0,1,0,0,0
9606.ENSP00000292430,0.2,0,1,0,1,0,0,0
9606.ENSP00000465617,33.9,75,1,1,0.25,0.25,0.25,0.25
9606.ENSP00000337363,11,11.7,1,1,0,1,0,0
9606.ENSP00000292476,47.4,9.4,1,1,1,0,0,0
9606.ENSP00000428572,45.2,302.8,1,1,0.25,0.25,0.25,0.25
9606.ENSP00000366565,0,152.4,0,1,1,0,0,0
9606.ENSP00000386239,18.1,10.2,1,1,0.25,0.25,0.25,0.25
9606.ENSP00000292513,0.1,0.2,1,1,0.25,0.25,0.25,0.25
9606.ENSP00000467083,13.1,73,1,1,0,0,1,0
9606.ENSP00000482313,41.3,0.3,1,1,1,0,0,0
9606.ENSP00000292524,8.5,8.4,1,1,0.25,0.25,0.25,0.25
9606.ENSP00000292530,1.5,1.9,1,1,0.25,0.25,0.25,0.25
9606.ENSP00000318234,6.3,2.8,1,1,1,0,0,0
9606.ENSP00000292539,8.4,232.1,1,1,1,0,0,0
9606.ENSP00000366534,0.2,0.1,1,1,0.25,0.25,0.25,0.25
9606.ENSP00000348752,10.4,0.5,1,1,0,0,1,0
9606.ENSP00000292566,6.1,7.3,1,1,1,0,0,0
9606.ENSP00000292574,0,0,0,0,1,0,0,0
9606.ENSP00000440273,0.8,0.8,1,1,0,0,1,0
9606.ENSP00000292586,2.3,6.5,1,1,0,0,1,0
9606.ENSP00000374455,171.7,304.8,1,1,0,1,0,0
9606.ENSP00000338487,71.4,79,1,1,0,1,0,0
9606.ENSP00000262584,2001.2,1524.1,1,1,0,0,1,0
9606.ENSP00000292599,0,8.4,0,1,0,1,0,0
9606.ENSP00000345968,1,133.9,1,1,1,0,0,0
9606.ENSP00000292616,15.1,11,1,1,1,0,0,0
9606.ENSP00000321927,0.2,0.7,1,1,0,0,1,0
9606.ENSP00000407112,2.1,17.3,1,1,0,1,0,0
9606.ENSP00000292641,0,0.8,0,1,0.25,0.25,0.25,0.25
9606.ENSP00000391211,80.9,61.3,1,1,0,0,1,0
9606.ENSP00000292672,0.3,0.9,1,1,1,0,0,0
9606.ENSP00000347583,34.4,19.4,1,1,1,0,0,0
9606.ENSP00000414922,0.1,0,1,0,0.25,0.25,0.25,0.25
9606.ENSP00000292778,9.7,18.6,1,1,0.25,0.25,0.25,0.25
9606.ENSP00000292779,0.1,0,1,0,0.25,0.25,0.25,0.25
9606.ENSP00000316054,31.3,15.2,1,1,0,0,0,1
9606.ENSP00000292807,262.4,87.8,1,1,0,1,0,0
9606.ENSP00000411471,29.8,17.4,1,1,0,1,0,0
9606.ENSP00000292823,41.2,34,1,1,0,0,1,0
9606.ENSP00000292853,0.8,3.5,1,1,1,0,0,0
9606.ENSP00000342012,40,3.6,1,1,1,0,0,0
9606.ENSP00000292879,3.5,13.8,1,1,0,0,1,0
9606.ENSP00000376184,33,116.6,1,1,0,0,0,1
9606.ENSP00000368190,0,0,0,0,1,0,0,0
9606.ENSP00000292894,3.9,2.6,1,1,1,0,0,0
9606.ENSP00000292907,0.3,4.2,1,1,0.25,0.25,0.25,0.25
9606.ENSP00000292928,3.2,0.3,1,1,0,0,1,0
9606.ENSP00000270115,0,0.3,0,1,1,0,0,0
9606.ENSP00000323927,0.1,0.2,1,1,0,0,1,0
9606.ENSP00000300658,11,7.6,1,1,0,0,1,0
9606.ENSP00000344544,0.2,0.7,1,1,1,0,0,0
9606.ENSP00000293190,0.1,0.1,1,1,0.25,0.25,0.25,0.25
9606.ENSP00000416515,128.9,13.3,1,1,1,0,0,0
9606.ENSP00000462116,28.5,39.6,1,1,0,0,0,1
9606.ENSP00000293217,64.4,252.6,1,1,0,0,0,1
9606.ENSP00000414624,152.4,41.7,1,1,0.25,0.25,0.25,0.25
9606.ENSP00000293230,78.6,0.9,1,1,1,0,0,0
9606.ENSP00000376276,302.3,125.8,1,1,0,0,1,0
9606.ENSP00000301399,1.8,2,1,1,0,0,1,0
9606.ENSP00000293261,10.5,8.5,1,1,1,0,0,0
9606.ENSP00000293303,0.1,0.1,1,1,1,0,0,0
9606.ENSP00000404220,0,0,0,0,0,0,1,0
9606.ENSP00000293330,0,0.2,0,1,1,0,0,0
9606.ENSP00000293350,26,12.6,1,1,0,1,0,0
9606.ENSP00000406773,0.1,0,1,0,1,0,0,0
9606.ENSP00000293379,0.6,20.6,1,1,1,0,0,0
9606.ENSP00000412361,0,0,0,0,1,0,0,0
9606.ENSP00000338927,2.9,0.7,1,1,0.25,0.25,0.25,0.25
9606.ENSP00000381425,0.3,0.4,1,1,1,0,0,0
9606.ENSP00000321005,0,0,0,0,0.25,0.25,0.25,0.25
9606.ENSP00000293405,0,0,0,0,0.25,0.25,0.25,0.25
9606.ENSP00000293404,2.4,17.7,1,1,0.25,0.25,0.25,0.25
9606.ENSP00000466718,62.3,48.8,1,1,0,0,0,1
9606.ENSP00000293414,3.5,0,1,0,1,0,0,0
9606.ENSP00000334037,0.3,69,1,1,0,1,0,0
9606.ENSP00000468956,5.7,54.3,1,1,0.25,0.25,0.25,0.25
9606.ENSP00000293441,0,0,0,0,1,0,0,0
9606.ENSP00000293443,2.3,0,1,0,0.25,0.25,0.25,0.25
9606.ENSP00000323663,4,0.2,1,1,0,0,1,0
9606.ENSP00000479636,14.5,0.8,1,1,0,1,0,0
9606.ENSP00000335655,0.9,1.2,1,1,0,0,1,0
9606.ENSP00000293599,0,0,0,0,1,0,0,0
9606.ENSP00000404190,52.7,2,1,1,1,0,0,0
9606.ENSP00000444134,0,0,0,0,0.25,0.25,0.25,0.25
9606.ENSP00000381490,44.3,115,1,1,0,0,0,1
9606.ENSP00000293662,6.8,1,1,1,0,0,1,0
9606.ENSP00000293677,60.7,0,1,0,0,1,0,0
9606.ENSP00000257951,0,0,0,0,1,0,0,0
9606.ENSP00000257974,0,0,0,0,1,0,0,0
9606.ENSP00000293695,0.8,0.1,1,1,1,0,0,0
9606.ENSP00000465075,35.9,1.4,1,1,1,0,0,0
9606.ENSP00000398861,0.5,8.8,1,1,1,0,0,0
9606.ENSP00000293760,38.3,7.5,1,1,0,1,0,0
9606.ENSP00000458832,0.3,0,1,0,1,0,0,0
9606.ENSP00000402855,0,0,0,0,1,0,0,0
9606.ENSP00000293771,6,2,1,1,1,0,0,0
9606.ENSP00000293777,37.8,35.7,1,1,1,0,0,0
9606.ENSP00000293778,47,7.5,1,1,1,0,0,0
9606.ENSP00000461269,0.6,1.4,1,1,1,0,0,0
9606.ENSP00000450085,0.2,0.2,1,1,0.25,0.25,0.25,0.25
9606.ENSP00000293805,0,0.1,0,1,0.25,0.25,0.25,0.25
9606.ENSP00000347140,515.2,773.1,1,1,0,0,1,0
9606.ENSP00000343505,9.5,0,1,0,0,0,1,0
9606.ENSP00000314029,49,1.9,1,1,0,0,1,0
9606.ENSP00000293829,1.6,0,1,0,1,0,0,0
9606.ENSP00000293831,1320.4,4.2,1,1,1,0,0,0
9606.ENSP00000463784,3332.3,3300.8,1,1,0,0,1,0
9606.ENSP00000293845,0,0,0,0,0.25,0.25,0.25,0.25
9606.ENSP00000293860,47.6,32.6,1,1,1,0,0,0
9606.ENSP00000372482,127.2,69.2,1,1,0,0,0,1
9606.ENSP00000386499,0,0,0,0,0.25,0.25,0.25,0.25
9606.ENSP00000293879,11.5,3.7,1,1,0,0,0,1
9606.ENSP00000399475,2.7,20,1,1,0.25,0.25,0.25,0.25
9606.ENSP00000293889,0.7,0.1,1,1,0.25,0.25,0.25,0.25
9606.ENSP00000441381,0,0,0,0,0.25,0.25,0.25,0.25
9606.ENSP00000293897,11.1,0,1,0,0.25,0.25,0.25,0.25
9606.ENSP00000457206,11.3,56.8,1,1,0,0,0,1
9606.ENSP00000390778,0.1,0,1,0,0.25,0.25,0.25,0.25
9606.ENSP00000416741,0,0,0,0,0.25,0.25,0.25,0.25
9606.ENSP00000355022,19.3,0.2,1,1,1,0,0,0
9606.ENSP00000380256,18.3,0.7,1,1,1,0,0,0
9606.ENSP00000293970,6.4,14.9,1,1,0,0,1,0
9606.ENSP00000391596,15.4,12.8,1,1,1,0,0,0
9606.ENSP00000293973,0.2,0.2,1,1,0.25,0.25,0.25,0.25
9606.ENSP00000459043,0,0,0,0,0,1,0,0
9606.ENSP00000321804,28.2,1,1,1,0.25,0.25,0.25,0.25
9606.ENSP00000380159,25.7,5.6,1,1,0.25,0.25,0.25,0.25
9606.ENSP00000371715,2.6,0.1,1,1,1,0,0,0
9606.ENSP00000459566,0.8,10.1,1,1,0,1,0,0
9606.ENSP00000294016,25.2,15.3,1,1,0,0,1,0
9606.ENSP00000469689,11.2,17.9,1,1,0,1,0,0
9606.ENSP00000294053,23.3,17.5,1,1,0,0,1,0
9606.ENSP00000294064,11,6.6,1,1,1,0,0,0
9606.ENSP00000389745,17.8,19,1,1,1,0,0,0
9606.ENSP00000344140,0.3,12.1,1,1,1,0,0,0
9606.ENSP00000400057,47.9,3.1,1,1,1,0,0,0
9606.ENSP00000294117,2.5,0.6,1,1,0.25,0.25,0.25,0.25
9606.ENSP00000294119,116.3,87.5,1,1,1,0,0,0
9606.ENSP00000436848,2.2,0.2,1,1,0,0,1,0
9606.ENSP00000325266,36.7,10,1,1,0,0,1,0
9606.ENSP00000294168,11.9,12.8,1,1,1,0,0,0
9606.ENSP00000436679,51.8,12.9,1,1,0,0,0,1
9606.ENSP00000294179,41.2,25.5,1,1,0,0,1,0
9606.ENSP00000381782,1.3,10.2,1,1,0.25,0.25,0.25,0.25
9606.ENSP00000418868,2675,2004.9,1,1,0,0,1,0
9606.ENSP00000415769,137.1,931.3,1,1,1,0,0,0
9606.ENSP00000366395,55.8,59.7,1,1,0,1,0,0
9606.ENSP00000294258,53.2,22.3,1,1,0,0,1,0
9606.ENSP00000333896,16.9,6.1,1,1,0,1,0,0
9606.ENSP00000294304,103.9,40.4,1,1,0,0,1,0
9606.ENSP00000294309,3.1,11.8,1,1,0,1,0,0
9606.ENSP00000294312,0.2,0,1,0,1,0,0,0
9606.ENSP00000360958,0,98.8,0,1,0.25,0.25,0.25,0.25
9606.ENSP00000294338,1.7,1.4,1,1,0,0,1,0
9606.ENSP00000294339,0.1,0.1,1,1,1,0,0,0
9606.ENSP00000360939,109.9,238.8,1,1,0,0,1,0
9606.ENSP00000360899,0,0.2,0,1,0.25,0.25,0.25,0.25
9606.ENSP00000349594,0,0,0,0,1,0,0,0
9606.ENSP00000360593,21.4,17,1,1,1,0,0,0
9606.ENSP00000294353,5.5,92.2,1,1,1,0,0,0
9606.ENSP00000478639,0,0,0,0,1,0,0,0
9606.ENSP00000294360,42.7,50.8,1,1,1,0,0,0
9606.ENSP00000360525,222.5,64.2,1,1,0,1,0,0
9606.ENSP00000360366,3.1,0.4,1,1,1,0,0,0
9606.ENSP00000306888,1.4,14.3,1,1,1,0,0,0
9606.ENSP00000360327,5.9,1.7,1,1,0,0,1,0
9606.ENSP00000360320,0,0.1,0,1,0.25,0.25,0.25,0.25
9606.ENSP00000360312,0,0,0,0,1,0,0,0
9606.ENSP00000294383,28.4,10,1,1,0,0,0,1
9606.ENSP00000360296,56,101.9,1,1,0,0,1,0
9606.ENSP00000366934,7.9,9.5,1,1,0.25,0.25,0.25,0.25
9606.ENSP00000360290,6.5,9.1,1,1,1,0,0,0
9606.ENSP00000366886,39,20.4,1,1,0,0,1,0
9606.ENSP00000352614,11.3,0.1,1,1,0.25,0.25,0.25,0.25
9606.ENSP00000294409,5.4,4.5,1,1,1,0,0,0
9606.ENSP00000289877,0,0,0,0,1,0,0,0
9606.ENSP00000355141,20.7,9.4,1,1,0,1,0,0
9606.ENSP00000378743,159.8,230.2,1,1,0,0,1,0
9606.ENSP00000343204,41.9,97.5,1,1,0,1,0,0
9606.ENSP00000360112,11.7,0.3,1,1,0,1,0,0
9606.ENSP00000365116,0,0,0,0,1,0,0,0
9606.ENSP00000366430,61.2,44.4,1,1,0,1,0,0
9606.ENSP00000294435,3.1,1.7,1,1,1,0,0,0
9606.ENSP00000379607,0,0,0,0,0.25,0.25,0.25,0.25
9606.ENSP00000416387,27.7,2.2,1,1,0,0,1,0
9606.ENSP00000364938,0.6,45.3,1,1,0.25,0.25,0.25,0.25
9606.ENSP00000294454,0.2,1.1,1,1,0.25,0.25,0.25,0.25
9606.ENSP00000355377,1,135.7,1,1,0.25,0.25,0.25,0.25
9606.ENSP00000294485,0,0.3,0,1,0.25,0.25,0.25,0.25
9606.ENSP00000294489,0,0.2,0,1,1,0,0,0
9606.ENSP00000365253,0,0,0,0,1,0,0,0
9606.ENSP00000480439,54.1,167.9,1,1,0,0,0,1
9606.ENSP00000362870,0,0,0,0,1,0,0,0
9606.ENSP00000294507,1.2,12.3,1,1,0,0,0,1
9606.ENSP00000344468,1.8,0.6,1,1,0,0,1,0
9606.ENSP00000362807,68.1,27.9,1,1,0.25,0.25,0.25,0.25
9606.ENSP00000386439,13.8,21.8,1,1,1,0,0,0
9606.ENSP00000362592,85.2,68.3,1,1,0,0,0,1
9606.ENSP00000383851,26.7,9.6,1,1,0,0,1,0
9606.ENSP00000362634,3.7,0.7,1,1,0.25,0.25,0.25,0.25
9606.ENSP00000294543,2.3,5.1,1,1,0.25,0.25,0.25,0.25
9606.ENSP00000364240,0.1,5.8,1,1,0,1,0,0
9606.ENSP00000364219,147.9,208.9,1,1,1,0,0,0
9606.ENSP00000363973,2.9,25.8,1,1,0,0,1,0
9606.ENSP00000290167,0,0,0,0,0.25,0.25,0.25,0.25
9606.ENSP00000368592,0,0,0,0,0.25,0.25,0.25,0.25
9606.ENSP00000368411,2.6,2.7,1,1,1,0,0,0
9606.ENSP00000399229,21.9,0.1,1,1,0.25,0.25,0.25,0.25
9606.ENSP00000383710,33.5,93.1,1,1,1,0,0,0
9606.ENSP00000348982,3.5,0.8,1,1,0,1,0,0
9606.ENSP00000294600,0.1,0,1,0,0.25,0.25,0.25,0.25
9606.ENSP00000321345,0,0,0,0,1,0,0,0
9606.ENSP00000360020,0,4.2,0,1,1,0,0,0
9606.ENSP00000360244,0,0,0,0,1,0,0,0
9606.ENSP00000360231,5.3,335.8,1,1,0,0,0,1
9606.ENSP00000360270,14.6,21.1,1,1,0,0,1,0
9606.ENSP00000418734,6.3,16.4,1,1,0,1,0,0
9606.ENSP00000475700,25.6,56,1,1,1,0,0,0
9606.ENSP00000343526,43.4,20.9,1,1,0,1,0,0
9606.ENSP00000359804,51.6,23.2,1,1,0,0,0,1
9606.ENSP00000333938,1.6,2.2,1,1,0,1,0,0
9606.ENSP00000359799,17.4,22.3,1,1,0,0,1,0
9606.ENSP00000359778,0.2,1.9,1,1,1,0,0,0
9606.ENSP00000346414,0.7,3,1,1,1,0,0,0
9606.ENSP00000294635,0,0,0,0,0.25,0.25,0.25,0.25
9606.ENSP00000359904,53.6,33.2,1,1,1,0,0,0
9606.ENSP00000294638,0,0,0,0,0.25,0.25,0.25,0.25
9606.ENSP00000304429,23.7,11.8,1,1,1,0,0,0
9606.ENSP00000356404,0,0,0,0,0.25,0.25,0.25,0.25
9606.ENSP00000359085,0,0,0,0,0.25,0.25,0.25,0.25
9606.ENSP00000359052,1.3,0.6,1,1,0,0,1,0
9606.ENSP00000359049,0,1,0,1,1,0,0,0
9606.ENSP00000359018,0,0,0,0,0.25,0.25,0.25,0.25
9606.ENSP00000419417,17.6,20.3,1,1,1,0,0,0
9606.ENSP00000294664,0,0,0,0,1,0,0,0
9606.ENSP00000359497,1.8,32.6,1,1,0,0,1,0
9606.ENSP00000358886,1.6,0.6,1,1,0,0,1,0
9606.ENSP00000359490,0.3,5,1,1,0,1,0,0
9606.ENSP00000340796,6.4,36.9,1,1,0,1,0,0
9606.ENSP00000359454,0.1,0,1,0,0.25,0.25,0.25,0.25
9606.ENSP00000356432,0,0,0,0,1,0,0,0
9606.ENSP00000359357,7.2,0,1,0,0,0,0,1
9606.ENSP00000294725,0,4.2,0,1,0.25,0.25,0.25,0.25
9606.ENSP00000294724,10.2,92.1,1,1,0,0,1,0
9606.ENSP00000294728,0,3.8,0,1,1,0,0,0
9606.ENSP00000359132,19.2,15.8,1,1,0,0,1,0
9606.ENSP00000359130,9.9,35.9,1,1,0,1,0,0
9606.ENSP00000294740,19.8,60.6,1,1,0,0,1,0
9606.ENSP00000294742,133.2,108.3,1,1,0,0,1,0
9606.ENSP00000357106,0,0,0,0,1,0,0,0
9606.ENSP00000337383,0,0,0,0,0,1,0,0
9606.ENSP00000294753,13.6,1.5,1,1,0.25,0.25,0.25,0.25
9606.ENSP00000355437,0,0.1,0,1,0.25,0.25,0.25,0.25
9606.ENSP00000357072,0,2.1,0,1,0,1,0,0
9606.ENSP00000355432,0,0,0,0,0.25,0.25,0.25,0.25
9606.ENSP00000357067,0,0,0,0,1,0,0,0
9606.ENSP00000357065,41.3,23.4,1,1,1,0,0,0
9606.ENSP00000356899,0.2,2.5,1,1,0.25,0.25,0.25,0.25
9606.ENSP00000357055,32.3,5.5,1,1,1,0,0,0
9606.ENSP00000357051,36.2,58.7,1,1,0,0,1,0
9606.ENSP00000294785,103.2,29.1,1,1,0,1,0,0
9606.ENSP00000357040,0.1,0,1,0,0.25,0.25,0.25,0.25
9606.ENSP00000357036,0.1,0.1,1,1,1,0,0,0
9606.ENSP00000356917,0,0.1,0,1,1,0,0,0
9606.ENSP00000356925,0.1,0.9,1,1,0.25,0.25,0.25,0.25
9606.ENSP00000433642,0,0,0,0,0.25,0.25,0.25,0.25
9606.ENSP00000356687,0,1.3,0,1,1,0,0,0
9606.ENSP00000356990,0.6,11.3,1,1,0.25,0.25,0.25,0.25
9606.ENSP00000294811,0.5,2,1,1,1,0,0,0
9606.ENSP00000340226,0,0,0,0,0.25,0.25,0.25,0.25
9606.ENSP00000294818,0,0,0,0,0.25,0.25,0.25,0.25
9606.ENSP00000355938,15.4,7.1,1,1,1,0,0,0
9606.ENSP00000294829,0,0.5,0,1,1,0,0,0
9606.ENSP00000344352,15.7,34.5,1,1,0,0,1,0
9606.ENSP00000358799,10.8,16.9,1,1,0,0,1,0
9606.ENSP00000350266,0,5.1,0,1,0,1,0,0
9606.ENSP00000356590,0.1,0,1,0,1,0,0,0
9606.ENSP00000406052,0,0,0,0,1,0,0,0
9606.ENSP00000356549,4.3,5.2,1,1,0,0,1,0
9606.ENSP00000308893,0.9,4.6,1,1,0,0,1,0
9606.ENSP00000446828,45,13.6,1,1,0,1,0,0
9606.ENSP00000355900,0.1,0.2,1,1,1,0,0,0
9606.ENSP00000294889,80.4,110.6,1,1,0.25,0.25,0.25,0.25
9606.ENSP00000343742,14.3,30.9,1,1,1,0,0,0
9606.ENSP00000479291,11.7,10.7,1,1,0.25,0.25,0.25,0.25
9606.ENSP00000463574,19.7,10.6,1,1,0.25,0.25,0.25,0.25
9606.ENSP00000355510,0,0,0,0,0.25,0.25,0.25,0.25
9606.ENSP00000385545,0,0,0,0,0,1,0,0
9606.ENSP00000355471,34.7,30.7,1,1,0,1,0,0
9606.ENSP00000355470,9.5,20.6,1,1,0,0,1,0
9606.ENSP00000294952,10.2,12.5,1,1,0,1,0,0
9606.ENSP00000356124,0,0,0,0,0.25,0.25,0.25,0.25
9606.ENSP00000356104,0,0.5,0,1,0.25,0.25,0.25,0.25
9606.ENSP00000294964,26.9,1.8,1,1,1,0,0,0
9606.ENSP00000367930,12.6,6.5,1,1,0,0,1,0
9606.ENSP00000294973,47.1,229.3,1,1,0,0,0,1
9606.ENSP00000355559,8.4,9.2,1,1,0,0,1,0
9606.ENSP00000356070,38.8,32.4,1,1,0,1,0,0
9606.ENSP00000356065,0,0,0,0,0.25,0.25,0.25,0.25
9606.ENSP00000375795,0,0,0,0,0.25,0.25,0.25,0.25
9606.ENSP00000356058,0,1.2,0,1,1,0,0,0
9606.ENSP00000348888,0.1,27.6,1,1,1,0,0,0
9606.ENSP00000316491,0,0.1,0,1,0,1,0,0
9606.ENSP00000295006,17.3,7.8,1,1,1,0,0,0
9606.ENSP00000403614,81.4,299,1,1,0,0,1,0
9606.ENSP00000408108,29.5,39.7,1,1,0,1,0,0
9606.ENSP00000295025,4.3,9.7,1,1,1,0,0,0
9606.ENSP00000326003,20.7,15,1,1,0,1,0,0
9606.ENSP00000295030,30.9,43.5,1,1,0,0,1,0
9606.ENSP00000385579,7.1,1,1,1,0,0,0,1
9606.ENSP00000355658,0.2,0,1,0,1,0,0,0
9606.ENSP00000295049,0,0.4,0,1,1,0,0,0
9606.ENSP00000355593,3.3,0,1,0,0.25,0.25,0.25,0.25
9606.ENSP00000295055,0,0,0,0,0,0,1,0
9606.ENSP00000295057,0,0,0,0,1,0,0,0
9606.ENSP00000295065,66.1,9.3,1,1,0,0,1,0
9606.ENSP00000345837,193.2,117.6,1,1,0,0,1,0
9606.ENSP00000346627,2.3,11.2,1,1,0.25,0.25,0.25,0.25
9606.ENSP00000295079,62.8,45.3,1,1,0,0,1,0
9606.ENSP00000295082,0.4,0,1,0,1,0,0,0
9606.ENSP00000295083,2.5,10.6,1,1,0.25,0.25,0.25,0.25
9606.ENSP00000295087,75.5,21.4,1,1,0,0,1,0
9606.ENSP00000295092,0,1.3,0,1,0,1,0,0
9606.ENSP00000295101,0,1.1,0,1,1,0,0,0
9606.ENSP00000295108,0,0,0,0,1,0,0,0
9606.ENSP00000384869,5.4,0.1,1,1,0.25,0.25,0.25,0.25
9606.ENSP00000295113,0.9,0.8,1,1,0.25,0.25,0.25,0.25
9606.ENSP00000346160,0.8,2.1,1,1,0,1,0,0
9606.ENSP00000342699,31.1,12.6,1,1,0,0,1,0
9606.ENSP00000295119,37.1,12.3,1,1,0,1,0,0
9606.ENSP00000295124,14.7,2.5,1,1,0,1,0,0
9606.ENSP00000295131,0,0,0,0,0.25,0.25,0.25,0.25
9606.ENSP00000428646,5.4,0,1,0,0.25,0.25,0.25,0.25
9606.ENSP00000386857,0.3,0.2,1,1,1,0,0,0
9606.ENSP00000295148,16.8,1.2,1,1,0,0,1,0
9606.ENSP00000404092,37.6,15.8,1,1,0,1,0,0
9606.ENSP00000384719,149.8,16.2,1,1,0.25,0.25,0.25,0.25
9606.ENSP00000295171,0.1,0,1,0,0.25,0.25,0.25,0.25
9606.ENSP00000254810,589.2,596.3,1,1,0,0,1,0
9606.ENSP00000386398,0,0,0,0,0.25,0.25,0.25,0.25
9606.ENSP00000355741,64.3,1.2,1,1,0.25,0.25,0.25,0.25
9606.ENSP00000295190,0,4.6,0,1,0,1,0,0
9606.ENSP00000295201,0,1,0,1,1,0,0,0
9606.ENSP00000295206,0,0,0,0,1,0,0,0
9606.ENSP00000370839,6.1,18,1,1,1,0,0,0
9606.ENSP00000295213,7.2,4.4,1,1,1,0,0,0
9606.ENSP00000394051,0.1,1.3,1,1,0,0,1,0
9606.ENSP00000393222,0.2,3,1,1,0.25,0.25,0.25,0.25
9606.ENSP00000315137,0.2,0.4,1,1,0.25,0.25,0.25,0.25
9606.ENSP00000295228,1.6,14.3,1,1,0.25,0.25,0.25,0.25
9606.ENSP00000386840,0,0,0,0,1,0,0,0
9606.ENSP00000295240,5.3,0.6,1,1,1,0,0,0
9606.ENSP00000351947,23.7,13.3,1,1,1,0,0,0
9606.ENSP00000295256,0,0,0,0,1,0,0,0
9606.ENSP00000480359,32.7,178.9,1,1,1,0,0,0
9606.ENSP00000295266,0,0,0,0,1,0,0,0
9606.ENSP00000295268,0,0.1,0,1,0.25,0.25,0.25,0.25
9606.ENSP00000478591,0.5,0,1,0,0.25,0.25,0.25,0.25
9606.ENSP00000358064,18.6,25.7,1,1,1,0,0,0
9606.ENSP00000321679,0.4,0.7,1,1,1,0,0,0
9606.ENSP00000357981,0.9,29.2,1,1,1,0,0,0
9606.ENSP00000372170,18.1,0.6,1,1,1,0,0,0
9606.ENSP00000423881,12.4,3.5,1,1,0.25,0.25,0.25,0.25
9606.ENSP00000357927,0.2,0.5,1,1,0.25,0.25,0.25,0.25
9606.ENSP00000295297,0,0,0,0,0.25,0.25,0.25,0.25
9606.ENSP00000357906,0,0,0,0,0.25,0.25,0.25,0.25
9606.ENSP00000357904,4.4,4,1,1,0.25,0.25,0.25,0.25
9606.ENSP00000357901,33.6,12.6,1,1,0,0,1,0
9606.ENSP00000295314,0.1,0,1,0,1,0,0,0
9606.ENSP00000346464,34.3,19.4,1,1,0.25,0.25,0.25,0.25
9606.ENSP00000285398,52.6,7.1,1,1,0,0,0,1
9606.ENSP00000295317,44.4,44.8,1,1,0,1,0,0
9606.ENSP00000295321,78.2,24.9,1,1,0,1,0,0
9606.ENSP00000331369,241,138.4,1,1,0,1,0,0
9606.ENSP00000295324,0.1,0.8,1,1,0,0,0,1
9606.ENSP00000271638,228.8,14.7,1,1,1,0,0,0
9606.ENSP00000357776,0,0,0,0,0.25,0.25,0.25,0.25
9606.ENSP00000357754,0,0,0,0,1,0,0,0
9606.ENSP00000357753,0,0,0,0,1,0,0,0
9606.ENSP00000330391,0,0,0,0,1,0,0,0
9606.ENSP00000405111,17.4,4.4,1,1,0.25,0.25,0.25,0.25
9606.ENSP00000357746,0,0,0,0,0.25,0.25,0.25,0.25
9606.ENSP00000295379,0,0.2,0,1,0.25,0.25,0.25,0.25
9606.ENSP00000352672,0,0,0,0,0.25,0.25,0.25,0.25
9606.ENSP00000386911,0,0.3,0,1,1,0,0,0
9606.ENSP00000357727,0.3,42.1,1,1,1,0,0,0
9606.ENSP00000357726,0,2.4,0,1,1,0,0,0
9606.ENSP00000295400,13.5,2.8,1,1,0,0,1,0
9606.ENSP00000357465,0,0.3,0,1,0.25,0.25,0.25,0.25
9606.ENSP00000342344,35.1,14.6,1,1,1,0,0,0
9606.ENSP00000354607,40.7,49.2,1,1,1,0,0,0
9606.ENSP00000282141,0.1,0,1,0,1,0,0,0
9606.ENSP00000371682,23.6,5.5,1,1,0.25,0.25,0.25,0.25
9606.ENSP00000357511,0.3,0.2,1,1,0.25,0.25,0.25,0.25
9606.ENSP00000387159,0,0,0,0,0.25,0.25,0.25,0.25
9606.ENSP00000295448,8.3,1.3,1,1,0,1,0,0
9606.ENSP00000375881,0,0,0,0,1,0,0,0
9606.ENSP00000295452,0,0,0,0,1,0,0,0
9606.ENSP00000295453,0,0,0,0,1,0,0,0
9606.ENSP00000295454,0,0,0,0,0.25,0.25,0.25,0.25
9606.ENSP00000421981,0,10.9,0,1,0.25,0.25,0.25,0.25
9606.ENSP00000295461,1.6,15,1,1,0,1,0,0
9606.ENSP00000295463,0,0,0,0,1,0,0,0
9606.ENSP00000306185,5.9,19.2,1,1,0.25,0.25,0.25,0.25
9606.ENSP00000295488,3.7,6.1,1,1,0,1,0,0
9606.ENSP00000295491,114.8,242.7,1,1,0,1,0,0
9606.ENSP00000381429,42,50.8,1,1,0,0,1,0
9606.ENSP00000369857,8.2,2,1,1,1,0,0,0
9606.ENSP00000376335,0.2,11.6,1,1,1,0,0,0
9606.ENSP00000309538,0,0,0,0,1,0,0,0
9606.ENSP00000357452,30,154.5,1,1,0,0,1,0
9606.ENSP00000357448,21.9,15.5,1,1,1,0,0,0
9606.ENSP00000295522,72.1,163.6,1,1,0,0,1,0
9606.ENSP00000357442,27.6,8,1,1,0,1,0,0
9606.ENSP00000358571,20.3,34.5,1,1,0,1,0,0
9606.ENSP00000376278,0,0,0,0,0.25,0.25,0.25,0.25
9606.ENSP00000357409,0,0.1,0,1,0.25,0.25,0.25,0.25
9606.ENSP00000295542,0.1,0.1,1,1,0.25,0.25,0.25,0.25
9606.ENSP00000295550,0.1,0.2,1,1,1,0,0,0
9606.ENSP00000392105,14.9,0.1,1,1,0,0,1,0
9606.ENSP00000357323,36.8,18.5,1,1,1,0,0,0
9606.ENSP00000401878,2.7,0.3,1,1,1,0,0,0
9606.ENSP00000295569,1.6,0,1,0,0.25,0.25,0.25,0.25
9606.ENSP00000373206,11.4,2.2,1,1,1,0,0,0
9606.ENSP00000414670,0.1,3.5,1,1,0,0,1,0
9606.ENSP00000357218,75.7,108.3,1,1,0,0,1,0
9606.ENSP00000295588,14,9,1,1,1,0,0,0
9606.ENSP00000358515,0.6,0,1,0,1,0,0,0
9606.ENSP00000295589,0,0,0,0,0.25,0.25,0.25,0.25
9606.ENSP00000334714,0,0.1,0,1,1,0,0,0
9606.ENSP00000445306,508.8,61.7,1,1,0,1,0,0
9606.ENSP00000417085,0.5,0.1,1,1,0.25,0.25,0.25,0.25
9606.ENSP00000393324,0.2,6.5,1,1,1,0,0,0
9606.ENSP00000295619,0,0,0,0,1,0,0,0
9606.ENSP00000424708,0,0,0,0,1,0,0,0
9606.ENSP00000295628,18,42.6,1,1,0.25,0.25,0.25,0.25
9606.ENSP00000295633,0.5,14.6,1,1,0,0,1,0
9606.ENSP00000356257,0,0.3,0,1,1,0,0,0
9606.ENSP00000352673,11,32.9,1,1,1,0,0,0
9606.ENSP00000295645,0,0,0,0,1,0,0,0
9606.ENSP00000356211,38.6,50.6,1,1,0.25,0.25,0.25,0.25
9606.ENSP00000412524,3.2,0.8,1,1,1,0,0,0
9606.ENSP00000295666,10.5,17.6,1,1,1,0,0,0
9606.ENSP00000334657,0.1,0,1,0,1,0,0,0
9606.ENSP00000295682,160.7,185.9,1,1,0.25,0.25,0.25,0.25
9606.ENSP00000295683,0,0,0,0,1,0,0,0
9606.ENSP00000295685,314.5,115,1,1,0,1,0,0
9606.ENSP00000357238,3.3,4.9,1,1,0.25,0.25,0.25,0.25
9606.ENSP00000295688,497,94.1,1,1,0,1,0,0
9606.ENSP00000384748,2.2,1.4,1,1,1,0,0,0
9606.ENSP00000295702,286.6,133.2,1,1,0.25,0.25,0.25,0.25
9606.ENSP00000295704,33.2,6.3,1,1,0.25,0.25,0.25,0.25
9606.ENSP00000295709,12.8,5.3,1,1,0,0,1,0
9606.ENSP00000356205,0.1,0,1,0,0.25,0.25,0.25,0.25
9606.ENSP00000343847,5.1,1.4,1,1,0.25,0.25,0.25,0.25
9606.ENSP00000395995,0,0.2,0,1,0.25,0.25,0.25,0.25
9606.ENSP00000295727,0,0,0,0,0.25,0.25,0.25,0.25
9606.ENSP00000295728,0,0,0,0,1,0,0,0
9606.ENSP00000295731,1.2,0.7,1,1,0.25,0.25,0.25,0.25
9606.ENSP00000295746,9.4,0.9,1,1,0,0,1,0
9606.ENSP00000388620,0.3,0.8,1,1,1,0,0,0
9606.ENSP00000387006,32.8,13.3,1,1,0,0,0,1
9606.ENSP00000419371,27.5,34.8,1,1,0,0,1,0
9606.ENSP00000351905,114,48.1,1,1,0.25,0.25,0.25,0.25
9606.ENSP00000295755,0,0,0,0,1,0,0,0
9606.ENSP00000321617,19.2,11,1,1,0,0,1,0
9606.ENSP00000295757,23.8,3,1,1,0.25,0.25,0.25,0.25
9606.ENSP00000271532,0,0,0,0,1,0,0,0
9606.ENSP00000295756,0,1.6,0,1,1,0,0,0
9606.ENSP00000384169,0.1,0.2,1,1,1,0,0,0
9606.ENSP00000295759,5.3,0.9,1,1,1,0,0,0
9606.ENSP00000295770,110.5,52.3,1,1,0,0,1,0
9606.ENSP00000295767,29.1,23.6,1,1,0,1,0,0
9606.ENSP00000417710,0,0,0,0,0.25,0.25,0.25,0.25
9606.ENSP00000344786,0,1.9,0,1,0,1,0,0
9606.ENSP00000357158,0,0,0,0,1,0,0,0
9606.ENSP00000350447,13.8,1.3,1,1,1,0,0,0
9606.ENSP00000295777,9.2,1.3,1,1,1,0,0,0
9606.ENSP00000417518,13.8,9.7,1,1,0.25,0.25,0.25,0.25
9606.ENSP00000377446,139.3,278.4,1,1,0,0,1,0
9606.ENSP00000356125,3.6,2.1,1,1,0,0,1,0
9606.ENSP00000357129,0,0.1,0,1,1,0,0,0
9606.ENSP00000295797,15.2,14,1,1,1,0,0,0
9606.ENSP00000357123,0,2.4,0,1,1,0,0,0
9606.ENSP00000357122,0,0.6,0,1,1,0,0,0
9606.ENSP00000357113,0.2,3.8,1,1,1,0,0,0
9606.ENSP00000357112,0,0.2,0,1,0.25,0.25,0.25,0.25
9606.ENSP00000295824,0,0.5,0,1,0.25,0.25,0.25,0.25
9606.ENSP00000295822,7.1,2.6,1,1,0,0,1,0
9606.ENSP00000323568,30.8,412.5,1,1,0,0,0,1
9606.ENSP00000346080,103.5,138.6,1,1,1,0,0,0
9606.ENSP00000295834,1528.4,8657.4,1,1,0,0,0,1
9606.ENSP00000417659,0.7,14.8,1,1,0,1,0,0
9606.ENSP00000478645,1.6,0.4,1,1,0,0,1,0
9606.ENSP00000303939,0,0,0,0,0.25,0.25,0.25,0.25
9606.ENSP00000319476,0,0.1,0,1,1,0,0,0
9606.ENSP00000419494,0.8,34.8,1,1,1,0,0,0
9606.ENSP00000349124,60,71.1,1,1,0,0,1,0
9606.ENSP00000311035,0,0.7,0,1,0.25,0.25,0.25,0.25
9606.ENSP00000373176,10.3,8.6,1,1,0,0,1,0
9606.ENSP00000320251,6.8,8.1,1,1,0.25,0.25,0.25,0.25
9606.ENSP00000295872,5,6.9,1,1,0,0,0,1
9606.ENSP00000295878,0.4,1.4,1,1,0,0,1,0
9606.ENSP00000373215,0,0,0,0,1,0,0,0
9606.ENSP00000295886,0,0,0,0,1,0,0,0
9606.ENSP00000295887,3,0.5,1,1,1,0,0,0
9606.ENSP00000295888,6.4,6,1,1,0,0,1,0
9606.ENSP00000425261,1.3,15.2,1,1,0,0,1,0
9606.ENSP00000394794,0,0,0,0,1,0,0,0
9606.ENSP00000418994,0,0,0,0,1,0,0,0
9606.ENSP00000295897,17776.2,60343.6,1,1,1,0,0,0
9606.ENSP00000295896,0.2,0,1,0,0.25,0.25,0.25,0.25
9606.ENSP00000420949,0,0,0,0,0.25,0.25,0.25,0.25
9606.ENSP00000295899,94.2,83.1,1,1,1,0,0,0
9606.ENSP00000439585,5.3,17.9,1,1,0.25,0.25,0.25,0.25
9606.ENSP00000418695,124.7,53.4,1,1,0,0,0,1
9606.ENSP00000295902,0.1,1.2,1,1,0.25,0.25,0.25,0.25
9606.ENSP00000418735,0,0.1,0,1,0,1,0,0
9606.ENSP00000477341,9.4,28.3,1,1,1,0,0,0
9606.ENSP00000295910,0.2,0,1,0,1,0,0,0
9606.ENSP00000329158,0,0,0,0,0.25,0.25,0.25,0.25
9606.ENSP00000419851,75.3,10.8,1,1,0.25,0.25,0.25,0.25
9606.ENSP00000420612,11.3,15.5,1,1,0.25,0.25,0.25,0.25
9606.ENSP00000295926,17,64.7,1,1,0.25,0.25,0.25,0.25
9606.ENSP00000295927,0,0,0,0,1,0,0,0
9606.ENSP00000295934,0.6,0.6,1,1,0,1,0,0
9606.ENSP00000394484,0,0,0,0,0,1,0,0
9606.ENSP00000295951,37.4,19.6,1,1,1,0,0,0
9606.ENSP00000400467,131.1,2183.2,1,1,1,0,0,0
9606.ENSP00000295958,14.8,559.9,1,1,0,1,0,0
9606.ENSP00000412894,10.3,5,1,1,0.25,0.25,0.25,0.25
9606.ENSP00000420315,9.8,53.8,1,1,0,1,0,0
9606.ENSP00000378053,1.3,32.5,1,1,0,0,1,0
9606.ENSP00000295966,0,1.9,0,1,0.25,0.25,0.25,0.25
9606.ENSP00000371212,5.4,123.9,1,1,0,0,1,0
9606.ENSP00000427211,21.2,12.1,1,1,0,0,1,0
9606.ENSP00000373325,7.5,18.3,1,1,0,1,0,0
9606.ENSP00000295981,8,34.5,1,1,0,1,0,0
9606.ENSP00000321856,34.5,0.9,1,1,0,1,0,0
9606.ENSP00000392511,0.5,2.5,1,1,1,0,0,0
9606.ENSP00000429608,0.2,0,1,0,0.25,0.25,0.25,0.25
9606.ENSP00000295992,0.5,10.9,1,1,1,0,0,0
9606.ENSP00000418563,78.2,65,1,1,0,0,1,0
9606.ENSP00000296003,28.6,15.8,1,1,1,0,0,0
9606.ENSP00000296015,40.7,23.2,1,1,0,0,1,0
9606.ENSP00000296026,0,1,0,1,0.25,0.25,0.25,0.25
9606.ENSP00000296027,0.2,0,1,0,1,0,0,0
9606.ENSP00000296028,0,1.3,0,1,1,0,0,0
9606.ENSP00000296029,0,0.3,0,1,1,0,0,0
9606.ENSP00000379108,2.7,106.2,1,1,0.25,0.25,0.25,0.25
9606.ENSP00000379110,0.2,1.3,1,1,0.25,0.25,0.25,0.25
9606.ENSP00000321239,16.6,22.3,1,1,1,0,0,0
9606.ENSP00000420132,0,0.1,0,1,0.25,0.25,0.25,0.25
9606.ENSP00000373566,0,0.8,0,1,0.25,0.25,0.25,0.25
9606.ENSP00000296046,0,0,0,0,1,0,0,0
9606.ENSP00000340736,48.5,14,1,1,0,0,1,0
9606.ENSP00000296051,8.9,5.9,1,1,0,1,0,0
9606.ENSP00000296059,0.3,0.7,1,1,0,1,0,0
9606.ENSP00000260810,22.6,9.2,1,1,0,0,1,0
9606.ENSP00000478721,39.6,18.5,1,1,1,0,0,0
9606.ENSP00000296088,8.4,20.9,1,1,1,0,0,0
9606.ENSP00000296096,0.2,0,1,0,0.25,0.25,0.25,0.25
9606.ENSP00000296097,0.2,0,1,0,1,0,0,0
9606.ENSP00000296099,2.4,0.6,1,1,0,0,1,0
9606.ENSP00000318373,7.5,9.6,1,1,0,1,0,0
9606.ENSP00000479964,43.2,10.8,1,1,0,0,1,0
9606.ENSP00000330442,0.4,0,1,0,0.25,0.25,0.25,0.25
9606.ENSP00000335628,0.9,0,1,0,1,0,0,0
9606.ENSP00000296121,6.7,26.3,1,1,1,0,0,0
9606.ENSP00000324020,7.1,0,1,0,1,0,0,0
9606.ENSP00000296125,0.2,0,1,0,1,0,0,0
9606.ENSP00000384302,115.9,46.6,1,1,0,0,1,0
9606.ENSP00000296127,45,30.8,1,1,0,0,1,0
9606.ENSP00000296129,0.1,0,1,0,0,1,0,0
9606.ENSP00000296130,0,0.3,0,1,1,0,0,0
9606.ENSP00000346298,0.1,0,1,0,0.25,0.25,0.25,0.25
9606.ENSP00000296135,4.5,16,1,1,1,0,0,0
9606.ENSP00000296137,5.5,9.6,1,1,0,0,0,1
9606.ENSP00000296140,0,0.9,0,1,0.25,0.25,0.25,0.25
9606.ENSP00000296142,0,121.5,0,1,0.25,0.25,0.25,0.25
9606.ENSP00000379241,0.4,9.8,1,1,0.25,0.25,0.25,0.25
9606.ENSP00000296149,42.3,31.9,1,1,0.25,0.25,0.25,0.25
9606.ENSP00000337510,0,0.1,0,1,0.25,0.25,0.25,0.25
9606.ENSP00000296161,8.4,49.4,1,1,0,1,0,0
9606.ENSP00000353863,9.6,38.6,1,1,0,1,0,0
9606.ENSP00000340523,8.3,2.4,1,1,0,0,1,0
9606.ENSP00000428585,52,95.5,1,1,0,0,1,0
9606.ENSP00000349708,5,10.5,1,1,0,1,0,0
9606.ENSP00000347748,21.4,16.5,1,1,1,0,0,0
9606.ENSP00000306983,16.1,2.4,1,1,0.25,0.25,0.25,0.25
9606.ENSP00000362183,0,0,0,0,0.25,0.25,0.25,0.25
9606.ENSP00000362179,10.3,9.9,1,1,1,0,0,0
9606.ENSP00000362166,53.9,68.4,1,1,0.25,0.25,0.25,0.25
9606.ENSP00000296215,6.1,9.8,1,1,0,1,0,0
9606.ENSP00000296218,0.2,10.8,1,1,1,0,0,0
9606.ENSP00000415536,112.1,76.3,1,1,0,0,1,0
9606.ENSP00000296233,8.9,61.4,1,1,1,0,0,0
9606.ENSP00000344749,0.1,0,1,0,1,0,0,0
9606.ENSP00000296238,0.7,0.6,1,1,1,0,0,0
9606.ENSP00000296252,0.9,0.3,1,1,1,0,0,0
9606.ENSP00000406885,36.7,35.4,1,1,1,0,0,0
9606.ENSP00000296255,311.6,122.4,1,1,0,0,1,0
9606.ENSP00000296257,10.2,18.9,1,1,0,0,1,0
9606.ENSP00000361943,0,0,0,0,0,1,0,0
9606.ENSP00000296266,9.6,3.9,1,1,0,0,0,1
9606.ENSP00000296271,0.1,0,1,0,1,0,0,0
9606.ENSP00000376272,82.4,3.2,1,1,0,0,1,0
9606.ENSP00000296277,1.6,6.1,1,1,0,1,0,0
9606.ENSP00000417132,65.3,25.7,1,1,0,1,0,0
9606.ENSP00000391481,520.7,78.2,1,1,0,0,1,0
9606.ENSP00000378217,36,2.5,1,1,0,1,0,0
9606.ENSP00000296292,36.6,9.5,1,1,0,1,0,0
9606.ENSP00000378235,7.2,14.5,1,1,0.25,0.25,0.25,0.25
9606.ENSP00000395772,180.6,47.4,1,1,0,0,1,0
9606.ENSP00000378307,19,41.7,1,1,1,0,0,0
9606.ENSP00000374501,5.4,17.1,1,1,0,0,1,0
9606.ENSP00000417509,9.1,14.7,1,1,0,1,0,0
9606.ENSP00000341071,60.2,0,1,0,0,1,0,0
9606.ENSP00000417686,121.8,31.6,1,1,0,0,0,1
9606.ENSP00000421922,11.1,86.4,1,1,0,1,0,0
9606.ENSP00000296326,0,2.8,0,1,0.25,0.25,0.25,0.25
9606.ENSP00000296327,4.3,44.6,1,1,1,0,0,0
9606.ENSP00000296328,12.8,11,1,1,0,0,1,0
9606.ENSP00000320898,16.4,22,1,1,0.25,0.25,0.25,0.25
9606.ENSP00000296333,12.1,15.9,1,1,0,1,0,0
9606.ENSP00000296350,11.3,0,1,0,0,1,0,0
9606.ENSP00000296358,0,0,0,0,0.25,0.25,0.25,0.25
9606.ENSP00000296370,935.5,6.3,1,1,1,0,0,0
9606.ENSP00000393511,0,0.4,0,1,1,0,0,0
9606.ENSP00000361788,17.5,2.8,1,1,0.25,0.25,0.25,0.25
9606.ENSP00000296387,6.8,0,1,0,0.25,0.25,0.25,0.25
9606.ENSP00000361603,2,2.6,1,1,0,0,1,0
9606.ENSP00000361595,2.5,10.3,1,1,0,1,0,0
9606.ENSP00000361580,11,5.3,1,1,1,0,0,0
9606.ENSP00000378191,108.2,141.9,1,1,0,1,0,0
9606.ENSP00000378176,1.5,20.9,1,1,0,0,1,0
9606.ENSP00000296411,61.7,20.7,1,1,0,1,0,0
9606.ENSP00000404381,20.9,25.4,1,1,0,0,0,1
9606.ENSP00000296417,897,168.3,1,1,0,0,0,1
9606.ENSP00000296420,0,0.9,0,1,0,1,0,0
9606.ENSP00000296422,0.3,0,1,0,0.25,0.25,0.25,0.25
9606.ENSP00000378265,27.3,37.7,1,1,0,0,1,0
9606.ENSP00000296424,9,93.9,1,1,0,0,1,0
9606.ENSP00000429301,104.6,107.6,1,1,0,0,1,0
9606.ENSP00000303706,25.3,0.1,1,1,0.25,0.25,0.25,0.25
9606.ENSP00000296435,0,0,0,0,1,0,0,0
9606.ENSP00000346729,6.8,1,1,1,1,0,0,0
9606.ENSP00000296438,0,0,0,0,0.25,0.25,0.25,0.25
9606.ENSP00000351338,35.4,38.5,1,1,0,0,1,0
9606.ENSP00000379047,29.3,15.7,1,1,0,0,0,1
9606.ENSP00000323099,3.9,2.8,1,1,0,0,0,1
9606.ENSP00000296444,112.3,78,1,1,0,0,1,0
9606.ENSP00000481675,35.5,5.4,1,1,0,0,1,0
9606.ENSP00000296452,1.1,0.5,1,1,1,0,0,0
9606.ENSP00000296456,115.6,66.3,1,1,0,1,0,0
9606.ENSP00000334003,2.5,1.4,1,1,0,0,1,0
9606.ENSP00000328287,31,22.9,1,1,0,0,1,0
9606.ENSP00000296464,17.1,7.7,1,1,1,0,0,0
9606.ENSP00000296468,8.8,9.3,1,1,1,0,0,0
9606.ENSP00000381937,6.3,18.2,1,1,0,0,0,1
9606.ENSP00000419195,0.1,0,1,0,1,0,0,0
9606.ENSP00000296473,8.3,12.9,1,1,0.25,0.25,0.25,0.25
9606.ENSP00000296474,0.4,0,1,0,0,0,1,0
9606.ENSP00000386520,6.4,18.3,1,1,0,0,1,0
9606.ENSP00000396628,52.3,60.7,1,1,1,0,0,0
9606.ENSP00000378492,0,0,0,0,1,0,0,0
9606.ENSP00000417183,9.4,1.3,1,1,0,0,0,1
9606.ENSP00000296484,23.7,4.2,1,1,0,1,0,0
9606.ENSP00000387046,3.1,2.7,1,1,1,0,0,0
9606.ENSP00000296486,2.8,27.9,1,1,1,0,0,0
9606.ENSP00000296490,72.8,41.4,1,1,0.25,0.25,0.25,0.25
9606.ENSP00000304169,0,0,0,0,0.25,0.25,0.25,0.25
9606.ENSP00000382026,89.5,502.8,1,1,0,0,1,0
9606.ENSP00000296498,0,0.5,0,1,1,0,0,0
9606.ENSP00000296499,0,0.4,0,1,1,0,0,0
9606.ENSP00000296503,425.4,30.3,1,1,0,1,0,0
9606.ENSP00000296504,20.4,7.3,1,1,0,0,1,0
9606.ENSP00000296506,0.1,0,1,0,1,0,0,0
9606.ENSP00000352565,0,0,0,0,0,1,0,0
9606.ENSP00000296509,15.4,3.6,1,1,0.25,0.25,0.25,0.25
9606.ENSP00000296511,517.7,58.4,1,1,1,0,0,0
9606.ENSP00000296513,0,0,0,0,0.25,0.25,0.25,0.25
9606.ENSP00000310593,0,0,0,0,0.25,0.25,0.25,0.25
9606.ENSP00000296518,0,0.8,0,1,0,1,0,0
9606.ENSP00000377280,8.5,59.9,1,1,1,0,0,0
9606.ENSP00000389427,8,8,1,1,0,1,0,0
9606.ENSP00000296522,0.3,281.1,1,1,0,1,0,0
9606.ENSP00000296525,0,0,0,0,0.25,0.25,0.25,0.25
9606.ENSP00000412215,0,0,0,0,0.25,0.25,0.25,0.25
9606.ENSP00000296529,14.4,1.1,1,1,0.25,0.25,0.25,0.25
9606.ENSP00000377396,36.7,0.5,1,1,0,1,0,0
9606.ENSP00000354652,0,0.9,0,1,0.25,0.25,0.25,0.25
9606.ENSP00000423917,0,0,0,0,0.25,0.25,0.25,0.25
9606.ENSP00000296543,24.7,18.9,1,1,0,1,0,0
9606.ENSP00000296545,0.6,3,1,1,1,0,0,0
9606.ENSP00000413196,1.1,1.6,1,1,1,0,0,0
9606.ENSP00000395083,18.2,17.4,1,1,1,0,0,0
9606.ENSP00000296564,12.9,12.3,1,1,0,1,0,0
9606.ENSP00000296575,0.1,0.2,1,1,0.25,0.25,0.25,0.25
9606.ENSP00000478501,14.8,18.8,1,1,0,1,0,0
9606.ENSP00000296577,67.5,29.3,1,1,0,0,1,0
9606.ENSP00000409279,15.8,20.4,1,1,0,0,1,0
9606.ENSP00000422392,28,74.3,1,1,0,0,1,0
9606.ENSP00000296582,18.7,9.5,1,1,0,0,0,1
9606.ENSP00000314396,2.9,5.9,1,1,0.25,0.25,0.25,0.25
9606.ENSP00000296585,19.2,0.1,1,1,0,1,0,0
9606.ENSP00000380157,64.9,178,1,1,0,0,0,1
9606.ENSP00000296589,0,0,0,0,0.25,0.25,0.25,0.25
9606.ENSP00000296591,0,0,0,0,0,0,1,0
9606.ENSP00000426354,8.3,20.6,1,1,0.25,0.25,0.25,0.25
9606.ENSP00000424123,4.1,0.4,1,1,1,0,0,0
9606.ENSP00000296597,108.9,108.8,1,1,0,0,1,0
9606.ENSP00000296600,0,0,0,0,0.25,0.25,0.25,0.25
9606.ENSP00000296603,1.1,23.3,1,1,0,0,1,0
9606.ENSP00000421853,0,2.6,0,1,0,0,1,0
9606.ENSP00000282516,14.1,25.7,1,1,1,0,0,0
9606.ENSP00000373752,0,4.8,0,1,0,0,1,0
9606.ENSP00000384582,2.6,11.8,1,1,0,1,0,0
9606.ENSP00000348211,24.4,43.9,1,1,0,0,1,0
9606.ENSP00000296632,25.8,33.2,1,1,0,1,0,0
9606.ENSP00000404676,17.1,24,1,1,0.25,0.25,0.25,0.25
9606.ENSP00000296641,0.1,0,1,0,0.25,0.25,0.25,0.25
9606.ENSP00000368931,3.8,2.4,1,1,0,1,0,0
9606.ENSP00000296657,0,0,0,0,0.25,0.25,0.25,0.25
9606.ENSP00000296658,19,199.7,1,1,1,0,0,0
9606.ENSP00000454153,8.7,13.1,1,1,0.25,0.25,0.25,0.25
9606.ENSP00000421965,48.5,35.7,1,1,0,0,1,0
9606.ENSP00000296677,21.7,7.3,1,1,0,1,0,0
9606.ENSP00000316109,13.3,16.8,1,1,0.25,0.25,0.25,0.25
9606.ENSP00000296679,20.8,10.4,1,1,0,0,1,0
9606.ENSP00000296682,0.1,0,1,0,0.25,0.25,0.25,0.25
9606.ENSP00000296684,134.6,181.2,1,1,0,0,1,0
9606.ENSP00000296694,0.7,0,1,0,0.25,0.25,0.25,0.25
9606.ENSP00000296695,54.7,3129.7,1,1,1,0,0,0
9606.ENSP00000353915,0,0,0,0,1,0,0,0
9606.ENSP00000370812,0,0,0,0,1,0,0,0
9606.ENSP00000329558,12,8.3,1,1,0,0,1,0
9606.ENSP00000370781,0,0,0,0,0.25,0.25,0.25,0.25
9606.ENSP00000369346,6.9,13.1,1,1,1,0,0,0
9606.ENSP00000369318,25.7,76.2,1,1,0.25,0.25,0.25,0.25
9606.ENSP00000423822,4.2,0.7,1,1,1,0,0,0
9606.ENSP00000296736,1.8,1.1,1,1,0.25,0.25,0.25,0.25
9606.ENSP00000369611,0,0,0,0,0.25,0.25,0.25,0.25
9606.ENSP00000426237,26.3,65.1,1,1,0,0,1,0
9606.ENSP00000296741,0,1.1,0,1,1,0,0,0
9606.ENSP00000425493,0,0,0,0,0.25,0.25,0.25,0.25
9606.ENSP00000311032,69.5,13.8,1,1,1,0,0,0
9606.ENSP00000313816,5.8,7.2,1,1,0.25,0.25,0.25,0.25
9606.ENSP00000296754,20.9,21.1,1,1,0,0,0,1
9606.ENSP00000400376,9,15,1,1,0,0,1,0
9606.ENSP00000394770,0,3,0,1,1,0,0,0
9606.ENSP00000346964,0,0,0,0,1,0,0,0
9606.ENSP00000409964,28.9,71.1,1,1,0,0,1,0
9606.ENSP00000296776,0,0,0,0,1,0,0,0
9606.ENSP00000296777,0,0,0,0,1,0,0,0
9606.ENSP00000296782,7.2,26.8,1,1,0,0,0,1
9606.ENSP00000397563,22.6,23.4,1,1,0.25,0.25,0.25,0.25
9606.ENSP00000322898,0,1.3,0,1,0.25,0.25,0.25,0.25
9606.ENSP00000296785,8.8,24,1,1,0,0,1,0
9606.ENSP00000296786,19.8,14.9,1,1,1,0,0,0
9606.ENSP00000482552,0,0,0,0,1,0,0,0
9606.ENSP00000296792,17.8,8.6,1,1,0.25,0.25,0.25,0.25
9606.ENSP00000296795,0,7.3,0,1,0,0,1,0
9606.ENSP00000264690,0.2,226.3,1,1,0.25,0.25,0.25,0.25
9606.ENSP00000483484,48.1,256.7,1,1,0,0,1,0
9606.ENSP00000296805,25.4,22.8,1,1,0,0,1,0
9606.ENSP00000309572,1.2,0.2,1,1,1,0,0,0
9606.ENSP00000323549,0,0,0,0,1,0,0,0
9606.ENSP00000296824,8.7,11.3,1,1,0,0,1,0
9606.ENSP00000296839,96.4,0.5,1,1,0.25,0.25,0.25,0.25
9606.ENSP00000296862,0,0,0,0,0.25,0.25,0.25,0.25
9606.ENSP00000368566,2.6,7.8,1,1,0,1,0,0
9606.ENSP00000296870,0,0,0,0,0.25,0.25,0.25,0.25
9606.ENSP00000296871,0,0,0,0,0.25,0.25,0.25,0.25
9606.ENSP00000367991,46.4,7.8,1,1,1,0,0,0
9606.ENSP00000367950,15.3,59,1,1,0.25,0.25,0.25,0.25
9606.ENSP00000367942,0.1,0,1,0,1,0,0,0
9606.ENSP00000367939,324.2,5522.5,1,1,0,0,0,1
9606.ENSP00000296877,17.4,1817.3,1,1,0.25,0.25,0.25,0.25
9606.ENSP00000435355,0,0,0,0,0.25,0.25,0.25,0.25
9606.ENSP00000358565,19.4,19.1,1,1,0.25,0.25,0.25,0.25
9606.ENSP00000397026,0,0,0,0,1,0,0,0
9606.ENSP00000359339,0.1,0.1,1,1,0,1,0,0
9606.ENSP00000357429,0,0,0,0,1,0,0,0
9606.ENSP00000296921,0,0,0,0,1,0,0,0
9606.ENSP00000351206,0,0.4,0,1,1,0,0,0
9606.ENSP00000444198,22.9,72.2,1,1,0,0,1,0
9606.ENSP00000385836,0,0,0,0,0.25,0.25,0.25,0.25
9606.ENSP00000296946,0,0,0,0,0.25,0.25,0.25,0.25
9606.ENSP00000296953,1.5,34,1,1,0.25,0.25,0.25,0.25
9606.ENSP00000296955,48,8,1,1,1,0,0,0
9606.ENSP00000316905,82.7,94.1,1,1,0,0,0,1
9606.ENSP00000402092,0,0.9,0,1,0.25,0.25,0.25,0.25
9606.ENSP00000376224,0.4,0,1,0,1,0,0,0
9606.ENSP00000296980,0,0,0,0,0.25,0.25,0.25,0.25
9606.ENSP00000355760,1.1,0.2,1,1,0,0,0,1
9606.ENSP00000358033,16.4,35.8,1,1,0,0,1,0
9606.ENSP00000297001,0,0,0,0,0.25,0.25,0.25,0.25
9606.ENSP00000321826,8.4,4.2,1,1,0,1,0,0
9606.ENSP00000297012,0,0,0,0,0,0,1,0
9606.ENSP00000415900,0,0,0,0,1,0,0,0
9606.ENSP00000342295,1.1,1.1,1,1,0,1,0,0
9606.ENSP00000349709,0,0,0,0,0.25,0.25,0.25,0.25
9606.ENSP00000362778,0,0,0,0,1,0,0,0
9606.ENSP00000386170,0,0,0,0,0.25,0.25,0.25,0.25
9606.ENSP00000297056,10.7,5.8,1,1,0.25,0.25,0.25,0.25
9606.ENSP00000297063,3.2,5.8,1,1,0.25,0.25,0.25,0.25
9606.ENSP00000319192,7.9,10.6,1,1,0,0,0,1
9606.ENSP00000297071,69.1,68.4,1,1,1,0,0,0
9606.ENSP00000297107,13,4.5,1,1,1,0,0,0
9606.ENSP00000297109,4.6,16.3,1,1,1,0,0,0
9606.ENSP00000385958,1637,4932.7,1,1,0,0,1,0
9606.ENSP00000307342,0,0.2,0,1,1,0,0,0
9606.ENSP00000297130,0,0,0,0,1,0,0,0
9606.ENSP00000297135,16.5,5.5,1,1,0,0,0,1
9606.ENSP00000297142,0,0,0,0,1,0,0,0
9606.ENSP00000297145,3.2,1.8,1,1,1,0,0,0
9606.ENSP00000297146,0.3,1,1,1,0.25,0.25,0.25,0.25
9606.ENSP00000297151,27.1,28.4,1,1,0,0,0,1
9606.ENSP00000297157,21,18.3,1,1,0,0,1,0
9606.ENSP00000377536,196.1,7.5,1,1,0,1,0,0
9606.ENSP00000297156,27.7,85.4,1,1,1,0,0,0
9606.ENSP00000297161,0,0.2,0,1,0.25,0.25,0.25,0.25
9606.ENSP00000297164,6.9,0.1,1,1,0.25,0.25,0.25,0.25
9606.ENSP00000352527,0.1,20.8,1,1,1,0,0,0
9606.ENSP00000287152,0.1,0,1,0,1,0,0,0
9606.ENSP00000385939,10.9,9.1,1,1,0.25,0.25,0.25,0.25
9606.ENSP00000380081,37.2,2.9,1,1,0.25,0.25,0.25,0.25
9606.ENSP00000297203,0,0,0,0,0.25,0.25,0.25,0.25
9606.ENSP00000297205,21,31.8,1,1,1,0,0,0
9606.ENSP00000383986,6,4.9,1,1,0,1,0,0
9606.ENSP00000408792,0,0,0,0,0.25,0.25,0.25,0.25
9606.ENSP00000339881,14.7,17.4,1,1,1,0,0,0
9606.ENSP00000413445,3.4,0.2,1,1,0.25,0.25,0.25,0.25
9606.ENSP00000377797,3.8,1.4,1,1,0,0,1,0
9606.ENSP00000483936,0.1,3.6,1,1,1,0,0,0
9606.ENSP00000417769,0,0,0,0,0.25,0.25,0.25,0.25
9606.ENSP00000338272,2,1.4,1,1,1,0,0,0
9606.ENSP00000331462,11.7,12.1,1,1,0,1,0,0
9606.ENSP00000297258,267.6,0.8,1,1,1,0,0,0
9606.ENSP00000297261,5.4,17.9,1,1,0.25,0.25,0.25,0.25
9606.ENSP00000356033,0,0.8,0,1,0,0,1,0
9606.ENSP00000297268,0.2,6.2,1,1,0,0,1,0
9606.ENSP00000297267,0,0,0,0,1,0,0,0
9606.ENSP00000297265,13,9.8,1,1,0,1,0,0
9606.ENSP00000297282,0,0,0,0,1,0,0,0
9606.ENSP00000297283,0,1,0,1,1,0,0,0
9606.ENSP00000297290,38.8,271.6,1,1,0,0,1,0
9606.ENSP00000297293,13.2,7.5,1,1,0,0,1,0
9606.ENSP00000297307,0,0,0,0,0.25,0.25,0.25,0.25
9606.ENSP00000345672,392.8,225.4,1,1,0,0,0,1
9606.ENSP00000297316,0,0.1,0,1,0,1,0,0
9606.ENSP00000276297,32.5,22.8,1,1,1,0,0,0
9606.ENSP00000297323,0.6,42.4,1,1,0.25,0.25,0.25,0.25
9606.ENSP00000297324,0,0.4,0,1,1,0,0,0
9606.ENSP00000297325,0,0,0,0,1,0,0,0
9606.ENSP00000335500,0,0,0,0,1,0,0,0
9606.ENSP00000379701,7.8,9.5,1,1,1,0,0,0
9606.ENSP00000349543,35.4,39.5,1,1,0,0,1,0
9606.ENSP00000297338,148,67.8,1,1,0,1,0,0
9606.ENSP00000415011,0,0,0,0,1,0,0,0
9606.ENSP00000297347,17.8,24.5,1,1,0.25,0.25,0.25,0.25
9606.ENSP00000297350,0,1.5,0,1,1,0,0,0
9606.ENSP00000297354,0.4,0,1,0,1,0,0,0
9606.ENSP00000445440,0.2,42.3,1,1,1,0,0,0
9606.ENSP00000297375,0,0,0,0,0.25,0.25,0.25,0.25
9606.ENSP00000435954,0.2,0,1,0,0.25,0.25,0.25,0.25
9606.ENSP00000297405,0,0.1,0,1,0.25,0.25,0.25,0.25
9606.ENSP00000297423,21.2,8,1,1,0,0,1,0
9606.ENSP00000297431,22.1,7.9,1,1,0,0,1,0
9606.ENSP00000329890,0.1,0,1,0,1,0,0,0
9606.ENSP00000297440,39.8,6.7,1,1,0.25,0.25,0.25,0.25
9606.ENSP00000297435,0,1,0,1,1,0,0,0
9606.ENSP00000297436,0,0,0,0,1,0,0,0
9606.ENSP00000396445,6.8,17.4,1,1,0,0,1,0
9606.ENSP00000297439,4.4,328.2,1,1,0.25,0.25,0.25,0.25
9606.ENSP00000384015,27.4,32.6,1,1,0,0,1,0
9606.ENSP00000405424,18.8,33.5,1,1,1,0,0,0
9606.ENSP00000297459,0,0.7,0,1,0.25,0.25,0.25,0.25
9606.ENSP00000380283,2.3,20.9,1,1,0.25,0.25,0.25,0.25
9606.ENSP00000380281,27.1,23.2,1,1,1,0,0,0
9606.ENSP00000314480,0,0,0,0,0.25,0.25,0.25,0.25
9606.ENSP00000297477,12.2,11.1,1,1,1,0,0,0
9606.ENSP00000297494,4.6,0.2,1,1,1,0,0,0
9606.ENSP00000381480,0,0,0,0,1,0,0,0
9606.ENSP00000297508,2,3.4,1,1,0,1,0,0
9606.ENSP00000285381,1,0.5,1,1,1,0,0,0
9606.ENSP00000385722,37,21.5,1,1,0,0,1,0
9606.ENSP00000419782,30.2,11.9,1,1,1,0,0,0
9606.ENSP00000419412,59.5,26.5,1,1,0,0,1,0
9606.ENSP00000297524,0,0,0,0,0.25,0.25,0.25,0.25
9606.ENSP00000297532,30.5,31.2,1,1,0,1,0,0
9606.ENSP00000376565,96.3,39.1,1,1,0,0,1,0
9606.ENSP00000297534,27.3,148.4,1,1,0,1,0,0
9606.ENSP00000297537,0,0,0,0,1,0,0,0
9606.ENSP00000297540,9.6,35.8,1,1,0,1,0,0
9606.ENSP00000387123,105.3,87.7,1,1,0,0,0,1
9606.ENSP00000328720,8.3,10.2,1,1,0,1,0,0
9606.ENSP00000428895,102.8,2192.8,1,1,0,0,0,1
9606.ENSP00000414657,1.4,0,1,0,1,0,0,0
9606.ENSP00000379287,343.8,100.4,1,1,0,0,1,0
9606.ENSP00000312457,0.2,1.4,1,1,1,0,0,0
9606.ENSP00000351605,9.1,3.1,1,1,0,0,0,1
9606.ENSP00000330523,18,0.1,1,1,0,0,1,0
9606.ENSP00000297578,16.7,1.5,1,1,1,0,0,0
9606.ENSP00000297579,82.7,18.5,1,1,0,0,1,0
9606.ENSP00000297581,0,0,0,0,0.25,0.25,0.25,0.25
9606.ENSP00000344215,12.6,149.1,1,1,1,0,0,0
9606.ENSP00000430338,18.2,5.7,1,1,0,0,1,0
9606.ENSP00000297591,17.8,14.1,1,1,1,0,0,0
9606.ENSP00000412940,7.8,0,1,0,0.25,0.25,0.25,0.25
9606.ENSP00000297596,0.1,0.2,1,1,0,0,1,0
9606.ENSP00000379503,3.2,2.8,1,1,0,0,1,0
9606.ENSP00000389998,2.5,1.1,1,1,0.25,0.25,0.25,0.25
9606.ENSP00000318016,18.6,9.5,1,1,0,0,1,0
9606.ENSP00000297613,33.8,83.2,1,1,1,0,0,0
9606.ENSP00000392452,8.1,2.5,1,1,1,0,0,0
9606.ENSP00000297623,0.9,3.8,1,1,1,0,0,0
9606.ENSP00000370200,8.4,13.9,1,1,0.25,0.25,0.25,0.25
9606.ENSP00000297625,40.3,46.4,1,1,0,0,1,0
9606.ENSP00000368455,25.4,42.6,1,1,1,0,0,0
9606.ENSP00000297632,2.6,5.2,1,1,0.25,0.25,0.25,0.25
9606.ENSP00000370109,55.8,16.2,1,1,0,0,1,0
9606.ENSP00000370077,0.9,0.9,1,1,0,0,1,0
9606.ENSP00000297661,36.9,23.9,1,1,0,0,1,0
9606.ENSP00000364919,0,0.7,0,1,0.25,0.25,0.25,0.25
9606.ENSP00000364907,0,1.3,0,1,1,0,0,0
9606.ENSP00000363894,0.2,0.2,1,1,0,0,1,0
9606.ENSP00000363868,25.5,136.6,1,1,0,0,1,0
9606.ENSP00000297689,72.1,27.7,1,1,1,0,0,0
9606.ENSP00000369291,2.4,0,1,0,0,1,0,0
9606.ENSP00000262432,7.9,11.2,1,1,0.25,0.25,0.25,0.25
9606.ENSP00000366488,0,0,0,0,1,0,0,0
9606.ENSP00000366482,77.6,80.8,1,1,0,0,0,1
9606.ENSP00000297737,0,0,0,0,1,0,0,0
9606.ENSP00000429553,0,0,0,0,0.25,0.25,0.25,0.25
9606.ENSP00000349296,0,0.1,0,1,0,1,0,0
9606.ENSP00000366387,0.1,0,1,0,0,0,1,0
9606.ENSP00000297767,0,0,0,0,1,0,0,0
9606.ENSP00000297770,1.8,0,1,0,0.25,0.25,0.25,0.25
9606.ENSP00000427820,0.2,0,1,0,0.25,0.25,0.25,0.25
9606.ENSP00000297784,0,0.1,0,1,0.25,0.25,0.25,0.25
9606.ENSP00000297785,1022.9,667.2,1,1,0,0,1,0
9606.ENSP00000297792,12,7.4,1,1,0,0,0,1
9606.ENSP00000368965,12.3,17.6,1,1,0,0,1,0
9606.ENSP00000365630,1.8,1.1,1,1,1,0,0,0
9606.ENSP00000365550,6.4,16.7,1,1,1,0,0,0
9606.ENSP00000297814,2.1,2.3,1,1,0.25,0.25,0.25,0.25
9606.ENSP00000365522,37.9,20.7,1,1,0,0,1,0
9606.ENSP00000365439,745.4,354.5,1,1,0,0,1,0
9606.ENSP00000297819,0,0,0,0,0.25,0.25,0.25,0.25
9606.ENSP00000384917,0,0,0,0,0,0,1,0
9606.ENSP00000352358,0,0,0,0,1,0,0,0
9606.ENSP00000386450,0,0,0,0,0.25,0.25,0.25,0.25
9606.ENSP00000297837,3.7,2.4,1,1,0,0,1,0
9606.ENSP00000408025,1.7,598.1,1,1,0,0,0,1
9606.ENSP00000363984,0,6.7,0,1,0,0,1,0
9606.ENSP00000297857,13.4,66.2,1,1,0.25,0.25,0.25,0.25
9606.ENSP00000367926,0,0,0,0,0.25,0.25,0.25,0.25
9606.ENSP00000367851,0,2.5,0,1,1,0,0,0
9606.ENSP00000367841,11.6,42.3,1,1,1,0,0,0
9606.ENSP00000297873,4.4,0.8,1,1,0,0,0,1
9606.ENSP00000483547,30.3,41.3,1,1,0,0,1,0
9606.ENSP00000363405,0,0.7,0,1,0.25,0.25,0.25,0.25
9606.ENSP00000368511,0,0.1,0,1,0.25,0.25,0.25,0.25
9606.ENSP00000440504,7.5,8.2,1,1,0,0,1,0
9606.ENSP00000368666,0,0,0,0,0.25,0.25,0.25,0.25
9606.ENSP00000419454,0.2,0,1,0,0.25,0.25,0.25,0.25
9606.ENSP00000417914,0,0.2,0,1,0.25,0.25,0.25,0.25
9606.ENSP00000362125,0,0,0,0,0,1,0,0
9606.ENSP00000369820,5.2,7,1,1,0,1,0,0
9606.ENSP00000297904,0.2,0.8,1,1,0.25,0.25,0.25,0.25
9606.ENSP00000297913,0,0,0,0,0.25,0.25,0.25,0.25
9606.ENSP00000277309,0,0,0,0,0.25,0.25,0.25,0.25
9606.ENSP00000415968,22.2,12.6,1,1,1,0,0,0
9606.ENSP00000378577,1.2,38.3,1,1,0,0,1,0
9606.ENSP00000377664,18.3,12.6,1,1,1,0,0,0
9606.ENSP00000364613,18.3,14.9,1,1,0,0,1,0
9606.ENSP00000297954,34,0.2,1,1,1,0,0,0
9606.ENSP00000345728,1.4,2.7,1,1,0,0,0,1
9606.ENSP00000364405,6,4.2,1,1,0,0,1,0
9606.ENSP00000297977,0,1,0,1,0,1,0,0
9606.ENSP00000369176,70.5,228.2,1,1,0,0,0,1
9606.ENSP00000297988,2.4,18.4,1,1,0.25,0.25,0.25,0.25
9606.ENSP00000297990,29,6,1,1,0,0,1,0
9606.ENSP00000297991,4.1,125,1,1,1,0,0,0
9606.ENSP00000297994,3.8,10.5,1,1,0.25,0.25,0.25,0.25
9606.ENSP00000351777,191.7,122.8,1,1,0,0,1,0
9606.ENSP00000367880,17.8,10.4,1,1,0.25,0.25,0.25,0.25
9606.ENSP00000348886,270.8,133.4,1,1,0,0,1,0
9606.ENSP00000362372,3.3,6.2,1,1,0,1,0,0
9606.ENSP00000366283,0,0,0,0,0.25,0.25,0.25,0.25
9606.ENSP00000298048,40.1,0.5,1,1,0,0,1,0
9606.ENSP00000298032,0,0,0,0,1,0,0,0
9606.ENSP00000365678,1.7,9.4,1,1,0,0,1,0
9606.ENSP00000345808,30.7,22,1,1,0,0,1,0
9606.ENSP00000432586,0,0,0,0,0.25,0.25,0.25,0.25
9606.ENSP00000298050,0,0,0,0,0.25,0.25,0.25,0.25
9606.ENSP00000401023,2.2,1.7,1,1,0,0,1,0
9606.ENSP00000363417,0,0,0,0,0.25,0.25,0.25,0.25
9606.ENSP00000298097,11.5,10.8,1,1,0,0,1,0
9606.ENSP00000359788,0,0.3,0,1,0,0,1,0
9606.ENSP00000298110,0,0,0,0,0.25,0.25,0.25,0.25
9606.ENSP00000441283,2,26,1,1,1,0,0,0
9606.ENSP00000298119,0,0.5,0,1,1,0,0,0
9606.ENSP00000298124,0,0,0,0,1,0,0,0
9606.ENSP00000298130,144.8,83.6,1,1,0.25,0.25,0.25,0.25
9606.ENSP00000298139,4.4,9.3,1,1,1,0,0,0
9606.ENSP00000411848,14.4,21.5,1,1,0,0,1,0
9606.ENSP00000441235,0.4,0.6,1,1,1,0,0,0
9606.ENSP00000298159,134.8,122.3,1,1,0,0,1,0
9606.ENSP00000367208,66.3,48.8,1,1,1,0,0,0
9606.ENSP00000452454,14.5,22.2,1,1,0,1,0,0
9606.ENSP00000361411,5.7,52.1,1,1,0,0,0,1
9606.ENSP00000298198,1,0.9,1,1,1,0,0,0
9606.ENSP00000362987,35.7,1.7,1,1,0,1,0,0
9606.ENSP00000378757,0.1,0,1,0,0,1,0,0
9606.ENSP00000298223,0,1.6,0,1,0.25,0.25,0.25,0.25
9606.ENSP00000298229,32.3,9.7,1,1,0,0,1,0
9606.ENSP00000298231,0,0,0,0,1,0,0,0
9606.ENSP00000363079,4.6,233.7,1,1,0,0,0,1
9606.ENSP00000372295,0.4,24.8,1,1,0,0,0,1
9606.ENSP00000298248,75.2,338.4,1,1,0,0,1,0
9606.ENSP00000362863,16.7,72.2,1,1,0.25,0.25,0.25,0.25
9606.ENSP00000298251,28.3,9.5,1,1,0,1,0,0
9606.ENSP00000319417,9.7,0.3,1,1,1,0,0,0
9606.ENSP00000371811,37.4,26.4,1,1,0,0,1,0
9606.ENSP00000435421,8.7,0.3,1,1,1,0,0,0
9606.ENSP00000298281,21.2,19.2,1,1,0.25,0.25,0.25,0.25
9606.ENSP00000298282,0,0,0,0,0,1,0,0
9606.ENSP00000298283,0.1,0,1,0,0.25,0.25,0.25,0.25
9606.ENSP00000298288,22,7.4,1,1,0,0,1,0
9606.ENSP00000346012,546.6,1291.4,1,1,0.25,0.25,0.25,0.25
9606.ENSP00000298292,14.9,30.1,1,1,0,1,0,0
9606.ENSP00000298295,85.8,116.6,1,1,1,0,0,0
9606.ENSP00000298296,0,0,0,0,1,0,0,0
9606.ENSP00000298299,1.4,61.6,1,1,0,0,0,1
9606.ENSP00000298307,29.8,94.9,1,1,1,0,0,0
9606.ENSP00000451998,0,0.1,0,1,0.25,0.25,0.25,0.25
9606.ENSP00000298310,29.1,27.8,1,1,0,1,0,0
9606.ENSP00000298317,42,10.3,1,1,1,0,0,0
9606.ENSP00000298316,37.9,138.1,1,1,0,0,1,0
9606.ENSP00000482306,12.5,7.7,1,1,0.25,0.25,0.25,0.25
9606.ENSP00000298351,0,0,0,0,0.25,0.25,0.25,0.25
9606.ENSP00000298352,0,0,0,0,1,0,0,0
9606.ENSP00000370215,0.6,0.2,1,1,1,0,0,0
9606.ENSP00000370408,0,0,0,0,1,0,0,0
9606.ENSP00000426528,0,0,0,0,1,0,0,0
9606.ENSP00000298375,0,0,0,0,1,0,0,0
9606.ENSP00000368799,10.3,7.2,1,1,0,0,0,1
9606.ENSP00000312415,0,0,0,0,1,0,0,0
9606.ENSP00000298396,0,0,0,0,1,0,0,0
9606.ENSP00000343819,0,0,0,0,1,0,0,0
9606.ENSP00000364035,1.5,10,1,1,0.25,0.25,0.25,0.25
9606.ENSP00000363254,0,0,0,0,0.25,0.25,0.25,0.25
9606.ENSP00000419628,155.5,164,1,1,0,0,1,0
9606.ENSP00000337439,0,0.7,0,1,0,1,0,0
9606.ENSP00000298440,0,0,0,0,0.25,0.25,0.25,0.25
9606.ENSP00000367952,0,0,0,0,0.25,0.25,0.25,0.25
9606.ENSP00000345773,10.4,7.9,1,1,0,0,0,1
9606.ENSP00000349142,377.9,273.5,1,1,0,0,0,1
9606.ENSP00000367835,16.1,32.4,1,1,0,0,1,0
9606.ENSP00000340271,8.1,14.4,1,1,0.25,0.25,0.25,0.25
9606.ENSP00000331062,0.1,4.6,1,1,0,0,1,0
9606.ENSP00000361635,340.8,84.8,1,1,0,1,0,0
9606.ENSP00000404438,0.3,0,1,0,0.25,0.25,0.25,0.25
9606.ENSP00000361616,8.3,85.8,1,1,1,0,0,0
9606.ENSP00000298472,0.2,0.8,1,1,0,1,0,0
9606.ENSP00000334642,9.7,48.2,1,1,0,0,1,0
9606.ENSP00000361602,31.7,9,1,1,0,0,1,0
9606.ENSP00000298492,14.4,11.2,1,1,1,0,0,0
9606.ENSP00000351536,36.2,3.5,1,1,1,0,0,0
9606.ENSP00000358183,23.1,62.4,1,1,1,0,0,0
9606.ENSP00000395929,0.2,15.9,1,1,0,1,0,0
9606.ENSP00000298510,504.5,397.4,1,1,0,0,0,1
9606.ENSP00000337146,7.8,12.7,1,1,1,0,0,0
9606.ENSP00000361207,231.6,353.1,1,1,0,0,1,0
9606.ENSP00000298527,0,6.7,0,1,1,0,0,0
9606.ENSP00000298532,11,6.6,1,1,0.25,0.25,0.25,0.25
9606.ENSP00000371348,0,0,0,0,1,0,0,0
9606.ENSP00000360782,111.5,55.6,1,1,0,0,0,1
9606.ENSP00000349929,48.7,22.4,1,1,0,1,0,0
9606.ENSP00000298542,0,0,0,0,0.25,0.25,0.25,0.25
9606.ENSP00000298545,0,0,0,0,1,0,0,0
9606.ENSP00000298546,0.8,3.3,1,1,1,0,0,0
9606.ENSP00000298552,15.8,4,1,1,0,0,1,0
9606.ENSP00000344782,0.3,0,1,0,1,0,0,0
9606.ENSP00000298556,74.3,22.1,1,1,0,0,1,0
9606.ENSP00000321546,4.1,7.9,1,1,0,0,1,0
9606.ENSP00000360757,5.8,3.9,1,1,0.25,0.25,0.25,0.25
9606.ENSP00000298585,40.2,7,1,1,0,0,1,0
9606.ENSP00000298596,3.5,0.3,1,1,1,0,0,0
9606.ENSP00000347942,0,1.4,0,1,0,1,0,0
9606.ENSP00000346120,134.9,192,1,1,0,1,0,0
9606.ENSP00000363642,28.4,12.5,1,1,0,0,1,0
9606.ENSP00000298630,35.8,5.1,1,1,0,0,1,0
9606.ENSP00000364526,0,0.1,0,1,1,0,0,0
9606.ENSP00000298642,0,0,0,0,0.25,0.25,0.25,0.25
9606.ENSP00000358510,2.8,89.5,1,1,1,0,0,0
9606.ENSP00000381102,38.1,16.7,1,1,0,0,0,1
9606.ENSP00000372445,64.5,16.9,1,1,1,0,0,0
9606.ENSP00000298681,0,0,0,0,0,0,1,0
9606.ENSP00000451712,92,218.8,1,1,0,0,1,0
9606.ENSP00000298690,0,0,0,0,1,0,0,0
9606.ENSP00000298694,14.2,27.1,1,1,0.25,0.25,0.25,0.25
9606.ENSP00000360530,84.6,18.7,1,1,1,0,0,0
9606.ENSP00000354206,40.6,9.1,1,1,0,0,1,0
9606.ENSP00000298699,0,0,0,0,0.25,0.25,0.25,0.25
9606.ENSP00000358327,37.6,12.1,1,1,0,1,0,0
9606.ENSP00000298705,0,0,0,0,1,0,0,0
9606.ENSP00000330200,0.1,0.4,1,1,0.25,0.25,0.25,0.25
9606.ENSP00000358293,5.9,17.5,1,1,0,0,1,0
9606.ENSP00000376708,0,0,0,0,0.25,0.25,0.25,0.25
9606.ENSP00000298717,78,8.6,1,1,0.25,0.25,0.25,0.25
9606.ENSP00000483562,4.7,0,1,0,1,0,0,0
9606.ENSP00000416126,99.2,289.5,1,1,0,0,1,0
9606.ENSP00000298746,27.9,18.5,1,1,0,1,0,0
9606.ENSP00000298738,0,0,0,0,0.25,0.25,0.25,0.25
9606.ENSP00000360372,0,54.8,0,1,0,0,0,1
9606.ENSP00000450742,4.5,6.9,1,1,0,1,0,0
9606.ENSP00000358212,2.3,0,1,0,0.25,0.25,0.25,0.25
9606.ENSP00000358211,5.5,5,1,1,1,0,0,0
9606.ENSP00000360060,3.6,18,1,1,0,0,1,0
9606.ENSP00000359698,14.3,6.4,1,1,0,0,1,0
9606.ENSP00000306163,0,0.1,0,1,1,0,0,0
9606.ENSP00000323246,6.4,0,1,0,0.25,0.25,0.25,0.25
9606.ENSP00000298815,1.7,9.9,1,1,1,0,0,0
9606.ENSP00000452007,34.5,44.7,1,1,0,1,0,0
9606.ENSP00000400895,0,0,0,0,0.25,0.25,0.25,0.25
9606.ENSP00000432869,13,1.5,1,1,1,0,0,0
9606.ENSP00000440945,101.3,31.9,1,1,0,0,0,1
9606.ENSP00000336127,3.9,11.3,1,1,1,0,0,0
9606.ENSP00000354689,24.3,5.1,1,1,1,0,0,0
9606.ENSP00000481029,185.4,168.1,1,1,0,0,1,0
9606.ENSP00000298854,1.5,0.5,1,1,1,0,0,0
9606.ENSP00000435582,0.7,0.8,1,1,0,0,1,0
9606.ENSP00000387882,0,0.8,0,1,0,0,1,0
9606.ENSP00000298875,36.5,20.8,1,1,0,1,0,0
9606.ENSP00000387617,0,0.2,0,1,0.25,0.25,0.25,0.25
9606.ENSP00000451594,12.4,8.1,1,1,0,0,1,0
9606.ENSP00000451851,13.4,13.1,1,1,0.25,0.25,0.25,0.25
9606.ENSP00000483430,0.9,13.7,1,1,1,0,0,0
9606.ENSP00000342109,8.2,0.1,1,1,0.25,0.25,0.25,0.25
9606.ENSP00000298912,4.2,69.5,1,1,1,0,0,0
9606.ENSP00000384197,0,0,0,0,1,0,0,0
9606.ENSP00000434364,0,0,0,0,0.25,0.25,0.25,0.25
9606.ENSP00000345470,0.3,2.3,1,1,0.25,0.25,0.25,0.25
9606.ENSP00000298925,0,0,0,0,1,0,0,0
9606.ENSP00000367239,4.9,21.2,1,1,0,1,0,0
9606.ENSP00000298943,0,0,0,0,0.25,0.25,0.25,0.25
9606.ENSP00000320025,1.4,0.6,1,1,0,0,1,0
9606.ENSP00000355308,35.4,0.9,1,1,0.25,0.25,0.25,0.25
9606.ENSP00000366487,33.1,39.3,1,1,0,0,1,0
9606.ENSP00000298966,55.2,123.3,1,1,0,0,1,0
9606.ENSP00000316681,7.6,3.6,1,1,0,0,1,0
9606.ENSP00000449253,0,0,0,0,0.25,0.25,0.25,0.25
9606.ENSP00000410409,23.7,51.2,1,1,1,0,0,0
9606.ENSP00000410157,15.7,7.2,1,1,1,0,0,0
9606.ENSP00000483494,10.6,4.9,1,1,0,1,0,0
9606.ENSP00000387739,0.1,16.1,1,1,1,0,0,0
9606.ENSP00000357980,0.4,128.3,1,1,1,0,0,0
9606.ENSP00000299022,41.7,151.1,1,1,0.25,0.25,0.25,0.25
9606.ENSP00000317902,31.4,86.8,1,1,0,1,0,0
9606.ENSP00000299045,4.8,1.3,1,1,0,1,0,0
9606.ENSP00000359382,0,0,0,0,1,0,0,0
9606.ENSP00000299084,7.3,4.1,1,1,0,0,1,0
9606.ENSP00000327234,0,0,0,0,1,0,0,0
9606.ENSP00000453076,0.1,0.1,1,1,0,0,0,1
9606.ENSP00000299106,5.3,0,1,0,0,1,0,0
9606.ENSP00000328111,0,0,0,0,0.25,0.25,0.25,0.25
9606.ENSP00000344819,0,0,0,0,1,0,0,0
9606.ENSP00000396615,0,0,0,0,0.25,0.25,0.25,0.25
9606.ENSP00000299164,0,0,0,0,1,0,0,0
9606.ENSP00000479104,0,0.1,0,1,0.25,0.25,0.25,0.25
9606.ENSP00000299140,0,0,0,0,1,0,0,0
9606.ENSP00000345282,306.7,104.7,1,1,1,0,0,0
9606.ENSP00000299155,26.9,37.3,1,1,0,1,0,0
9606.ENSP00000312734,8.2,5.3,1,1,0.25,0.25,0.25,0.25
9606.ENSP00000299157,56.4,7,1,1,1,0,0,0
9606.ENSP00000323288,17.5,12.8,1,1,0,0,0,1
9606.ENSP00000299163,14.9,9.9,1,1,0,0,1,0
9606.ENSP00000299166,364.3,407.2,1,1,0,0,1,0
9606.ENSP00000347498,14.5,23.1,1,1,0,1,0,0
9606.ENSP00000398342,1.1,0,1,0,1,0,0,0
9606.ENSP00000342098,7.2,0.7,1,1,0,0,1,0
9606.ENSP00000325527,0.4,0.5,1,1,1,0,0,0
9606.ENSP00000299178,0,49.8,0,1,0.25,0.25,0.25,0.25
9606.ENSP00000299191,0,0,0,0,0.25,0.25,0.25,0.25
9606.ENSP00000396234,3.2,1,1,1,0.25,0.25,0.25,0.25
9606.ENSP00000446278,0,0,0,0,0.25,0.25,0.25,0.25
9606.ENSP00000358945,0,0,0,0,0.25,0.25,0.25,0.25
9606.ENSP00000378181,133.5,45.3,1,1,0,1,0,0
9606.ENSP00000299198,188.2,12.8,1,1,1,0,0,0
9606.ENSP00000374399,16,8.8,1,1,0.25,0.25,0.25,0.25
9606.ENSP00000359206,11.5,5.8,1,1,0,1,0,0
9606.ENSP00000359181,18,9.8,1,1,0.25,0.25,0.25,0.25
9606.ENSP00000338814,15.9,20.3,1,1,1,0,0,0
9606.ENSP00000359170,48.5,12.7,1,1,1,0,0,0
9606.ENSP00000299213,12.7,16.9,1,1,0,0,1,0
9606.ENSP00000431391,52.9,40.7,1,1,0,1,0,0
9606.ENSP00000450040,0,76.4,0,1,0,1,0,0
9606.ENSP00000299237,5.5,2.4,1,1,0.25,0.25,0.25,0.25
9606.ENSP00000299238,10.6,6.4,1,1,0,0,0,1
9606.ENSP00000340505,1.8,1.8,1,1,0,0,0,1
9606.ENSP00000385410,178.9,24.3,1,1,0,1,0,0
9606.ENSP00000302232,21.7,15.6,1,1,0,1,0,0
9606.ENSP00000299259,86.2,33.3,1,1,1,0,0,0
9606.ENSP00000308725,0,0.1,0,1,0.25,0.25,0.25,0.25
9606.ENSP00000448580,0,0.7,0,1,0.25,0.25,0.25,0.25
9606.ENSP00000299290,0,0,0,0,0.25,0.25,0.25,0.25
9606.ENSP00000362298,31.9,42.2,1,1,0,0,1,0
9606.ENSP00000447241,11.2,13.9,1,1,0.25,0.25,0.25,0.25
9606.ENSP00000299300,270,53.7,1,1,1,0,0,0
9606.ENSP00000299299,372.8,713.1,1,1,0,0,0,1
9606.ENSP00000369217,10.5,22.7,1,1,0,0,1,0
9606.ENSP00000299320,0.2,0.1,1,1,1,0,0,0
9606.ENSP00000405577,0.1,0,1,0,0.25,0.25,0.25,0.25
9606.ENSP00000376523,0.2,0,1,0,0.25,0.25,0.25,0.25
9606.ENSP00000299335,60.2,42,1,1,0,0,1,0
9606.ENSP00000337724,9.1,1.4,1,1,0.25,0.25,0.25,0.25
9606.ENSP00000299338,1.5,6.8,1,1,0,0,1,0
9606.ENSP00000365530,7.6,5.5,1,1,0,1,0,0
9606.ENSP00000299340,0,0.5,0,1,0,0,1,0
9606.ENSP00000376808,14.1,47.7,1,1,1,0,0,0
9606.ENSP00000440626,0,0,0,0,1,0,0,0
9606.ENSP00000414721,11.7,56.3,1,1,1,0,0,0
9606.ENSP00000342331,30.9,83.9,1,1,0,0,1,0
9606.ENSP00000299367,36,327.6,1,1,1,0,0,0
9606.ENSP00000389787,5.5,9.3,1,1,1,0,0,0
9606.ENSP00000465638,0,17.3,0,1,1,0,0,0
9606.ENSP00000477760,17.5,570.6,1,1,0,0,1,0
9606.ENSP00000340409,5.8,69.6,1,1,0.25,0.25,0.25,0.25
9606.ENSP00000477213,0.9,2.6,1,1,0,0,1,0
9606.ENSP00000378289,0,0.4,0,1,1,0,0,0
9606.ENSP00000349874,5.2,2.8,1,1,1,0,0,0
9606.ENSP00000483537,0.1,2.2,1,1,0.25,0.25,0.25,0.25
9606.ENSP00000299413,13.5,46.2,1,1,0,0,1,0
9606.ENSP00000299415,0,0,0,0,0.25,0.25,0.25,0.25
9606.ENSP00000379975,89.9,36.8,1,1,1,0,0,0
9606.ENSP00000299424,76,13.5,1,1,0,0,0,1
9606.ENSP00000299427,58.1,67.1,1,1,0,0,0,1
9606.ENSP00000299441,0,0.8,0,1,0,0,0,1
9606.ENSP00000313088,0,0,0,0,0.25,0.25,0.25,0.25
9606.ENSP00000299432,0.7,0.2,1,1,0.25,0.25,0.25,0.25
9606.ENSP00000341625,409.4,3995.8,1,1,0,0,1,0
9606.ENSP00000345216,7.3,1.3,1,1,1,0,0,0
9606.ENSP00000299440,0,1.9,0,1,0.25,0.25,0.25,0.25
9606.ENSP00000299443,0,0,0,0,0.25,0.25,0.25,0.25
9606.ENSP00000403937,20.1,23.6,1,1,0,0,0,1
9606.ENSP00000348129,0.5,0,1,0,0.25,0.25,0.25,0.25
9606.ENSP00000299454,0,0,0,0,0.25,0.25,0.25,0.25
9606.ENSP00000299459,0,0,0,0,0.25,0.25,0.25,0.25
9606.ENSP00000398076,9.6,7.6,1,1,1,0,0,0
9606.ENSP00000299492,18.2,13.8,1,1,0,1,0,0
9606.ENSP00000198801,4.9,68.7,1,1,0,1,0,0
9606.ENSP00000437041,0.7,0.6,1,1,1,0,0,0
9606.ENSP00000381101,0,0,0,0,1,0,0,0
9606.ENSP00000299505,6.9,42.1,1,1,0.25,0.25,0.25,0.25
9606.ENSP00000381072,2.2,8.3,1,1,1,0,0,0
9606.ENSP00000305426,7.7,0.1,1,1,0,0,1,0
9606.ENSP00000308820,0,4.6,0,1,0,0,0,1
9606.ENSP00000338207,0,0,0,0,0.25,0.25,0.25,0.25
9606.ENSP00000299518,25.2,20.5,1,1,1,0,0,0
9606.ENSP00000379619,0.2,36.5,1,1,1,0,0,0
9606.ENSP00000299529,0,0,0,0,1,0,0,0
9606.ENSP00000376372,0,0,0,0,1,0,0,0
9606.ENSP00000361868,0,6.4,0,1,1,0,0,0
9606.ENSP00000339918,2.6,13.9,1,1,0.25,0.25,0.25,0.25
9606.ENSP00000384876,4.2,7.3,1,1,1,0,0,0
9606.ENSP00000299563,5.5,12.6,1,1,0.25,0.25,0.25,0.25
9606.ENSP00000346015,3331.6,2985.8,1,1,0,0,1,0
9606.ENSP00000433528,23.9,10.3,1,1,0,0,1,0
9606.ENSP00000476295,0.1,4.4,1,1,1,0,0,0
9606.ENSP00000413163,0.1,0,1,0,0.25,0.25,0.25,0.25
9606.ENSP00000373937,9.8,0,1,0,0.25,0.25,0.25,0.25
9606.ENSP00000377007,80.6,7.4,1,1,0.25,0.25,0.25,0.25
9606.ENSP00000310459,31.9,18.6,1,1,0.25,0.25,0.25,0.25
9606.ENSP00000299575,17.8,23.1,1,1,0,1,0,0
9606.ENSP00000299578,0.9,1.1,1,1,1,0,0,0
9606.ENSP00000433126,31.8,46.4,1,1,0,1,0,0
9606.ENSP00000299601,90.3,19.2,1,1,1,0,0,0
9606.ENSP00000379847,17.7,5.8,1,1,1,0,0,0
9606.ENSP00000299608,13.2,22,1,1,0,0,1,0
9606.ENSP00000378957,0.1,0.1,1,1,1,0,0,0
9606.ENSP00000402084,32.4,75.8,1,1,1,0,0,0
9606.ENSP00000311005,6.1,1,1,1,0,0,1,0
9606.ENSP00000305355,0.1,2,1,1,1,0,0,0
9606.ENSP00000299633,0.1,1.4,1,1,0,0,1,0
9606.ENSP00000310657,8.4,2.8,1,1,0,1,0,0
9606.ENSP00000307288,223.2,10.2,1,1,1,0,0,0
9606.ENSP00000299642,0,0,0,0,0.25,0.25,0.25,0.25
9606.ENSP00000466690,2.9,6.3,1,1,0,0,1,0
9606.ENSP00000299663,0.2,0.9,1,1,0.25,0.25,0.25,0.25
9606.ENSP00000306372,33.8,14.4,1,1,0,1,0,0
9606.ENSP00000299665,0,0,0,0,1,0,0,0
9606.ENSP00000292450,8.1,4.3,1,1,0,0,1,0
9606.ENSP00000350136,0.2,0.3,1,1,0.25,0.25,0.25,0.25
9606.ENSP00000299698,0.2,0,1,0,1,0,0,0
9606.ENSP00000442793,0.4,0,1,0,0.25,0.25,0.25,0.25
9606.ENSP00000299697,14.6,47.9,1,1,0,1,0,0
9606.ENSP00000299705,113.9,4.6,1,1,1,0,0,0
9606.ENSP00000299709,0.1,0,1,0,0.25,0.25,0.25,0.25
9606.ENSP00000468633,231.8,220.1,1,1,1,0,0,0
9606.ENSP00000299721,0,0,0,0,1,0,0,0
9606.ENSP00000299727,0,0.3,0,1,0.25,0.25,0.25,0.25
9606.ENSP00000306344,78.9,15.5,1,1,0,1,0,0
9606.ENSP00000299732,0.9,0.3,1,1,1,0,0,0
9606.ENSP00000333982,53.7,9.3,1,1,1,0,0,0
9606.ENSP00000299736,44.1,51.6,1,1,0,0,0,1
9606.ENSP00000299752,2.9,0,1,0,1,0,0,0
9606.ENSP00000299759,1.7,0,1,0,0,0,1,0
9606.ENSP00000387471,299.6,221.5,1,1,0,1,0,0
9606.ENSP00000339449,0.2,0,1,0,1,0,0,0
9606.ENSP00000299767,1087,720.2,1,1,0,0,1,0
9606.ENSP00000299766,0,0,0,0,1,0,0,0
9606.ENSP00000397172,113,78.5,1,1,0.25,0.25,0.25,0.25
9606.ENSP00000269491,0,0,0,0,0.25,0.25,0.25,0.25
9606.ENSP00000299847,0.2,0,1,0,0.25,0.25,0.25,0.25
9606.ENSP00000379808,8,142.8,1,1,1,0,0,0
9606.ENSP00000279441,0,0,0,0,0.25,0.25,0.25,0.25
9606.ENSP00000299866,0.3,0,1,0,0.25,0.25,0.25,0.25
9606.ENSP00000361728,106.8,183.9,1,1,0,1,0,0
9606.ENSP00000299882,0.1,0.3,1,1,0.25,0.25,0.25,0.25
9606.ENSP00000299886,27.9,6.6,1,1,0,1,0,0
9606.ENSP00000347883,14.6,7.7,1,1,0,1,0,0
9606.ENSP00000343617,6.4,1.7,1,1,0,0,1,0
9606.ENSP00000482195,0.1,0,1,0,0.25,0.25,0.25,0.25
9606.ENSP00000452780,655.9,4059.5,1,1,0,1,0,0
9606.ENSP00000452877,10.2,11.9,1,1,0,0,1,0
9606.ENSP00000299957,38.7,63.7,1,1,0,1,0,0
9606.ENSP00000347754,0,0,0,0,1,0,0,0
9606.ENSP00000441434,0.1,4210,1,1,0,0,0,1
9606.ENSP00000301956,2.1,0.7,1,1,0.25,0.25,0.25,0.25
9606.ENSP00000377148,48.1,57.7,1,1,0,1,0,0
9606.ENSP00000299977,0.9,4.5,1,1,1,0,0,0
9606.ENSP00000371180,0.7,1.5,1,1,0.25,0.25,0.25,0.25
9606.ENSP00000300006,1.2,15.2,1,1,0,0,0,1
9606.ENSP00000379654,11,34.3,1,1,0,0,1,0
9606.ENSP00000432487,32.1,8,1,1,0,0,1,0
9606.ENSP00000432648,0,0.1,0,1,0,0,0,1
9606.ENSP00000300026,1534.2,451.5,1,1,0,0,1,0
9606.ENSP00000437783,0,0.9,0,1,1,0,0,0
9606.ENSP00000300030,162.5,292.8,1,1,0,1,0,0
9606.ENSP00000280706,0.3,0,1,0,0.25,0.25,0.25,0.25
9606.ENSP00000434435,6.4,8.3,1,1,0,0,1,0
9606.ENSP00000300035,165,5.1,1,1,0.25,0.25,0.25,0.25
9606.ENSP00000377934,6.7,0,1,0,0,0,1,0
9606.ENSP00000300051,10.8,89,1,1,0,0,1,0
9606.ENSP00000300055,0.8,55.8,1,1,1,0,0,0
9606.ENSP00000300056,8.7,37.4,1,1,0.25,0.25,0.25,0.25
9606.ENSP00000454404,22.2,21.7,1,1,0.25,0.25,0.25,0.25
9606.ENSP00000300057,0,11.4,0,1,0.25,0.25,0.25,0.25
9606.ENSP00000300060,152.4,152.9,1,1,0,0,0,1
9606.ENSP00000300061,0,0,0,0,0.25,0.25,0.25,0.25
9606.ENSP00000300069,5.4,8.4,1,1,0.25,0.25,0.25,0.25
9606.ENSP00000379396,25.3,35.8,1,1,0,1,0,0
9606.ENSP00000325895,1.3,0.1,1,1,1,0,0,0
9606.ENSP00000300079,0,291.4,0,1,0,0,1,0
9606.ENSP00000477654,4.8,0.4,1,1,0.25,0.25,0.25,0.25
9606.ENSP00000300087,99.2,14.7,1,1,0,1,0,0
9606.ENSP00000300086,58.2,58.4,1,1,0,1,0,0
9606.ENSP00000300093,221.4,0.9,1,1,0,0,1,0
9606.ENSP00000300107,15.8,79.1,1,1,0,0,1,0
9606.ENSP00000300098,0,0.1,0,1,1,0,0,0
9606.ENSP00000300101,5.7,1.6,1,1,0,0,1,0
9606.ENSP00000300105,0,0,0,0,0.25,0.25,0.25,0.25
9606.ENSP00000483110,0,0,0,0,1,0,0,0
9606.ENSP00000393392,4.8,0,1,0,1,0,0,0
9606.ENSP00000300113,1.8,0,1,0,1,0,0,0
9606.ENSP00000300128,10.4,3.6,1,1,0.25,0.25,0.25,0.25
9606.ENSP00000300127,0,0,0,0,0.25,0.25,0.25,0.25
9606.ENSP00000300131,18.9,13.8,1,1,1,0,0,0
9606.ENSP00000335193,17.7,10.9,1,1,0.25,0.25,0.25,0.25
9606.ENSP00000300134,31.3,31.3,1,1,1,0,0,0
9606.ENSP00000300146,29.5,30.5,1,1,0,0,1,0
9606.ENSP00000300145,0.2,15.1,1,1,1,0,0,0
9606.ENSP00000385277,0,0.2,0,1,1,0,0,0
9606.ENSP00000338562,30,5.2,1,1,1,0,0,0
9606.ENSP00000300151,86.4,101.1,1,1,0,0,0,1
9606.ENSP00000347032,30.5,8.7,1,1,1,0,0,0
9606.ENSP00000402537,10.4,33.2,1,1,1,0,0,0
9606.ENSP00000361930,253,174.4,1,1,0,1,0,0
9606.ENSP00000341610,0.3,3.9,1,1,1,0,0,0
9606.ENSP00000300175,0.2,11,1,1,1,0,0,0
9606.ENSP00000478319,0,2.5,0,1,0.25,0.25,0.25,0.25
9606.ENSP00000300179,0.2,0,1,0,1,0,0,0
9606.ENSP00000300181,16.2,14.6,1,1,1,0,0,0
9606.ENSP00000300182,0,0,0,0,0.25,0.25,0.25,0.25
9606.ENSP00000300184,0,7.3,0,1,0,1,0,0
9606.ENSP00000433761,0,0,0,0,1,0,0,0
9606.ENSP00000300190,0,0,0,0,1,0,0,0
9606.ENSP00000321711,24.7,17,1,1,0,0,1,0
9606.ENSP00000300213,0.4,32.7,1,1,0,0,1,0
9606.ENSP00000300215,0,0.2,0,1,1,0,0,0
9606.ENSP00000202625,0,0,0,0,0.25,0.25,0.25,0.25
9606.ENSP00000332973,28,12.7,1,1,0,1,0,0
9606.ENSP00000300226,0,0,0,0,1,0,0,0
9606.ENSP00000372576,0,0,0,0,0.25,0.25,0.25,0.25
9606.ENSP00000386022,0,0,0,0,0.25,0.25,0.25,0.25
9606.ENSP00000300231,0.1,0,1,0,1,0,0,0
9606.ENSP00000377801,9.8,10.9,1,1,0,0,0,1
9606.ENSP00000378152,27.1,26.9,1,1,0,0,0,1
9606.ENSP00000300249,56.9,20.8,1,1,1,0,0,0
9606.ENSP00000300255,0.3,0.9,1,1,1,0,0,0
9606.ENSP00000355797,0.3,0,1,0,0.25,0.25,0.25,0.25
9606.ENSP00000262027,100.2,10.8,1,1,0,1,0,0
9606.ENSP00000347896,28.7,21.3,1,1,0,0,1,0
9606.ENSP00000262932,11.4,1.8,1,1,0,1,0,0
9606.ENSP00000300289,56.9,283.6,1,1,0,1,0,0
9606.ENSP00000300291,129.8,43.5,1,1,0,0,1,0
9606.ENSP00000300303,0,0,0,0,0.25,0.25,0.25,0.25
9606.ENSP00000340644,0,8,0,1,0.25,0.25,0.25,0.25
9606.ENSP00000370253,5.5,4.3,1,1,1,0,0,0
9606.ENSP00000383212,0,0.1,0,1,0,1,0,0
9606.ENSP00000333917,1.6,1.4,1,1,0,0,1,0
9606.ENSP00000266304,5,28.3,1,1,0.25,0.25,0.25,0.25
9606.ENSP00000384115,0.8,0.3,1,1,1,0,0,0
9606.ENSP00000300404,2.5,0,1,0,1,0,0,0
9606.ENSP00000362588,5.6,9.8,1,1,1,0,0,0
9606.ENSP00000426022,0,1.4,0,1,1,0,0,0
9606.ENSP00000479488,259.7,104.2,1,1,0,0,0,1
9606.ENSP00000300413,248.8,141.1,1,1,0,0,1,0
9606.ENSP00000362386,0,0,0,0,0.25,0.25,0.25,0.25
9606.ENSP00000348496,0,0,0,0,1,0,0,0
9606.ENSP00000424474,0.1,0,1,0,0.25,0.25,0.25,0.25
9606.ENSP00000373399,0,0.2,0,1,0.25,0.25,0.25,0.25
9606.ENSP00000344929,0,0,0,0,0.25,0.25,0.25,0.25
9606.ENSP00000300433,0.5,18,1,1,1,0,0,0
9606.ENSP00000362187,29.1,37.4,1,1,0.25,0.25,0.25,0.25
9606.ENSP00000401831,80,36.2,1,1,0,1,0,0
9606.ENSP00000416097,53.5,67,1,1,0,1,0,0
9606.ENSP00000361982,9.3,59,1,1,0,1,0,0
9606.ENSP00000300452,48,78.2,1,1,0,0,1,0
9606.ENSP00000300456,24.9,14.6,1,1,0,0,1,0
9606.ENSP00000412922,37.7,25.3,1,1,0,0,1,0
9606.ENSP00000361929,16.8,0.2,1,1,0,1,0,0
9606.ENSP00000361625,35.2,14.7,1,1,0,1,0,0
9606.ENSP00000391692,0.6,0,1,0,0.25,0.25,0.25,0.25
9606.ENSP00000361725,21.8,77.4,1,1,0,0,1,0
9606.ENSP00000300504,0,0,0,0,1,0,0,0
9606.ENSP00000361547,0,0,0,0,1,0,0,0
9606.ENSP00000303174,1,4.7,1,1,0,0,1,0
9606.ENSP00000353854,35.5,2,1,1,1,0,0,0
9606.ENSP00000355402,0,0,0,0,0.25,0.25,0.25,0.25
9606.ENSP00000365931,26.7,7.3,1,1,0,0,1,0
9606.ENSP00000300557,1.8,0.9,1,1,1,0,0,0
9606.ENSP00000322316,46.6,11.9,1,1,0,1,0,0
9606.ENSP00000300571,0.2,0.1,1,1,0,1,0,0
9606.ENSP00000300574,46.5,59.5,1,1,0,0,0,1
9606.ENSP00000300575,0,0,0,0,0.25,0.25,0.25,0.25
9606.ENSP00000300576,0,0,0,0,1,0,0,0
9606.ENSP00000307833,59.6,31.5,1,1,0.25,0.25,0.25,0.25
9606.ENSP00000300584,8.5,69.9,1,1,1,0,0,0
9606.ENSP00000300589,0,0,0,0,1,0,0,0
9606.ENSP00000332062,0.2,0.9,1,1,0.25,0.25,0.25,0.25
9606.ENSP00000300591,0,0,0,0,0.25,0.25,0.25,0.25
9606.ENSP00000245121,0.6,5,1,1,0,0,1,0
9606.ENSP00000300605,20.9,25.2,1,1,0,1,0,0
9606.ENSP00000300619,5,15.2,1,1,0.25,0.25,0.25,0.25
9606.ENSP00000391826,1512.1,0,1,0,1,0,0,0
9606.ENSP00000300650,16.8,7.3,1,1,0,0,1,0
9606.ENSP00000398880,43.5,38.7,1,1,0,0,1,0
9606.ENSP00000458977,0.2,0,1,0,0,0,1,0
9606.ENSP00000455229,22.9,6.5,1,1,0,0,1,0
9606.ENSP00000350098,26.8,74.4,1,1,1,0,0,0
9606.ENSP00000462333,4.9,6.7,1,1,0,0,1,0
9606.ENSP00000463653,0,0,0,0,1,0,0,0
9606.ENSP00000300688,183.3,1252.1,1,1,0,0,1,0
9606.ENSP00000300692,1.7,6.8,1,1,1,0,0,0
9606.ENSP00000309794,33.1,15.4,1,1,0,0,1,0
9606.ENSP00000300714,10.9,5.9,1,1,0.25,0.25,0.25,0.25
9606.ENSP00000285039,25.9,19.8,1,1,0,0,1,0
9606.ENSP00000380258,0.8,2.9,1,1,0.25,0.25,0.25,0.25
9606.ENSP00000285093,199.3,965.9,1,1,0,0,0,1
9606.ENSP00000478059,46.8,27.3,1,1,0,0,1,0
9606.ENSP00000300738,69.3,17,1,1,1,0,0,0
9606.ENSP00000380153,0,0,0,0,0.25,0.25,0.25,0.25
9606.ENSP00000300747,0,5.1,0,1,0,0,1,0
9606.ENSP00000369753,0,0,0,0,0.25,0.25,0.25,0.25
9606.ENSP00000300773,0.2,0,1,0,0.25,0.25,0.25,0.25
9606.ENSP00000369559,0,0,0,0,0.25,0.25,0.25,0.25
9606.ENSP00000300778,0,0,0,0,0.25,0.25,0.25,0.25
9606.ENSP00000300784,76.1,5.2,1,1,1,0,0,0
9606.ENSP00000456226,1.2,0,1,0,0,1,0,0
9606.ENSP00000377171,8.5,0.1,1,1,0.25,0.25,0.25,0.25
9606.ENSP00000387535,3.9,12.7,1,1,0,1,0,0
9606.ENSP00000465121,12.5,32.1,1,1,0,1,0,0
9606.ENSP00000221327,2.5,3.9,1,1,0.25,0.25,0.25,0.25
9606.ENSP00000375080,0.9,1.6,1,1,0.25,0.25,0.25,0.25
9606.ENSP00000442573,12.1,2.2,1,1,0,1,0,0
9606.ENSP00000300850,12,1.6,1,1,0,1,0,0
9606.ENSP00000378426,398.4,776.5,1,1,0,0,1,0
9606.ENSP00000300873,0,0,0,0,0.25,0.25,0.25,0.25
9606.ENSP00000262290,0,0.2,0,1,1,0,0,0
9606.ENSP00000300900,0,0,0,0,1,0,0,0
9606.ENSP00000438748,22.6,1.1,1,1,0,0,1,0
9606.ENSP00000345230,242.1,7.5,1,1,0,0,1,0
9606.ENSP00000300935,62.7,42,1,1,0.25,0.25,0.25,0.25
9606.ENSP00000346103,726.5,967,1,1,1,0,0,0
9606.ENSP00000300952,51.8,67.2,1,1,1,0,0,0
9606.ENSP00000300961,1.1,0.2,1,1,1,0,0,0
9606.ENSP00000335040,0,0.4,0,1,1,0,0,0
9606.ENSP00000300976,4.6,3.6,1,1,0.25,0.25,0.25,0.25
9606.ENSP00000353463,49.9,24.3,1,1,0,1,0,0
9606.ENSP00000301012,134.2,115.5,1,1,0,0,1,0
9606.ENSP00000301019,53.7,0.4,1,1,1,0,0,0
9606.ENSP00000301021,139.3,136.2,1,1,0,0,1,0
9606.ENSP00000301030,67.3,58.4,1,1,0,1,0,0
9606.ENSP00000462996,13.9,14.9,1,1,1,0,0,0
9606.ENSP00000301037,0.4,10.6,1,1,0.25,0.25,0.25,0.25
9606.ENSP00000301039,0.2,0.1,1,1,1,0,0,0
9606.ENSP00000307889,2537.5,4710.4,1,1,0,0,1,0
9606.ENSP00000437832,3,7.3,1,1,0,0,1,0
9606.ENSP00000301046,0,0,0,0,1,0,0,0
9606.ENSP00000301050,0.3,0,1,0,0.25,0.25,0.25,0.25
9606.ENSP00000368173,13.9,6.2,1,1,1,0,0,0
9606.ENSP00000301057,29,17,1,1,0.25,0.25,0.25,0.25
9606.ENSP00000301067,28.7,13.8,1,1,1,0,0,0
9606.ENSP00000344562,0.8,0,1,0,0.25,0.25,0.25,0.25
9606.ENSP00000301068,1.7,0,1,0,0,0,1,0
9606.ENSP00000301071,21,3.4,1,1,0,1,0,0
9606.ENSP00000301072,803.9,53.2,1,1,0,1,0,0
9606.ENSP00000383922,0.2,0,1,0,1,0,0,0
9606.ENSP00000353652,6.6,1.1,1,1,0.25,0.25,0.25,0.25
9606.ENSP00000444339,2.1,1.9,1,1,0.25,0.25,0.25,0.25
9606.ENSP00000325414,19.5,7.1,1,1,0.25,0.25,0.25,0.25
9606.ENSP00000337998,12.1,3.3,1,1,0,0,1,0
9606.ENSP00000349560,9.2,1.2,1,1,0.25,0.25,0.25,0.25
9606.ENSP00000199280,0,0,0,0,1,0,0,0
9606.ENSP00000301149,20.8,98.5,1,1,0,0,0,1
9606.ENSP00000380116,3.4,2.2,1,1,0,0,1,0
9606.ENSP00000308032,12.5,0,1,0,0,1,0,0
9606.ENSP00000301178,4.8,0.6,1,1,0,1,0,0
9606.ENSP00000380109,1,0.2,1,1,0.25,0.25,0.25,0.25
9606.ENSP00000477627,0,0.6,0,1,0,0,1,0
9606.ENSP00000301190,0,0,0,0,1,0,0,0
9606.ENSP00000375622,0,0.9,0,1,1,0,0,0
9606.ENSP00000365714,0.9,0,1,0,1,0,0,0
9606.ENSP00000318374,30.5,30.2,1,1,0,0,0,1
9606.ENSP00000301200,1,0.2,1,1,1,0,0,0
9606.ENSP00000301202,0.5,0,1,0,0.25,0.25,0.25,0.25
9606.ENSP00000301204,2.4,0,1,0,1,0,0,0
9606.ENSP00000301215,11.1,2.6,1,1,0,0,1,0
9606.ENSP00000373979,5.8,9.6,1,1,0.25,0.25,0.25,0.25
9606.ENSP00000375608,0,0,0,0,0.25,0.25,0.25,0.25
9606.ENSP00000467123,0,0,0,0,0.25,0.25,0.25,0.25
9606.ENSP00000400391,40,19.1,1,1,1,0,0,0
9606.ENSP00000484852,3.2,0.9,1,1,0.25,0.25,0.25,0.25
9606.ENSP00000301242,0.1,1.2,1,1,1,0,0,0
9606.ENSP00000301244,1.7,2.7,1,1,0,1,0,0
9606.ENSP00000301246,12.6,0.1,1,1,1,0,0,0
9606.ENSP00000343435,69,30,1,1,1,0,0,0
9606.ENSP00000436975,0.5,0.3,1,1,0.25,0.25,0.25,0.25
9606.ENSP00000301258,0,0,0,0,1,0,0,0
9606.ENSP00000390941,0.3,0.2,1,1,1,0,0,0
9606.ENSP00000301263,7.3,0,1,0,1,0,0,0
9606.ENSP00000442973,62.7,6.7,1,1,1,0,0,0
9606.ENSP00000307940,1867.7,736.5,1,1,0,0,1,0
9606.ENSP00000301272,0.5,0.8,1,1,1,0,0,0
9606.ENSP00000301280,44.5,5.5,1,1,0,1,0,0
9606.ENSP00000301281,48,58.3,1,1,0,1,0,0
9606.ENSP00000483345,67.9,6.6,1,1,0,0,0,1
9606.ENSP00000301286,1.5,24.5,1,1,1,0,0,0
9606.ENSP00000467290,134.6,0.3,1,1,1,0,0,0
9606.ENSP00000338860,53.4,32.5,1,1,1,0,0,0
9606.ENSP00000337443,36.4,7.3,1,1,0,1,0,0
9606.ENSP00000312017,45.2,0.6,1,1,0.25,0.25,0.25,0.25
9606.ENSP00000301329,125,72.1,1,1,0,0,0,1
9606.ENSP00000301327,23,25.7,1,1,0.25,0.25,0.25,0.25
9606.ENSP00000378408,2.9,193.3,1,1,0,0,0,1
9606.ENSP00000301332,5.4,5.8,1,1,1,0,0,0
9606.ENSP00000461382,5.6,0.7,1,1,1,0,0,0
9606.ENSP00000301336,3.8,32.8,1,1,0.25,0.25,0.25,0.25
9606.ENSP00000321853,275.1,824.3,1,1,1,0,0,0
9606.ENSP00000386609,5.8,24.7,1,1,0.25,0.25,0.25,0.25
9606.ENSP00000339435,15.5,3.4,1,1,0,1,0,0
9606.ENSP00000301364,56.6,13.7,1,1,0,1,0,0
9606.ENSP00000301365,0.3,0.1,1,1,0.25,0.25,0.25,0.25
9606.ENSP00000480443,2.7,3,1,1,0.25,0.25,0.25,0.25
9606.ENSP00000301391,12.2,34,1,1,1,0,0,0
9606.ENSP00000370962,0.8,0,1,0,0,0,1,0
9606.ENSP00000301420,0,0,0,0,1,0,0,0
9606.ENSP00000326159,1.1,0,1,0,1,0,0,0
9606.ENSP00000313581,0.4,0,1,0,1,0,0,0
9606.ENSP00000337733,0,0,0,0,1,0,0,0
9606.ENSP00000366047,1.3,0,1,0,0.25,0.25,0.25,0.25
9606.ENSP00000473047,0,0,0,0,1,0,0,0
9606.ENSP00000470555,0,0,0,0,1,0,0,0
9606.ENSP00000472619,11.1,1.6,1,1,0,0,1,0
9606.ENSP00000378292,1.9,0,1,0,0.25,0.25,0.25,0.25
9606.ENSP00000252244,0,0.2,0,1,1,0,0,0
9606.ENSP00000301452,0,0,0,0,0.25,0.25,0.25,0.25
9606.ENSP00000444357,152.5,34.6,1,1,0,1,0,0
9606.ENSP00000301459,10,0,1,0,0.25,0.25,0.25,0.25
9606.ENSP00000301455,5.4,117.7,1,1,1,0,0,0
9606.ENSP00000301458,144.5,22,1,1,0,1,0,0
9606.ENSP00000301463,16.6,8.3,1,1,0,0,1,0
9606.ENSP00000301464,19.7,0.6,1,1,0,1,0,0
9606.ENSP00000301466,45,1.2,1,1,0.25,0.25,0.25,0.25
9606.ENSP00000471277,2.2,4.6,1,1,0.25,0.25,0.25,0.25
9606.ENSP00000294288,0,0,0,0,0.25,0.25,0.25,0.25
9606.ENSP00000322450,131.3,132.9,1,1,0,0,1,0
9606.ENSP00000301488,57,136.2,1,1,1,0,0,0
9606.ENSP00000365883,25.7,227.2,1,1,0,0,1,0
9606.ENSP00000335191,1.8,2.8,1,1,0.25,0.25,0.25,0.25
9606.ENSP00000301522,629,565.1,1,1,0,0,1,0
9606.ENSP00000301529,0,0,0,0,0.25,0.25,0.25,0.25
9606.ENSP00000301532,0,0,0,0,0.25,0.25,0.25,0.25
9606.ENSP00000250076,5,4.6,1,1,0.25,0.25,0.25,0.25
9606.ENSP00000484532,21.7,13,1,1,0,1,0,0
9606.ENSP00000329507,0,0.2,0,1,0,1,0,0
9606.ENSP00000353259,0,1.9,0,1,1,0,0,0
9606.ENSP00000341346,0,0,0,0,1,0,0,0
9606.ENSP00000413520,7.3,0.4,1,1,0,0,1,0
9606.ENSP00000301585,67.8,54.9,1,1,0,0,1,0
9606.ENSP00000301587,599.1,586.9,1,1,0,0,0,1
9606.ENSP00000301599,1.4,4.5,1,1,0,0,0,1
9606.ENSP00000301607,13.7,0,1,0,1,0,0,0
9606.ENSP00000312066,103.8,19.6,1,1,0,1,0,0
9606.ENSP00000391227,0,0,0,0,0.25,0.25,0.25,0.25
9606.ENSP00000325561,1.3,0.2,1,1,0,0,1,0
9606.ENSP00000301634,196,9.5,1,1,0,1,0,0
9606.ENSP00000395204,21.7,10.1,1,1,0,1,0,0
9606.ENSP00000301645,0.2,6.8,1,1,0.25,0.25,0.25,0.25
9606.ENSP00000301659,0.5,0,1,0,1,0,0,0
9606.ENSP00000264651,0,0,0,0,1,0,0,0
9606.ENSP00000301671,21.7,11.3,1,1,0,0,1,0
9606.ENSP00000471331,61.1,21.4,1,1,0,0,1,0
9606.ENSP00000301691,0,0,0,0,0.25,0.25,0.25,0.25
9606.ENSP00000411409,18,17.1,1,1,0,0,1,0
9606.ENSP00000210187,1.7,7.1,1,1,0.25,0.25,0.25,0.25
9606.ENSP00000456405,49.4,17.7,1,1,0,0,1,0
9606.ENSP00000301727,16.1,8.4,1,1,1,0,0,0
9606.ENSP00000454562,0.5,0.1,1,1,0.25,0.25,0.25,0.25
9606.ENSP00000301729,127.2,242.5,1,1,0,0,0,1
9606.ENSP00000345436,0.9,0.1,1,1,1,0,0,0
9606.ENSP00000301732,0.6,0.6,1,1,0,0,1,0
9606.ENSP00000301738,41.7,8.8,1,1,0.25,0.25,0.25,0.25
9606.ENSP00000301740,160.2,149.5,1,1,0,0,0,1
9606.ENSP00000301744,1.8,1.2,1,1,1,0,0,0
9606.ENSP00000352039,0,0,0,0,0.25,0.25,0.25,0.25
9606.ENSP00000301761,61.1,42.4,1,1,0,0,1,0
9606.ENSP00000301764,187.3,54.1,1,1,0,0,1,0
9606.ENSP00000301765,17.4,5.6,1,1,0,0,1,0
9606.ENSP00000334186,40.9,13.7,1,1,0.25,0.25,0.25,0.25
9606.ENSP00000378313,5.1,2.1,1,1,1,0,0,0
9606.ENSP00000399709,0.6,2.6,1,1,1,0,0,0
9606.ENSP00000273550,5382.3,6137,1,1,0,0,1,0
9606.ENSP00000354032,7.1,1.1,1,1,1,0,0,0
9606.ENSP00000301788,118,86.3,1,1,0,0,1,0
9606.ENSP00000367123,296.3,26.2,1,1,1,0,0,0
9606.ENSP00000301790,0,0,0,0,0.25,0.25,0.25,0.25
9606.ENSP00000294244,45.1,0,1,0,1,0,0,0
9606.ENSP00000326340,3.9,2.7,1,1,1,0,0,0
9606.ENSP00000334379,10.2,3,1,1,0,0,1,0
9606.ENSP00000416168,0.1,15.5,1,1,0,0,1,0
9606.ENSP00000398211,0,1,0,1,1,0,0,0
9606.ENSP00000346067,1811.6,818.2,1,1,0,0,1,0
9606.ENSP00000301825,0,0,0,0,0.25,0.25,0.25,0.25
9606.ENSP00000344456,379.6,162.6,1,1,0,0,0,1
9606.ENSP00000301831,2.5,6.5,1,1,0,1,0,0
9606.ENSP00000301838,27.6,7.1,1,1,1,0,0,0
9606.ENSP00000301873,41.5,44.6,1,1,0.25,0.25,0.25,0.25
9606.ENSP00000351484,8.8,0.2,1,1,1,0,0,0
9606.ENSP00000381824,38.7,18.4,1,1,0,0,1,0
9606.ENSP00000301887,4.7,0.9,1,1,0,1,0,0
9606.ENSP00000301891,0.8,0.1,1,1,1,0,0,0
9606.ENSP00000366604,124.7,96.3,1,1,0,0,0,1
9606.ENSP00000294066,6.5,2.1,1,1,0,1,0,0
9606.ENSP00000301896,0,1.3,0,1,0.25,0.25,0.25,0.25
9606.ENSP00000349238,1.3,8.7,1,1,1,0,0,0
9606.ENSP00000301904,6.3,0.1,1,1,0,0,1,0
9606.ENSP00000428489,50.2,1.5,1,1,1,0,0,0
9606.ENSP00000346990,0,0.1,0,1,1,0,0,0
9606.ENSP00000301908,0,0.4,0,1,1,0,0,0
9606.ENSP00000304102,124.7,74.8,1,1,1,0,0,0
9606.ENSP00000435289,50.7,43.9,1,1,1,0,0,0
9606.ENSP00000304586,7.1,6.4,1,1,0,0,1,0
9606.ENSP00000306670,44.9,48.9,1,1,0,0,1,0
9606.ENSP00000359768,12.7,3.2,1,1,1,0,0,0
9606.ENSP00000355651,39.4,150.8,1,1,0.25,0.25,0.25,0.25
9606.ENSP00000305424,0.2,0,1,0,0.25,0.25,0.25,0.25
9606.ENSP00000304419,0,0,0,0,0.25,0.25,0.25,0.25
9606.ENSP00000306497,0,0,0,0,0.25,0.25,0.25,0.25
9606.ENSP00000385852,31.6,41.3,1,1,0,0,1,0
9606.ENSP00000306864,14.8,13.9,1,1,0,1,0,0
9606.ENSP00000304078,0,0,0,0,1,0,0,0
9606.ENSP00000355657,0,0,0,0,0,0,0,1
9606.ENSP00000305533,2.9,2.6,1,1,0,0,1,0
9606.ENSP00000307726,0,0,0,0,0.25,0.25,0.25,0.25
9606.ENSP00000306396,17.1,61.1,1,1,0,0,1,0
9606.ENSP00000305699,8.1,32.4,1,1,1,0,0,0
9606.ENSP00000378851,43.1,53.5,1,1,1,0,0,0
9606.ENSP00000307305,64.7,100.6,1,1,0,1,0,0
9606.ENSP00000345206,27.3,49,1,1,1,0,0,0
9606.ENSP00000359609,7.1,66.2,1,1,0,0,1,0
9606.ENSP00000303468,8,2.8,1,1,0.25,0.25,0.25,0.25
9606.ENSP00000303424,0,1,0,1,1,0,0,0
9606.ENSP00000323645,22.4,182.2,1,1,1,0,0,0
9606.ENSP00000389175,21.9,187,1,1,0,0,0,1
9606.ENSP00000375727,38.3,0,1,0,0.25,0.25,0.25,0.25
9606.ENSP00000377381,28.5,11.9,1,1,1,0,0,0
9606.ENSP00000483328,36.4,24.1,1,1,0.25,0.25,0.25,0.25
9606.ENSP00000303580,40.5,16,1,1,0.25,0.25,0.25,0.25
9606.ENSP00000406463,158.1,59.7,1,1,0,0,1,0
9606.ENSP00000371514,0.1,0,1,0,1,0,0,0
9606.ENSP00000355568,72,164.9,1,1,1,0,0,0
9606.ENSP00000365687,0,0,0,0,0.25,0.25,0.25,0.25
9606.ENSP00000406933,277.2,0.6,1,1,0,1,0,0
9606.ENSP00000304286,0,0,0,0,1,0,0,0
9606.ENSP00000417806,47.5,178.4,1,1,1,0,0,0
9606.ENSP00000355572,152.5,67.3,1,1,0,0,1,0
9606.ENSP00000393379,0,0,0,0,1,0,0,0
9606.ENSP00000307423,40.3,55.3,1,1,0,0,1,0
9606.ENSP00000365851,35,27.2,1,1,0,1,0,0
9606.ENSP00000304689,58,12.7,1,1,0,1,0,0
9606.ENSP00000389060,177.9,137.2,1,1,0,0,1,0
9606.ENSP00000307241,157.1,90.8,1,1,1,0,0,0
9606.ENSP00000348472,7.2,7.6,1,1,0,0,1,0
9606.ENSP00000307705,3,7.4,1,1,0,0,0,1
9606.ENSP00000353739,9.4,34.9,1,1,0,1,0,0
9606.ENSP00000347188,13.3,7.2,1,1,0,1,0,0
9606.ENSP00000304553,9.2,150,1,1,0.25,0.25,0.25,0.25
9606.ENSP00000307697,17.2,93.6,1,1,0,0,0,1
9606.ENSP00000419124,0.2,1.1,1,1,1,0,0,0
9606.ENSP00000377218,26.6,38.9,1,1,0,0,1,0
9606.ENSP00000312293,0.1,0,1,0,1,0,0,0
9606.ENSP00000351059,0,0.9,0,1,0,1,0,0
9606.ENSP00000304926,0,0,0,0,0.25,0.25,0.25,0.25
9606.ENSP00000343140,0,0,0,0,1,0,0,0
9606.ENSP00000306523,0,0,0,0,0.25,0.25,0.25,0.25
9606.ENSP00000307126,0,0.3,0,1,0.25,0.25,0.25,0.25
9606.ENSP00000307599,0,0.3,0,1,0.25,0.25,0.25,0.25
9606.ENSP00000306010,317.5,156.6,1,1,0.25,0.25,0.25,0.25
9606.ENSP00000479861,491.6,52.9,1,1,1,0,0,0
9606.ENSP00000346560,39.8,0.6,1,1,0,1,0,0
9606.ENSP00000361895,0.1,294.2,1,1,0,1,0,0
9606.ENSP00000304802,122.6,21.9,1,1,0,0,1,0
9606.ENSP00000346206,8.2,9.4,1,1,0,0,0,1
9606.ENSP00000322142,40.6,15,1,1,0,1,0,0
9606.ENSP00000384259,47.2,22.6,1,1,1,0,0,0
9606.ENSP00000450482,0,0,0,0,1,0,0,0
9606.ENSP00000308351,12.3,1.6,1,1,0.25,0.25,0.25,0.25
9606.ENSP00000354361,43.8,6.4,1,1,1,0,0,0
9606.ENSP00000302811,0,0,0,0,0.25,0.25,0.25,0.25
9606.ENSP00000312129,0.1,0,1,0,0.25,0.25,0.25,0.25
9606.ENSP00000371219,0.3,0.1,1,1,0,0,1,0
9606.ENSP00000386389,0.1,0,1,0,0.25,0.25,0.25,0.25
9606.ENSP00000305442,25.3,5,1,1,0,0,0,1
9606.ENSP00000357928,13.7,63.5,1,1,0.25,0.25,0.25,0.25
9606.ENSP00000351646,290.6,23.2,1,1,0,1,0,0
9606.ENSP00000345751,0,0.1,0,1,0,1,0,0
9606.ENSP00000370826,1.5,0.2,1,1,0.25,0.25,0.25,0.25
9606.ENSP00000304908,0,0,0,0,1,0,0,0
9606.ENSP00000461945,1.1,2.2,1,1,1,0,0,0
9606.ENSP00000303482,44.1,5.9,1,1,1,0,0,0
9606.ENSP00000407685,0.1,0.7,1,1,0.25,0.25,0.25,0.25
9606.ENSP00000302297,0,0,0,0,0.25,0.25,0.25,0.25
9606.ENSP00000316152,0,0,0,0,1,0,0,0
9606.ENSP00000305714,10.2,14.8,1,1,1,0,0,0
9606.ENSP00000378917,131.4,11.8,1,1,0,1,0,0
9606.ENSP00000415491,0.7,0.9,1,1,1,0,0,0
9606.ENSP00000306776,0,0.5,0,1,0.25,0.25,0.25,0.25
9606.ENSP00000380904,22.4,4.3,1,1,0,1,0,0
9606.ENSP00000305480,113.8,8.3,1,1,0,1,0,0
9606.ENSP00000305675,38.3,5.8,1,1,0,1,0,0
9606.ENSP00000352927,6.5,0.6,1,1,0,0,1,0
9606.ENSP00000302251,0,0,0,0,0.25,0.25,0.25,0.25
9606.ENSP00000337014,0,179.1,0,1,0.25,0.25,0.25,0.25
9606.ENSP00000303070,0,0,0,0,0.25,0.25,0.25,0.25
9606.ENSP00000302276,56.3,6.3,1,1,0,0,1,0
9606.ENSP00000303423,55.5,26,1,1,0,0,1,0
9606.ENSP00000362814,33.1,51.3,1,1,0,0,1,0
9606.ENSP00000307280,0,0,0,0,1,0,0,0
9606.ENSP00000335371,13.1,7.9,1,1,0.25,0.25,0.25,0.25
9606.ENSP00000306490,0,0,0,0,1,0,0,0
9606.ENSP00000304408,0.2,2.1,1,1,1,0,0,0
9606.ENSP00000428518,0,0.3,0,1,1,0,0,0
9606.ENSP00000307183,12.7,28.2,1,1,0,0,1,0
9606.ENSP00000427108,18.1,13.7,1,1,0,0,1,0
9606.ENSP00000339834,30.9,28.2,1,1,0,0,1,0
9606.ENSP00000303987,27.7,39.3,1,1,0,1,0,0
9606.ENSP00000340465,36.7,28.1,1,1,1,0,0,0
9606.ENSP00000302105,0,0,0,0,1,0,0,0
9606.ENSP00000302936,0,0.6,0,1,0.25,0.25,0.25,0.25
9606.ENSP00000466971,32.7,10.9,1,1,0,0,0,1
9606.ENSP00000484862,0,0,0,0,0.25,0.25,0.25,0.25
9606.ENSP00000264657,63.2,102.4,1,1,0,1,0,0
9606.ENSP00000361601,14,1.7,1,1,0,1,0,0
9606.ENSP00000419446,70.3,6.3,1,1,0.25,0.25,0.25,0.25
9606.ENSP00000265707,0,0,0,0,0.25,0.25,0.25,0.25
9606.ENSP00000409007,0.5,0.1,1,1,1,0,0,0
9606.ENSP00000417182,0,0,0,0,1,0,0,0
9606.ENSP00000302938,0,0,0,0,0.25,0.25,0.25,0.25
9606.ENSP00000302625,89.5,1.6,1,1,0,0,1,0
9606.ENSP00000362060,1182.5,731.6,1,1,0,0,0,1
9606.ENSP00000417955,0,0.1,0,1,1,0,0,0
9606.ENSP00000403441,3.9,0.8,1,1,0.25,0.25,0.25,0.25
9606.ENSP00000282507,0,0.5,0,1,0.25,0.25,0.25,0.25
9606.ENSP00000302578,1.3,23.4,1,1,0,0,1,0
9606.ENSP00000352420,5.6,28.4,1,1,0,0,0,1
9606.ENSP00000305702,0.1,0,1,0,0.25,0.25,0.25,0.25
9606.ENSP00000358794,2.2,3.9,1,1,0,1,0,0
9606.ENSP00000306157,0.1,3.2,1,1,0.25,0.25,0.25,0.25
9606.ENSP00000305892,106.2,216.4,1,1,0,0,1,0
9606.ENSP00000374135,0,0.2,0,1,1,0,0,0
9606.ENSP00000361871,0.2,0,1,0,0.25,0.25,0.25,0.25
9606.ENSP00000358814,67.9,145.1,1,1,1,0,0,0
9606.ENSP00000371451,33.1,62.8,1,1,0,0,0,1
9606.ENSP00000361980,51.1,36.7,1,1,0,0,1,0
9606.ENSP00000389252,19.4,0.2,1,1,1,0,0,0
9606.ENSP00000345659,0,0,0,0,0.25,0.25,0.25,0.25
9606.ENSP00000429896,0,0,0,0,0.25,0.25,0.25,0.25
9606.ENSP00000306844,35.9,8.9,1,1,0,1,0,0
9606.ENSP00000305449,34.4,34.7,1,1,0,0,1,0
9606.ENSP00000358851,37.3,36.2,1,1,0,0,0,1
9606.ENSP00000442788,1.8,6.5,1,1,0,0,1,0
9606.ENSP00000378248,0,2.4,0,1,1,0,0,0
9606.ENSP00000304941,8.1,0.2,1,1,1,0,0,0
9606.ENSP00000374240,0,0,0,0,0.25,0.25,0.25,0.25
9606.ENSP00000400887,6.2,1.4,1,1,1,0,0,0
9606.ENSP00000307701,0.3,0.6,1,1,0.25,0.25,0.25,0.25
9606.ENSP00000302657,5.7,26.8,1,1,0,1,0,0
9606.ENSP00000307604,10,7.7,1,1,0,0,1,0
9606.ENSP00000408367,42.9,4.7,1,1,0.25,0.25,0.25,0.25
9606.ENSP00000398744,10.7,32.9,1,1,1,0,0,0
9606.ENSP00000307214,5.7,4,1,1,0,1,0,0
9606.ENSP00000338191,8.9,11.8,1,1,0.25,0.25,0.25,0.25
9606.ENSP00000303231,0.6,0,1,0,1,0,0,0
9606.ENSP00000312277,8,11.4,1,1,0.25,0.25,0.25,0.25
9606.ENSP00000305810,38.2,12.5,1,1,0,0,1,0
9606.ENSP00000388823,0,0,0,0,0.25,0.25,0.25,0.25
9606.ENSP00000338807,2.2,1.1,1,1,1,0,0,0
9606.ENSP00000419038,35.4,58.1,1,1,0,0,1,0
9606.ENSP00000367219,0,0,0,0,0.25,0.25,0.25,0.25
9606.ENSP00000307766,0,0,0,0,1,0,0,0
9606.ENSP00000305334,0,0.1,0,1,0.25,0.25,0.25,0.25
9606.ENSP00000306117,84.9,20.4,1,1,0,0,1,0
9606.ENSP00000304676,0.5,33.9,1,1,0.25,0.25,0.25,0.25
9606.ENSP00000305343,0,0,0,0,0.25,0.25,0.25,0.25
9606.ENSP00000440396,8.3,18.3,1,1,0,0,1,0
9606.ENSP00000386346,0.3,0,1,0,1,0,0,0
9606.ENSP00000312981,91,14.9,1,1,1,0,0,0
9606.ENSP00000321203,34.6,17.1,1,1,1,0,0,0
9606.ENSP00000304410,12,23.5,1,1,1,0,0,0
9606.ENSP00000387292,49.5,15.8,1,1,0,0,1,0
9606.ENSP00000306906,209.8,252.3,1,1,0,0,1,0
9606.ENSP00000305647,50.8,237.1,1,1,0,0,1,0
9606.ENSP00000341787,0,0,0,0,0.25,0.25,0.25,0.25
9606.ENSP00000304923,6.8,39.4,1,1,0,0,0,1
9606.ENSP00000303147,184.7,39.8,1,1,1,0,0,0
9606.ENSP00000380442,0,0,0,0,1,0,0,0
9606.ENSP00000382675,0.8,4.6,1,1,1,0,0,0
9606.ENSP00000307746,0.6,1.3,1,1,0,0,0,1
9606.ENSP00000400839,7.9,3.2,1,1,1,0,0,0
9606.ENSP00000405338,11.2,2.1,1,1,1,0,0,0
9606.ENSP00000305653,25.1,30.2,1,1,0,1,0,0
9606.ENSP00000354294,0,0,0,0,0.25,0.25,0.25,0.25
9606.ENSP00000303963,0,0,0,0,0.25,0.25,0.25,0.25
9606.ENSP00000327604,0,0,0,0,0.25,0.25,0.25,0.25
9606.ENSP00000372394,24,16.3,1,1,0.25,0.25,0.25,0.25
9606.ENSP00000303057,26.6,53.9,1,1,0,0,1,0
9606.ENSP00000302978,0.1,1.1,1,1,0.25,0.25,0.25,0.25
9606.ENSP00000303058,6.1,5.3,1,1,0.25,0.25,0.25,0.25
9606.ENSP00000324302,35.6,6.5,1,1,1,0,0,0
9606.ENSP00000303028,0.1,0,1,0,1,0,0,0
9606.ENSP00000302037,151.1,63,1,1,1,0,0,0
9606.ENSP00000306138,0.1,0,1,0,0.25,0.25,0.25,0.25
9606.ENSP00000378856,0,1.3,0,1,0,1,0,0
9606.ENSP00000371886,0.8,0.2,1,1,0,0,1,0
9606.ENSP00000305613,1.4,5.3,1,1,1,0,0,0
9606.ENSP00000369636,48,61,1,1,0.25,0.25,0.25,0.25
9606.ENSP00000323328,0,0.3,0,1,0.25,0.25,0.25,0.25
9606.ENSP00000303686,0,0,0,0,0.25,0.25,0.25,0.25
9606.ENSP00000370936,14.6,6.8,1,1,0.25,0.25,0.25,0.25
9606.ENSP00000307298,14.2,29.3,1,1,0,1,0,0
9606.ENSP00000370984,20.4,18.6,1,1,0,0,1,0
9606.ENSP00000306003,1063.2,3202.7,1,1,0,0,0,1
9606.ENSP00000306397,50.3,327.3,1,1,0,0,0,1
9606.ENSP00000384616,0.2,2.9,1,1,0.25,0.25,0.25,0.25
9606.ENSP00000379823,0,0,0,0,1,0,0,0
9606.ENSP00000302486,47.9,185,1,1,1,0,0,0
9606.ENSP00000375683,0,0,0,0,1,0,0,0
9606.ENSP00000349168,504,182.3,1,1,0,1,0,0
9606.ENSP00000304895,9.3,58.6,1,1,1,0,0,0
9606.ENSP00000395535,10.7,38.5,1,1,0,0,0,1
9606.ENSP00000370479,0,0,0,0,1,0,0,0
9606.ENSP00000364448,43.5,60.8,1,1,1,0,0,0
9606.ENSP00000390232,0,0,0,0,1,0,0,0
9606.ENSP00000416706,0,0,0,0,1,0,0,0
9606.ENSP00000364860,0,0,0,0,0.25,0.25,0.25,0.25
9606.ENSP00000363822,0,247.1,0,1,1,0,0,0
9606.ENSP00000334113,26.8,45,1,1,1,0,0,0
9606.ENSP00000302260,0,0,0,0,0.25,0.25,0.25,0.25
9606.ENSP00000302562,2.8,2.8,1,1,0,0,0,1
9606.ENSP00000370718,25.4,30.6,1,1,0,0,1,0
9606.ENSP00000370808,982.3,162.4,1,1,0,0,1,0
9606.ENSP00000307297,23.5,2.6,1,1,1,0,0,0
9606.ENSP00000370224,0,0,0,0,0,1,0,0
9606.ENSP00000305777,6.8,3.4,1,1,0.25,0.25,0.25,0.25
9606.ENSP00000355204,3.1,7.3,1,1,0,0,0,1
9606.ENSP00000306410,0,0.1,0,1,1,0,0,0
9606.ENSP00000303042,0,0,0,0,1,0,0,0
9606.ENSP00000337122,2.4,1.3,1,1,1,0,0,0
9606.ENSP00000396954,34.6,1306.8,1,1,0,1,0,0
9606.ENSP00000428209,65,53.1,1,1,0.25,0.25,0.25,0.25
9606.ENSP00000303077,0,0,0,0,0.25,0.25,0.25,0.25
9606.ENSP00000362563,5.3,20.8,1,1,1,0,0,0
9606.ENSP00000376303,0,0.1,0,1,1,0,0,0
9606.ENSP00000303208,68.3,28.5,1,1,0.25,0.25,0.25,0.25
9606.ENSP00000302790,83.1,17.4,1,1,0,0,1,0
9606.ENSP00000394954,0.2,0,1,0,1,0,0,0
9606.ENSP00000304956,0,0.4,0,1,1,0,0,0
9606.ENSP00000364126,15.2,11,1,1,0.25,0.25,0.25,0.25
9606.ENSP00000355077,95.6,72.8,1,1,0,1,0,0
9606.ENSP00000304355,5.7,16.3,1,1,1,0,0,0
9606.ENSP00000304915,0,0,0,0,0.25,0.25,0.25,0.25
9606.ENSP00000447597,45,0,1,0,0,0,1,0
9606.ENSP00000302437,0,0.1,0,1,0.25,0.25,0.25,0.25
9606.ENSP00000360718,2.1,2.7,1,1,1,0,0,0
9606.ENSP00000305640,0,0,0,0,0.25,0.25,0.25,0.25
9606.ENSP00000304903,54.3,14.6,1,1,1,0,0,0
9606.ENSP00000348944,0,0,0,0,0,0,1,0
9606.ENSP00000386229,4.2,66.4,1,1,0,0,1,0
9606.ENSP00000386538,33.5,5.7,1,1,0.25,0.25,0.25,0.25
9606.ENSP00000303366,211.9,198.5,1,1,0,1,0,0
9606.ENSP00000446460,0.1,0,1,0,1,0,0,0
9606.ENSP00000304376,20.1,1.2,1,1,0.25,0.25,0.25,0.25
9606.ENSP00000302114,245.1,269,1,1,0,0,0,1
9606.ENSP00000357362,1,4,1,1,0,0,0,1
9606.ENSP00000314099,1.1,1.5,1,1,0,0,0,1
9606.ENSP00000357389,19.2,23.2,1,1,0,0,0,1
9606.ENSP00000357392,124.9,119.5,1,1,1,0,0,0
9606.ENSP00000305651,0,0.3,0,1,0.25,0.25,0.25,0.25
9606.ENSP00000444096,156.3,0,1,0,0,0,1,0
9606.ENSP00000423660,0.1,0.1,1,1,1,0,0,0
9606.ENSP00000306884,0,0,0,0,1,0,0,0
9606.ENSP00000303015,9,21.5,1,1,0.25,0.25,0.25,0.25
9606.ENSP00000419004,41.6,43.4,1,1,0.25,0.25,0.25,0.25
9606.ENSP00000305372,0,11.3,0,1,0.25,0.25,0.25,0.25
9606.ENSP00000376532,0,0.2,0,1,0.25,0.25,0.25,0.25
9606.ENSP00000305839,2.7,0.1,1,1,1,0,0,0
9606.ENSP00000303394,0,0,0,0,0.25,0.25,0.25,0.25
9606.ENSP00000419952,1.2,0,1,0,1,0,0,0
9606.ENSP00000315017,54.3,144.7,1,1,0,0,1,0
9606.ENSP00000307369,0.1,3.9,1,1,0,0,1,0
9606.ENSP00000368253,0,0,0,0,0.25,0.25,0.25,0.25
9606.ENSP00000371393,18.7,10.9,1,1,0,1,0,0
9606.ENSP00000381535,0,0,0,0,0.25,0.25,0.25,0.25
9606.ENSP00000368278,0,0,0,0,0.25,0.25,0.25,0.25
9606.ENSP00000307259,0,0,0,0,1,0,0,0
9606.ENSP00000384965,0,0.1,0,1,0.25,0.25,0.25,0.25
9606.ENSP00000302057,0.1,0,1,0,0.25,0.25,0.25,0.25
9606.ENSP00000307461,0,0,0,0,0.25,0.25,0.25,0.25
9606.ENSP00000305465,0,0.1,0,1,1,0,0,0
9606.ENSP00000379438,0,0,0,0,0,1,0,0
9606.ENSP00000370767,0.1,0.2,1,1,1,0,0,0
9606.ENSP00000376587,14.2,52,1,1,0,1,0,0
9606.ENSP00000454852,16.6,19.5,1,1,1,0,0,0
9606.ENSP00000439068,13.4,42.9,1,1,1,0,0,0
9606.ENSP00000378402,31.3,16,1,1,1,0,0,0
9606.ENSP00000377769,5.2,7.8,1,1,1,0,0,0
9606.ENSP00000303276,1.7,1.2,1,1,1,0,0,0
9606.ENSP00000340660,0,0,0,0,1,0,0,0
9606.ENSP00000302324,0,0,0,0,1,0,0,0
9606.ENSP00000341189,56.5,13.3,1,1,0,0,1,0
9606.ENSP00000384766,0,0,0,0,1,0,0,0
9606.ENSP00000362965,0.9,1.4,1,1,0,0,1,0
9606.ENSP00000482732,16.2,12.7,1,1,0,0,1,0
9606.ENSP00000302046,0,1.8,0,1,1,0,0,0
9606.ENSP00000357669,0,1.6,0,1,0.25,0.25,0.25,0.25
9606.ENSP00000430676,0,0,0,0,0.25,0.25,0.25,0.25
9606.ENSP00000306512,4.9,4.2,1,1,1,0,0,0
9606.ENSP00000386306,9.5,9.4,1,1,0,0,1,0
9606.ENSP00000340578,0.3,4,1,1,0,0,1,0
9606.ENSP00000303153,0,0,0,0,1,0,0,0
9606.ENSP00000307046,364.8,230.5,1,1,0,0,1,0
9606.ENSP00000363330,0.8,2.7,1,1,0.25,0.25,0.25,0.25
9606.ENSP00000306220,9.8,10.4,1,1,0,0,1,0
9606.ENSP00000306461,0,0,0,0,0.25,0.25,0.25,0.25
9606.ENSP00000357751,0,0,0,0,1,0,0,0
9606.ENSP00000305011,0,0,0,0,0.25,0.25,0.25,0.25
9606.ENSP00000304077,0,0,0,0,0.25,0.25,0.25,0.25
9606.ENSP00000416050,43.9,43.9,1,1,0,0,0,1
9606.ENSP00000305919,0.2,0,1,0,1,0,0,0
9606.ENSP00000482228,6.5,8.3,1,1,1,0,0,0
9606.ENSP00000363500,74.1,30,1,1,1,0,0,0
9606.ENSP00000386272,4.9,2.4,1,1,0,0,1,0
9606.ENSP00000365596,0,2,0,1,0,0,1,0
9606.ENSP00000357779,0,0,0,0,0.25,0.25,0.25,0.25
9606.ENSP00000303158,0.6,0,1,0,0,0,1,0
9606.ENSP00000384369,7.5,14.3,1,1,0.25,0.25,0.25,0.25
9606.ENSP00000302855,0.8,0,1,0,0.25,0.25,0.25,0.25
9606.ENSP00000416753,3.5,0,1,0,1,0,0,0
9606.ENSP00000276241,0,0,0,0,0.25,0.25,0.25,0.25
9606.ENSP00000454157,0.2,5.1,1,1,0,0,1,0
9606.ENSP00000363134,170.1,264.2,1,1,0,1,0,0
9606.ENSP00000305556,625.6,368.3,1,1,0,0,0,1
9606.ENSP00000304229,666.5,2998.8,1,1,0,1,0,0
9606.ENSP00000425048,2.7,6.9,1,1,1,0,0,0
9606.ENSP00000385361,0,0,0,0,1,0,0,0
9606.ENSP00000419378,4.5,2.8,1,1,1,0,0,0
9606.ENSP00000457016,75.9,15.9,1,1,0,0,0,1
9606.ENSP00000307041,0,0,0,0,0.25,0.25,0.25,0.25
9606.ENSP00000339524,3.4,1.2,1,1,1,0,0,0
9606.ENSP00000387219,85.9,30.9,1,1,0,0,1,0
9606.ENSP00000301945,13.8,0.1,1,1,0.25,0.25,0.25,0.25
9606.ENSP00000367172,0,0,0,0,1,0,0,0
9606.ENSP00000305204,7.9,0.1,1,1,1,0,0,0
9606.ENSP00000403987,21.5,40.5,1,1,0,1,0,0
9606.ENSP00000307181,50.2,25.8,1,1,0,0,0,1
9606.ENSP00000303775,0,0,0,0,0.25,0.25,0.25,0.25
9606.ENSP00000307004,0.5,1.7,1,1,0.25,0.25,0.25,0.25
9606.ENSP00000306752,564.6,28.4,1,1,0,1,0,0
9606.ENSP00000306637,4.9,0.1,1,1,1,0,0,0
9606.ENSP00000387757,16.2,2.3,1,1,1,0,0,0
9606.ENSP00000303758,11.2,9.5,1,1,1,0,0,0
9606.ENSP00000337854,9.3,14,1,1,1,0,0,0
9606.ENSP00000306129,0,0,0,0,1,0,0,0
9606.ENSP00000302530,39,0.5,1,1,0.25,0.25,0.25,0.25
9606.ENSP00000309945,76.8,0.1,1,1,0,0,1,0
9606.ENSP00000306760,26.8,10.4,1,1,0,1,0,0
9606.ENSP00000299565,11.7,0.3,1,1,1,0,0,0
9606.ENSP00000334998,0,13.8,0,1,0.25,0.25,0.25,0.25
9606.ENSP00000376168,181.4,200.6,1,1,0.25,0.25,0.25,0.25
9606.ENSP00000360761,14.1,215.1,1,1,0,1,0,0
9606.ENSP00000306625,324.4,46.7,1,1,0,0,1,0
9606.ENSP00000303942,0,0,0,0,1,0,0,0
9606.ENSP00000304592,260,177.2,1,1,1,0,0,0
9606.ENSP00000410769,447.8,170.1,1,1,0.25,0.25,0.25,0.25
9606.ENSP00000307706,65.7,4493.8,1,1,0,0,1,0
9606.ENSP00000367658,0,0,0,0,1,0,0,0
9606.ENSP00000346280,166.8,65.6,1,1,0,0,0,1
9606.ENSP00000376167,194.8,42.5,1,1,0.25,0.25,0.25,0.25
9606.ENSP00000307971,59.7,37.4,1,1,0,1,0,0
9606.ENSP00000303356,340.2,4195.4,1,1,0,0,0,1
9606.ENSP00000379143,13.5,27.4,1,1,0.25,0.25,0.25,0.25
9606.ENSP00000306772,0,2,0,1,0,1,0,0
9606.ENSP00000304283,15.3,10.5,1,1,1,0,0,0
9606.ENSP00000378367,0.2,3,1,1,1,0,0,0
9606.ENSP00000446121,67.5,32,1,1,0,1,0,0
9606.ENSP00000373594,0,0.2,0,1,1,0,0,0
9606.ENSP00000392500,0,0,0,0,1,0,0,0
9606.ENSP00000385347,5.7,37.5,1,1,0,0,1,0
9606.ENSP00000338703,107,605.1,1,1,0,0,0,1
9606.ENSP00000371932,0,0,0,0,0.25,0.25,0.25,0.25
9606.ENSP00000347451,0.3,0,1,0,1,0,0,0
9606.ENSP00000400433,317.4,210.7,1,1,0,1,0,0
9606.ENSP00000400995,23.5,85.9,1,1,0,0,1,0
9606.ENSP00000363590,8.6,10.9,1,1,0,0,1,0
9606.ENSP00000303325,0,0,0,0,0.25,0.25,0.25,0.25
9606.ENSP00000304331,0,0,0,0,0.25,0.25,0.25,0.25
9606.ENSP00000441802,0,0.1,0,1,0,1,0,0
9606.ENSP00000420321,42.3,0.4,1,1,0,0,1,0
9606.ENSP00000302630,4.8,63.9,1,1,0,0,1,0
9606.ENSP00000306822,17.3,17,1,1,0,1,0,0
9606.ENSP00000304767,0,0.3,0,1,1,0,0,0
9606.ENSP00000307134,0,0.2,0,1,1,0,0,0
9606.ENSP00000305161,7.9,42.9,1,1,1,0,0,0
9606.ENSP00000302716,0,0,0,0,1,0,0,0
9606.ENSP00000307199,0,3.3,0,1,1,0,0,0
9606.ENSP00000301061,0,0,0,0,1,0,0,0
9606.ENSP00000304643,0,0.3,0,1,0.25,0.25,0.25,0.25
9606.ENSP00000349824,0,11.7,0,1,0,1,0,0
9606.ENSP00000368771,0.1,5,1,1,0.25,0.25,0.25,0.25
9606.ENSP00000369500,19.1,237.7,1,1,0,0,1,0
9606.ENSP00000441691,0,1,0,1,1,0,0,0
9606.ENSP00000304336,0,0,0,0,0.25,0.25,0.25,0.25
9606.ENSP00000302413,23.1,30.1,1,1,0,1,0,0
9606.ENSP00000305852,0.3,523.3,1,1,0,0,0,1
9606.ENSP00000356584,24.1,214.8,1,1,0.25,0.25,0.25,0.25
9606.ENSP00000369547,0.1,0,1,0,1,0,0,0
9606.ENSP00000304277,526.4,18.6,1,1,1,0,0,0
9606.ENSP00000364261,6.4,1.7,1,1,1,0,0,0
9606.ENSP00000305926,0.1,0.9,1,1,0.25,0.25,0.25,0.25
9606.ENSP00000302728,40,61.3,1,1,0,0,0,1
9606.ENSP00000305918,26.4,30.3,1,1,0,1,0,0
9606.ENSP00000302456,8.5,98.2,1,1,0.25,0.25,0.25,0.25
9606.ENSP00000370057,0,0,0,0,0.25,0.25,0.25,0.25
9606.ENSP00000384179,0,0,0,0,1,0,0,0
9606.ENSP00000252797,6.9,3.1,1,1,0.25,0.25,0.25,0.25
9606.ENSP00000252799,8.4,7.4,1,1,0.25,0.25,0.25,0.25
9606.ENSP00000369777,36.3,18.4,1,1,0,1,0,0
9606.ENSP00000344411,0.2,0,1,0,1,0,0,0
9606.ENSP00000306564,5.7,20.8,1,1,0.25,0.25,0.25,0.25
9606.ENSP00000387246,16.7,63,1,1,0,0,1,0
9606.ENSP00000368318,20.6,10.9,1,1,0,0,1,0
9606.ENSP00000356541,367,302,1,1,0,0,1,0
9606.ENSP00000379368,0.2,1.4,1,1,0.25,0.25,0.25,0.25
9606.ENSP00000355162,0.3,0.1,1,1,1,0,0,0
9606.ENSP00000387941,19.2,3,1,1,0,0,0,1
9606.ENSP00000305288,3.6,3,1,1,1,0,0,0
9606.ENSP00000415090,0,0,0,0,1,0,0,0
9606.ENSP00000369716,4.4,3.1,1,1,1,0,0,0
9606.ENSP00000302144,0,3.8,0,1,1,0,0,0
9606.ENSP00000301972,0.4,16,1,1,0.25,0.25,0.25,0.25
9606.ENSP00000305988,25.4,38.2,1,1,0,0,0,1
9606.ENSP00000306330,151.9,94.5,1,1,0,0,1,0
9606.ENSP00000386788,129.5,61.9,1,1,1,0,0,0
9606.ENSP00000369614,20.9,2,1,1,0,0,1,0
9606.ENSP00000302783,173.6,159,1,1,0,0,1,0
9606.ENSP00000307801,0,0,0,0,0.25,0.25,0.25,0.25
9606.ENSP00000302719,0.1,0.1,1,1,0.25,0.25,0.25,0.25
9606.ENSP00000337133,0.1,0,1,0,0.25,0.25,0.25,0.25
9606.ENSP00000411506,0,0,0,0,0.25,0.25,0.25,0.25
9606.ENSP00000356251,0,0.2,0,1,1,0,0,0
9606.ENSP00000342075,6.4,6.8,1,1,0,0,1,0
9606.ENSP00000305069,15.8,70.6,1,1,0,0,1,0
9606.ENSP00000307722,0,0.1,0,1,1,0,0,0
9606.ENSP00000485398,0.4,0.2,1,1,1,0,0,0
9606.ENSP00000342850,157.2,339.3,1,1,1,0,0,0
9606.ENSP00000405289,3,4.9,1,1,0,0,1,0
9606.ENSP00000337452,12.2,5.8,1,1,1,0,0,0
9606.ENSP00000371940,0.2,0,1,0,0.25,0.25,0.25,0.25
9606.ENSP00000301917,0,0,0,0,0.25,0.25,0.25,0.25
9606.ENSP00000303709,91.6,22.7,1,1,1,0,0,0
9606.ENSP00000376309,1227.9,162.9,1,1,0,1,0,0
9606.ENSP00000305976,10.5,34.7,1,1,0,0,1,0
9606.ENSP00000425840,0,0.2,0,1,0,0,1,0
9606.ENSP00000353717,0.3,0.9,1,1,1,0,0,0
9606.ENSP00000320957,0,0,0,0,0.25,0.25,0.25,0.25
9606.ENSP00000302548,0,0,0,0,0,1,0,0
9606.ENSP00000304290,9.1,9.1,1,1,0,1,0,0
9606.ENSP00000385586,0,0,0,0,0.25,0.25,0.25,0.25
9606.ENSP00000354003,0,0.1,0,1,1,0,0,0
9606.ENSP00000303434,5.2,34.2,1,1,0.25,0.25,0.25,0.25
9606.ENSP00000390564,5.4,1,1,1,0.25,0.25,0.25,0.25
9606.ENSP00000302441,19.8,6.6,1,1,0.25,0.25,0.25,0.25
9606.ENSP00000306678,0,0.2,0,1,0.25,0.25,0.25,0.25
9606.ENSP00000306662,0,13.7,0,1,0.25,0.25,0.25,0.25
9606.ENSP00000369099,3.2,10.1,1,1,1,0,0,0
9606.ENSP00000377549,0,0,0,0,1,0,0,0
9606.ENSP00000305151,10.4,7,1,1,0.25,0.25,0.25,0.25
9606.ENSP00000434676,0,0.8,0,1,0.25,0.25,0.25,0.25
9606.ENSP00000433146,12.5,45.8,1,1,0,0,1,0
9606.ENSP00000411825,26.3,45.6,1,1,0,0,1,0
9606.ENSP00000305766,0,0,0,0,0.25,0.25,0.25,0.25
9606.ENSP00000338572,8.6,3.8,1,1,0.25,0.25,0.25,0.25
9606.ENSP00000382684,1,1.2,1,1,0,0,1,0
9606.ENSP00000385158,3,3.1,1,1,1,0,0,0
9606.ENSP00000477841,21.3,6.2,1,1,0,0,1,0
9606.ENSP00000306920,65.8,35.6,1,1,0,0,0,1
9606.ENSP00000306320,20,19.2,1,1,0,0,1,0
9606.ENSP00000320604,23.1,44.9,1,1,0.25,0.25,0.25,0.25
9606.ENSP00000323696,57.6,48.4,1,1,0,0,1,0
9606.ENSP00000302476,0,0.1,0,1,1,0,0,0
9606.ENSP00000304071,0,0.2,0,1,0.25,0.25,0.25,0.25
9606.ENSP00000316605,0.4,0,1,0,1,0,0,0
9606.ENSP00000435380,0,0,0,0,0.25,0.25,0.25,0.25
9606.ENSP00000379869,49.6,24.3,1,1,0,0,1,0
9606.ENSP00000307741,22.6,84.3,1,1,0,0,1,0
9606.ENSP00000306866,341.1,32.3,1,1,0.25,0.25,0.25,0.25
9606.ENSP00000315564,0,0,0,0,0,1,0,0
9606.ENSP00000305255,46.7,47.1,1,1,0,0,1,0
9606.ENSP00000378699,105.1,1.9,1,1,1,0,0,0
9606.ENSP00000304697,2429,1982.7,1,1,0,0,0,1
9606.ENSP00000436926,23.1,10.8,1,1,0,0,1,0
9606.ENSP00000256104,0.6,0.8,1,1,1,0,0,0
9606.ENSP00000363317,0.4,0,1,0,0.25,0.25,0.25,0.25
9606.ENSP00000351686,5.2,3,1,1,0,0,1,0
9606.ENSP00000305595,22.7,17.8,1,1,0,0,0,1
9606.ENSP00000306245,2.8,177,1,1,0,0,1,0
9606.ENSP00000303145,82,304.5,1,1,0,0,1,0
9606.ENSP00000373354,5.3,3.4,1,1,0.25,0.25,0.25,0.25
9606.ENSP00000426568,15.8,51.1,1,1,1,0,0,0
9606.ENSP00000307132,0.1,0,1,0,1,0,0,0
9606.ENSP00000307540,0,0,0,0,1,0,0,0
9606.ENSP00000450962,0.1,0,1,0,1,0,0,0
9606.ENSP00000305731,0.3,0.2,1,1,1,0,0,0
9606.ENSP00000443827,0,0,0,0,1,0,0,0
9606.ENSP00000412724,0.2,10.2,1,1,0.25,0.25,0.25,0.25
9606.ENSP00000303212,0,0.9,0,1,0.25,0.25,0.25,0.25
9606.ENSP00000356143,0,0,0,0,0,0,1,0
9606.ENSP00000355968,17.4,84.3,1,1,0,1,0,0
9606.ENSP00000303887,0,0,0,0,1,0,0,0
9606.ENSP00000303252,0.1,0.8,1,1,0.25,0.25,0.25,0.25
9606.ENSP00000376403,92.1,173.8,1,1,0,0,1,0
9606.ENSP00000394178,8.1,2.5,1,1,0.25,0.25,0.25,0.25
9606.ENSP00000384103,0,0,0,0,0.25,0.25,0.25,0.25
9606.ENSP00000449404,1573.7,319.2,1,1,0,0,1,0
9606.ENSP00000306261,0,0,0,0,1,0,0,0
9606.ENSP00000304501,12.4,0,1,0,0.25,0.25,0.25,0.25
9606.ENSP00000293502,0,0,0,0,0.25,0.25,0.25,0.25
9606.ENSP00000302111,28.4,567.8,1,1,0,0,0,1
9606.ENSP00000377796,24.2,74.6,1,1,0,0,0,1
9606.ENSP00000444533,0,0,0,0,1,0,0,0
9606.ENSP00000425634,88.8,84.4,1,1,0,0,1,0
9606.ENSP00000422037,11.5,6.8,1,1,1,0,0,0
9606.ENSP00000252245,0.1,0,1,0,1,0,0,0
9606.ENSP00000373734,11.2,30.4,1,1,0,0,1,0
9606.ENSP00000304236,10,295.6,1,1,1,0,0,0
9606.ENSP00000302843,1.7,0,1,0,1,0,0,0
9606.ENSP00000252250,0,0,0,0,1,0,0,0
9606.ENSP00000477507,10.2,13.1,1,1,0.25,0.25,0.25,0.25
9606.ENSP00000414920,16.8,3.6,1,1,1,0,0,0
9606.ENSP00000262879,22.3,10.8,1,1,0,0,1,0
9606.ENSP00000386156,73,47.5,1,1,1,0,0,0
9606.ENSP00000303920,0,10.1,0,1,1,0,0,0
9606.ENSP00000448220,0,0,0,0,1,0,0,0
9606.ENSP00000302851,14.6,18.4,1,1,1,0,0,0
9606.ENSP00000307240,0,0,0,0,1,0,0,0
9606.ENSP00000338283,31.8,13.5,1,1,0,1,0,0
9606.ENSP00000293745,0,0,0,0,1,0,0,0
9606.ENSP00000356162,0.5,2.6,1,1,1,0,0,0
9606.ENSP00000377086,0,0.3,0,1,1,0,0,0
9606.ENSP00000303575,30.2,46.8,1,1,0,0,1,0
9606.ENSP00000333300,0.3,109.3,1,1,0,1,0,0
9606.ENSP00000302886,399.3,239.6,1,1,0,1,0,0
9606.ENSP00000379784,0,0,0,0,0.25,0.25,0.25,0.25
9606.ENSP00000378105,19.8,90.8,1,1,0,0,1,0
9606.ENSP00000293670,0,0,0,0,1,0,0,0
9606.ENSP00000443319,5,18.9,1,1,0,1,0,0
9606.ENSP00000455041,3.9,0,1,0,1,0,0,0
9606.ENSP00000306788,430.4,404.3,1,1,0,0,1,0
9606.ENSP00000370074,6.2,6.5,1,1,1,0,0,0
9606.ENSP00000475068,14.1,7.3,1,1,0,1,0,0
9606.ENSP00000305244,0,0,0,0,0.25,0.25,0.25,0.25
9606.ENSP00000269141,78.3,100.1,1,1,0,0,0,1
9606.ENSP00000372056,0,0,0,0,1,0,0,0
9606.ENSP00000302289,0.1,1.3,1,1,0.25,0.25,0.25,0.25
9606.ENSP00000304502,0,0,0,0,0.25,0.25,0.25,0.25
9606.ENSP00000316377,0,0,0,0,0.25,0.25,0.25,0.25
9606.ENSP00000315768,9.9,53.3,1,1,1,0,0,0
9606.ENSP00000304854,41,71.6,1,1,0,0,1,0
9606.ENSP00000307265,16.3,10.5,1,1,0,1,0,0
9606.ENSP00000307598,0,0,0,0,0.25,0.25,0.25,0.25
9606.ENSP00000302961,175.6,31.4,1,1,0,1,0,0
9606.ENSP00000304004,31.8,27.1,1,1,0,0,1,0
9606.ENSP00000305596,0,0,0,0,1,0,0,0
9606.ENSP00000304783,0,0,0,0,0.25,0.25,0.25,0.25
9606.ENSP00000394331,39,19.9,1,1,0.25,0.25,0.25,0.25
9606.ENSP00000338343,0,2.8,0,1,0.25,0.25,0.25,0.25
9606.ENSP00000446485,0.2,0,1,0,1,0,0,0
9606.ENSP00000276816,4.2,3.4,1,1,0.25,0.25,0.25,0.25
9606.ENSP00000319412,7.5,30.9,1,1,0,1,0,0
9606.ENSP00000376258,53.5,9.9,1,1,0.25,0.25,0.25,0.25
9606.ENSP00000378161,22.6,93.4,1,1,0,1,0,0
9606.ENSP00000305664,40.5,19.3,1,1,0,0,1,0
9606.ENSP00000399465,22.3,19.3,1,1,1,0,0,0
9606.ENSP00000440982,0.7,0,1,0,0.25,0.25,0.25,0.25
9606.ENSP00000381034,24.7,29.7,1,1,0,1,0,0
9606.ENSP00000418668,0.4,0,1,0,1,0,0,0
9606.ENSP00000353988,0,0,0,0,0.25,0.25,0.25,0.25
9606.ENSP00000302770,4.6,0.3,1,1,0.25,0.25,0.25,0.25
9606.ENSP00000309439,0,0,0,0,0.25,0.25,0.25,0.25
9606.ENSP00000377043,0,0,0,0,1,0,0,0
9606.ENSP00000361310,25.3,9.9,1,1,0,0,1,0
9606.ENSP00000324419,0,4.6,0,1,0.25,0.25,0.25,0.25
9606.ENSP00000385968,0.1,6.9,1,1,0,1,0,0
9606.ENSP00000304139,0,0,0,0,1,0,0,0
9606.ENSP00000307078,92.7,40.3,1,1,1,0,0,0
9606.ENSP00000306449,0,21.1,0,1,0,1,0,0
9606.ENSP00000354718,8.3,47.4,1,1,0,0,1,0
9606.ENSP00000341677,0,0,0,0,0.25,0.25,0.25,0.25
9606.ENSP00000337226,44.7,1.8,1,1,0.25,0.25,0.25,0.25
9606.ENSP00000369157,0,0,0,0,0.25,0.25,0.25,0.25
9606.ENSP00000307607,0,0,0,0,1,0,0,0
9606.ENSP00000361278,0,0,0,0,0.25,0.25,0.25,0.25
9606.ENSP00000303862,0,0,0,0,0.25,0.25,0.25,0.25
9606.ENSP00000306425,60.7,92.1,1,1,0,1,0,0
9606.ENSP00000303766,0.1,0,1,0,0,1,0,0
9606.ENSP00000343633,17.6,19.3,1,1,1,0,0,0
9606.ENSP00000411932,0,0.1,0,1,1,0,0,0
9606.ENSP00000304987,0,0.1,0,1,1,0,0,0
9606.ENSP00000384708,0,0,0,0,0.25,0.25,0.25,0.25
9606.ENSP00000300896,19.1,13.3,1,1,0,0,1,0
9606.ENSP00000361151,3.2,0.1,1,1,1,0,0,0
9606.ENSP00000306682,14.8,4.7,1,1,0,0,1,0
9606.ENSP00000303149,0,0,0,0,0,0,1,0
9606.ENSP00000485262,5.2,6.4,1,1,0.25,0.25,0.25,0.25
9606.ENSP00000292125,0,0,0,0,1,0,0,0
9606.ENSP00000302586,23.2,12.5,1,1,1,0,0,0
9606.ENSP00000328251,20.1,10.1,1,1,1,0,0,0
9606.ENSP00000449795,139.1,74.5,1,1,0,0,1,0
9606.ENSP00000302160,29.9,316.8,1,1,1,0,0,0
9606.ENSP00000303928,11.4,37.4,1,1,1,0,0,0
9606.ENSP00000322804,35.4,70,1,1,0,0,1,0
9606.ENSP00000303992,51.9,7.8,1,1,1,0,0,0
9606.ENSP00000304051,22.5,31.3,1,1,1,0,0,0
9606.ENSP00000302896,522.1,2188.7,1,1,0,0,1,0
9606.ENSP00000312286,2.2,3.9,1,1,1,0,0,0
9606.ENSP00000303550,0,0,0,0,0.25,0.25,0.25,0.25
9606.ENSP00000397402,2.6,39.2,1,1,0,1,0,0
9606.ENSP00000303452,0,0,0,0,1,0,0,0
9606.ENSP00000360002,51.5,22.5,1,1,0,0,0,1
9606.ENSP00000304713,13.4,6.5,1,1,1,0,0,0
9606.ENSP00000418438,8.7,517.2,1,1,0,0,0,1
9606.ENSP00000479089,0.2,0,1,0,0.25,0.25,0.25,0.25
9606.ENSP00000406197,46,0.9,1,1,0.25,0.25,0.25,0.25
9606.ENSP00000306070,8,23.8,1,1,0,0,1,0
9606.ENSP00000302867,0,0,0,0,0.25,0.25,0.25,0.25
9606.ENSP00000387593,0.8,1,1,1,0,0,1,0
9606.ENSP00000303822,0.1,0,1,0,0.25,0.25,0.25,0.25
9606.ENSP00000303777,0,0,0,0,0.25,0.25,0.25,0.25
9606.ENSP00000360158,0,2,0,1,1,0,0,0
9606.ENSP00000401966,0.1,0,1,0,0.25,0.25,0.25,0.25
9606.ENSP00000476955,0,0.1,0,1,0.25,0.25,0.25,0.25
9606.ENSP00000417548,5,13.8,1,1,1,0,0,0
9606.ENSP00000471575,0,0,0,0,1,0,0,0
9606.ENSP00000406201,5.8,6.5,1,1,0,0,0,1
9606.ENSP00000305995,0,0,0,0,1,0,0,0
9606.ENSP00000307159,0,0,0,0,0.25,0.25,0.25,0.25
9606.ENSP00000439435,0.1,0,1,0,1,0,0,0
9606.ENSP00000307292,0,9.7,0,1,1,0,0,0
9606.ENSP00000349971,0,0.1,0,1,1,0,0,0
9606.ENSP00000385936,0.2,3.5,1,1,0.25,0.25,0.25,0.25
9606.ENSP00000306991,0,0,0,0,0.25,0.25,0.25,0.25
9606.ENSP00000376865,0.2,0,1,0,1,0,0,0
9606.ENSP00000352173,0.5,0,1,0,1,0,0,0
9606.ENSP00000302805,0,0,0,0,1,0,0,0
9606.ENSP00000305416,0,9.5,0,1,0,0,1,0
9606.ENSP00000429473,0,0,0,0,0.25,0.25,0.25,0.25
9606.ENSP00000305970,0,0,0,0,0.25,0.25,0.25,0.25
9606.ENSP00000302327,1.1,0,1,0,0.25,0.25,0.25,0.25
9606.ENSP00000479953,12.8,2.4,1,1,0.25,0.25,0.25,0.25
9606.ENSP00000379696,0.2,0,1,0,1,0,0,0
9606.ENSP00000416707,0,0,0,0,0.25,0.25,0.25,0.25
9606.ENSP00000303437,11.1,1.9,1,1,0,0,0,1
9606.ENSP00000468897,0.1,0.3,1,1,0,1,0,0
9606.ENSP00000471493,0.8,2.8,1,1,1,0,0,0
9606.ENSP00000307164,0,0,0,0,1,0,0,0
9606.ENSP00000340748,0,0,0,0,0.25,0.25,0.25,0.25
9606.ENSP00000368547,45.6,40.6,1,1,0,0,1,0
9606.ENSP00000301921,0.2,3.2,1,1,0,1,0,0
9606.ENSP00000307129,0,0,0,0,0.25,0.25,0.25,0.25
9606.ENSP00000307264,67.9,105,1,1,1,0,0,0
9606.ENSP00000373700,0,0,0,0,1,0,0,0
9606.ENSP00000399415,8.9,2.7,1,1,0,0,1,0
9606.ENSP00000359423,16.2,13.6,1,1,0,1,0,0
9606.ENSP00000484615,0,0,0,0,0.25,0.25,0.25,0.25
9606.ENSP00000302801,26.5,12.4,1,1,0,0,1,0
9606.ENSP00000303830,20.7,213,1,1,0,0,1,0
9606.ENSP00000420617,13,16.9,1,1,0,0,1,0
9606.ENSP00000305107,0,0.6,0,1,0,0,1,0
9606.ENSP00000359444,0,0,0,0,1,0,0,0
9606.ENSP00000302648,3.8,12.7,1,1,0.25,0.25,0.25,0.25
9606.ENSP00000319370,3.1,0.1,1,1,0,0,1,0
9606.ENSP00000305603,0.5,0.1,1,1,1,0,0,0
9606.ENSP00000304127,1.3,0,1,0,0.25,0.25,0.25,0.25
9606.ENSP00000411672,166.1,70.7,1,1,0.25,0.25,0.25,0.25
9606.ENSP00000306124,1.7,9.5,1,1,1,0,0,0
9606.ENSP00000305055,0,0,0,0,0.25,0.25,0.25,0.25
9606.ENSP00000306106,68.8,56.4,1,1,0.25,0.25,0.25,0.25
9606.ENSP00000397415,0,0,0,0,0.25,0.25,0.25,0.25
9606.ENSP00000307684,59.5,43.8,1,1,0,1,0,0
9606.ENSP00000305133,12.3,7,1,1,0,0,1,0
9606.ENSP00000304364,14,20.4,1,1,0,0,0,1
9606.ENSP00000362085,42.1,120.1,1,1,0,1,0,0
9606.ENSP00000307636,10.3,2.9,1,1,0,0,1,0
9606.ENSP00000421915,18.3,17,1,1,0,1,0,0
9606.ENSP00000391200,3.9,4.5,1,1,0.25,0.25,0.25,0.25
9606.ENSP00000362170,2.5,1.9,1,1,0.25,0.25,0.25,0.25
9606.ENSP00000306817,8.2,38.1,1,1,0,0,0,1
9606.ENSP00000306688,0.1,0,1,0,0.25,0.25,0.25,0.25
9606.ENSP00000382791,0,0,0,0,1,0,0,0
9606.ENSP00000407422,0,0,0,0,1,0,0,0
9606.ENSP00000382485,0,0.2,0,1,1,0,0,0
9606.ENSP00000302400,0,0,0,0,0.25,0.25,0.25,0.25
9606.ENSP00000306887,61.6,75.1,1,1,0,0,0,1
9606.ENSP00000351737,31.5,49.5,1,1,1,0,0,0
9606.ENSP00000302120,59.5,27.7,1,1,0,0,1,0
9606.ENSP00000455169,15.8,0.4,1,1,1,0,0,0
9606.ENSP00000304822,0,0,0,0,1,0,0,0
9606.ENSP00000356133,1.4,0,1,0,0.25,0.25,0.25,0.25
9606.ENSP00000345133,3,0.7,1,1,1,0,0,0
9606.ENSP00000363103,153.6,319.1,1,1,0.25,0.25,0.25,0.25
9606.ENSP00000303315,9.1,85.8,1,1,1,0,0,0
9606.ENSP00000362376,7.4,1.5,1,1,1,0,0,0
9606.ENSP00000303148,68.4,178.8,1,1,1,0,0,0
9606.ENSP00000304811,41.6,515.3,1,1,0.25,0.25,0.25,0.25
9606.ENSP00000302621,18.2,628.8,1,1,1,0,0,0
9606.ENSP00000306473,22,0.2,1,1,0.25,0.25,0.25,0.25
9606.ENSP00000304930,0,0.1,0,1,0.25,0.25,0.25,0.25
9606.ENSP00000307549,0.1,0,1,0,1,0,0,0
9606.ENSP00000380734,22,11.8,1,1,0,1,0,0
9606.ENSP00000305077,1.9,0.2,1,1,0,0,1,0
9606.ENSP00000305373,5.8,1.4,1,1,0,0,1,0
9606.ENSP00000305692,91.4,18.9,1,1,0,0,0,1
9606.ENSP00000307674,54.4,11.6,1,1,0,0,1,0
9606.ENSP00000306275,0,0,0,0,0.25,0.25,0.25,0.25
9606.ENSP00000377357,43.9,22.8,1,1,1,0,0,0
9606.ENSP00000305725,0.1,0.4,1,1,0,1,0,0
9606.ENSP00000359939,58.2,29.2,1,1,1,0,0,0
9606.ENSP00000359991,674,134,1,1,0,1,0,0
9606.ENSP00000392028,15,9,1,1,0.25,0.25,0.25,0.25
9606.ENSP00000306999,11.2,1.1,1,1,0.25,0.25,0.25,0.25
9606.ENSP00000355124,482.6,0.4,1,1,1,0,0,0
9606.ENSP00000254043,1.2,0.2,1,1,1,0,0,0
9606.ENSP00000361048,0.1,0.1,1,1,0,0,1,0
9606.ENSP00000246646,0,0,0,0,0.25,0.25,0.25,0.25
9606.ENSP00000365256,12.8,32.2,1,1,1,0,0,0
9606.ENSP00000353785,0.1,2.7,1,1,1,0,0,0
9606.ENSP00000319591,0,33,0,1,1,0,0,0
9606.ENSP00000391800,0,0.3,0,1,0.25,0.25,0.25,0.25
9606.ENSP00000375076,0,0,0,0,0.25,0.25,0.25,0.25
9606.ENSP00000246635,0.4,0,1,0,1,0,0,0
9606.ENSP00000303061,0,4.7,0,1,1,0,0,0
9606.ENSP00000246662,0,0,0,0,1,0,0,0
9606.ENSP00000342240,0,0,0,0,0.25,0.25,0.25,0.25
9606.ENSP00000310661,0,2.4,0,1,1,0,0,0
9606.ENSP00000423399,136.3,150,1,1,1,0,0,0
9606.ENSP00000466047,33.3,8,1,1,0.25,0.25,0.25,0.25
9606.ENSP00000443194,3.1,13.6,1,1,0,0,1,0
9606.ENSP00000167588,0,0,0,0,1,0,0,0
9606.ENSP00000302552,1.1,9.6,1,1,0,0,1,0
9606.ENSP00000389715,0,0,0,0,0,1,0,0
9606.ENSP00000466907,7.4,24.6,1,1,0.25,0.25,0.25,0.25
9606.ENSP00000386227,2.8,49.8,1,1,0,1,0,0
9606.ENSP00000301656,0,0,0,0,1,0,0,0
9606.ENSP00000362760,5.7,1.6,1,1,0.25,0.25,0.25,0.25
9606.ENSP00000304250,0,0,0,0,0.25,0.25,0.25,0.25
9606.ENSP00000310565,0,14.1,0,1,0.25,0.25,0.25,0.25
9606.ENSP00000361465,97.1,10.6,1,1,0.25,0.25,0.25,0.25
9606.ENSP00000364839,57.7,34,1,1,0.25,0.25,0.25,0.25
9606.ENSP00000304235,0,0,0,0,0.25,0.25,0.25,0.25
9606.ENSP00000349893,4.6,0,1,0,0.25,0.25,0.25,0.25
9606.ENSP00000410734,8.7,13.4,1,1,1,0,0,0
9606.ENSP00000354964,13.3,16.4,1,1,0,1,0,0
9606.ENSP00000303915,17.5,5.5,1,1,1,0,0,0
9606.ENSP00000320924,20.8,19.4,1,1,1,0,0,0
9606.ENSP00000450527,0,0.4,0,1,1,0,0,0
9606.ENSP00000304762,0,0,0,0,1,0,0,0
9606.ENSP00000302863,0,0,0,0,0.25,0.25,0.25,0.25
9606.ENSP00000375063,0,0,0,0,0.25,0.25,0.25,0.25
9606.ENSP00000359483,0.2,0.5,1,1,0,1,0,0
9606.ENSP00000305847,0,0,0,0,1,0,0,0
9606.ENSP00000460871,194.7,88.1,1,1,0,0,0,1
9606.ENSP00000338887,43.3,23.2,1,1,0.25,0.25,0.25,0.25
9606.ENSP00000382476,0,2.5,0,1,1,0,0,0
9606.ENSP00000306607,0,0,0,0,0.25,0.25,0.25,0.25
9606.ENSP00000303754,67.7,22.8,1,1,0,0,1,0
9606.ENSP00000362792,0,0,0,0,0.25,0.25,0.25,0.25
9606.ENSP00000359603,0.1,0,1,0,0.25,0.25,0.25,0.25
9606.ENSP00000426638,9.5,81.1,1,1,0,0,1,0
9606.ENSP00000306974,0,0,0,0,0.25,0.25,0.25,0.25
9606.ENSP00000405841,0,0,0,0,1,0,0,0
9606.ENSP00000395389,0,0,0,0,0.25,0.25,0.25,0.25
9606.ENSP00000302846,0,0.3,0,1,0,1,0,0
9606.ENSP00000306362,452,1369,1,1,0,0,1,0
9606.ENSP00000306754,0,0,0,0,0.25,0.25,0.25,0.25
9606.ENSP00000307093,0,0.3,0,1,1,0,0,0
9606.ENSP00000302814,0,0,0,0,1,0,0,0
9606.ENSP00000302051,0,0.2,0,1,1,0,0,0
9606.ENSP00000302564,255.2,43.5,1,1,0,1,0,0
9606.ENSP00000336829,1258,9963.2,1,1,1,0,0,0
9606.ENSP00000306361,1077.5,13790.7,1,1,1,0,0,0
9606.ENSP00000304846,0.4,0,1,0,0.25,0.25,0.25,0.25
9606.ENSP00000306099,389.9,16176.2,1,1,1,0,0,0
9606.ENSP00000424417,61.5,25.3,1,1,0,0,1,0
9606.ENSP00000306756,4.9,4.8,1,1,0.25,0.25,0.25,0.25
9606.ENSP00000383303,0,0,0,0,1,0,0,0
9606.ENSP00000400252,0,0,0,0,1,0,0,0
9606.ENSP00000305877,0.1,0.2,1,1,0,1,0,0
9606.ENSP00000366513,58.9,3.4,1,1,1,0,0,0
9606.ENSP00000302543,54.3,127.5,1,1,0,1,0,0
9606.ENSP00000478533,16,12.3,1,1,0,0,0,1
9606.ENSP00000366563,10.9,0.9,1,1,1,0,0,0
9606.ENSP00000477815,0,0,0,0,0.25,0.25,0.25,0.25
9606.ENSP00000306328,27.7,60.3,1,1,0,0,1,0
9606.ENSP00000479101,61.6,14.7,1,1,0.25,0.25,0.25,0.25
9606.ENSP00000330221,13.6,21.2,1,1,0.25,0.25,0.25,0.25
9606.ENSP00000480966,4.4,0.5,1,1,1,0,0,0
9606.ENSP00000307208,64.8,38.2,1,1,0,0,1,0
9606.ENSP00000320430,0.1,0,1,0,1,0,0,0
9606.ENSP00000472867,4.7,0,1,0,0.25,0.25,0.25,0.25
9606.ENSP00000303549,0,1.5,0,1,1,0,0,0
9606.ENSP00000367384,0,0.9,0,1,0,0,1,0
9606.ENSP00000439625,4.4,0,1,0,0,0,1,0
9606.ENSP00000440440,5.2,28.8,1,1,1,0,0,0
9606.ENSP00000310801,0.1,0.1,1,1,0.25,0.25,0.25,0.25
9606.ENSP00000378483,13.4,0.5,1,1,1,0,0,0
9606.ENSP00000343515,39,51.4,1,1,0,0,1,0
9606.ENSP00000303532,0,0,0,0,0.25,0.25,0.25,0.25
9606.ENSP00000315371,0,4.5,0,1,1,0,0,0
9606.ENSP00000302967,57.7,16.7,1,1,0,1,0,0
9606.ENSP00000356912,0.2,0,1,0,0.25,0.25,0.25,0.25
9606.ENSP00000417901,19.4,42.2,1,1,0,0,1,0
9606.ENSP00000303129,0,0,0,0,1,0,0,0
9606.ENSP00000394899,25.5,0.1,1,1,1,0,0,0
9606.ENSP00000306522,74.7,248.1,1,1,0,0,1,0
9606.ENSP00000302100,0.2,71,1,1,1,0,0,0
9606.ENSP00000414635,0,0.1,0,1,1,0,0,0
9606.ENSP00000448059,254.1,751.1,1,1,0,0,1,0
9606.ENSP00000305494,13.6,6.8,1,1,0,1,0,0
9606.ENSP00000379895,2.2,1484.3,1,1,0,0,0,1
9606.ENSP00000341282,0.1,10.2,1,1,1,0,0,0
9606.ENSP00000305631,0.5,0,1,0,0.25,0.25,0.25,0.25
9606.ENSP00000479844,0,0,0,0,0.25,0.25,0.25,0.25
9606.ENSP00000302189,0.1,0.2,1,1,0.25,0.25,0.25,0.25
9606.ENSP00000352299,0.9,0,1,0,0.25,0.25,0.25,0.25
9606.ENSP00000381185,0.6,2.7,1,1,1,0,0,0
9606.ENSP00000479598,38,2.8,1,1,0.25,0.25,0.25,0.25
9606.ENSP00000361704,41.3,45.1,1,1,1,0,0,0
9606.ENSP00000305906,0,0,0,0,1,0,0,0
9606.ENSP00000304437,0,2.9,0,1,0.25,0.25,0.25,0.25
9606.ENSP00000405012,0,0,0,0,0.25,0.25,0.25,0.25
9606.ENSP00000307975,7.4,4,1,1,0,0,1,0
9606.ENSP00000357575,0.1,0,1,0,0.25,0.25,0.25,0.25
9606.ENSP00000380901,0.3,0,1,0,0.25,0.25,0.25,0.25
9606.ENSP00000306324,5.7,1.1,1,1,0,0,1,0
9606.ENSP00000307234,0.1,0,1,0,0.25,0.25,0.25,0.25
9606.ENSP00000466274,0.1,0.6,1,1,0,0,1,0
9606.ENSP00000366015,0,0,0,0,0.25,0.25,0.25,0.25
9606.ENSP00000344855,6.7,1,1,1,0,0,1,0
9606.ENSP00000366135,61,8.6,1,1,0,1,0,0
9606.ENSP00000467218,1.3,1.8,1,1,0,0,1,0
9606.ENSP00000307552,2.5,13.8,1,1,0.25,0.25,0.25,0.25
9606.ENSP00000369695,10.2,1.7,1,1,0,0,1,0
9606.ENSP00000445418,0.1,0,1,0,0.25,0.25,0.25,0.25
9606.ENSP00000353770,69.4,6.4,1,1,1,0,0,0
9606.ENSP00000324318,45.7,15.5,1,1,0,0,1,0
9606.ENSP00000369581,0,0,0,0,1,0,0,0
9606.ENSP00000345957,6138.8,2036.4,1,1,0,1,0,0
9606.ENSP00000302079,0,1.1,0,1,1,0,0,0
9606.ENSP00000306080,26.1,20.5,1,1,0,1,0,0
9606.ENSP00000361021,9.6,56.4,1,1,1,0,0,0
9606.ENSP00000339095,3554.6,1854.5,1,1,0,0,1,0
9606.ENSP00000306900,0,0,0,0,1,0,0,0
9606.ENSP00000313350,28.2,21.1,1,1,1,0,0,0
9606.ENSP00000368752,172.9,30.5,1,1,1,0,0,0
9606.ENSP00000361373,0,0,0,0,1,0,0,0
9606.ENSP00000368766,0.6,0,1,0,0.25,0.25,0.25,0.25
9606.ENSP00000403067,2.7,0,1,0,0.25,0.25,0.25,0.25
9606.ENSP00000372654,0.2,0.7,1,1,1,0,0,0
9606.ENSP00000384588,18.9,57,1,1,0,0,0,1
9606.ENSP00000453508,8.8,11.4,1,1,1,0,0,0
9606.ENSP00000329932,0,0.1,0,1,1,0,0,0
9606.ENSP00000305654,50,8.3,1,1,1,0,0,0
9606.ENSP00000379025,0,0.1,0,1,0.25,0.25,0.25,0.25
9606.ENSP00000307130,0,0,0,0,0.25,0.25,0.25,0.25
9606.ENSP00000360526,39.8,26.7,1,1,0,0,1,0
9606.ENSP00000306095,0,0,0,0,0.25,0.25,0.25,0.25
9606.ENSP00000478290,9.5,8.1,1,1,0.25,0.25,0.25,0.25
9606.ENSP00000303469,0,0,0,0,0.25,0.25,0.25,0.25
9606.ENSP00000304133,0.1,0,1,0,1,0,0,0
9606.ENSP00000417190,18.4,23.2,1,1,0,0,0,1
9606.ENSP00000269703,0,1,0,1,0,0,1,0
9606.ENSP00000379369,0,0,0,0,0.25,0.25,0.25,0.25
9606.ENSP00000306614,83.5,16.6,1,1,0,0,0,1
9606.ENSP00000382140,0,0.2,0,1,1,0,0,0
9606.ENSP00000303696,10.7,1.5,1,1,0.25,0.25,0.25,0.25
9606.ENSP00000305875,17.9,2.6,1,1,1,0,0,0
9606.ENSP00000382204,15.4,30.5,1,1,0,0,1,0
9606.ENSP00000302393,0,0,0,0,1,0,0,0
9606.ENSP00000377789,2.7,37.6,1,1,1,0,0,0
9606.ENSP00000302603,15.7,0,1,0,0.25,0.25,0.25,0.25
9606.ENSP00000310880,0,0,0,0,0.25,0.25,0.25,0.25
9606.ENSP00000321132,0.8,1.9,1,1,0.25,0.25,0.25,0.25
9606.ENSP00000306496,6.1,17.1,1,1,0.25,0.25,0.25,0.25
9606.ENSP00000304467,79.8,92.8,1,1,0,0,0,1
9606.ENSP00000377456,0,0,0,0,1,0,0,0
9606.ENSP00000377372,0.3,0,1,0,1,0,0,0
9606.ENSP00000303206,0,0,0,0,1,0,0,0
9606.ENSP00000359410,0,0,0,0,1,0,0,0
9606.ENSP00000388325,77.3,34.1,1,1,1,0,0,0
9606.ENSP00000401197,27.6,9.7,1,1,0.25,0.25,0.25,0.25
9606.ENSP00000307567,226.2,45,1,1,0,1,0,0
9606.ENSP00000377724,194,87.4,1,1,0.25,0.25,0.25,0.25
9606.ENSP00000346892,0.9,0.1,1,1,0.25,0.25,0.25,0.25
9606.ENSP00000307023,3.9,35.6,1,1,0.25,0.25,0.25,0.25
9606.ENSP00000413707,0,0,0,0,0.25,0.25,0.25,0.25
9606.ENSP00000370083,4.7,2.9,1,1,1,0,0,0
9606.ENSP00000307235,7.5,8.5,1,1,1,0,0,0
9606.ENSP00000307142,0.2,0,1,0,1,0,0,0
9606.ENSP00000349575,11.1,4.2,1,1,0.25,0.25,0.25,0.25
9606.ENSP00000340083,5.6,60.3,1,1,0,1,0,0
9606.ENSP00000416658,25.1,12.2,1,1,0,0,0,1
9606.ENSP00000307786,194.5,252.5,1,1,0,0,1,0
9606.ENSP00000331172,0.3,2.1,1,1,1,0,0,0
9606.ENSP00000378063,0.3,0.3,1,1,0.25,0.25,0.25,0.25
9606.ENSP00000307508,0.3,0,1,0,1,0,0,0
9606.ENSP00000306627,0,0,0,0,0.25,0.25,0.25,0.25
9606.ENSP00000305207,0.2,0,1,0,0.25,0.25,0.25,0.25
9606.ENSP00000371377,0,0,0,0,0.25,0.25,0.25,0.25
9606.ENSP00000303864,0,0,0,0,0.25,0.25,0.25,0.25
9606.ENSP00000316737,0,0,0,0,0.25,0.25,0.25,0.25
9606.ENSP00000302234,0,0,0,0,0.25,0.25,0.25,0.25
9606.ENSP00000303508,5,0.3,1,1,1,0,0,0
9606.ENSP00000378965,115.1,62.3,1,1,1,0,0,0
9606.ENSP00000303398,5,0.5,1,1,0.25,0.25,0.25,0.25
9606.ENSP00000462963,11.4,11.2,1,1,1,0,0,0
9606.ENSP00000306548,80.1,107,1,1,0,0,1,0
9606.ENSP00000319279,19.3,10.4,1,1,1,0,0,0
9606.ENSP00000302150,0,0,0,0,1,0,0,0
9606.ENSP00000306565,15,17,1,1,0.25,0.25,0.25,0.25
9606.ENSP00000306651,0,0,0,0,0.25,0.25,0.25,0.25
9606.ENSP00000324944,0.1,1.9,1,1,0.25,0.25,0.25,0.25
9606.ENSP00000304188,0,0,0,0,0.25,0.25,0.25,0.25
9606.ENSP00000367972,1,0,1,0,0.25,0.25,0.25,0.25
9606.ENSP00000485191,0,0,0,0,0.25,0.25,0.25,0.25
9606.ENSP00000302676,0,0,0,0,0.25,0.25,0.25,0.25
9606.ENSP00000395704,0,0.5,0,1,0.25,0.25,0.25,0.25
9606.ENSP00000305422,30.1,381.6,1,1,0,0,1,0
9606.ENSP00000233997,0.1,1.8,1,1,1,0,0,0
9606.ENSP00000343577,0,0.2,0,1,1,0,0,0
9606.ENSP00000302216,0,0,0,0,0.25,0.25,0.25,0.25
9606.ENSP00000302768,105.1,47.4,1,1,0,0,1,0
9606.ENSP00000302569,0.1,2.8,1,1,0.25,0.25,0.25,0.25
9606.ENSP00000303490,3.2,0,1,0,0,1,0,0
9606.ENSP00000302274,0,0.2,0,1,1,0,0,0
9606.ENSP00000350364,0.1,0,1,0,0,1,0,0
9606.ENSP00000421246,18.9,14.3,1,1,0,1,0,0
9606.ENSP00000217246,2.3,4.2,1,1,1,0,0,0
9606.ENSP00000386597,47.4,20.3,1,1,0,0,1,0
9606.ENSP00000333769,877.7,79.8,1,1,1,0,0,0
9606.ENSP00000318085,6.6,4.1,1,1,1,0,0,0
9606.ENSP00000302199,0,0,0,0,0.25,0.25,0.25,0.25
9606.ENSP00000376453,17.9,37.3,1,1,1,0,0,0
9606.ENSP00000381968,57.7,18.8,1,1,1,0,0,0
9606.ENSP00000304327,83.8,96.4,1,1,0,1,0,0
9606.ENSP00000361186,23,13.8,1,1,0,1,0,0
9606.ENSP00000376456,0,0,0,0,0.25,0.25,0.25,0.25
9606.ENSP00000303096,0.1,0,1,0,0.25,0.25,0.25,0.25
9606.ENSP00000347916,0,0.2,0,1,1,0,0,0
9606.ENSP00000303834,0.3,0,1,0,0.25,0.25,0.25,0.25
9606.ENSP00000376840,8.3,4.2,1,1,0,1,0,0
9606.ENSP00000304353,156,106.3,1,1,1,0,0,0
9606.ENSP00000359224,3.3,37.4,1,1,1,0,0,0
9606.ENSP00000419325,68.3,393.7,1,1,0,0,0,1
9606.ENSP00000304032,0.3,27.2,1,1,0,0,0,1
9606.ENSP00000302485,1,0.2,1,1,0,0,1,0
9606.ENSP00000360425,0,1.2,0,1,1,0,0,0
9606.ENSP00000302935,0,6.9,0,1,1,0,0,0
9606.ENSP00000481728,0,0,0,0,1,0,0,0
9606.ENSP00000305260,155.8,72.4,1,1,0,1,0,0
9606.ENSP00000381553,0.1,0.8,1,1,1,0,0,0
9606.ENSP00000306657,0,0,0,0,0.25,0.25,0.25,0.25
9606.ENSP00000303076,0,0,0,0,0.25,0.25,0.25,0.25
9606.ENSP00000305138,13.4,205.7,1,1,0,1,0,0
9606.ENSP00000347742,0,0.1,0,1,1,0,0,0
9606.ENSP00000338885,4.6,4.4,1,1,1,0,0,0
9606.ENSP00000302606,0,0,0,0,0.25,0.25,0.25,0.25
9606.ENSP00000307479,1,0,1,0,1,0,0,0
9606.ENSP00000360021,0.2,42.9,1,1,1,0,0,0
9606.ENSP00000306390,0,0.2,0,1,1,0,0,0
9606.ENSP00000306997,0,0,0,0,1,0,0,0
9606.ENSP00000306015,0,2.2,0,1,1,0,0,0
9606.ENSP00000307197,0.2,0,1,0,1,0,0,0
9606.ENSP00000434995,22,6.6,1,1,0,0,1,0
9606.ENSP00000302724,0,0,0,0,1,0,0,0
9606.ENSP00000403932,0,0,0,0,1,0,0,0
9606.ENSP00000307640,0,572.4,0,1,0,0,0,1
9606.ENSP00000361238,0.3,0,1,0,1,0,0,0
9606.ENSP00000303997,20.3,4.3,1,1,0,0,1,0
9606.ENSP00000360262,8.6,163.3,1,1,0.25,0.25,0.25,0.25
9606.ENSP00000307515,0,0,0,0,0.25,0.25,0.25,0.25
9606.ENSP00000302924,9.8,0,1,0,0.25,0.25,0.25,0.25
9606.ENSP00000485424,0,0,0,0,0.25,0.25,0.25,0.25
9606.ENSP00000302599,0,0,0,0,0.25,0.25,0.25,0.25
9606.ENSP00000303111,0,0,0,0,0.25,0.25,0.25,0.25
9606.ENSP00000361708,17.4,25,1,1,1,0,0,0
9606.ENSP00000261332,27.7,45.4,1,1,0,1,0,0
9606.ENSP00000351669,9.8,46.7,1,1,0,1,0,0
9606.ENSP00000361716,0.2,0,1,0,0.25,0.25,0.25,0.25
9606.ENSP00000373586,8,4.8,1,1,0.25,0.25,0.25,0.25
9606.ENSP00000302620,15.2,2181.1,1,1,0,0,0,1
9606.ENSP00000304060,0,0,0,0,0.25,0.25,0.25,0.25
9606.ENSP00000305403,0,0,0,0,0.25,0.25,0.25,0.25
9606.ENSP00000378578,15.2,27.5,1,1,0.25,0.25,0.25,0.25
9606.ENSP00000303246,0,42.3,0,1,0.25,0.25,0.25,0.25
9606.ENSP00000344572,50.9,34.2,1,1,0,1,0,0
9606.ENSP00000389009,0,0.2,0,1,1,0,0,0
9606.ENSP00000310704,0.1,0,1,0,0.25,0.25,0.25,0.25
9606.ENSP00000376902,17.4,10.3,1,1,1,0,0,0
9606.ENSP00000326031,224.4,112.7,1,1,0,0,1,0
9606.ENSP00000309555,45.6,25.3,1,1,0,1,0,0
9606.ENSP00000308292,0,0,0,0,0.25,0.25,0.25,0.25
9606.ENSP00000311300,0,3.5,0,1,1,0,0,0
9606.ENSP00000311687,0,0,0,0,0,0,1,0
9606.ENSP00000311364,0,0,0,0,1,0,0,0
9606.ENSP00000311837,0,0,0,0,1,0,0,0
9606.ENSP00000310594,0,0,0,0,0.25,0.25,0.25,0.25
9606.ENSP00000351957,0.2,0.3,1,1,1,0,0,0
9606.ENSP00000310244,0,0.1,0,1,0.25,0.25,0.25,0.25
9606.ENSP00000341342,0,0.4,0,1,0.25,0.25,0.25,0.25
9606.ENSP00000361923,94.7,161.5,1,1,0,1,0,0
9606.ENSP00000347277,522.9,314.6,1,1,0,0,1,0
9606.ENSP00000357425,19.2,64.1,1,1,0,0,1,0
9606.ENSP00000308461,2.5,11.2,1,1,0.25,0.25,0.25,0.25
9606.ENSP00000311360,11.9,4.3,1,1,0,1,0,0
9606.ENSP00000309953,10,2,1,1,1,0,0,0
9606.ENSP00000308689,0,0,0,0,0.25,0.25,0.25,0.25
9606.ENSP00000363207,4.2,0.1,1,1,0.25,0.25,0.25,0.25
9606.ENSP00000363482,13.9,8.8,1,1,0,1,0,0
9606.ENSP00000312615,5.8,73.3,1,1,1,0,0,0
9606.ENSP00000311221,15.6,31.1,1,1,1,0,0,0
9606.ENSP00000339484,1,4.8,1,1,1,0,0,0
9606.ENSP00000357231,0,0.7,0,1,1,0,0,0
9606.ENSP00000310722,0,0,0,0,0.25,0.25,0.25,0.25
9606.ENSP00000311957,4,0.1,1,1,0.25,0.25,0.25,0.25
9606.ENSP00000311862,0,0,0,0,0.25,0.25,0.25,0.25
9606.ENSP00000378067,0.1,0.4,1,1,0,1,0,0
9606.ENSP00000483154,0,0.7,0,1,0.25,0.25,0.25,0.25
9606.ENSP00000308815,0,0.2,0,1,1,0,0,0
9606.ENSP00000377471,72,23,1,1,1,0,0,0
9606.ENSP00000332757,6.2,2.6,1,1,1,0,0,0
9606.ENSP00000348043,51.2,16.9,1,1,0.25,0.25,0.25,0.25
9606.ENSP00000307853,11.1,9.7,1,1,1,0,0,0
9606.ENSP00000418721,0.1,0,1,0,1,0,0,0
9606.ENSP00000338164,1,0.1,1,1,0.25,0.25,0.25,0.25
9606.ENSP00000328563,0.1,0.8,1,1,0.25,0.25,0.25,0.25
9606.ENSP00000381613,2.6,0.9,1,1,0.25,0.25,0.25,0.25
9606.ENSP00000265379,0,0,0,0,0.25,0.25,0.25,0.25
9606.ENSP00000432660,1146.1,476.6,1,1,1,0,0,0
9606.ENSP00000376930,82.6,35.2,1,1,0,0,1,0
9606.ENSP00000368716,7.6,7.1,1,1,0,0,1,0
9606.ENSP00000308270,0,0,0,0,0.25,0.25,0.25,0.25
9606.ENSP00000420854,1,1,1,1,0.25,0.25,0.25,0.25
9606.ENSP00000378516,0,0,0,0,0.25,0.25,0.25,0.25
9606.ENSP00000335808,132.7,36.9,1,1,0,0,1,0
9606.ENSP00000319781,24.2,0,1,0,0,0,1,0
9606.ENSP00000481684,0.7,3.5,1,1,0.25,0.25,0.25,0.25
9606.ENSP00000366617,63.3,14.1,1,1,0,0,1,0
9606.ENSP00000309336,0,0,0,0,0.25,0.25,0.25,0.25
9606.ENSP00000376390,1,12,1,1,0.25,0.25,0.25,0.25
9606.ENSP00000373715,10.1,6.1,1,1,0,0,1,0
9606.ENSP00000310620,0,0,0,0,0.25,0.25,0.25,0.25
9606.ENSP00000309830,2627.5,2591.6,1,1,0,0,1,0
9606.ENSP00000310721,0.1,34.4,1,1,0,0,1,0
9606.ENSP00000337862,0.1,0,1,0,1,0,0,0
9606.ENSP00000388510,5.5,0,1,0,0,0,1,0
9606.ENSP00000444052,0,17.8,0,1,0,1,0,0
9606.ENSP00000304782,4.1,43.5,1,1,0,0,0,1
9606.ENSP00000312081,12.1,5.2,1,1,1,0,0,0
9606.ENSP00000317842,58.6,428.4,1,1,0,0,0,1
9606.ENSP00000309548,14.4,19.2,1,1,0,0,1,0
9606.ENSP00000310301,50.4,40.3,1,1,1,0,0,0
9606.ENSP00000310861,0,0,0,0,1,0,0,0
9606.ENSP00000439479,4.2,13.4,1,1,0,0,1,0
9606.ENSP00000315152,9.8,5.5,1,1,0.25,0.25,0.25,0.25
9606.ENSP00000340841,9.9,6.2,1,1,0.25,0.25,0.25,0.25
9606.ENSP00000360764,1,17.6,1,1,1,0,0,0
9606.ENSP00000326424,31,15,1,1,0,1,0,0
9606.ENSP00000347717,211.6,130.3,1,1,0,1,0,0
9606.ENSP00000350541,0,0,0,0,1,0,0,0
9606.ENSP00000383295,1.4,0,1,0,1,0,0,0
9606.ENSP00000308193,8.5,119.4,1,1,1,0,0,0
9606.ENSP00000308330,0.2,0.8,1,1,0.25,0.25,0.25,0.25
9606.ENSP00000427130,3.9,3.5,1,1,1,0,0,0
9606.ENSP00000309782,0,3,0,1,1,0,0,0
9606.ENSP00000401399,36.4,33.2,1,1,0,0,0,1
9606.ENSP00000310631,0,0,0,0,0.25,0.25,0.25,0.25
9606.ENSP00000311713,29,17.1,1,1,0,0,1,0
9606.ENSP00000310241,0,0,0,0,1,0,0,0
9606.ENSP00000350676,20.3,28,1,1,1,0,0,0
9606.ENSP00000310551,19.8,18.2,1,1,0.25,0.25,0.25,0.25
9606.ENSP00000378359,71.9,325.3,1,1,0,0,1,0
9606.ENSP00000331704,0,0,0,0,0.25,0.25,0.25,0.25
9606.ENSP00000312299,0,0,0,0,0.25,0.25,0.25,0.25
9606.ENSP00000340330,35.2,11,1,1,0,0,1,0
9606.ENSP00000309186,0,0,0,0,1,0,0,0
9606.ENSP00000374268,8.6,0,1,0,0.25,0.25,0.25,0.25
9606.ENSP00000359583,0,0,0,0,0,0,0,1
9606.ENSP00000308515,36.3,9.8,1,1,0.25,0.25,0.25,0.25
9606.ENSP00000412326,0,0.4,0,1,1,0,0,0
9606.ENSP00000308022,14.2,14.6,1,1,0,0,1,0
9606.ENSP00000309285,0.6,0.8,1,1,1,0,0,0
9606.ENSP00000312262,36.3,13.7,1,1,0,0,1,0
9606.ENSP00000384273,58.4,20,1,1,1,0,0,0
9606.ENSP00000342144,0,0,0,0,0,0,1,0
9606.ENSP00000309330,3.8,20.3,1,1,0.25,0.25,0.25,0.25
9606.ENSP00000449784,4.1,11.4,1,1,0,1,0,0
9606.ENSP00000462419,22.4,10.2,1,1,1,0,0,0
9606.ENSP00000370047,0,0.2,0,1,1,0,0,0
9606.ENSP00000357301,0.6,0,1,0,0.25,0.25,0.25,0.25
9606.ENSP00000384262,0.1,0.4,1,1,0.25,0.25,0.25,0.25
9606.ENSP00000310873,14,14.9,1,1,0,1,0,0
9606.ENSP00000312399,0,0,0,0,0.25,0.25,0.25,0.25
9606.ENSP00000310219,0,0.1,0,1,1,0,0,0
9606.ENSP00000438349,504.2,230.9,1,1,0,0,1,0
9606.ENSP00000397312,0,0.7,0,1,0,0,0,1
9606.ENSP00000432786,16.4,29,1,1,0,0,1,0
9606.ENSP00000340296,0,0,0,0,0.25,0.25,0.25,0.25
9606.ENSP00000310547,3.9,7.1,1,1,0,1,0,0
9606.ENSP00000310726,40.1,524.4,1,1,0,1,0,0
9606.ENSP00000360412,17.3,11.7,1,1,0.25,0.25,0.25,0.25
9606.ENSP00000384851,34.5,252.1,1,1,0,1,0,0
9606.ENSP00000308576,1.3,49.6,1,1,0.25,0.25,0.25,0.25
9606.ENSP00000374071,0,0,0,0,0.25,0.25,0.25,0.25
9606.ENSP00000308236,45.8,90.9,1,1,0,0,0,1
9606.ENSP00000316543,7.9,61.9,1,1,0,0,1,0
9606.ENSP00000357360,88.9,40.6,1,1,0,1,0,0
9606.ENSP00000419361,0,0,0,0,0.25,0.25,0.25,0.25
9606.ENSP00000418194,7,28.4,1,1,0,0,0,1
9606.ENSP00000478492,0,0.2,0,1,1,0,0,0
9606.ENSP00000417214,0.3,0.6,1,1,0.25,0.25,0.25,0.25
9606.ENSP00000311083,337.8,111.7,1,1,0,0,1,0
9606.ENSP00000310688,0,0,0,0,0.25,0.25,0.25,0.25
9606.ENSP00000425394,1.9,95.2,1,1,0,1,0,0
9606.ENSP00000358512,1.8,0.4,1,1,0.25,0.25,0.25,0.25
9606.ENSP00000309431,1.8,0,1,0,1,0,0,0
9606.ENSP00000357840,3,11.3,1,1,0,0,1,0
9606.ENSP00000347672,10.7,1.7,1,1,0,0,1,0
9606.ENSP00000369314,238.2,253.5,1,1,0,0,1,0
9606.ENSP00000311505,25.5,7.5,1,1,1,0,0,0
9606.ENSP00000377520,0,5.3,0,1,1,0,0,0
9606.ENSP00000377275,17.6,60.2,1,1,0,1,0,0
9606.ENSP00000311479,0.1,0,1,0,0.25,0.25,0.25,0.25
9606.ENSP00000383901,0,0,0,0,0.25,0.25,0.25,0.25
9606.ENSP00000308733,0,0,0,0,0.25,0.25,0.25,0.25
9606.ENSP00000371686,0,0,0,0,0.25,0.25,0.25,0.25
9606.ENSP00000311679,1.8,1.6,1,1,0.25,0.25,0.25,0.25
9606.ENSP00000309087,0.1,0.7,1,1,0.25,0.25,0.25,0.25
9606.ENSP00000445929,9.7,0.4,1,1,1,0,0,0
9606.ENSP00000411827,20.7,11.1,1,1,0.25,0.25,0.25,0.25
9606.ENSP00000361087,1,0.4,1,1,1,0,0,0
9606.ENSP00000361097,0.1,4.2,1,1,0.25,0.25,0.25,0.25
9606.ENSP00000311500,398.8,130.7,1,1,1,0,0,0
9606.ENSP00000311579,15.6,16.9,1,1,0,0,1,0
9606.ENSP00000339585,1.9,0.7,1,1,0.25,0.25,0.25,0.25
9606.ENSP00000308759,6.5,17.7,1,1,1,0,0,0
9606.ENSP00000308318,0,156.7,0,1,0,0,1,0
9606.ENSP00000289451,0.1,0,1,0,0.25,0.25,0.25,0.25
9606.ENSP00000308908,0,0,0,0,0.25,0.25,0.25,0.25
9606.ENSP00000311257,0,6.3,0,1,0.25,0.25,0.25,0.25
9606.ENSP00000309597,61.4,48.6,1,1,0,0,0,1
9606.ENSP00000312150,39.8,125.5,1,1,0.25,0.25,0.25,0.25
9606.ENSP00000366170,0,0,0,0,0.25,0.25,0.25,0.25
9606.ENSP00000344820,0.5,0.4,1,1,0.25,0.25,0.25,0.25
9606.ENSP00000310803,0,9.2,0,1,0.25,0.25,0.25,0.25
9606.ENSP00000313967,0,20,0,1,1,0,0,0
9606.ENSP00000363773,0,23.6,0,1,1,0,0,0
9606.ENSP00000369014,0,0,0,0,0.25,0.25,0.25,0.25
9606.ENSP00000307958,0,0,0,0,0.25,0.25,0.25,0.25
9606.ENSP00000309124,0.2,0.5,1,1,0.25,0.25,0.25,0.25
9606.ENSP00000310770,0,0,0,0,1,0,0,0
9606.ENSP00000442600,89,52,1,1,1,0,0,0
9606.ENSP00000312631,0,0,0,0,0.25,0.25,0.25,0.25
9606.ENSP00000360280,0,4.2,0,1,1,0,0,0
9606.ENSP00000312458,17.7,16.7,1,1,1,0,0,0
9606.ENSP00000335636,134.1,89.2,1,1,0.25,0.25,0.25,0.25
9606.ENSP00000391788,0,0.1,0,1,1,0,0,0
9606.ENSP00000311398,0,0,0,0,0.25,0.25,0.25,0.25
9606.ENSP00000384906,0.2,89372.2,1,1,0.25,0.25,0.25,0.25
9606.ENSP00000325562,11,379.4,1,1,0,1,0,0
9606.ENSP00000312671,10.8,4,1,1,0,0,1,0
9606.ENSP00000310796,6.7,5.5,1,1,0,0,1,0
9606.ENSP00000384234,0,0,0,0,0.25,0.25,0.25,0.25
9606.ENSP00000312439,71.6,21.8,1,1,0,0,1,0
9606.ENSP00000310117,145.1,93,1,1,0,1,0,0
9606.ENSP00000476537,0,0,0,0,0.25,0.25,0.25,0.25
9606.ENSP00000312318,52.8,68.6,1,1,1,0,0,0
9606.ENSP00000308606,0,0,0,0,1,0,0,0
9606.ENSP00000254480,49.7,32.9,1,1,1,0,0,0
9606.ENSP00000311319,9.5,3,1,1,0,0,1,0
9606.ENSP00000463325,18.1,21.9,1,1,0,0,1,0
9606.ENSP00000378046,121.9,146,1,1,1,0,0,0
9606.ENSP00000311127,13.1,9.1,1,1,0.25,0.25,0.25,0.25
9606.ENSP00000452796,4.3,3.8,1,1,0,1,0,0
9606.ENSP00000310263,28.4,6.8,1,1,0.25,0.25,0.25,0.25
9606.ENSP00000414287,68.3,198.3,1,1,1,0,0,0
9606.ENSP00000349324,2.5,0,1,0,1,0,0,0
9606.ENSP00000309092,21.2,27.5,1,1,0,0,1,0
9606.ENSP00000379366,6.7,6.7,1,1,0,1,0,0
9606.ENSP00000310042,43.6,23.8,1,1,1,0,0,0
9606.ENSP00000312506,0,0,0,0,0,0,1,0
9606.ENSP00000311427,16.7,10,1,1,0,0,0,1
9606.ENSP00000332875,0,0,0,0,1,0,0,0
9606.ENSP00000403683,5,8.8,1,1,0.25,0.25,0.25,0.25
9606.ENSP00000307831,0.3,0.2,1,1,0.25,0.25,0.25,0.25
9606.ENSP00000343891,0,0,0,0,0.25,0.25,0.25,0.25
9606.ENSP00000377747,16.5,27.3,1,1,0,0,1,0
9606.ENSP00000310405,0.2,0,1,0,0.25,0.25,0.25,0.25
9606.ENSP00000465757,15.7,15.5,1,1,0.25,0.25,0.25,0.25
9606.ENSP00000350256,0,0.1,0,1,1,0,0,0
9606.ENSP00000380911,8.6,3.4,1,1,0,0,1,0
9606.ENSP00000308770,0.5,43.3,1,1,1,0,0,0
9606.ENSP00000338352,83.7,47.1,1,1,1,0,0,0
9606.ENSP00000377532,37.4,164.5,1,1,0,0,0,1
9606.ENSP00000387888,0,0,0,0,0.25,0.25,0.25,0.25
9606.ENSP00000362650,2.5,8.4,1,1,1,0,0,0
9606.ENSP00000309493,0,0,0,0,0.25,0.25,0.25,0.25
9606.ENSP00000366410,6.2,10.5,1,1,0,0,1,0
9606.ENSP00000312535,4.8,0.2,1,1,1,0,0,0
9606.ENSP00000357591,0.8,0.1,1,1,0.25,0.25,0.25,0.25
9606.ENSP00000310622,0,0,0,0,0.25,0.25,0.25,0.25
9606.ENSP00000308895,55.5,14.8,1,1,1,0,0,0
9606.ENSP00000310111,0,0,0,0,0,0,1,0
9606.ENSP00000309163,23.5,4.2,1,1,0,0,0,1
9606.ENSP00000309565,1102.9,735.4,1,1,0,0,1,0
9606.ENSP00000331867,1.7,0.2,1,1,0,0,1,0
9606.ENSP00000367130,0,0,0,0,0.25,0.25,0.25,0.25
9606.ENSP00000368927,144.4,331.4,1,1,0,0,1,0
9606.ENSP00000424058,0.2,0,1,0,1,0,0,0
9606.ENSP00000310773,0,0,0,0,0.25,0.25,0.25,0.25
9606.ENSP00000369009,3,3.7,1,1,0,0,1,0
9606.ENSP00000309474,137.8,83.9,1,1,0,0,1,0
9606.ENSP00000369198,0.1,0.3,1,1,1,0,0,0
9606.ENSP00000388895,0,0,0,0,1,0,0,0
9606.ENSP00000485028,0.4,0,1,0,1,0,0,0
9606.ENSP00000308727,0,0,0,0,0.25,0.25,0.25,0.25
9606.ENSP00000311502,17.9,2.5,1,1,0,0,1,0
9606.ENSP00000311184,0.1,0,1,0,0.25,0.25,0.25,0.25
9606.ENSP00000354227,7,2.9,1,1,0,0,1,0
9606.ENSP00000355566,250,154,1,1,0,1,0,0
9606.ENSP00000311218,0,0,0,0,0.25,0.25,0.25,0.25
9606.ENSP00000387282,113.8,23.2,1,1,1,0,0,0
9606.ENSP00000293328,19.9,10.7,1,1,0,0,1,0
9606.ENSP00000312027,83,2.9,1,1,1,0,0,0
9606.ENSP00000310303,0,0,0,0,0.25,0.25,0.25,0.25
9606.ENSP00000377470,153.3,34.2,1,1,1,0,0,0
9606.ENSP00000377508,73.8,31.4,1,1,0,0,1,0
9606.ENSP00000334002,0.1,0.6,1,1,1,0,0,0
9606.ENSP00000390621,0.5,0,1,0,0.25,0.25,0.25,0.25
9606.ENSP00000419449,335,1861.2,1,1,0.25,0.25,0.25,0.25
9606.ENSP00000429190,10.7,11.9,1,1,0.25,0.25,0.25,0.25
9606.ENSP00000464087,11.7,49.3,1,1,0,1,0,0
9606.ENSP00000308354,2.8,0.3,1,1,0.25,0.25,0.25,0.25
9606.ENSP00000463533,0.1,0,1,0,1,0,0,0
9606.ENSP00000463080,0,0,0,0,1,0,0,0
9606.ENSP00000361275,5.8,5.4,1,1,0,1,0,0
9606.ENSP00000347134,74.2,49,1,1,1,0,0,0
9606.ENSP00000308695,22.1,14.9,1,1,0,0,1,0
9606.ENSP00000406909,0.1,0,1,0,0.25,0.25,0.25,0.25
9606.ENSP00000342974,5.6,21.2,1,1,0,0,1,0
9606.ENSP00000420294,9.8,13.2,1,1,0,0,1,0
9606.ENSP00000348161,22,1,1,1,1,0,0,0
9606.ENSP00000308750,20.8,1.4,1,1,1,0,0,0
9606.ENSP00000432568,3.2,32.5,1,1,0,1,0,0
9606.ENSP00000417354,52.9,153.3,1,1,0,0,0,1
9606.ENSP00000305263,0,0,0,0,1,0,0,0
9606.ENSP00000433071,27.5,9.3,1,1,0,0,1,0
9606.ENSP00000358840,723.4,2211,1,1,0.25,0.25,0.25,0.25
9606.ENSP00000331741,0,0.9,0,1,0.25,0.25,0.25,0.25
9606.ENSP00000340864,1.3,1.3,1,1,0,1,0,0
9606.ENSP00000309141,2.8,0.8,1,1,0.25,0.25,0.25,0.25
9606.ENSP00000310008,12.4,17.4,1,1,0.25,0.25,0.25,0.25
9606.ENSP00000309741,2.1,7.3,1,1,0.25,0.25,0.25,0.25
9606.ENSP00000386894,185.6,11.3,1,1,0,0,1,0
9606.ENSP00000358753,0.4,0,1,0,0.25,0.25,0.25,0.25
9606.ENSP00000309640,22.7,1.7,1,1,0.25,0.25,0.25,0.25
9606.ENSP00000312107,10.1,14.2,1,1,0,1,0,0
9606.ENSP00000450456,0,0,0,0,0.25,0.25,0.25,0.25
9606.ENSP00000469337,0,0,0,0,0.25,0.25,0.25,0.25
9606.ENSP00000312624,0.2,0.1,1,1,1,0,0,0
9606.ENSP00000436318,51.1,173.6,1,1,0,0,0,1
9606.ENSP00000328625,0,0.7,0,1,0,0,1,0
9606.ENSP00000387209,0.8,0.3,1,1,1,0,0,0
9606.ENSP00000332791,2.4,10,1,1,0,1,0,0
9606.ENSP00000310332,13.3,8.2,1,1,0.25,0.25,0.25,0.25
9606.ENSP00000309189,0.1,0,1,0,1,0,0,0
9606.ENSP00000443410,0,0,0,0,0.25,0.25,0.25,0.25
9606.ENSP00000359675,281.1,107.2,1,1,1,0,0,0
9606.ENSP00000429168,26.4,37.7,1,1,0.25,0.25,0.25,0.25
9606.ENSP00000308279,0.3,0,1,0,0.25,0.25,0.25,0.25
9606.ENSP00000310036,0,0.5,0,1,1,0,0,0
9606.ENSP00000310832,0,56,0,1,0,0,0,1
9606.ENSP00000347324,1.9,0,1,0,0,0,1,0
9606.ENSP00000308369,12,8.8,1,1,0,1,0,0
9606.ENSP00000413100,19.4,22.1,1,1,0.25,0.25,0.25,0.25
9606.ENSP00000308925,0,0.1,0,1,0.25,0.25,0.25,0.25
9606.ENSP00000354932,0,2.2,0,1,0.25,0.25,0.25,0.25
9606.ENSP00000389600,0.4,0.1,1,1,0.25,0.25,0.25,0.25
9606.ENSP00000307954,12.4,29.4,1,1,0,1,0,0
9606.ENSP00000308219,4.7,6.9,1,1,0.25,0.25,0.25,0.25
9606.ENSP00000310057,0.4,0.8,1,1,1,0,0,0
9606.ENSP00000309501,0,0,0,0,0.25,0.25,0.25,0.25
9606.ENSP00000358884,4.4,2.1,1,1,0,1,0,0
9606.ENSP00000211122,0,0,0,0,1,0,0,0
9606.ENSP00000309429,5.2,15.9,1,1,0,0,1,0
9606.ENSP00000312356,29.6,75.2,1,1,1,0,0,0
9606.ENSP00000263686,0,0.1,0,1,1,0,0,0
9606.ENSP00000388320,26,5.8,1,1,1,0,0,0
9606.ENSP00000219905,11.5,9.9,1,1,1,0,0,0
9606.ENSP00000311486,3.1,8.8,1,1,1,0,0,0
9606.ENSP00000398637,0.2,0,1,0,0.25,0.25,0.25,0.25
9606.ENSP00000312368,0,0.2,0,1,0.25,0.25,0.25,0.25
9606.ENSP00000415203,17.7,8.6,1,1,0,0,1,0
9606.ENSP00000460348,134.5,33,1,1,1,0,0,0
9606.ENSP00000311405,11.9,7.2,1,1,0,0,1,0
9606.ENSP00000310335,0.9,0.4,1,1,0,0,1,0
9606.ENSP00000316809,39.4,30.4,1,1,1,0,0,0
9606.ENSP00000310723,70.1,19.8,1,1,0,0,1,0
9606.ENSP00000417192,0,0,0,0,0.25,0.25,0.25,0.25
9606.ENSP00000308548,6.3,17.2,1,1,0.25,0.25,0.25,0.25
9606.ENSP00000312385,0,0,0,0,0.25,0.25,0.25,0.25
9606.ENSP00000307858,3.7,5.3,1,1,1,0,0,0
9606.ENSP00000459799,1.6,3.9,1,1,0,1,0,0
9606.ENSP00000312222,8.8,28,1,1,0.25,0.25,0.25,0.25
9606.ENSP00000356280,55.8,1.5,1,1,0,1,0,0
9606.ENSP00000310490,0.1,5,1,1,0.25,0.25,0.25,0.25
9606.ENSP00000309751,15.9,6.5,1,1,0.25,0.25,0.25,0.25
9606.ENSP00000309653,0,0,0,0,0.25,0.25,0.25,0.25
9606.ENSP00000312403,0,0,0,0,0.25,0.25,0.25,0.25
9606.ENSP00000312663,0,0,0,0,0.25,0.25,0.25,0.25
9606.ENSP00000308315,0,0.1,0,1,0.25,0.25,0.25,0.25
9606.ENSP00000305302,0.1,0,1,0,1,0,0,0
9606.ENSP00000307879,0,0,0,0,0,0,1,0
9606.ENSP00000355506,16.8,0,1,0,0.25,0.25,0.25,0.25
9606.ENSP00000302647,31.5,11.1,1,1,1,0,0,0
9606.ENSP00000484288,3.8,6.4,1,1,0,1,0,0
9606.ENSP00000430711,0,0,0,0,1,0,0,0
9606.ENSP00000480524,8.8,9.9,1,1,0.25,0.25,0.25,0.25
9606.ENSP00000311436,0,0,0,0,0.25,0.25,0.25,0.25
9606.ENSP00000440045,121.3,108.1,1,1,1,0,0,0
9606.ENSP00000311429,24.7,2.8,1,1,0.25,0.25,0.25,0.25
9606.ENSP00000311430,2615.7,719.9,1,1,1,0,0,0
9606.ENSP00000319597,43.1,55.7,1,1,0,0,1,0
9606.ENSP00000462349,0,0,0,0,0.25,0.25,0.25,0.25
9606.ENSP00000454407,0,0,0,0,0.25,0.25,0.25,0.25
9606.ENSP00000308976,0,0,0,0,0.25,0.25,0.25,0.25
9606.ENSP00000308368,20.6,22.4,1,1,1,0,0,0
9606.ENSP00000308921,0,0,0,0,1,0,0,0
9606.ENSP00000354778,0.2,11.3,1,1,1,0,0,0
9606.ENSP00000423313,0,0,0,0,0.25,0.25,0.25,0.25
9606.ENSP00000369328,0,0,0,0,1,0,0,0
9606.ENSP00000317469,6.2,0.1,1,1,0,0,1,0
9606.ENSP00000391167,11.4,23.3,1,1,1,0,0,0
9606.ENSP00000332773,91.3,0.1,1,1,0.25,0.25,0.25,0.25
9606.ENSP00000419485,0.3,0.2,1,1,1,0,0,0
9606.ENSP00000403302,2.6,0.9,1,1,0.25,0.25,0.25,0.25
9606.ENSP00000356102,2.6,0,1,0,1,0,0,0
9606.ENSP00000356115,0.2,0.5,1,1,1,0,0,0
9606.ENSP00000322532,4.2,2.4,1,1,0,0,0,1
9606.ENSP00000311760,0,0,0,0,1,0,0,0
9606.ENSP00000439182,0,0,0,0,0.25,0.25,0.25,0.25
9606.ENSP00000356135,1.8,0.7,1,1,0.25,0.25,0.25,0.25
9606.ENSP00000308897,69.8,100.1,1,1,0,1,0,0
9606.ENSP00000469315,0,0,0,0,1,0,0,0
9606.ENSP00000328133,0,1.3,0,1,0.25,0.25,0.25,0.25
9606.ENSP00000308535,30.6,129,1,1,0.25,0.25,0.25,0.25
9606.ENSP00000392678,128.5,33,1,1,1,0,0,0
9606.ENSP00000311196,0,0,0,0,1,0,0,0
9606.ENSP00000311827,11.4,20.3,1,1,0,0,1,0
9606.ENSP00000311183,2.1,1.5,1,1,0.25,0.25,0.25,0.25
9606.ENSP00000309402,0.6,0,1,0,0.25,0.25,0.25,0.25
9606.ENSP00000311733,0,0.6,0,1,0,1,0,0
9606.ENSP00000355929,6.8,11.5,1,1,1,0,0,0
9606.ENSP00000311648,0.2,0,1,0,0,1,0,0
9606.ENSP00000397598,0,0,0,0,1,0,0,0
9606.ENSP00000324901,3.4,1.7,1,1,0,1,0,0
9606.ENSP00000311291,0,0.6,0,1,0,1,0,0
9606.ENSP00000466714,13.9,2.3,1,1,0,0,0,1
9606.ENSP00000310488,0.1,0,1,0,0.25,0.25,0.25,0.25
9606.ENSP00000350024,2.3,0.8,1,1,0,0,1,0
9606.ENSP00000371614,0.3,0.7,1,1,0.25,0.25,0.25,0.25
9606.ENSP00000309096,123.9,24,1,1,0,0,1,0
9606.ENSP00000424707,49,141.9,1,1,0.25,0.25,0.25,0.25
9606.ENSP00000312652,0,0,0,0,1,0,0,0
9606.ENSP00000309714,3.5,1.2,1,1,1,0,0,0
9606.ENSP00000310338,6.2,51.6,1,1,0,0,1,0
9606.ENSP00000422626,40.5,175.1,1,1,0,0,1,0
9606.ENSP00000339067,3.9,1.8,1,1,0.25,0.25,0.25,0.25
9606.ENSP00000310006,5.2,35.8,1,1,1,0,0,0
9606.ENSP00000308012,0,0,0,0,0,0,1,0
9606.ENSP00000396052,54.1,22.4,1,1,0,1,0,0
9606.ENSP00000309334,2268.3,1777.7,1,1,0.25,0.25,0.25,0.25
9606.ENSP00000310182,3.2,15,1,1,0,1,0,0
9606.ENSP00000407586,35.4,13.7,1,1,1,0,0,0
9606.ENSP00000311343,0,0,0,0,0.25,0.25,0.25,0.25
9606.ENSP00000342181,88.1,87.3,1,1,0,0,1,0
9606.ENSP00000310585,0.2,0.4,1,1,0.25,0.25,0.25,0.25
9606.ENSP00000310406,3.2,0.1,1,1,1,0,0,0
9606.ENSP00000406925,0.1,0.1,1,1,0.25,0.25,0.25,0.25
9606.ENSP00000309007,9.4,10.9,1,1,0.25,0.25,0.25,0.25
9606.ENSP00000257287,4.4,1.2,1,1,0.25,0.25,0.25,0.25
9606.ENSP00000434034,78.8,12,1,1,0,1,0,0
9606.ENSP00000308117,4.2,0,1,0,1,0,0,0
9606.ENSP00000379092,0.1,0.3,1,1,0.25,0.25,0.25,0.25
9606.ENSP00000394485,73.5,49.6,1,1,0,0,1,0
9606.ENSP00000311545,0,0.7,0,1,1,0,0,0
9606.ENSP00000311401,7,10,1,1,0,1,0,0
9606.ENSP00000309142,17.1,25.5,1,1,0,0,1,0
9606.ENSP00000359385,13.9,3.3,1,1,0,0,1,0
9606.ENSP00000312554,0,0,0,0,1,0,0,0
9606.ENSP00000366098,183,173.2,1,1,0,0,1,0
9606.ENSP00000310003,0.3,0.1,1,1,0.25,0.25,0.25,0.25
9606.ENSP00000330484,0,0,0,0,1,0,0,0
9606.ENSP00000309767,0,0,0,0,1,0,0,0
9606.ENSP00000389160,416,759,1,1,0.25,0.25,0.25,0.25
9606.ENSP00000481697,36.7,81.2,1,1,0,1,0,0
9606.ENSP00000371037,0,0,0,0,1,0,0,0
9606.ENSP00000310226,132,44.2,1,1,1,0,0,0
9606.ENSP00000309012,0,0,0,0,0.25,0.25,0.25,0.25
9606.ENSP00000308258,16.1,4,1,1,0,1,0,0
9606.ENSP00000309561,129.5,301.3,1,1,0,0,1,0
9606.ENSP00000445446,11.4,2.1,1,1,0,0,1,0
9606.ENSP00000312208,0,0,0,0,0.25,0.25,0.25,0.25
9606.ENSP00000481917,46.3,0.2,1,1,1,0,0,0
9606.ENSP00000311447,64.1,0.2,1,1,0,0,1,0
9606.ENSP00000455785,6.1,2.5,1,1,0,0,1,0
9606.ENSP00000308361,0,0,0,0,0,1,0,0
9606.ENSP00000308149,0,0.1,0,1,0.25,0.25,0.25,0.25
9606.ENSP00000308479,0,2.1,0,1,1,0,0,0
9606.ENSP00000374390,0,0,0,0,0.25,0.25,0.25,0.25
9606.ENSP00000363139,0,0,0,0,1,0,0,0
9606.ENSP00000312021,0.3,0,1,0,0.25,0.25,0.25,0.25
9606.ENSP00000417078,27.3,77.6,1,1,0,0,1,0
9606.ENSP00000310788,0,0,0,0,0.25,0.25,0.25,0.25
9606.ENSP00000435509,0,0,0,0,1,0,0,0
9606.ENSP00000311477,0,0,0,0,0.25,0.25,0.25,0.25
9606.ENSP00000310337,0,0,0,0,0.25,0.25,0.25,0.25
9606.ENSP00000310686,5.9,2.8,1,1,0,0,1,0
9606.ENSP00000309649,32.3,37.5,1,1,0.25,0.25,0.25,0.25
9606.ENSP00000383563,0.3,55,1,1,1,0,0,0
9606.ENSP00000399403,23.1,2.4,1,1,0,0,1,0
9606.ENSP00000355930,0.6,813,1,1,0,0,1,0
9606.ENSP00000357811,0,0,0,0,0.25,0.25,0.25,0.25
9606.ENSP00000311825,2.1,1.5,1,1,1,0,0,0
9606.ENSP00000307911,0,0.5,0,1,0.25,0.25,0.25,0.25
9606.ENSP00000352821,3.3,17.3,1,1,0,0,1,0
9606.ENSP00000343741,3.9,11.3,1,1,0.25,0.25,0.25,0.25
9606.ENSP00000348838,192.5,4.5,1,1,0,0,1,0
9606.ENSP00000352785,0,0,0,0,1,0,0,0
9606.ENSP00000418001,3.3,8.6,1,1,0,0,1,0
9606.ENSP00000309031,4.8,20.1,1,1,0.25,0.25,0.25,0.25
9606.ENSP00000311712,0,0,0,0,0.25,0.25,0.25,0.25
9606.ENSP00000363071,0.1,0,1,0,1,0,0,0
9606.ENSP00000363389,2.9,10.5,1,1,0.25,0.25,0.25,0.25
9606.ENSP00000311609,0,0.2,0,1,0.25,0.25,0.25,0.25
9606.ENSP00000478672,0.1,0,1,0,0.25,0.25,0.25,0.25
9606.ENSP00000433623,4.3,5.7,1,1,0,0,1,0
9606.ENSP00000312141,2.9,13.3,1,1,1,0,0,0
9606.ENSP00000225576,13.2,0.5,1,1,1,0,0,0
9606.ENSP00000418008,83.5,44.1,1,1,0,0,0,1
9606.ENSP00000316454,30.4,5.5,1,1,1,0,0,0
9606.ENSP00000361875,0,0,0,0,0.25,0.25,0.25,0.25
9606.ENSP00000362638,336.6,4.8,1,1,1,0,0,0
9606.ENSP00000355428,14.1,8.4,1,1,0,1,0,0
9606.ENSP00000355430,0,0,0,0,0.25,0.25,0.25,0.25
9606.ENSP00000312272,6,22.2,1,1,0,0,0,1
9606.ENSP00000384193,0,0,0,0,1,0,0,0
9606.ENSP00000483018,0,0.3,0,1,0.25,0.25,0.25,0.25
9606.ENSP00000310129,201.9,58.2,1,1,0,0,1,0
9606.ENSP00000312411,0,1.1,0,1,1,0,0,0
9606.ENSP00000373360,11.2,2,1,1,0,0,0,1
9606.ENSP00000310901,19,36.8,1,1,1,0,0,0
9606.ENSP00000308716,7.1,44.9,1,1,0.25,0.25,0.25,0.25
9606.ENSP00000325421,80.4,33.1,1,1,0,0,1,0
9606.ENSP00000448665,36.1,19.3,1,1,0,1,0,0
9606.ENSP00000365462,40.9,47.9,1,1,0,0,0,1
9606.ENSP00000307951,0,0,0,0,0.25,0.25,0.25,0.25
9606.ENSP00000408910,71.4,37.6,1,1,1,0,0,0
9606.ENSP00000365663,1.1,0.1,1,1,1,0,0,0
9606.ENSP00000309606,14.8,6.9,1,1,1,0,0,0
9606.ENSP00000381148,60.9,58.9,1,1,0,0,1,0
9606.ENSP00000432768,78.1,7.7,1,1,0,0,1,0
9606.ENSP00000310491,40.6,28.7,1,1,1,0,0,0
9606.ENSP00000325612,27.6,17.9,1,1,0,0,1,0
9606.ENSP00000432412,69.6,19.3,1,1,0.25,0.25,0.25,0.25
9606.ENSP00000308591,0,0,0,0,0.25,0.25,0.25,0.25
9606.ENSP00000366203,0,0,0,0,0.25,0.25,0.25,0.25
9606.ENSP00000309270,0,0.3,0,1,0.25,0.25,0.25,0.25
9606.ENSP00000352111,21.4,0.5,1,1,1,0,0,0
9606.ENSP00000374049,0,0,0,0,0.25,0.25,0.25,0.25
9606.ENSP00000436152,0.1,0.8,1,1,1,0,0,0
9606.ENSP00000308583,18.3,7.5,1,1,0.25,0.25,0.25,0.25
9606.ENSP00000361667,25.1,8.5,1,1,0.25,0.25,0.25,0.25
9606.ENSP00000309515,17.9,96.5,1,1,0.25,0.25,0.25,0.25
9606.ENSP00000309052,0,0.1,0,1,0.25,0.25,0.25,0.25
9606.ENSP00000429089,4.2,0.9,1,1,1,0,0,0
9606.ENSP00000310978,7.9,27.6,1,1,1,0,0,0
9606.ENSP00000308772,8.6,25.8,1,1,1,0,0,0
9606.ENSP00000311313,0.1,0,1,0,1,0,0,0
9606.ENSP00000311657,0,0,0,0,0.25,0.25,0.25,0.25
9606.ENSP00000464872,0.6,0.4,1,1,0.25,0.25,0.25,0.25
9606.ENSP00000310596,57,68.4,1,1,0.25,0.25,0.25,0.25
9606.ENSP00000311290,0,0,0,0,1,0,0,0
9606.ENSP00000311492,3.6,0,1,0,0.25,0.25,0.25,0.25
9606.ENSP00000310275,444.9,147.1,1,1,0,0,1,0
9606.ENSP00000381250,7,302.8,1,1,0.25,0.25,0.25,0.25
9606.ENSP00000407546,9,0,1,0,0,1,0,0
9606.ENSP00000433361,26.8,31.1,1,1,0,0,1,0
9606.ENSP00000310205,0.1,0,1,0,1,0,0,0
9606.ENSP00000311857,41.5,21,1,1,0,0,1,0
9606.ENSP00000429969,0.1,0.8,1,1,0,0,1,0
9606.ENSP00000309175,46.5,16.4,1,1,0,0,1,0
9606.ENSP00000262160,62.5,27.8,1,1,0,1,0,0
9606.ENSP00000431800,33.2,196.3,1,1,0,0,0,1
9606.ENSP00000302222,0.8,3.4,1,1,0.25,0.25,0.25,0.25
9606.ENSP00000308082,0,0,0,0,0.25,0.25,0.25,0.25
9606.ENSP00000308496,1.9,0.4,1,1,0,0,1,0
9606.ENSP00000309415,66.5,109.8,1,1,1,0,0,0
9606.ENSP00000308024,0,0,0,0,1,0,0,0
9606.ENSP00000309757,0,0.2,0,1,0.25,0.25,0.25,0.25
9606.ENSP00000413592,1.4,1.8,1,1,0,0,1,0
9606.ENSP00000420180,16.1,17.4,1,1,0,0,1,0
9606.ENSP00000443654,1.4,1.2,1,1,1,0,0,0
9606.ENSP00000310448,38.1,12.8,1,1,1,0,0,0
9606.ENSP00000399970,2.1,20.4,1,1,0,1,0,0
9606.ENSP00000424126,0.2,0.1,1,1,0.25,0.25,0.25,0.25
9606.ENSP00000311368,28.9,31.1,1,1,0.25,0.25,0.25,0.25
9606.ENSP00000309673,0,0,0,0,0.25,0.25,0.25,0.25
9606.ENSP00000340983,0.7,0.1,1,1,0,0,1,0
9606.ENSP00000376855,0.3,0,1,0,0.25,0.25,0.25,0.25
9606.ENSP00000309338,3,0.9,1,1,0,1,0,0
9606.ENSP00000484252,0.1,0,1,0,0.25,0.25,0.25,0.25
9606.ENSP00000310255,0,0,0,0,0.25,0.25,0.25,0.25
9606.ENSP00000369531,0,0,0,0,0.25,0.25,0.25,0.25
9606.ENSP00000347997,0,0,0,0,1,0,0,0
9606.ENSP00000358223,0,0,0,0,1,0,0,0
9606.ENSP00000309463,2.8,5.7,1,1,0,0,0,1
9606.ENSP00000310557,3,1.8,1,1,0,0,1,0
9606.ENSP00000324960,0.1,0.2,1,1,0.25,0.25,0.25,0.25
9606.ENSP00000310120,4.3,5.6,1,1,0,0,1,0
9606.ENSP00000307850,119.8,100.1,1,1,1,0,0,0
9606.ENSP00000360690,6.7,3,1,1,1,0,0,0
9606.ENSP00000323740,0.2,0.4,1,1,1,0,0,0
9606.ENSP00000312029,18,3.1,1,1,0,0,1,0
9606.ENSP00000398350,31.2,10,1,1,0,0,1,0
9606.ENSP00000311665,41,14.7,1,1,1,0,0,0
9606.ENSP00000308717,34.9,37.6,1,1,0,0,1,0
9606.ENSP00000311449,111.8,51.8,1,1,0,1,0,0
9606.ENSP00000310305,3,5.7,1,1,1,0,0,0
9606.ENSP00000310170,25.8,0.4,1,1,1,0,0,0
9606.ENSP00000310520,5.3,16.3,1,1,0,0,1,0
9606.ENSP00000338475,10.9,24.4,1,1,1,0,0,0
9606.ENSP00000311695,47.7,42.3,1,1,0,0,1,0
9606.ENSP00000312599,22,56.6,1,1,0,0,1,0
9606.ENSP00000311605,0,0,0,0,0.25,0.25,0.25,0.25
9606.ENSP00000308413,57.1,51.8,1,1,0,1,0,0
9606.ENSP00000310356,94,1.6,1,1,0,0,1,0
9606.ENSP00000310515,0.5,0,1,0,1,0,0,0
9606.ENSP00000368818,6.3,9.5,1,1,0,1,0,0
9606.ENSP00000369840,0,0,0,0,0.25,0.25,0.25,0.25
9606.ENSP00000319053,7.5,1.4,1,1,0.25,0.25,0.25,0.25
9606.ENSP00000417261,0,0,0,0,0.25,0.25,0.25,0.25
9606.ENSP00000485216,57.6,247.1,1,1,0.25,0.25,0.25,0.25
9606.ENSP00000319179,4.4,4.2,1,1,0,0,1,0
9606.ENSP00000319979,14.5,2.2,1,1,1,0,0,0
9606.ENSP00000417451,0,0,0,0,1,0,0,0
9606.ENSP00000312834,16.5,27.6,1,1,0,1,0,0
9606.ENSP00000325819,18.9,9,1,1,0.25,0.25,0.25,0.25
9606.ENSP00000342676,181.4,434.3,1,1,1,0,0,0
9606.ENSP00000321346,5.5,1.6,1,1,0,1,0,0
9606.ENSP00000323714,0,0,0,0,1,0,0,0
9606.ENSP00000438204,521.9,155.4,1,1,0,1,0,0
9606.ENSP00000381089,1.1,22.6,1,1,0.25,0.25,0.25,0.25
9606.ENSP00000376848,1.9,0,1,0,1,0,0,0
9606.ENSP00000378792,3.3,0.4,1,1,0,0,1,0
9606.ENSP00000318297,42.6,15.2,1,1,1,0,0,0
9606.ENSP00000340989,75.3,3.6,1,1,1,0,0,0
9606.ENSP00000313921,1.2,110.8,1,1,0,1,0,0
9606.ENSP00000323348,0,0,0,0,0.25,0.25,0.25,0.25
9606.ENSP00000320232,0,0,0,0,0.25,0.25,0.25,0.25
9606.ENSP00000461749,87.4,32.7,1,1,0,0,1,0
9606.ENSP00000321835,256.6,0,1,0,0,1,0,0
9606.ENSP00000316609,50.9,93.8,1,1,0,0,1,0
9606.ENSP00000379997,0,0,0,0,0,0,1,0
9606.ENSP00000316338,43.4,63.2,1,1,0,0,1,0
9606.ENSP00000433490,0.1,0.3,1,1,0.25,0.25,0.25,0.25
9606.ENSP00000315203,0,0,0,0,1,0,0,0
9606.ENSP00000316775,0,0,0,0,0.25,0.25,0.25,0.25
9606.ENSP00000315949,0,0,0,0,0.25,0.25,0.25,0.25
9606.ENSP00000370303,3,10.1,1,1,0,0,0,1
9606.ENSP00000321987,1.2,0,1,0,1,0,0,0
9606.ENSP00000322373,8.1,13,1,1,1,0,0,0
9606.ENSP00000323929,1625,661.1,1,1,0,0,1,0
9606.ENSP00000322628,32.4,27.6,1,1,1,0,0,0
9606.ENSP00000344432,0,0,0,0,0,1,0,0
9606.ENSP00000314901,0,0,0,0,0,0,1,0
9606.ENSP00000323687,42.2,6.5,1,1,1,0,0,0
9606.ENSP00000322249,19.1,38.9,1,1,0,1,0,0
9606.ENSP00000321475,0,0,0,0,0,1,0,0
9606.ENSP00000344942,24.8,4.6,1,1,1,0,0,0
9606.ENSP00000376955,0.1,10.9,1,1,0,1,0,0
9606.ENSP00000317175,0,0,0,0,0.25,0.25,0.25,0.25
9606.ENSP00000435770,0,0,0,0,1,0,0,0
9606.ENSP00000318697,61.6,0,1,0,1,0,0,0
9606.ENSP00000314518,14.5,31.3,1,1,0,1,0,0
9606.ENSP00000323096,1.6,0,1,0,0.25,0.25,0.25,0.25
9606.ENSP00000368496,11.1,12.9,1,1,0.25,0.25,0.25,0.25
9606.ENSP00000293471,4,1.1,1,1,1,0,0,0
9606.ENSP00000318999,0,0,0,0,0.25,0.25,0.25,0.25
9606.ENSP00000478830,0,0,0,0,0.25,0.25,0.25,0.25
9606.ENSP00000379003,55.3,45.2,1,1,0.25,0.25,0.25,0.25
9606.ENSP00000479248,0.1,2.7,1,1,1,0,0,0
9606.ENSP00000314776,6.3,7.1,1,1,0,1,0,0
9606.ENSP00000387100,22.3,15.7,1,1,1,0,0,0
9606.ENSP00000361173,0.5,0,1,0,0.25,0.25,0.25,0.25
9606.ENSP00000344095,0,0,0,0,1,0,0,0
9606.ENSP00000424566,3.9,23.1,1,1,0.25,0.25,0.25,0.25
9606.ENSP00000310435,1.6,0,1,0,0.25,0.25,0.25,0.25
9606.ENSP00000482032,22.3,9.7,1,1,1,0,0,0
9606.ENSP00000313752,73,89.5,1,1,0.25,0.25,0.25,0.25
9606.ENSP00000315791,52.3,53.6,1,1,0,1,0,0
9606.ENSP00000462468,36.4,42.9,1,1,0,1,0,0
9606.ENSP00000317468,39.9,18.4,1,1,0,0,1,0
9606.ENSP00000373413,2.6,6.6,1,1,0,1,0,0
9606.ENSP00000318077,0,0,0,0,1,0,0,0
9606.ENSP00000326063,33.9,10.5,1,1,0,0,1,0
9606.ENSP00000335595,6.9,1.2,1,1,1,0,0,0
9606.ENSP00000374265,931.4,893.8,1,1,1,0,0,0
9606.ENSP00000374292,6.5,101.4,1,1,0,0,1,0
9606.ENSP00000313243,0,0,0,0,1,0,0,0
9606.ENSP00000339004,0,0,0,0,0.25,0.25,0.25,0.25
9606.ENSP00000313681,157.6,0.3,1,1,0,1,0,0
9606.ENSP00000357625,140.9,465.3,1,1,0,0,1,0
9606.ENSP00000317431,0,0,0,0,0.25,0.25,0.25,0.25
9606.ENSP00000325402,7.9,3.6,1,1,0.25,0.25,0.25,0.25
9606.ENSP00000320209,0,0.2,0,1,0.25,0.25,0.25,0.25
9606.ENSP00000318997,0,0,0,0,0.25,0.25,0.25,0.25
9606.ENSP00000320077,0,0,0,0,0.25,0.25,0.25,0.25
9606.ENSP00000386357,2.9,0.2,1,1,0.25,0.25,0.25,0.25
9606.ENSP00000313171,4.5,1,1,1,0.25,0.25,0.25,0.25
9606.ENSP00000391549,16.3,170.2,1,1,0,1,0,0
9606.ENSP00000319071,0,0,0,0,0.25,0.25,0.25,0.25
9606.ENSP00000466051,1.3,0.4,1,1,0.25,0.25,0.25,0.25
9606.ENSP00000255674,2.8,3.5,1,1,0,1,0,0
9606.ENSP00000319197,0.2,0,1,0,0.25,0.25,0.25,0.25
9606.ENSP00000318834,0,0,0,0,0.25,0.25,0.25,0.25
9606.ENSP00000369568,0,0,0,0,0.25,0.25,0.25,0.25
9606.ENSP00000367453,2.8,0.1,1,1,0.25,0.25,0.25,0.25
9606.ENSP00000319217,0,0,0,0,0.25,0.25,0.25,0.25
9606.ENSP00000314004,25.9,7.6,1,1,0,1,0,0
9606.ENSP00000319322,0,0,0,0,0.25,0.25,0.25,0.25
9606.ENSP00000430919,0,0,0,0,1,0,0,0
9606.ENSP00000417677,101.5,101.2,1,1,1,0,0,0
9606.ENSP00000318878,0,0,0,0,0.25,0.25,0.25,0.25
9606.ENSP00000400932,3.7,5.9,1,1,0.25,0.25,0.25,0.25
9606.ENSP00000319511,0,0,0,0,0.25,0.25,0.25,0.25
9606.ENSP00000441410,0,0.2,0,1,0,1,0,0
9606.ENSP00000319601,0,0,0,0,0.25,0.25,0.25,0.25
9606.ENSP00000319654,0,0,0,0,0.25,0.25,0.25,0.25
9606.ENSP00000314806,0,0,0,0,0.25,0.25,0.25,0.25
9606.ENSP00000321260,593.1,811.7,1,1,1,0,0,0
9606.ENSP00000334042,0.3,0,1,0,0.25,0.25,0.25,0.25
9606.ENSP00000410198,21.1,6.7,1,1,0,1,0,0
9606.ENSP00000319590,0,2,0,1,1,0,0,0
9606.ENSP00000319636,0.2,0,1,0,1,0,0,0
9606.ENSP00000363322,67.2,97.7,1,1,1,0,0,0
9606.ENSP00000316786,14.4,3.1,1,1,1,0,0,0
9606.ENSP00000318804,8.3,2.8,1,1,1,0,0,0
9606.ENSP00000295640,46.4,48.2,1,1,1,0,0,0
9606.ENSP00000375073,23.5,12.6,1,1,0,0,1,0
9606.ENSP00000319651,0,30.7,0,1,0.25,0.25,0.25,0.25
9606.ENSP00000317564,3.7,3.6,1,1,1,0,0,0
9606.ENSP00000325775,1.3,5,1,1,0,1,0,0
9606.ENSP00000262231,0,0.2,0,1,1,0,0,0
9606.ENSP00000386738,87.7,35,1,1,1,0,0,0
9606.ENSP00000378605,6.7,30.9,1,1,0.25,0.25,0.25,0.25
9606.ENSP00000338034,3.7,167,1,1,1,0,0,0
9606.ENSP00000320416,4.1,5.4,1,1,0.25,0.25,0.25,0.25
9606.ENSP00000353013,0,2.4,0,1,1,0,0,0
9606.ENSP00000334308,4.8,5.6,1,1,0,1,0,0
9606.ENSP00000357345,15.6,5.9,1,1,1,0,0,0
9606.ENSP00000317300,13,0.6,1,1,0,0,1,0
9606.ENSP00000320634,0,1.9,0,1,1,0,0,0
9606.ENSP00000315870,0.4,1.5,1,1,1,0,0,0
9606.ENSP00000334148,4.2,9,1,1,0,0,1,0
9606.ENSP00000316114,29.5,17.9,1,1,1,0,0,0
9606.ENSP00000320337,5.1,316.5,1,1,0,0,1,0
9606.ENSP00000325836,1.5,0,1,0,0.25,0.25,0.25,0.25
9606.ENSP00000320302,0.1,0,1,0,0.25,0.25,0.25,0.25
9606.ENSP00000292140,12.1,12.9,1,1,0,1,0,0
9606.ENSP00000317836,19.2,0.2,1,1,1,0,0,0
9606.ENSP00000371594,3.9,11.5,1,1,1,0,0,0
9606.ENSP00000321338,0,0,0,0,0.25,0.25,0.25,0.25
9606.ENSP00000320794,4.8,44.3,1,1,0,0,1,0
9606.ENSP00000321419,0,0,0,0,0.25,0.25,0.25,0.25
9606.ENSP00000321447,0,0,0,0,0.25,0.25,0.25,0.25
9606.ENSP00000465204,0,2.3,0,1,0.25,0.25,0.25,0.25
9606.ENSP00000316496,0,0,0,0,1,0,0,0
9606.ENSP00000321506,0,0,0,0,0.25,0.25,0.25,0.25
9606.ENSP00000430073,0,0,0,0,0.25,0.25,0.25,0.25
9606.ENSP00000321544,0,18.5,0,1,0.25,0.25,0.25,0.25
9606.ENSP00000316173,0,0.3,0,1,0,0,1,0
9606.ENSP00000365005,0,0.1,0,1,0.25,0.25,0.25,0.25
9606.ENSP00000327054,115,3.4,1,1,0,1,0,0
9606.ENSP00000385927,64.5,59.3,1,1,1,0,0,0
9606.ENSP00000385610,31.2,6.9,1,1,1,0,0,0
9606.ENSP00000336984,0,3.8,0,1,1,0,0,0
9606.ENSP00000316628,0,84.9,0,1,0.25,0.25,0.25,0.25
9606.ENSP00000324527,12.4,11.6,1,1,0,1,0,0
9606.ENSP00000326272,0,0,0,0,0.25,0.25,0.25,0.25
9606.ENSP00000326324,1.3,0,1,0,1,0,0,0
9606.ENSP00000326371,0,0,0,0,0.25,0.25,0.25,0.25
9606.ENSP00000467301,0,0,0,0,0.25,0.25,0.25,0.25
9606.ENSP00000414303,0,0,0,0,1,0,0,0
9606.ENSP00000412150,4.1,1.9,1,1,0.25,0.25,0.25,0.25
9606.ENSP00000479130,25.3,9,1,1,0.25,0.25,0.25,0.25
9606.ENSP00000314132,57.9,81.3,1,1,0.25,0.25,0.25,0.25
9606.ENSP00000322899,0.1,0.2,1,1,1,0,0,0
9606.ENSP00000484492,123.9,224.8,1,1,0.25,0.25,0.25,0.25
9606.ENSP00000322170,0.1,0.8,1,1,0.25,0.25,0.25,0.25
9606.ENSP00000321729,0,0,0,0,0.25,0.25,0.25,0.25
9606.ENSP00000368320,0.1,0,1,0,1,0,0,0
9606.ENSP00000318486,2.9,0.7,1,1,0.25,0.25,0.25,0.25
9606.ENSP00000357631,0,0,0,0,0.25,0.25,0.25,0.25
9606.ENSP00000387128,0,5.9,0,1,0.25,0.25,0.25,0.25
9606.ENSP00000314543,0,0,0,0,1,0,0,0
9606.ENSP00000320813,0,0,0,0,1,0,0,0
9606.ENSP00000325594,16.9,11,1,1,0,0,1,0
9606.ENSP00000322088,0,0,0,0,0.25,0.25,0.25,0.25
9606.ENSP00000319281,0.4,2,1,1,1,0,0,0
9606.ENSP00000320951,0,0,0,0,0.25,0.25,0.25,0.25
9606.ENSP00000322156,0,0,0,0,0.25,0.25,0.25,0.25
9606.ENSP00000464535,1.3,0.6,1,1,1,0,0,0
9606.ENSP00000352172,5.6,27.4,1,1,1,0,0,0
9606.ENSP00000378132,0,0,0,0,0.25,0.25,0.25,0.25
9606.ENSP00000315731,1.7,0.9,1,1,0.25,0.25,0.25,0.25
9606.ENSP00000335082,25.6,49.1,1,1,1,0,0,0
9606.ENSP00000409131,35,32.7,1,1,1,0,0,0
9606.ENSP00000360608,0.1,0,1,0,1,0,0,0
9606.ENSP00000322568,0,0,0,0,1,0,0,0
9606.ENSP00000315644,237.2,4.7,1,1,1,0,0,0
9606.ENSP00000322593,0,0,0,0,0.25,0.25,0.25,0.25
9606.ENSP00000321271,38.6,630.6,1,1,0.25,0.25,0.25,0.25
9606.ENSP00000352305,0,0,0,0,0.25,0.25,0.25,0.25
9606.ENSP00000440038,0.5,3.5,1,1,0.25,0.25,0.25,0.25
9606.ENSP00000369738,0,0,0,0,0.25,0.25,0.25,0.25
9606.ENSP00000318914,23.8,2.1,1,1,1,0,0,0
9606.ENSP00000319914,43.4,71.8,1,1,1,0,0,0
9606.ENSP00000324175,9.5,0.3,1,1,0.25,0.25,0.25,0.25
9606.ENSP00000350686,24.3,11.4,1,1,1,0,0,0
9606.ENSP00000224181,4.2,1048.9,1,1,1,0,0,0
9606.ENSP00000387498,0.3,0.2,1,1,0,1,0,0
9606.ENSP00000322754,0,0,0,0,0.25,0.25,0.25,0.25
9606.ENSP00000323952,0,0,0,0,0.25,0.25,0.25,0.25
9606.ENSP00000378312,0.3,1.3,1,1,0.25,0.25,0.25,0.25
9606.ENSP00000317027,0.5,0.4,1,1,0,0,1,0
9606.ENSP00000414350,0.2,7.4,1,1,0.25,0.25,0.25,0.25
9606.ENSP00000385006,106.6,43.7,1,1,0,0,1,0
9606.ENSP00000324792,37.5,21.5,1,1,0.25,0.25,0.25,0.25
9606.ENSP00000399485,0,0,0,0,1,0,0,0
9606.ENSP00000321962,0,0.6,0,1,0,0,1,0
9606.ENSP00000431459,7.2,23.7,1,1,0,0,1,0
9606.ENSP00000318868,29.1,320.3,1,1,0,0,0,1
9606.ENSP00000360635,0.9,60.7,1,1,0,0,1,0
9606.ENSP00000421142,0,0,0,0,1,0,0,0
9606.ENSP00000343405,62.9,14.6,1,1,0,0,1,0
9606.ENSP00000359498,0,0.1,0,1,1,0,0,0
9606.ENSP00000385025,5,4,1,1,0,1,0,0
9606.ENSP00000365777,3.6,19,1,1,0,1,0,0
9606.ENSP00000322191,0,0,0,0,1,0,0,0
9606.ENSP00000321519,0.7,1.3,1,1,1,0,0,0
9606.ENSP00000371846,16.7,13.1,1,1,0,0,1,0
9606.ENSP00000423600,7.9,6.8,1,1,0,0,1,0
9606.ENSP00000380646,16.9,5,1,1,1,0,0,0
9606.ENSP00000316842,15.8,5.5,1,1,0,0,1,0
9606.ENSP00000369578,0,0,0,0,0.25,0.25,0.25,0.25
9606.ENSP00000410007,14.1,15.5,1,1,0.25,0.25,0.25,0.25
9606.ENSP00000400113,9.5,0.3,1,1,0,1,0,0
9606.ENSP00000380074,18.8,19,1,1,0,0,0,1
9606.ENSP00000342609,2.3,0,1,0,0.25,0.25,0.25,0.25
9606.ENSP00000387982,2.5,7.7,1,1,0,0,1,0
9606.ENSP00000322570,16.9,8.6,1,1,0.25,0.25,0.25,0.25
9606.ENSP00000312753,0.1,0,1,0,1,0,0,0
9606.ENSP00000322460,0,0,0,0,0,1,0,0
9606.ENSP00000315465,0.6,0,1,0,1,0,0,0
9606.ENSP00000339467,43.3,21.8,1,1,1,0,0,0
9606.ENSP00000435585,149.2,48.3,1,1,0,1,0,0
9606.ENSP00000318222,0,0,0,0,0.25,0.25,0.25,0.25
9606.ENSP00000409126,61.9,71.8,1,1,0,0,1,0
9606.ENSP00000362551,4.8,2.7,1,1,0,0,1,0
9606.ENSP00000318716,0.1,3.5,1,1,0.25,0.25,0.25,0.25
9606.ENSP00000319052,0,0,0,0,1,0,0,0
9606.ENSP00000338352,8.3,0,1,0,1,0,0,0
9606.ENSP00000323635,17.2,18.6,1,1,0,0,1,0
9606.ENSP00000324369,0,0,0,0,0.25,0.25,0.25,0.25
9606.ENSP00000321259,450.9,183.4,1,1,0.25,0.25,0.25,0.25
9606.ENSP00000324560,10.7,24.8,1,1,0.25,0.25,0.25,0.25
9606.ENSP00000324534,0,0,0,0,0.25,0.25,0.25,0.25
9606.ENSP00000414330,2.5,0,1,0,0.25,0.25,0.25,0.25
9606.ENSP00000428402,0,0.1,0,1,0,1,0,0
9606.ENSP00000324557,0,0,0,0,0.25,0.25,0.25,0.25
9606.ENSP00000368884,255.2,61.1,1,1,0,0,0,1
9606.ENSP00000312700,1.4,0,1,0,1,0,0,0
9606.ENSP00000365837,54.3,12.2,1,1,0,1,0,0
9606.ENSP00000457466,5.4,62.1,1,1,0,0,1,0
9606.ENSP00000324583,0.2,0,1,0,0.25,0.25,0.25,0.25
9606.ENSP00000312774,0,0,0,0,1,0,0,0
9606.ENSP00000324687,0.1,0,1,0,0.25,0.25,0.25,0.25
9606.ENSP00000321691,46,15.6,1,1,0,1,0,0
9606.ENSP00000312675,0.2,0,1,0,1,0,0,0
9606.ENSP00000360645,37.8,16.7,1,1,0,0,0,1
9606.ENSP00000324633,0,0,0,0,0.25,0.25,0.25,0.25
9606.ENSP00000424598,0,0,0,0,0.25,0.25,0.25,0.25
9606.ENSP00000358784,0,0,0,0,1,0,0,0
9606.ENSP00000325078,0,0,0,0,0.25,0.25,0.25,0.25
9606.ENSP00000363826,0.2,3.7,1,1,0,0,1,0
9606.ENSP00000315070,0,0,0,0,1,0,0,0
9606.ENSP00000321386,0,0.2,0,1,0.25,0.25,0.25,0.25
9606.ENSP00000318113,0,0.1,0,1,0.25,0.25,0.25,0.25
9606.ENSP00000433109,0,0,0,0,1,0,0,0
9606.ENSP00000442336,7.4,7.6,1,1,1,0,0,0
9606.ENSP00000325355,8,6.1,1,1,1,0,0,0
9606.ENSP00000426387,30.9,30.4,1,1,0.25,0.25,0.25,0.25
9606.ENSP00000369372,0,0.1,0,1,1,0,0,0
9606.ENSP00000319006,16.9,8.5,1,1,0,0,1,0
9606.ENSP00000363259,0,0,0,0,0.25,0.25,0.25,0.25
9606.ENSP00000325808,0.1,0,1,0,1,0,0,0
9606.ENSP00000320236,0.6,13.3,1,1,0.25,0.25,0.25,0.25
9606.ENSP00000314080,0.2,0,1,0,0,1,0,0
9606.ENSP00000335614,4.7,7,1,1,1,0,0,0
9606.ENSP00000315064,83.9,24.9,1,1,1,0,0,0
9606.ENSP00000386126,0,0.1,0,1,0.25,0.25,0.25,0.25
9606.ENSP00000326247,0,0.3,0,1,0,0,1,0
9606.ENSP00000360116,0,0,0,0,0.25,0.25,0.25,0.25
9606.ENSP00000328088,46.2,48.9,1,1,0,0,1,0
9606.ENSP00000327959,92.3,39.1,1,1,0.25,0.25,0.25,0.25
9606.ENSP00000379057,5.5,3.3,1,1,1,0,0,0
9606.ENSP00000320488,2.3,2.7,1,1,1,0,0,0
9606.ENSP00000420849,0,0.1,0,1,0.25,0.25,0.25,0.25
9606.ENSP00000437940,0.3,0.1,1,1,1,0,0,0
9606.ENSP00000315614,0,4.1,0,1,0,1,0,0
9606.ENSP00000326225,0,0,0,0,0.25,0.25,0.25,0.25
9606.ENSP00000483059,15.2,7.9,1,1,0,1,0,0
9606.ENSP00000319744,0,0.1,0,1,1,0,0,0
9606.ENSP00000323071,0,30.2,0,1,0,0,0,1
9606.ENSP00000356708,0,0,0,0,1,0,0,0
9606.ENSP00000349541,46.7,6.8,1,1,1,0,0,0
9606.ENSP00000326301,0,0,0,0,0.25,0.25,0.25,0.25
9606.ENSP00000348769,39.2,41.9,1,1,0.25,0.25,0.25,0.25
9606.ENSP00000321179,0,0.1,0,1,1,0,0,0
9606.ENSP00000314153,11.8,15.1,1,1,0,1,0,0
9606.ENSP00000326349,0,0,0,0,0.25,0.25,0.25,0.25
9606.ENSP00000321370,0,0,0,0,0.25,0.25,0.25,0.25
9606.ENSP00000321309,0,0,0,0,1,0,0,0
9606.ENSP00000331608,19.9,8.9,1,1,0.25,0.25,0.25,0.25
9606.ENSP00000320431,0,0.2,0,1,1,0,0,0
9606.ENSP00000314946,0,0,0,0,0.25,0.25,0.25,0.25
9606.ENSP00000325682,0,0,0,0,0.25,0.25,0.25,0.25
9606.ENSP00000322020,21.7,16.5,1,1,0,0,1,0
9606.ENSP00000350934,19.6,3.5,1,1,1,0,0,0
9606.ENSP00000358519,0,0,0,0,0.25,0.25,0.25,0.25
9606.ENSP00000430598,235.5,1029.8,1,1,0.25,0.25,0.25,0.25
9606.ENSP00000323355,0,0,0,0,1,0,0,0
9606.ENSP00000405574,26.8,59.8,1,1,1,0,0,0
9606.ENSP00000314173,0,13.2,0,1,1,0,0,0
9606.ENSP00000352071,0,13.9,0,1,1,0,0,0
9606.ENSP00000464411,7.1,39.7,1,1,0,0,0,1
9606.ENSP00000337797,12.5,8,1,1,0,0,1,0
9606.ENSP00000313443,0.5,0.4,1,1,0.25,0.25,0.25,0.25
9606.ENSP00000322419,4150.6,3320.8,1,1,0,0,1,0
9606.ENSP00000325290,6.4,0,1,0,1,0,0,0
9606.ENSP00000360266,13.2,151.9,1,1,1,0,0,0
9606.ENSP00000332444,5.5,14.7,1,1,0,0,1,0
9606.ENSP00000431404,0.1,4.1,1,1,0.25,0.25,0.25,0.25
9606.ENSP00000316898,0,0.5,0,1,0.25,0.25,0.25,0.25
9606.ENSP00000314508,20.3,2.5,1,1,0,0,1,0
9606.ENSP00000312618,20.3,22.1,1,1,0,0,1,0
9606.ENSP00000320936,3.3,10.5,1,1,0,1,0,0
9606.ENSP00000337701,59.1,49.7,1,1,0,0,1,0
9606.ENSP00000314196,2.7,0,1,0,0.25,0.25,0.25,0.25
9606.ENSP00000315557,0,0,0,0,1,0,0,0
9606.ENSP00000319713,47.7,6.1,1,1,1,0,0,0
9606.ENSP00000393474,1.9,0.3,1,1,1,0,0,0
9606.ENSP00000480851,0.5,0,1,0,0.25,0.25,0.25,0.25
9606.ENSP00000400500,7.1,27.3,1,1,0,0,1,0
9606.ENSP00000312702,0,0,0,0,0.25,0.25,0.25,0.25
9606.ENSP00000435299,13,0.7,1,1,0,0,1,0
9606.ENSP00000318635,0,1.1,0,1,0.25,0.25,0.25,0.25
9606.ENSP00000368304,0.1,0,1,0,0.25,0.25,0.25,0.25
9606.ENSP00000479716,0.5,3.8,1,1,0,0,1,0
9606.ENSP00000317482,0,0,0,0,0.25,0.25,0.25,0.25
9606.ENSP00000404705,0,3.6,0,1,1,0,0,0
9606.ENSP00000380565,188.4,46.3,1,1,0,0,1,0
9606.ENSP00000324124,154.4,1907.5,1,1,0.25,0.25,0.25,0.25
9606.ENSP00000322323,8.5,79.7,1,1,0.25,0.25,0.25,0.25
9606.ENSP00000418070,9.4,27.2,1,1,0,0,1,0
9606.ENSP00000371872,0,0.1,0,1,0.25,0.25,0.25,0.25
9606.ENSP00000315915,1.3,1.7,1,1,0.25,0.25,0.25,0.25
9606.ENSP00000313885,32.1,10.4,1,1,0,0,0,1
9606.ENSP00000324573,36.8,18.1,1,1,0,1,0,0
9606.ENSP00000347646,50.8,7,1,1,0.25,0.25,0.25,0.25
9606.ENSP00000316042,49.2,78.9,1,1,1,0,0,0
9606.ENSP00000332772,0.1,0,1,0,0.25,0.25,0.25,0.25
9606.ENSP00000352272,0,0,0,0,1,0,0,0
9606.ENSP00000357068,8.1,0.1,1,1,1,0,0,0
9606.ENSP00000398722,90.1,72.9,1,1,0,0,1,0
9606.ENSP00000478606,0.1,0.2,1,1,0,1,0,0
9606.ENSP00000322265,5.1,1.7,1,1,0.25,0.25,0.25,0.25
9606.ENSP00000485614,13.2,22.1,1,1,0.25,0.25,0.25,0.25
9606.ENSP00000358999,5.7,15.5,1,1,0.25,0.25,0.25,0.25
9606.ENSP00000361599,45,57,1,1,0,1,0,0
9606.ENSP00000411132,1.9,2.8,1,1,0,0,1,0
9606.ENSP00000320849,0,0,0,0,0.25,0.25,0.25,0.25
9606.ENSP00000325369,125.1,93.3,1,1,1,0,0,0
9606.ENSP00000376345,121.2,43,1,1,0,1,0,0
9606.ENSP00000356375,2.4,9,1,1,0,0,1,0
9606.ENSP00000316176,207.7,65.5,1,1,0,0,1,0
9606.ENSP00000315357,16.6,6.5,1,1,1,0,0,0
9606.ENSP00000324064,0,0.9,0,1,0.25,0.25,0.25,0.25
9606.ENSP00000326238,0,0.2,0,1,1,0,0,0
9606.ENSP00000319388,2.4,20.6,1,1,0.25,0.25,0.25,0.25
9606.ENSP00000325868,0,0,0,0,1,0,0,0
9606.ENSP00000372210,56,43.7,1,1,0,0,0,1
9606.ENSP00000357555,4864.3,8718.9,1,1,0.25,0.25,0.25,0.25
9606.ENSP00000325941,58.6,15,1,1,0,1,0,0
9606.ENSP00000326981,116.3,134.6,1,1,0.25,0.25,0.25,0.25
9606.ENSP00000320893,14.1,28.9,1,1,1,0,0,0
9606.ENSP00000313833,70.2,0,1,0,1,0,0,0
9606.ENSP00000382804,2.3,27.3,1,1,1,0,0,0
9606.ENSP00000315988,1.5,0,1,0,1,0,0,0
9606.ENSP00000322640,0,0,0,0,1,0,0,0
9606.ENSP00000381631,0,0,0,0,0.25,0.25,0.25,0.25
9606.ENSP00000369344,0,0.2,0,1,0.25,0.25,0.25,0.25
9606.ENSP00000417919,0,0,0,0,1,0,0,0
9606.ENSP00000320520,6.2,24.4,1,1,0.25,0.25,0.25,0.25
9606.ENSP00000361363,31.2,17.1,1,1,1,0,0,0
9606.ENSP00000369921,0,0,0,0,1,0,0,0
9606.ENSP00000357588,0,0,0,0,1,0,0,0
9606.ENSP00000321584,242.8,25.3,1,1,0,0,1,0
9606.ENSP00000313670,0,5.2,0,1,1,0,0,0
9606.ENSP00000376568,0.9,0.1,1,1,1,0,0,0
9606.ENSP00000323076,96.7,191.4,1,1,0,0,0,1
9606.ENSP00000312770,17.3,18.3,1,1,1,0,0,0
9606.ENSP00000350881,0.1,17.6,1,1,1,0,0,0
9606.ENSP00000468927,35.6,34.4,1,1,0,0,1,0
9606.ENSP00000322617,0,0,0,0,0.25,0.25,0.25,0.25
9606.ENSP00000466477,0.1,0.5,1,1,0.25,0.25,0.25,0.25
9606.ENSP00000358149,2.8,48.1,1,1,0,1,0,0
9606.ENSP00000358363,13.1,64,1,1,0.25,0.25,0.25,0.25
9606.ENSP00000314348,20.2,9.7,1,1,1,0,0,0
9606.ENSP00000457904,0,0.2,0,1,0.25,0.25,0.25,0.25
9606.ENSP00000315035,0,0,0,0,0.25,0.25,0.25,0.25
9606.ENSP00000327268,275.1,102.6,1,1,0,0,1,0
9606.ENSP00000344989,16.7,9.1,1,1,0,1,0,0
9606.ENSP00000469998,16.9,0.5,1,1,0.25,0.25,0.25,0.25
9606.ENSP00000317614,0,1.8,0,1,0,0,1,0
9606.ENSP00000392700,0,0,0,0,0.25,0.25,0.25,0.25
9606.ENSP00000324870,2,0.4,1,1,0.25,0.25,0.25,0.25
9606.ENSP00000313158,0.1,0.2,1,1,0,0,1,0
9606.ENSP00000371661,3.4,14.1,1,1,0,0,0,1
9606.ENSP00000343144,9.5,1.9,1,1,0.25,0.25,0.25,0.25
9606.ENSP00000326249,0,0.1,0,1,0.25,0.25,0.25,0.25
9606.ENSP00000321221,44.4,8.6,1,1,1,0,0,0
9606.ENSP00000386616,2.4,0,1,0,0,0,1,0
9606.ENSP00000322339,0.5,0.2,1,1,0.25,0.25,0.25,0.25
9606.ENSP00000315386,26.3,9.2,1,1,1,0,0,0
9606.ENSP00000323856,27.1,47.7,1,1,0,1,0,0
9606.ENSP00000345295,0,0,0,0,0.25,0.25,0.25,0.25
9606.ENSP00000389709,0,0,0,0,0,0,1,0
9606.ENSP00000268281,0.3,3.8,1,1,0.25,0.25,0.25,0.25
9606.ENSP00000322545,2.8,0.7,1,1,0.25,0.25,0.25,0.25
9606.ENSP00000393161,0,0,0,0,0.25,0.25,0.25,0.25
9606.ENSP00000416787,15.6,13.7,1,1,0,0,1,0
9606.ENSP00000366288,0,0,0,0,1,0,0,0
9606.ENSP00000378857,81.3,35.7,1,1,0,0,1,0
9606.ENSP00000325638,0,0,0,0,0.25,0.25,0.25,0.25
9606.ENSP00000325738,0,0,0,0,0.25,0.25,0.25,0.25
9606.ENSP00000316012,0,0,0,0,1,0,0,0
9606.ENSP00000318977,11.6,3.6,1,1,0,0,1,0
9606.ENSP00000330264,2.6,3.3,1,1,0.25,0.25,0.25,0.25
9606.ENSP00000318770,14.5,37.8,1,1,0.25,0.25,0.25,0.25
9606.ENSP00000319992,35.2,31.3,1,1,0.25,0.25,0.25,0.25
9606.ENSP00000327143,5.5,1.8,1,1,0,0,1,0
9606.ENSP00000315654,0,0,0,0,1,0,0,0
9606.ENSP00000326445,0,0,0,0,0.25,0.25,0.25,0.25
9606.ENSP00000320560,0,0,0,0,0.25,0.25,0.25,0.25
9606.ENSP00000315299,0.1,0,1,0,0,1,0,0
9606.ENSP00000369689,0,0,0,0,1,0,0,0
9606.ENSP00000314619,155.1,51.6,1,1,0,0,0,1
9606.ENSP00000417003,1.4,10.5,1,1,0,0,1,0
9606.ENSP00000401947,4,0.3,1,1,1,0,0,0
9606.ENSP00000316244,0,0,0,0,0,0,1,0
9606.ENSP00000355840,0,0,0,0,0.25,0.25,0.25,0.25
9606.ENSP00000317289,13.2,2.5,1,1,0.25,0.25,0.25,0.25
9606.ENSP00000446830,5.5,38.5,1,1,0.25,0.25,0.25,0.25
9606.ENSP00000317333,0,0,0,0,0.25,0.25,0.25,0.25
9606.ENSP00000312767,0.1,0,1,0,0.25,0.25,0.25,0.25
9606.ENSP00000411268,5.1,0.6,1,1,0,0,1,0
9606.ENSP00000326858,40.8,51.3,1,1,0.25,0.25,0.25,0.25
9606.ENSP00000370737,55.4,79.6,1,1,0,0,0,1
9606.ENSP00000446524,109.4,458.9,1,1,0,0,1,0
9606.ENSP00000413632,3.9,0,1,0,0.25,0.25,0.25,0.25
9606.ENSP00000369784,0,0,0,0,0.25,0.25,0.25,0.25
9606.ENSP00000341422,0,8,0,1,0,0,1,0
9606.ENSP00000369798,0,0,0,0,0.25,0.25,0.25,0.25
9606.ENSP00000448696,13.1,0.4,1,1,0,0,1,0
9606.ENSP00000314608,5.7,0,1,0,0,1,0,0
9606.ENSP00000313809,0,0,0,0,0.25,0.25,0.25,0.25
9606.ENSP00000313226,1.4,0.1,1,1,0,0,1,0
9606.ENSP00000326305,20.9,62.7,1,1,0,0,0,1
9606.ENSP00000314407,0,0,0,0,1,0,0,0
9606.ENSP00000324890,0,0,0,0,1,0,0,0
9606.ENSP00000406027,11,25.2,1,1,0.25,0.25,0.25,0.25
9606.ENSP00000342235,0,0,0,0,0,1,0,0
9606.ENSP00000327048,0.1,70.1,1,1,0,1,0,0
9606.ENSP00000366474,92,30.1,1,1,1,0,0,0
9606.ENSP00000322435,0,0,0,0,0.25,0.25,0.25,0.25
9606.ENSP00000371847,0,0,0,0,0.25,0.25,0.25,0.25
9606.ENSP00000317445,0,0,0,0,1,0,0,0
9606.ENSP00000375849,0,0.1,0,1,0.25,0.25,0.25,0.25
9606.ENSP00000316598,59.4,34.2,1,1,0,0,1,0
9606.ENSP00000401445,4.1,27.2,1,1,0,1,0,0
9606.ENSP00000411788,39.5,0.2,1,1,0.25,0.25,0.25,0.25
9606.ENSP00000363226,0.1,0,1,0,1,0,0,0
9606.ENSP00000318258,0,3.2,0,1,1,0,0,0
9606.ENSP00000416662,0.9,0.1,1,1,0.25,0.25,0.25,0.25
9606.ENSP00000325618,14.9,15.8,1,1,1,0,0,0
9606.ENSP00000315265,0.5,0,1,0,0.25,0.25,0.25,0.25
9606.ENSP00000316578,23.8,33.8,1,1,1,0,0,0
9606.ENSP00000318986,2.4,10.2,1,1,0.25,0.25,0.25,0.25
9606.ENSP00000366694,0,2.7,0,1,0.25,0.25,0.25,0.25
9606.ENSP00000377768,3.1,6.3,1,1,1,0,0,0
9606.ENSP00000317691,0.4,2.3,1,1,1,0,0,0
9606.ENSP00000314380,101.1,161,1,1,0,0,1,0
9606.ENSP00000366307,0,1,0,1,1,0,0,0
9606.ENSP00000383931,0,0,0,0,0.25,0.25,0.25,0.25
9606.ENSP00000317780,445.2,638.3,1,1,0,0,1,0
9606.ENSP00000320679,0,0,0,0,0,0,1,0
9606.ENSP00000442304,0.2,0,1,0,0.25,0.25,0.25,0.25
9606.ENSP00000350260,9.2,4.6,1,1,1,0,0,0
9606.ENSP00000314709,21.1,9.7,1,1,0,0,1,0
9606.ENSP00000319464,65.6,145.5,1,1,0.25,0.25,0.25,0.25
9606.ENSP00000268720,0.3,0,1,0,0.25,0.25,0.25,0.25
9606.ENSP00000315370,0.1,0.7,1,1,1,0,0,0
9606.ENSP00000376397,0,0.2,0,1,0.25,0.25,0.25,0.25
9606.ENSP00000320815,0.1,0.5,1,1,0.25,0.25,0.25,0.25
9606.ENSP00000419249,0,0,0,0,1,0,0,0
9606.ENSP00000318318,40.4,19,1,1,0,0,1,0
9606.ENSP00000319799,0,0,0,0,1,0,0,0
9606.ENSP00000318615,6.5,0.2,1,1,0.25,0.25,0.25,0.25
9606.ENSP00000480476,18.7,19.4,1,1,0.25,0.25,0.25,0.25
9606.ENSP00000311122,19.3,29.4,1,1,0.25,0.25,0.25,0.25
9606.ENSP00000352284,3.4,15.4,1,1,0,0,1,0
9606.ENSP00000364263,0.1,0.1,1,1,1,0,0,0
9606.ENSP00000332111,0.8,0.2,1,1,0.25,0.25,0.25,0.25
9606.ENSP00000321445,0,0,0,0,0.25,0.25,0.25,0.25
9606.ENSP00000324277,0,4,0,1,0,0,1,0
9606.ENSP00000374377,0,0,0,0,1,0,0,0
9606.ENSP00000315476,80.5,56.4,1,1,1,0,0,0
9606.ENSP00000344937,9.4,5.3,1,1,0,0,1,0
9606.ENSP00000312709,81.4,71.9,1,1,1,0,0,0
9606.ENSP00000389841,2.2,1.4,1,1,0.25,0.25,0.25,0.25
9606.ENSP00000364265,0,0,0,0,0.25,0.25,0.25,0.25
9606.ENSP00000313490,40.7,3.3,1,1,0,1,0,0
9606.ENSP00000361502,0,58.9,0,1,0,0,1,0
9606.ENSP00000388909,32.4,19.3,1,1,0,0,1,0
9606.ENSP00000323455,0,0,0,0,0.25,0.25,0.25,0.25
9606.ENSP00000313571,0,0,0,0,1,0,0,0
9606.ENSP00000375582,8.2,2.7,1,1,0.25,0.25,0.25,0.25
9606.ENSP00000314499,30.8,26.6,1,1,0,1,0,0
9606.ENSP00000323670,8.4,69.3,1,1,1,0,0,0
9606.ENSP00000322439,385,236,1,1,0,0,1,0
9606.ENSP00000322609,0,0.1,0,1,1,0,0,0
9606.ENSP00000317039,11.5,10.5,1,1,0.25,0.25,0.25,0.25
9606.ENSP00000313759,6.4,6,1,1,0.25,0.25,0.25,0.25
9606.ENSP00000313159,10.6,7.3,1,1,1,0,0,0
9606.ENSP00000473185,52.7,98.4,1,1,0.25,0.25,0.25,0.25
9606.ENSP00000248342,157.4,355,1,1,0,0,1,0
9606.ENSP00000318154,94.7,44.8,1,1,0.25,0.25,0.25,0.25
9606.ENSP00000317332,5.3,27.3,1,1,1,0,0,0
9606.ENSP00000415056,0,0,0,0,0.25,0.25,0.25,0.25
9606.ENSP00000313950,142.8,0.7,1,1,1,0,0,0
9606.ENSP00000364520,0,0,0,0,0.25,0.25,0.25,0.25
9606.ENSP00000324920,0,0,0,0,0.25,0.25,0.25,0.25
9606.ENSP00000318352,394,196.8,1,1,1,0,0,0
9606.ENSP00000322469,14.4,8.5,1,1,0,1,0,0
9606.ENSP00000383505,2.1,7,1,1,0.25,0.25,0.25,0.25
9606.ENSP00000314116,4.9,23.5,1,1,1,0,0,0
9606.ENSP00000322396,62.5,15.4,1,1,0,0,1,0
9606.ENSP00000325674,0,0.8,0,1,0,0,1,0
9606.ENSP00000422581,0,0,0,0,0.25,0.25,0.25,0.25
9606.ENSP00000364585,34,6,1,1,0,1,0,0
9606.ENSP00000317357,0,0,0,0,0.25,0.25,0.25,0.25
9606.ENSP00000421191,0,0.3,0,1,0.25,0.25,0.25,0.25
9606.ENSP00000361556,0,0,0,0,1,0,0,0
9606.ENSP00000317686,0.2,0,1,0,0.25,0.25,0.25,0.25
9606.ENSP00000320649,0.1,0,1,0,1,0,0,0
9606.ENSP00000318974,0,0,0,0,0.25,0.25,0.25,0.25
9606.ENSP00000357384,93,256.5,1,1,0,1,0,0
9606.ENSP00000367353,0,0,0,0,0.25,0.25,0.25,0.25
9606.ENSP00000317159,224.3,255.2,1,1,0,0,1,0
9606.ENSP00000314420,4.1,36.4,1,1,0.25,0.25,0.25,0.25
9606.ENSP00000322924,0,0,0,0,0.25,0.25,0.25,0.25
9606.ENSP00000322300,0.2,0.8,1,1,0,0,1,0
9606.ENSP00000446205,0.1,0,1,0,0.25,0.25,0.25,0.25
9606.ENSP00000320309,106.2,26.6,1,1,1,0,0,0
9606.ENSP00000337991,9.2,30,1,1,0,0,0,1
9606.ENSP00000321464,0.2,0.3,1,1,1,0,0,0
9606.ENSP00000317224,51.6,25.1,1,1,0,0,1,0
9606.ENSP00000325822,0,0,0,0,1,0,0,0
9606.ENSP00000315474,0,8.1,0,1,1,0,0,0
9606.ENSP00000314879,0,0,0,0,1,0,0,0
9606.ENSP00000320503,36.3,8.2,1,1,0,0,1,0
9606.ENSP00000341539,14.5,46.6,1,1,0.25,0.25,0.25,0.25
9606.ENSP00000363603,32.6,35.2,1,1,0,0,1,0
9606.ENSP00000419944,0,0,0,0,0.25,0.25,0.25,0.25
9606.ENSP00000334940,0.2,0,1,0,0.25,0.25,0.25,0.25
9606.ENSP00000479365,0,0,0,0,0.25,0.25,0.25,0.25
9606.ENSP00000429275,0,0,0,0,0.25,0.25,0.25,0.25
9606.ENSP00000441405,63.6,40.8,1,1,0.25,0.25,0.25,0.25
9606.ENSP00000321249,0,0,0,0,1,0,0,0
9606.ENSP00000320866,1493.8,541.6,1,1,0,1,0,0
9606.ENSP00000364847,224.5,50.5,1,1,0.25,0.25,0.25,0.25
9606.ENSP00000323821,2.2,1.3,1,1,0.25,0.25,0.25,0.25
9606.ENSP00000318607,1.6,0.6,1,1,0,1,0,0
9606.ENSP00000484928,0,0.7,0,1,0.25,0.25,0.25,0.25
9606.ENSP00000381895,0.2,0,1,0,0.25,0.25,0.25,0.25
9606.ENSP00000467024,64.3,103.3,1,1,0,1,0,0
9606.ENSP00000332809,0,0,0,0,0.25,0.25,0.25,0.25
9606.ENSP00000323065,73.3,339.9,1,1,0,1,0,0
9606.ENSP00000323155,0.2,0,1,0,0.25,0.25,0.25,0.25
9606.ENSP00000326244,0.3,0,1,0,0.25,0.25,0.25,0.25
9606.ENSP00000340944,67.6,99.9,1,1,1,0,0,0
9606.ENSP00000371201,0,1,0,1,1,0,0,0
9606.ENSP00000316794,0,0,0,0,0,0,1,0
9606.ENSP00000469248,17.7,0,1,0,0,0,1,0
9606.ENSP00000460825,0.6,0.2,1,1,1,0,0,0
9606.ENSP00000322594,0,0,0,0,0.25,0.25,0.25,0.25
9606.ENSP00000378505,44.6,12,1,1,0,1,0,0
9606.ENSP00000364080,0,3.2,0,1,1,0,0,0
9606.ENSP00000345681,18.9,0,1,0,1,0,0,0
9606.ENSP00000343126,13.3,2.6,1,1,1,0,0,0
9606.ENSP00000316940,0.1,0.2,1,1,0.25,0.25,0.25,0.25
9606.ENSP00000393559,19.2,9.9,1,1,0.25,0.25,0.25,0.25
9606.ENSP00000326342,20.3,23.9,1,1,0,0,1,0
9606.ENSP00000318057,0,0.3,0,1,0,1,0,0
9606.ENSP00000355492,0,1.6,0,1,0.25,0.25,0.25,0.25
9606.ENSP00000366267,0.1,0,1,0,1,0,0,0
9606.ENSP00000417185,90.2,34.9,1,1,0.25,0.25,0.25,0.25
9606.ENSP00000417418,0,0,0,0,0.25,0.25,0.25,0.25
9606.ENSP00000321706,27.5,5.8,1,1,0,0,1,0
9606.ENSP00000478017,0,0,0,0,0.25,0.25,0.25,0.25
9606.ENSP00000400223,0.6,0.3,1,1,0.25,0.25,0.25,0.25
9606.ENSP00000379434,3.7,11.8,1,1,0.25,0.25,0.25,0.25
9606.ENSP00000313881,2,0,1,0,1,0,0,0
9606.ENSP00000351539,3.2,36.8,1,1,1,0,0,0
9606.ENSP00000316518,0,0,0,0,0.25,0.25,0.25,0.25
9606.ENSP00000326846,3.1,11.6,1,1,0.25,0.25,0.25,0.25
9606.ENSP00000315167,0.3,0,1,0,1,0,0,0
9606.ENSP00000316909,0,0,0,0,0.25,0.25,0.25,0.25
9606.ENSP00000381698,25.1,40.7,1,1,1,0,0,0
9606.ENSP00000366789,26.4,3.6,1,1,0.25,0.25,0.25,0.25
9606.ENSP00000254579,1.8,3.3,1,1,0.25,0.25,0.25,0.25
9606.ENSP00000469205,0,0,0,0,1,0,0,0
9606.ENSP00000363748,0.2,0,1,0,0.25,0.25,0.25,0.25
9606.ENSP00000318821,9.8,6.8,1,1,0,0,0,1
9606.ENSP00000315081,0.1,0,1,0,0.25,0.25,0.25,0.25
9606.ENSP00000456566,0.2,0,1,0,0.25,0.25,0.25,0.25
9606.ENSP00000485010,1.5,0.6,1,1,1,0,0,0
9606.ENSP00000326630,10.1,6.1,1,1,0,1,0,0
9606.ENSP00000369530,0,0.1,0,1,1,0,0,0
9606.ENSP00000317177,11.3,2.1,1,1,0,0,1,0
9606.ENSP00000478993,0,0,0,0,0.25,0.25,0.25,0.25
9606.ENSP00000344173,0,2,0,1,0.25,0.25,0.25,0.25
9606.ENSP00000338258,43.5,27.3,1,1,0,0,1,0
9606.ENSP00000323423,0,0,0,0,0.25,0.25,0.25,0.25
9606.ENSP00000377799,0.1,0,1,0,0.25,0.25,0.25,0.25
9606.ENSP00000409107,4.4,6.6,1,1,1,0,0,0
9606.ENSP00000391747,1.8,4.3,1,1,0,0,1,0
9606.ENSP00000318604,102.3,24.7,1,1,1,0,0,0
9606.ENSP00000317595,1.5,5.6,1,1,1,0,0,0
9606.ENSP00000357097,0,0,0,0,0,0,1,0
9606.ENSP00000318032,0.1,0.2,1,1,0.25,0.25,0.25,0.25
9606.ENSP00000323847,0,0,0,0,0.25,0.25,0.25,0.25
9606.ENSP00000323606,0,0,0,0,0.25,0.25,0.25,0.25
9606.ENSP00000320648,0,1.5,0,1,0.25,0.25,0.25,0.25
9606.ENSP00000291971,0,0,0,0,0.25,0.25,0.25,0.25
9606.ENSP00000446688,1.1,0.2,1,1,0,1,0,0
9606.ENSP00000327459,16.3,0,1,0,0.25,0.25,0.25,0.25
9606.ENSP00000325564,0,0,0,0,1,0,0,0
9606.ENSP00000317721,139,226.9,1,1,0.25,0.25,0.25,0.25
9606.ENSP00000365145,0,0,0,0,0,0,1,0
9606.ENSP00000362777,0,0.7,0,1,0.25,0.25,0.25,0.25
9606.ENSP00000344115,0.4,1.7,1,1,0,0,1,0
9606.ENSP00000379880,0,0,0,0,1,0,0,0
9606.ENSP00000445786,0,0,0,0,0.25,0.25,0.25,0.25
9606.ENSP00000314042,0.1,0,1,0,0.25,0.25,0.25,0.25
9606.ENSP00000375649,96.3,16.6,1,1,0.25,0.25,0.25,0.25
9606.ENSP00000379571,0.3,0,1,0,0.25,0.25,0.25,0.25
9606.ENSP00000435565,9.4,4.9,1,1,0,1,0,0
9606.ENSP00000326933,19,20.5,1,1,0,0,1,0
9606.ENSP00000378207,0.7,0.4,1,1,1,0,0,0
9606.ENSP00000321976,0,0,0,0,0.25,0.25,0.25,0.25
9606.ENSP00000319254,0,0,0,0,0.25,0.25,0.25,0.25
9606.ENSP00000361721,7.5,40.7,1,1,1,0,0,0
9606.ENSP00000411096,0,0.4,0,1,0.25,0.25,0.25,0.25
9606.ENSP00000466285,0,0.2,0,1,0.25,0.25,0.25,0.25
9606.ENSP00000421489,0.4,3.5,1,1,0.25,0.25,0.25,0.25
9606.ENSP00000379691,126.4,112.1,1,1,1,0,0,0
9606.ENSP00000358965,0,0,0,0,1,0,0,0
9606.ENSP00000421258,0.1,0.3,1,1,1,0,0,0
9606.ENSP00000317903,14.3,69.4,1,1,0,0,1,0
9606.ENSP00000321874,5.5,0,1,0,1,0,0,0
9606.ENSP00000323587,0,1.6,0,1,1,0,0,0
9606.ENSP00000385142,0,0,0,0,0.25,0.25,0.25,0.25
9606.ENSP00000418669,266.8,394.8,1,1,0,0,1,0
9606.ENSP00000326718,0,0,0,0,0.25,0.25,0.25,0.25
9606.ENSP00000430886,0.1,0,1,0,1,0,0,0
9606.ENSP00000320096,6.1,5.3,1,1,0.25,0.25,0.25,0.25
9606.ENSP00000344129,0,0.1,0,1,0.25,0.25,0.25,0.25
9606.ENSP00000322238,166.8,39.2,1,1,1,0,0,0
9606.ENSP00000326432,0,0,0,0,1,0,0,0
9606.ENSP00000456401,0,0,0,0,0.25,0.25,0.25,0.25
9606.ENSP00000376946,7.8,8.9,1,1,1,0,0,0
9606.ENSP00000221665,11.4,5.6,1,1,0.25,0.25,0.25,0.25
9606.ENSP00000434359,112.7,71.8,1,1,0,1,0,0
9606.ENSP00000374274,0,0,0,0,0,0,1,0
9606.ENSP00000322524,142.2,28.6,1,1,1,0,0,0
9606.ENSP00000323945,8.8,18.8,1,1,0.25,0.25,0.25,0.25
9606.ENSP00000323584,4.9,17.2,1,1,0,0,1,0
9606.ENSP00000357882,5.4,6.9,1,1,0,0,1,0
9606.ENSP00000378855,5.6,9.6,1,1,1,0,0,0
9606.ENSP00000323678,19.3,24.4,1,1,0,0,1,0
9606.ENSP00000313384,0,0,0,0,0.25,0.25,0.25,0.25
9606.ENSP00000480262,10.5,2.6,1,1,0.25,0.25,0.25,0.25
9606.ENSP00000398617,0,0,0,0,0.25,0.25,0.25,0.25
9606.ENSP00000313324,0,0.2,0,1,0.25,0.25,0.25,0.25
9606.ENSP00000320089,0,0,0,0,0.25,0.25,0.25,0.25
9606.ENSP00000320757,1,0,1,0,0.25,0.25,0.25,0.25
9606.ENSP00000382610,2.6,0.3,1,1,0.25,0.25,0.25,0.25
9606.ENSP00000348968,0.7,0,1,0,0.25,0.25,0.25,0.25
9606.ENSP00000321038,14,28.9,1,1,0.25,0.25,0.25,0.25
9606.ENSP00000313803,0,0,0,0,0.25,0.25,0.25,0.25
9606.ENSP00000324511,0.1,29.4,1,1,1,0,0,0
9606.ENSP00000362936,4.1,11.9,1,1,0.25,0.25,0.25,0.25
9606.ENSP00000425587,20.8,13.2,1,1,0.25,0.25,0.25,0.25
9606.ENSP00000346065,0,3,0,1,1,0,0,0
9606.ENSP00000317671,0,0,0,0,0.25,0.25,0.25,0.25
9606.ENSP00000369126,0,0,0,0,0.25,0.25,0.25,0.25
9606.ENSP00000479586,1.5,26,1,1,0.25,0.25,0.25,0.25
9606.ENSP00000370571,0,0,0,0,1,0,0,0
9606.ENSP00000323720,15.4,18.2,1,1,0.25,0.25,0.25,0.25
9606.ENSP00000372112,71.3,43.9,1,1,0,0,1,0
9606.ENSP00000430325,16.3,20.4,1,1,0,0,1,0
9606.ENSP00000362937,186.4,6.3,1,1,0,0,1,0
9606.ENSP00000320532,0,0,0,0,0.25,0.25,0.25,0.25
9606.ENSP00000325239,0.1,1.4,1,1,1,0,0,0
9606.ENSP00000308541,458.3,851,1,1,0,0,1,0
9606.ENSP00000315247,0,0,0,0,0.25,0.25,0.25,0.25
9606.ENSP00000318176,49,27.8,1,1,1,0,0,0
9606.ENSP00000323879,7.3,35.9,1,1,0,0,1,0
9606.ENSP00000314992,0,0.3,0,1,0.25,0.25,0.25,0.25
9606.ENSP00000295269,0,0,0,0,1,0,0,0
9606.ENSP00000350295,8.8,0.4,1,1,0,0,1,0
9606.ENSP00000344446,2.8,4.7,1,1,0,1,0,0
9606.ENSP00000335156,0,0,0,0,0.25,0.25,0.25,0.25
9606.ENSP00000458791,0,0,0,0,0.25,0.25,0.25,0.25
9606.ENSP00000440896,0,0.2,0,1,0.25,0.25,0.25,0.25
9606.ENSP00000463013,33.1,103.7,1,1,0,0,1,0
9606.ENSP00000361726,0,0,0,0,0.25,0.25,0.25,0.25
9606.ENSP00000378072,0.1,0,1,0,0.25,0.25,0.25,0.25
9606.ENSP00000315417,0,0,0,0,0,1,0,0
9606.ENSP00000323782,54.9,15.9,1,1,1,0,0,0
9606.ENSP00000368402,0,0,0,0,0.25,0.25,0.25,0.25
9606.ENSP00000386452,0.7,0,1,0,1,0,0,0
9606.ENSP00000323901,0.1,0,1,0,0,0,1,0
9606.ENSP00000317170,8.4,20.9,1,1,0.25,0.25,0.25,0.25
9606.ENSP00000395835,0,0,0,0,0.25,0.25,0.25,0.25
9606.ENSP00000320176,0,7.8,0,1,1,0,0,0
9606.ENSP00000324204,6.2,4.2,1,1,1,0,0,0
9606.ENSP00000316527,10.1,11.5,1,1,0,0,1,0
9606.ENSP00000314067,71.8,125.2,1,1,1,0,0,0
9606.ENSP00000378167,3.8,9.9,1,1,0,0,1,0
9606.ENSP00000326309,0,0,0,0,0.25,0.25,0.25,0.25
9606.ENSP00000375149,0,0,0,0,0.25,0.25,0.25,0.25
9606.ENSP00000386651,197.8,148.1,1,1,0,0,1,0
9606.ENSP00000317743,4.3,1.8,1,1,1,0,0,0
9606.ENSP00000365486,0,0,0,0,0.25,0.25,0.25,0.25
9606.ENSP00000325508,7.2,54.2,1,1,0.25,0.25,0.25,0.25
9606.ENSP00000318867,3.4,791.7,1,1,0.25,0.25,0.25,0.25
9606.ENSP00000357126,0,0,0,0,0.25,0.25,0.25,0.25
9606.ENSP00000325776,0,0,0,0,0.25,0.25,0.25,0.25
9606.ENSP00000298743,0,0.5,0,1,0,0,1,0
9606.ENSP00000439601,4.6,2.5,1,1,1,0,0,0
9606.ENSP00000314324,0,0,0,0,0.25,0.25,0.25,0.25
9606.ENSP00000333660,1.9,0.9,1,1,0.25,0.25,0.25,0.25
9606.ENSP00000448248,8.5,0.1,1,1,1,0,0,0
9606.ENSP00000365492,0,0,0,0,1,0,0,0
9606.ENSP00000393675,4.2,32,1,1,0,1,0,0
9606.ENSP00000337255,0,4.3,0,1,0.25,0.25,0.25,0.25
9606.ENSP00000383063,25.5,34.1,1,1,0,1,0,0
9606.ENSP00000321963,0.5,0,1,0,0.25,0.25,0.25,0.25
9606.ENSP00000476312,6.7,1.8,1,1,1,0,0,0
9606.ENSP00000420465,0,0,0,0,1,0,0,0
9606.ENSP00000322802,0,0.4,0,1,1,0,0,0
9606.ENSP00000318142,0.2,0,1,0,0.25,0.25,0.25,0.25
9606.ENSP00000367022,7,62.3,1,1,0,1,0,0
9606.ENSP00000445077,2.1,0,1,0,0.25,0.25,0.25,0.25
9606.ENSP00000410041,0.9,12.3,1,1,0.25,0.25,0.25,0.25
9606.ENSP00000321744,9,24.5,1,1,0,0,0,1
9606.ENSP00000376246,1.9,0,1,0,1,0,0,0
9606.ENSP00000319118,0,0,0,0,0.25,0.25,0.25,0.25
9606.ENSP00000350198,0.2,0.9,1,1,0,0,1,0
9606.ENSP00000382513,4.8,0.6,1,1,0,0,0,1
9606.ENSP00000445704,21.8,58.3,1,1,0,1,0,0
9606.ENSP00000326671,0.2,0,1,0,0.25,0.25,0.25,0.25
9606.ENSP00000398568,4.2,1.8,1,1,1,0,0,0
9606.ENSP00000319546,0.1,0,1,0,0.25,0.25,0.25,0.25
9606.ENSP00000369251,0,0,0,0,0.25,0.25,0.25,0.25
9606.ENSP00000326813,5.2,7.1,1,1,0,0,0,1
9606.ENSP00000414786,16.5,50.4,1,1,0,0,1,0
9606.ENSP00000316644,0,0,0,0,1,0,0,0
9606.ENSP00000324251,0,0,0,0,0.25,0.25,0.25,0.25
9606.ENSP00000409378,0.1,0,1,0,1,0,0,0
9606.ENSP00000313079,0,0,0,0,0.25,0.25,0.25,0.25
9606.ENSP00000328472,0,0.7,0,1,1,0,0,0
9606.ENSP00000357660,0,40.9,0,1,0,0,1,0
9606.ENSP00000366628,8.9,13,1,1,0.25,0.25,0.25,0.25
9606.ENSP00000317404,61,33.5,1,1,0.25,0.25,0.25,0.25
9606.ENSP00000360973,0,0,0,0,0.25,0.25,0.25,0.25
9606.ENSP00000317382,10.6,7.3,1,1,0,0,1,0
9606.ENSP00000371905,24.1,20.7,1,1,0,0,1,0
9606.ENSP00000351875,0,0,0,0,0.25,0.25,0.25,0.25
9606.ENSP00000380155,0,0,0,0,1,0,0,0
9606.ENSP00000320347,0,0.1,0,1,1,0,0,0
9606.ENSP00000320219,0,0.8,0,1,1,0,0,0
9606.ENSP00000302836,0.9,0,1,0,0.25,0.25,0.25,0.25
9606.ENSP00000345629,1.5,0,1,0,0.25,0.25,0.25,0.25
9606.ENSP00000362329,298.1,174.4,1,1,0,0,1,0
9606.ENSP00000307321,0,0,0,0,0,0,1,0
9606.ENSP00000392353,57.4,72.6,1,1,0,1,0,0
9606.ENSP00000318799,0,0,0,0,1,0,0,0
9606.ENSP00000314560,0.3,0,1,0,1,0,0,0
9606.ENSP00000301547,6.3,2.1,1,1,0,0,0,1
9606.ENSP00000319635,0,0,0,0,1,0,0,0
9606.ENSP00000319126,0,0,0,0,0.25,0.25,0.25,0.25
9606.ENSP00000318650,0,19.9,0,1,1,0,0,0
9606.ENSP00000321021,0,0,0,0,1,0,0,0
9606.ENSP00000317331,367.8,731.2,1,1,0,0,1,0
9606.ENSP00000386959,0,2.2,0,1,0,1,0,0
9606.ENSP00000385099,3.4,0.4,1,1,0,0,1,0
9606.ENSP00000462717,11.7,2.8,1,1,0,0,1,0
9606.ENSP00000349486,26.1,8.1,1,1,0,1,0,0
9606.ENSP00000312814,1.5,4.9,1,1,0.25,0.25,0.25,0.25
9606.ENSP00000315351,21.9,34.9,1,1,0.25,0.25,0.25,0.25
9606.ENSP00000324270,0.8,0,1,0,0.25,0.25,0.25,0.25
9606.ENSP00000337512,8.4,24.1,1,1,1,0,0,0
9606.ENSP00000321196,0,0,0,0,0.25,0.25,0.25,0.25
9606.ENSP00000373565,9.8,22.7,1,1,0,1,0,0
9606.ENSP00000319250,0,0,0,0,0.25,0.25,0.25,0.25
9606.ENSP00000321246,0,0,0,0,0.25,0.25,0.25,0.25
9606.ENSP00000319305,2.1,0.4,1,1,0,1,0,0
9606.ENSP00000453502,3.6,53,1,1,0.25,0.25,0.25,0.25
9606.ENSP00000321266,56.1,42.4,1,1,1,0,0,0
9606.ENSP00000361770,39.7,112.7,1,1,0,0,1,0
9606.ENSP00000321426,0.4,0,1,0,0.25,0.25,0.25,0.25
9606.ENSP00000326817,10.2,6.4,1,1,0,0,1,0
9606.ENSP00000322801,0,0,0,0,0.25,0.25,0.25,0.25
9606.ENSP00000361084,223.3,395.2,1,1,0,1,0,0
9606.ENSP00000315106,1.2,0.4,1,1,0.25,0.25,0.25,0.25
9606.ENSP00000356700,0.8,0.8,1,1,0.25,0.25,0.25,0.25
9606.ENSP00000322823,0,0,0,0,0.25,0.25,0.25,0.25
9606.ENSP00000438273,1.1,0.9,1,1,0,0,1,0
9606.ENSP00000431265,1.5,0.1,1,1,0.25,0.25,0.25,0.25
9606.ENSP00000322866,0,0,0,0,0.25,0.25,0.25,0.25
9606.ENSP00000323304,0.3,0,1,0,0.25,0.25,0.25,0.25
9606.ENSP00000319788,1625.2,1.8,1,1,1,0,0,0
9606.ENSP00000322939,0,0,0,0,0.25,0.25,0.25,0.25
9606.ENSP00000331944,88.5,6.8,1,1,0.25,0.25,0.25,0.25
9606.ENSP00000326570,15.1,15.6,1,1,0,1,0,0
9606.ENSP00000470262,105.6,14.4,1,1,1,0,0,0
9606.ENSP00000328977,7,41,1,1,1,0,0,0
9606.ENSP00000326693,15.5,52.9,1,1,0,0,1,0
9606.ENSP00000357086,0,0,0,0,0.25,0.25,0.25,0.25
9606.ENSP00000482599,53.2,55.5,1,1,0.25,0.25,0.25,0.25
9606.ENSP00000355384,13,1.5,1,1,1,0,0,0
9606.ENSP00000398064,290.9,237.6,1,1,0,0,1,0
9606.ENSP00000399745,0,0,0,0,0,0,1,0
9606.ENSP00000323224,0.1,0,1,0,0.25,0.25,0.25,0.25
9606.ENSP00000337691,0.1,0,1,0,0.25,0.25,0.25,0.25
9606.ENSP00000417980,26.9,34.3,1,1,1,0,0,0
9606.ENSP00000389814,0,0,0,0,0.25,0.25,0.25,0.25
9606.ENSP00000321326,13,3.7,1,1,1,0,0,0
9606.ENSP00000436212,1.8,1.3,1,1,0,0,0,1
9606.ENSP00000381008,0,0,0,0,1,0,0,0
9606.ENSP00000296930,2237.9,297,1,1,0,0,0,1
9606.ENSP00000355014,10.6,1.7,1,1,1,0,0,0
9606.ENSP00000263035,9.8,206.6,1,1,0,0,0,1
9606.ENSP00000324248,0,0,0,0,1,0,0,0
9606.ENSP00000437121,0,0,0,0,0.25,0.25,0.25,0.25
9606.ENSP00000355656,0,0,0,0,1,0,0,0
9606.ENSP00000395007,11,7.5,1,1,0,0,1,0
9606.ENSP00000480158,0.5,23.8,1,1,0.25,0.25,0.25,0.25
9606.ENSP00000410852,0,0,0,0,0.25,0.25,0.25,0.25
9606.ENSP00000322649,0.1,0.2,1,1,0.25,0.25,0.25,0.25
9606.ENSP00000312672,6,0.5,1,1,0.25,0.25,0.25,0.25
9606.ENSP00000322784,0,0,0,0,0.25,0.25,0.25,0.25
9606.ENSP00000360058,16.5,10.7,1,1,0.25,0.25,0.25,0.25
9606.ENSP00000315387,1.7,3.1,1,1,0.25,0.25,0.25,0.25
9606.ENSP00000316532,0,0,0,0,1,0,0,0
9606.ENSP00000482607,13.1,7.3,1,1,0,0,1,0
9606.ENSP00000372667,0.2,0,1,0,1,0,0,0
9606.ENSP00000315554,0,0,0,0,0.25,0.25,0.25,0.25
9606.ENSP00000313699,0,0,0,0,0.25,0.25,0.25,0.25
9606.ENSP00000419502,0.4,12,1,1,0.25,0.25,0.25,0.25
9606.ENSP00000323354,0,0,0,0,0.25,0.25,0.25,0.25
9606.ENSP00000225844,0,0,0,0,0.25,0.25,0.25,0.25
9606.ENSP00000340776,0,0.2,0,1,0.25,0.25,0.25,0.25
9606.ENSP00000260184,0.3,6.6,1,1,0,0,1,0
9606.ENSP00000316130,21.8,11.4,1,1,0,0,1,0
9606.ENSP00000330075,42.5,25.4,1,1,0.25,0.25,0.25,0.25
9606.ENSP00000485627,7,8.9,1,1,0,1,0,0
9606.ENSP00000323516,0.2,0,1,0,0.25,0.25,0.25,0.25
9606.ENSP00000324196,4.9,1.9,1,1,0,1,0,0
9606.ENSP00000390590,1.3,0,1,0,0.25,0.25,0.25,0.25
9606.ENSP00000323191,0,0,0,0,1,0,0,0
9606.ENSP00000304769,0,7.1,0,1,0.25,0.25,0.25,0.25
9606.ENSP00000323588,0.1,0,1,0,1,0,0,0
9606.ENSP00000344828,2.7,2.7,1,1,0.25,0.25,0.25,0.25
9606.ENSP00000319009,16.2,122.8,1,1,0,0,1,0
9606.ENSP00000319096,9,13.1,1,1,0.25,0.25,0.25,0.25
9606.ENSP00000323183,27.1,2.8,1,1,0,1,0,0
9606.ENSP00000328340,0.2,3,1,1,0,1,0,0
9606.ENSP00000325203,0,0,0,0,0.25,0.25,0.25,0.25
9606.ENSP00000405969,16,22,1,1,0,0,0,1
9606.ENSP00000325381,0,0,0,0,0.25,0.25,0.25,0.25
9606.ENSP00000314606,24.8,3.9,1,1,0,0,1,0
9606.ENSP00000324701,0,0.1,0,1,0.25,0.25,0.25,0.25
9606.ENSP00000381378,1.6,1,1,1,0.25,0.25,0.25,0.25
9606.ENSP00000314810,0,0,0,0,1,0,0,0
9606.ENSP00000386759,13,28.8,1,1,1,0,0,0
9606.ENSP00000315098,0,0,0,0,1,0,0,0
9606.ENSP00000324775,0,0,0,0,1,0,0,0
9606.ENSP00000384398,16.5,11.1,1,1,0,0,1,0
9606.ENSP00000326232,0,0,0,0,0.25,0.25,0.25,0.25
9606.ENSP00000320184,192.5,43.3,1,1,0,0,1,0
9606.ENSP00000326259,0,0,0,0,0.25,0.25,0.25,0.25
9606.ENSP00000318437,0,0,0,0,1,0,0,0
9606.ENSP00000378548,0.4,0,1,0,0.25,0.25,0.25,0.25
9606.ENSP00000328940,12.3,0.1,1,1,0,0,1,0
9606.ENSP00000467740,0,0,0,0,1,0,0,0
9606.ENSP00000320376,0,1.2,0,1,1,0,0,0
9606.ENSP00000363157,0,0,0,0,0.25,0.25,0.25,0.25
9606.ENSP00000327427,7,2.9,1,1,0.25,0.25,0.25,0.25
9606.ENSP00000319231,8,6.7,1,1,0.25,0.25,0.25,0.25
9606.ENSP00000314223,0,1.6,0,1,0.25,0.25,0.25,0.25
9606.ENSP00000315505,13.1,6.3,1,1,0,1,0,0
9606.ENSP00000325546,2.9,0.4,1,1,0.25,0.25,0.25,0.25
9606.ENSP00000323595,0,0,0,0,0.25,0.25,0.25,0.25
9606.ENSP00000323612,0,0,0,0,0.25,0.25,0.25,0.25
9606.ENSP00000417573,20.2,52.6,1,1,1,0,0,0
9606.ENSP00000323688,0.1,0,1,0,0.25,0.25,0.25,0.25
9606.ENSP00000419153,1.2,136.4,1,1,0,0,1,0
9606.ENSP00000316284,0,0,0,0,0.25,0.25,0.25,0.25
9606.ENSP00000320081,8.8,16.9,1,1,0,0,1,0
9606.ENSP00000326110,6.1,0,1,0,1,0,0,0
9606.ENSP00000323853,0,0,0,0,0.25,0.25,0.25,0.25
9606.ENSP00000358880,1.2,0.4,1,1,0,1,0,0
9606.ENSP00000323928,0,0,0,0,0.25,0.25,0.25,0.25
9606.ENSP00000323982,0,0,0,0,0.25,0.25,0.25,0.25
9606.ENSP00000363136,3.7,0,1,0,0.25,0.25,0.25,0.25
9606.ENSP00000366528,0,0,0,0,1,0,0,0
9606.ENSP00000318029,0.1,0,1,0,0.25,0.25,0.25,0.25
9606.ENSP00000324111,0.6,0,1,0,0.25,0.25,0.25,0.25
9606.ENSP00000316674,0,0,0,0,0.25,0.25,0.25,0.25
9606.ENSP00000322457,88.5,51.8,1,1,1,0,0,0
9606.ENSP00000325002,218.8,45.3,1,1,0,0,0,1
9606.ENSP00000430945,0,0,0,0,0.25,0.25,0.25,0.25
9606.ENSP00000313110,0,0,0,0,0.25,0.25,0.25,0.25
9606.ENSP00000320246,0,0,0,0,1,0,0,0
9606.ENSP00000319341,76.3,72.6,1,1,0.25,0.25,0.25,0.25
9606.ENSP00000398778,14.1,5,1,1,0,0,1,0
9606.ENSP00000453281,15.4,8.7,1,1,0,0,1,0
9606.ENSP00000313318,22.2,34.8,1,1,0,1,0,0
9606.ENSP00000419085,0.1,0.1,1,1,0.25,0.25,0.25,0.25
9606.ENSP00000342755,25.4,14.1,1,1,1,0,0,0
9606.ENSP00000320935,2.6,2.1,1,1,1,0,0,0
9606.ENSP00000313691,0,0,0,0,0.25,0.25,0.25,0.25
9606.ENSP00000355672,3.1,8.5,1,1,1,0,0,0
9606.ENSP00000353475,0.2,43.6,1,1,1,0,0,0
9606.ENSP00000470323,4.7,2.2,1,1,0.25,0.25,0.25,0.25
9606.ENSP00000468049,12.2,2.4,1,1,0.25,0.25,0.25,0.25
9606.ENSP00000324769,0,0,0,0,0.25,0.25,0.25,0.25
9606.ENSP00000378427,32.8,87.1,1,1,0,0,0,1
9606.ENSP00000362888,13.5,4.4,1,1,0,1,0,0
9606.ENSP00000347919,147.1,215.3,1,1,0,0,1,0
9606.ENSP00000324831,0,0,0,0,0.25,0.25,0.25,0.25
9606.ENSP00000323867,32.5,22.7,1,1,0.25,0.25,0.25,0.25
9606.ENSP00000401018,19.5,0.5,1,1,0,0,1,0
9606.ENSP00000324958,0,0,0,0,0.25,0.25,0.25,0.25
9606.ENSP00000325065,0,0,0,0,0.25,0.25,0.25,0.25
9606.ENSP00000325128,0,0,0,0,0.25,0.25,0.25,0.25
9606.ENSP00000318956,0,0,0,0,0.25,0.25,0.25,0.25
9606.ENSP00000317580,0,0,0,0,0.25,0.25,0.25,0.25
9606.ENSP00000425715,0.6,6,1,1,0,1,0,0
9606.ENSP00000317376,22.3,105.5,1,1,0,0,1,0
9606.ENSP00000400591,125.2,366.6,1,1,0.25,0.25,0.25,0.25
9606.ENSP00000362894,6.9,1.4,1,1,1,0,0,0
9606.ENSP00000318131,0.5,0,1,0,0,1,0,0
9606.ENSP00000402394,21.3,8.1,1,1,0,0,1,0
9606.ENSP00000440331,0.2,0.2,1,1,0.25,0.25,0.25,0.25
9606.ENSP00000480279,0,0,0,0,0.25,0.25,0.25,0.25
9606.ENSP00000481096,0,0,0,0,1,0,0,0
9606.ENSP00000481457,0,0,0,0,0.25,0.25,0.25,0.25
9606.ENSP00000331897,133.5,313.4,1,1,1,0,0,0
9606.ENSP00000369725,0,0,0,0,0.25,0.25,0.25,0.25
9606.ENSP00000384563,0,0,0,0,0.25,0.25,0.25,0.25
9606.ENSP00000349087,91.1,42.4,1,1,0,0,1,0
9606.ENSP00000327716,50.5,34.7,1,1,0,0,0,1
9606.ENSP00000395538,72.6,22.2,1,1,0,0,1,0
9606.ENSP00000365295,0,0,0,0,1,0,0,0
9606.ENSP00000450842,0,13.3,0,1,0,0,1,0
9606.ENSP00000330509,58,116,1,1,0,0,1,0
9606.ENSP00000394248,0.1,0,1,0,0.25,0.25,0.25,0.25
9606.ENSP00000332198,421.8,431.8,1,1,0,1,0,0
9606.ENSP00000355614,0.6,9.5,1,1,0,0,0,1
9606.ENSP00000414886,0,0,0,0,0,1,0,0
9606.ENSP00000357812,4.4,1.2,1,1,1,0,0,0
9606.ENSP00000349401,2.7,2.3,1,1,0.25,0.25,0.25,0.25
9606.ENSP00000438399,168.1,38.1,1,1,0,1,0,0
9606.ENSP00000288985,4.6,7.1,1,1,0,0,1,0
9606.ENSP00000360498,207.3,889.2,1,1,0,0,1,0
9606.ENSP00000332656,1.3,7.9,1,1,1,0,0,0
9606.ENSP00000329140,58.8,21.4,1,1,0,1,0,0
9606.ENSP00000370697,5.5,0.2,1,1,1,0,0,0
9606.ENSP00000406022,0,0,0,0,0.25,0.25,0.25,0.25
9606.ENSP00000330612,0,0,0,0,0.25,0.25,0.25,0.25
9606.ENSP00000327487,26,9.7,1,1,0,1,0,0
9606.ENSP00000452126,0.1,0,1,0,1,0,0,0
9606.ENSP00000386532,0,0,0,0,0.25,0.25,0.25,0.25
9606.ENSP00000333266,3.8,5.1,1,1,1,0,0,0
9606.ENSP00000362036,94.3,192.9,1,1,0,1,0,0
9606.ENSP00000429726,0,0.2,0,1,0.25,0.25,0.25,0.25
9606.ENSP00000419471,3.9,0.9,1,1,0,0,1,0
9606.ENSP00000260988,0,0,0,0,1,0,0,0
9606.ENSP00000359557,0,0.1,0,1,0,0,1,0
9606.ENSP00000313422,217.7,187.4,1,1,0,0,1,0
9606.ENSP00000367446,8,27.4,1,1,0,0,1,0
9606.ENSP00000333667,284.7,165.3,1,1,0,0,0,1
9606.ENSP00000328694,29.6,8.2,1,1,0.25,0.25,0.25,0.25
9606.ENSP00000330601,0,0.1,0,1,0.25,0.25,0.25,0.25
9606.ENSP00000367697,66.3,57.3,1,1,0,0,1,0
9606.ENSP00000329803,0,0,0,0,0.25,0.25,0.25,0.25
9606.ENSP00000331479,15.5,0.1,1,1,0,1,0,0
9606.ENSP00000427684,0.1,0,1,0,0.25,0.25,0.25,0.25
9606.ENSP00000332979,0,0.6,0,1,0,1,0,0
9606.ENSP00000379931,3.9,45.3,1,1,1,0,0,0
9606.ENSP00000336775,5.2,2.3,1,1,1,0,0,0
9606.ENSP00000328511,0,0,0,0,1,0,0,0
9606.ENSP00000479113,0,0,0,0,1,0,0,0
9606.ENSP00000327763,0,0.1,0,1,0,0,1,0
9606.ENSP00000333836,4.8,10.5,1,1,0,0,1,0
9606.ENSP00000327786,0,0,0,0,1,0,0,0
9606.ENSP00000332404,0,0,0,0,0.25,0.25,0.25,0.25
9606.ENSP00000328277,18.2,0,1,0,0,0,1,0
9606.ENSP00000444957,11,8.2,1,1,0,0,1,0
9606.ENSP00000330361,13.4,69.9,1,1,1,0,0,0
9606.ENSP00000327796,0,0.3,0,1,1,0,0,0
9606.ENSP00000333183,0,0,0,0,0.25,0.25,0.25,0.25
9606.ENSP00000332433,2.2,1.1,1,1,0.25,0.25,0.25,0.25
9606.ENSP00000375756,0.5,0.4,1,1,0.25,0.25,0.25,0.25
9606.ENSP00000330098,6.5,6.7,1,1,0.25,0.25,0.25,0.25
9606.ENSP00000385035,33.7,2275,1,1,1,0,0,0
9606.ENSP00000328070,36.5,155.3,1,1,0.25,0.25,0.25,0.25
9606.ENSP00000437957,0,6.6,0,1,1,0,0,0
9606.ENSP00000349931,0,0,0,0,0,1,0,0
9606.ENSP00000377900,0,0,0,0,1,0,0,0
9606.ENSP00000332068,0,0,0,0,0.25,0.25,0.25,0.25
9606.ENSP00000483757,0,0,0,0,1,0,0,0
9606.ENSP00000329638,0,0,0,0,0.25,0.25,0.25,0.25
9606.ENSP00000436262,1.1,23.3,1,1,0.25,0.25,0.25,0.25
9606.ENSP00000329614,5.2,62.2,1,1,0,1,0,0
9606.ENSP00000328182,8.2,21.9,1,1,0.25,0.25,0.25,0.25
9606.ENSP00000371073,105.2,5.3,1,1,0,1,0,0
9606.ENSP00000333593,0.3,0.1,1,1,0.25,0.25,0.25,0.25
9606.ENSP00000438949,3.3,0,1,0,0,1,0,0
9606.ENSP00000329991,0,0.2,0,1,0.25,0.25,0.25,0.25
9606.ENSP00000330289,36.7,22,1,1,0,1,0,0
9606.ENSP00000380872,0.9,1.6,1,1,0.25,0.25,0.25,0.25
9606.ENSP00000331487,81.5,43.1,1,1,0,0,0,1
9606.ENSP00000330808,0,0,0,0,0.25,0.25,0.25,0.25
9606.ENSP00000444948,0,0,0,0,0.25,0.25,0.25,0.25
9606.ENSP00000331500,2,0,1,0,1,0,0,0
9606.ENSP00000360552,0.1,78.6,1,1,1,0,0,0
9606.ENSP00000331636,0.9,13.3,1,1,0.25,0.25,0.25,0.25
9606.ENSP00000334100,76.4,24,1,1,0,0,1,0
9606.ENSP00000438483,390.6,14.9,1,1,0,0,1,0
9606.ENSP00000362047,0,0,0,0,0.25,0.25,0.25,0.25
9606.ENSP00000327336,3.1,3.4,1,1,0,1,0,0
9606.ENSP00000342510,2.1,3.6,1,1,1,0,0,0
9606.ENSP00000361036,0,0.1,0,1,0.25,0.25,0.25,0.25
9606.ENSP00000331504,9.2,13.4,1,1,0,0,1,0
9606.ENSP00000328570,228.5,145.5,1,1,0,0,1,0
9606.ENSP00000397188,13.5,32.6,1,1,0,1,0,0
9606.ENSP00000247219,0.4,0,1,0,0.25,0.25,0.25,0.25
9606.ENSP00000341940,0,0,0,0,1,0,0,0
9606.ENSP00000348050,106.1,3.7,1,1,1,0,0,0
9606.ENSP00000339916,28,4.1,1,1,0,1,0,0
9606.ENSP00000442688,32.8,9.9,1,1,0,1,0,0
9606.ENSP00000333358,0.5,0,1,0,0.25,0.25,0.25,0.25
9606.ENSP00000333666,150.1,1489.3,1,1,0,0,0,1
9606.ENSP00000388920,19.7,41.3,1,1,0,0,1,0
9606.ENSP00000347721,0,0.2,0,1,0.25,0.25,0.25,0.25
9606.ENSP00000327599,0,0,0,0,1,0,0,0
9606.ENSP00000399518,0,17.6,0,1,1,0,0,0
9606.ENSP00000329295,0.2,0,1,0,0.25,0.25,0.25,0.25
9606.ENSP00000286301,0,2.2,0,1,0,1,0,0
9606.ENSP00000332118,0,0,0,0,0,1,0,0
9606.ENSP00000370447,0,0,0,0,1,0,0,0
9606.ENSP00000329647,0,0,0,0,0.25,0.25,0.25,0.25
9606.ENSP00000411898,0,0.1,0,1,0.25,0.25,0.25,0.25
9606.ENSP00000330720,0,0,0,0,1,0,0,0
9606.ENSP00000386804,87.4,114.5,1,1,1,0,0,0
9606.ENSP00000330606,0,0,0,0,0.25,0.25,0.25,0.25
9606.ENSP00000328998,39.3,8.3,1,1,0,0,1,0
9606.ENSP00000480492,0.5,1.5,1,1,0.25,0.25,0.25,0.25
9606.ENSP00000332185,0.1,0,1,0,0.25,0.25,0.25,0.25
9606.ENSP00000338185,60.5,3.6,1,1,1,0,0,0
9606.ENSP00000333433,79.8,35.6,1,1,1,0,0,0
9606.ENSP00000328708,0,0,0,0,0.25,0.25,0.25,0.25
9606.ENSP00000329689,0,0,0,0,0.25,0.25,0.25,0.25
9606.ENSP00000332643,0,0.2,0,1,0.25,0.25,0.25,0.25
9606.ENSP00000329860,0,0,0,0,0.25,0.25,0.25,0.25
9606.ENSP00000330049,0,0,0,0,0.25,0.25,0.25,0.25
9606.ENSP00000396722,0.2,0,1,0,1,0,0,0
9606.ENSP00000381981,57.5,79.9,1,1,0,0,1,0
9606.ENSP00000430846,0,0,0,0,0.25,0.25,0.25,0.25
9606.ENSP00000331065,0.1,1.3,1,1,0.25,0.25,0.25,0.25
9606.ENSP00000332389,3.1,1,1,1,0.25,0.25,0.25,0.25
9606.ENSP00000329684,1.1,0,1,0,1,0,0,0
9606.ENSP00000330269,0,0,0,0,0.25,0.25,0.25,0.25
9606.ENSP00000327344,1.9,6.1,1,1,1,0,0,0
9606.ENSP00000434847,57.6,439,1,1,0,0,1,0
9606.ENSP00000358496,15.2,5.5,1,1,0,0,1,0
9606.ENSP00000346032,849,70.7,1,1,1,0,0,0
9606.ENSP00000451030,0,0,0,0,0.25,0.25,0.25,0.25
9606.ENSP00000328928,0,0,0,0,1,0,0,0
9606.ENSP00000333591,0,0,0,0,0.25,0.25,0.25,0.25
9606.ENSP00000363414,19.4,4.2,1,1,0,1,0,0
9606.ENSP00000330658,0.1,0.3,1,1,1,0,0,0
9606.ENSP00000328364,0,0,0,0,0.25,0.25,0.25,0.25
9606.ENSP00000368389,78.2,1.8,1,1,1,0,0,0
9606.ENSP00000330148,0,0,0,0,0.25,0.25,0.25,0.25
9606.ENSP00000346046,4701,1183.5,1,1,0,0,1,0
9606.ENSP00000375066,0.1,0,1,0,0,1,0,0
9606.ENSP00000331774,0,0,0,0,0.25,0.25,0.25,0.25
9606.ENSP00000328487,0.2,0.1,1,1,0.25,0.25,0.25,0.25
9606.ENSP00000360028,0,0,0,0,0.25,0.25,0.25,0.25
9606.ENSP00000352447,1.1,0,1,0,0,1,0,0
9606.ENSP00000382884,0,0,0,0,0.25,0.25,0.25,0.25
9606.ENSP00000426119,55.8,26.3,1,1,1,0,0,0
9606.ENSP00000332340,17.4,14,1,1,0,1,0,0
9606.ENSP00000382777,0,0,0,0,0.25,0.25,0.25,0.25
9606.ENSP00000355777,36.4,53.9,1,1,1,0,0,0
9606.ENSP00000331720,32.4,27,1,1,1,0,0,0
9606.ENSP00000367032,0,0.2,0,1,0,0,1,0
9606.ENSP00000328397,1.3,1.8,1,1,0.25,0.25,0.25,0.25
9606.ENSP00000333184,0,0,0,0,0.25,0.25,0.25,0.25
9606.ENSP00000333813,11.9,14.9,1,1,0,0,1,0
9606.ENSP00000337825,1,0.5,1,1,1,0,0,0
9606.ENSP00000380488,0,0,0,0,0.25,0.25,0.25,0.25
9606.ENSP00000347665,117.6,375.8,1,1,0,0,1,0
9606.ENSP00000328848,44.3,18.4,1,1,0,0,0,1
9606.ENSP00000332900,3.4,0,1,0,0.25,0.25,0.25,0.25
9606.ENSP00000327589,0.1,0.6,1,1,0,0,0,1
9606.ENSP00000331466,0,0,0,0,0.25,0.25,0.25,0.25
9606.ENSP00000357796,0,0,0,0,1,0,0,0
9606.ENSP00000419117,1361.6,2311,1,1,0.25,0.25,0.25,0.25
9606.ENSP00000355523,0,2.3,0,1,1,0,0,0
9606.ENSP00000329033,0.8,56.8,1,1,0.25,0.25,0.25,0.25
9606.ENSP00000428878,14,16.6,1,1,0.25,0.25,0.25,0.25
9606.ENSP00000329794,0,0,0,0,1,0,0,0
9606.ENSP00000331209,54,347.1,1,1,0,0,1,0
9606.ENSP00000336524,16.5,18.8,1,1,0,0,1,0
9606.ENSP00000337466,0,0,0,0,0.25,0.25,0.25,0.25
9606.ENSP00000328023,111.3,64.3,1,1,0.25,0.25,0.25,0.25
9606.ENSP00000328090,0,0,0,0,0.25,0.25,0.25,0.25
9606.ENSP00000400142,289.4,61.3,1,1,0,0,0,1
9606.ENSP00000329584,0.2,1.7,1,1,0.25,0.25,0.25,0.25
9606.ENSP00000366798,55.3,11.4,1,1,0.25,0.25,0.25,0.25
9606.ENSP00000398560,9.6,31.7,1,1,0,0,1,0
9606.ENSP00000411528,3.4,0.1,1,1,0.25,0.25,0.25,0.25
9606.ENSP00000330218,0,0,0,0,0.25,0.25,0.25,0.25
9606.ENSP00000399862,18.7,9.9,1,1,0,1,0,0
9606.ENSP00000333633,37.2,13.8,1,1,0,1,0,0
9606.ENSP00000329264,0.1,3.7,1,1,0.25,0.25,0.25,0.25
9606.ENSP00000329797,92.5,42.2,1,1,1,0,0,0
9606.ENSP00000473091,0.3,0.6,1,1,0.25,0.25,0.25,0.25
9606.ENSP00000331691,1.4,1.5,1,1,0.25,0.25,0.25,0.25
9606.ENSP00000384949,465.9,2.8,1,1,0,1,0,0
9606.ENSP00000332103,94.8,401,1,1,0.25,0.25,0.25,0.25
9606.ENSP00000333292,0,5.3,0,1,0,1,0,0
9606.ENSP00000329920,0,0.4,0,1,1,0,0,0
9606.ENSP00000327694,9.6,53.3,1,1,0,1,0,0
9606.ENSP00000384763,0,1,0,1,0,0,1,0
9606.ENSP00000331545,0,0,0,0,0.25,0.25,0.25,0.25
9606.ENSP00000329452,1.5,0.4,1,1,0.25,0.25,0.25,0.25
9606.ENSP00000332528,0,0,0,0,0.25,0.25,0.25,0.25
9606.ENSP00000331556,0,0,0,0,1,0,0,0
9606.ENSP00000329403,0,0,0,0,1,0,0,0
9606.ENSP00000379845,99.5,266.3,1,1,0,0,0,1
9606.ENSP00000446242,128.6,35.3,1,1,0,0,0,1
9606.ENSP00000478874,0.2,12.6,1,1,1,0,0,0
9606.ENSP00000330842,5.1,0,1,0,0,1,0,0
9606.ENSP00000342840,6.3,3.4,1,1,0,0,1,0
9606.ENSP00000332983,0,0.7,0,1,1,0,0,0
9606.ENSP00000369962,0.3,0,1,0,0.25,0.25,0.25,0.25
9606.ENSP00000327758,3.6,0,1,0,0.25,0.25,0.25,0.25
9606.ENSP00000328938,302.7,114.1,1,1,0,1,0,0
9606.ENSP00000331831,0.9,14.7,1,1,1,0,0,0
9606.ENSP00000332886,0,0,0,0,0.25,0.25,0.25,0.25
9606.ENSP00000484342,1.7,1.4,1,1,1,0,0,0
9606.ENSP00000411124,0,0,0,0,0.25,0.25,0.25,0.25
9606.ENSP00000366246,24.9,39.8,1,1,0,0,1,0
9606.ENSP00000328083,0.4,2.3,1,1,0,1,0,0
9606.ENSP00000331397,4.9,0,1,0,1,0,0,0
9606.ENSP00000430733,0,0,0,0,0.25,0.25,0.25,0.25
9606.ENSP00000358798,0,0,0,0,0.25,0.25,0.25,0.25
9606.ENSP00000332812,3.7,0,1,0,0,1,0,0
9606.ENSP00000427844,9.8,8.8,1,1,0,0,1,0
9606.ENSP00000331734,0.5,0.1,1,1,0.25,0.25,0.25,0.25
9606.ENSP00000441832,1.4,0,1,0,0.25,0.25,0.25,0.25
9606.ENSP00000463752,7.9,0.2,1,1,0.25,0.25,0.25,0.25
9606.ENSP00000356231,8.2,45.5,1,1,0,0,1,0
9606.ENSP00000376553,0.9,0,1,0,1,0,0,0
9606.ENSP00000330875,7.3,10.4,1,1,0.25,0.25,0.25,0.25
9606.ENSP00000378690,0,0,0,0,1,0,0,0
9606.ENSP00000327467,6.6,431.2,1,1,0,1,0,0
9606.ENSP00000481321,0.1,0,1,0,0.25,0.25,0.25,0.25
9606.ENSP00000328677,0,0,0,0,0.25,0.25,0.25,0.25
9606.ENSP00000328983,0.8,0,1,0,1,0,0,0
9606.ENSP00000351856,0,0,0,0,0.25,0.25,0.25,0.25
9606.ENSP00000473172,186.4,37.8,1,1,1,0,0,0
9606.ENSP00000452793,4.3,5.2,1,1,0,0,1,0
9606.ENSP00000389714,0,5.7,0,1,1,0,0,0
9606.ENSP00000390630,0,0,0,0,1,0,0,0
9606.ENSP00000482374,2.4,0.4,1,1,0.25,0.25,0.25,0.25
9606.ENSP00000369573,0.3,0,1,0,0.25,0.25,0.25,0.25
9606.ENSP00000328325,276.3,97.6,1,1,0,0,1,0
9606.ENSP00000422753,62.8,17.1,1,1,0,1,0,0
9606.ENSP00000358932,14.7,0,1,0,0.25,0.25,0.25,0.25
9606.ENSP00000444054,0,0,0,0,0.25,0.25,0.25,0.25
9606.ENSP00000333374,0,0,0,0,0.25,0.25,0.25,0.25
9606.ENSP00000347933,3.3,62.8,1,1,0.25,0.25,0.25,0.25
9606.ENSP00000448051,91.2,157.1,1,1,0.25,0.25,0.25,0.25
9606.ENSP00000404464,0.3,0.3,1,1,0.25,0.25,0.25,0.25
9606.ENSP00000328729,205.3,94.9,1,1,0.25,0.25,0.25,0.25
9606.ENSP00000331823,0,0,0,0,0.25,0.25,0.25,0.25
9606.ENSP00000440163,0,0,0,0,0.25,0.25,0.25,0.25
9606.ENSP00000333487,0.1,0,1,0,0.25,0.25,0.25,0.25
9606.ENSP00000329318,0,0,0,0,1,0,0,0
9606.ENSP00000445979,3,5.1,1,1,0.25,0.25,0.25,0.25
9606.ENSP00000330904,0,0,0,0,0.25,0.25,0.25,0.25
9606.ENSP00000330338,0,0,0,0,0.25,0.25,0.25,0.25
9606.ENSP00000362139,0.2,0,1,0,1,0,0,0
9606.ENSP00000329522,0,0,0,0,1,0,0,0
9606.ENSP00000379754,6,21.9,1,1,0,0,1,0
9606.ENSP00000328423,0,0,0,0,0.25,0.25,0.25,0.25
9606.ENSP00000331127,21.3,0.3,1,1,0,0,1,0
9606.ENSP00000367705,36.8,9.4,1,1,0.25,0.25,0.25,0.25
9606.ENSP00000333350,6.4,2.1,1,1,1,0,0,0
9606.ENSP00000328698,0,0,0,0,1,0,0,0
9606.ENSP00000359485,0,0,0,0,1,0,0,0
9606.ENSP00000382815,3.6,14.1,1,1,1,0,0,0
9606.ENSP00000484497,0,0,0,0,0.25,0.25,0.25,0.25
9606.ENSP00000331474,0,0,0,0,0.25,0.25,0.25,0.25
9606.ENSP00000362107,10.6,0.7,1,1,0.25,0.25,0.25,0.25
9606.ENSP00000328215,0,0.2,0,1,0.25,0.25,0.25,0.25
9606.ENSP00000332225,0.3,0,1,0,1,0,0,0
9606.ENSP00000329557,0.5,0,1,0,0.25,0.25,0.25,0.25
9606.ENSP00000327950,4.9,0,1,0,0,0,1,0
9606.ENSP00000468232,3,13.3,1,1,0,0,1,0
9606.ENSP00000332454,8.8,15.5,1,1,1,0,0,0
9606.ENSP00000469759,0,0,0,0,1,0,0,0
9606.ENSP00000331843,34.2,1.6,1,1,0,0,1,0
9606.ENSP00000362110,76.3,27.9,1,1,0,1,0,0
9606.ENSP00000385461,0,0,0,0,0.25,0.25,0.25,0.25
9606.ENSP00000332288,0.8,0.5,1,1,0.25,0.25,0.25,0.25
9606.ENSP00000379818,0,0.3,0,1,1,0,0,0
9606.ENSP00000333490,0,0,0,0,0.25,0.25,0.25,0.25
9606.ENSP00000422907,13.8,5.2,1,1,0.25,0.25,0.25,0.25
9606.ENSP00000328327,9.6,8.3,1,1,1,0,0,0
9606.ENSP00000327846,0,0,0,0,1,0,0,0
9606.ENSP00000333441,0.3,0,1,0,1,0,0,0
9606.ENSP00000328818,0,0,0,0,0,1,0,0
9606.ENSP00000333657,22.1,0.1,1,1,1,0,0,0
9606.ENSP00000374213,18.6,10,1,1,1,0,0,0
9606.ENSP00000329918,1.9,0.1,1,1,1,0,0,0
9606.ENSP00000358458,0,5.8,0,1,1,0,0,0
9606.ENSP00000330730,29.4,77.9,1,1,1,0,0,0
9606.ENSP00000362105,25.2,46.9,1,1,0,0,0,1
9606.ENSP00000329915,92.4,41.8,1,1,1,0,0,0
9606.ENSP00000331845,6.5,16.4,1,1,0.25,0.25,0.25,0.25
9606.ENSP00000310216,0,0,0,0,0.25,0.25,0.25,0.25
9606.ENSP00000327916,5.1,224,1,1,0,0,0,1
9606.ENSP00000331012,0,0,0,0,0.25,0.25,0.25,0.25
9606.ENSP00000332963,0.2,0,1,0,0.25,0.25,0.25,0.25
9606.ENSP00000331376,1.8,1.8,1,1,0.25,0.25,0.25,0.25
9606.ENSP00000383168,0,0,0,0,0,0,1,0
9606.ENSP00000368199,0,0,0,0,0.25,0.25,0.25,0.25
9606.ENSP00000327436,41.9,27,1,1,1,0,0,0
9606.ENSP00000328016,4.3,0.2,1,1,1,0,0,0
9606.ENSP00000443824,50.8,13,1,1,0.25,0.25,0.25,0.25
9606.ENSP00000423630,0,0,0,0,1,0,0,0
9606.ENSP00000403645,10.2,5.5,1,1,0,1,0,0
9606.ENSP00000333277,0.5,0,1,0,0,0,1,0
9606.ENSP00000347924,43.3,28.3,1,1,0,0,1,0
9606.ENSP00000329292,0,0,0,0,1,0,0,0
9606.ENSP00000362684,1.1,0.3,1,1,1,0,0,0
9606.ENSP00000331849,70.5,290.4,1,1,1,0,0,0
9606.ENSP00000412363,0.4,1.7,1,1,0.25,0.25,0.25,0.25
9606.ENSP00000372955,70.9,29.3,1,1,1,0,0,0
9606.ENSP00000441600,0,0,0,0,0,0,1,0
9606.ENSP00000331681,0.5,12.5,1,1,0.25,0.25,0.25,0.25
9606.ENSP00000458130,0,0,0,0,0.25,0.25,0.25,0.25
9606.ENSP00000360166,0,0,0,0,0.25,0.25,0.25,0.25
9606.ENSP00000381672,0,0,0,0,0.25,0.25,0.25,0.25
9606.ENSP00000371923,0,0,0,0,1,0,0,0
9606.ENSP00000332805,0,0,0,0,0.25,0.25,0.25,0.25
9606.ENSP00000332861,3.7,0.5,1,1,0.25,0.25,0.25,0.25
9606.ENSP00000330787,288.8,2093.1,1,1,0,0,0,1
9606.ENSP00000333181,0,0,0,0,0.25,0.25,0.25,0.25
9606.ENSP00000336800,8.8,10.9,1,1,1,0,0,0
9606.ENSP00000418575,0,0.2,0,1,1,0,0,0
9606.ENSP00000329858,1.8,4.2,1,1,0,1,0,0
9606.ENSP00000270077,0,0,0,0,1,0,0,0
9606.ENSP00000480405,0,0,0,0,0.25,0.25,0.25,0.25
9606.ENSP00000327440,0.2,0.1,1,1,0.25,0.25,0.25,0.25
9606.ENSP00000421592,249,12,1,1,0,0,0,1
9606.ENSP00000331915,8.2,3,1,1,1,0,0,0
9606.ENSP00000404232,0,0,0,0,1,0,0,0
9606.ENSP00000328181,0,0,0,0,1,0,0,0
9606.ENSP00000333800,0,0,0,0,0,1,0,0
9606.ENSP00000330032,3.7,22.9,1,1,1,0,0,0
9606.ENSP00000332500,0,0,0,0,0.25,0.25,0.25,0.25
9606.ENSP00000333639,0,0,0,0,0.25,0.25,0.25,0.25
9606.ENSP00000330862,0,0,0,0,0.25,0.25,0.25,0.25
9606.ENSP00000483005,6.1,3,1,1,1,0,0,0
9606.ENSP00000368908,0,0.3,0,1,1,0,0,0
9606.ENSP00000333833,16.6,5.1,1,1,0,1,0,0
9606.ENSP00000363478,49.1,66.4,1,1,0.25,0.25,0.25,0.25
9606.ENSP00000333097,0,0,0,0,1,0,0,0
9606.ENSP00000332293,0.1,0.7,1,1,0.25,0.25,0.25,0.25
9606.ENSP00000329967,15.9,17.1,1,1,1,0,0,0
9606.ENSP00000384490,8.3,33.3,1,1,0,1,0,0
9606.ENSP00000383185,0.1,0.8,1,1,0,0,0,1
9606.ENSP00000459451,5.1,571.4,1,1,0,0,0,1
9606.ENSP00000454836,6.8,9,1,1,0,0,1,0
9606.ENSP00000327557,0,0,0,0,1,0,0,0
9606.ENSP00000331242,16.3,2.3,1,1,0.25,0.25,0.25,0.25
9606.ENSP00000328203,13.3,0.6,1,1,0,0,1,0
9606.ENSP00000372023,40.8,2.6,1,1,0,0,0,1
9606.ENSP00000333188,0,0,0,0,1,0,0,0
9606.ENSP00000382120,11,1.9,1,1,0.25,0.25,0.25,0.25
9606.ENSP00000426548,0,0,0,0,1,0,0,0
9606.ENSP00000381699,0,0,0,0,1,0,0,0
9606.ENSP00000332325,13.6,2.1,1,1,0,1,0,0
9606.ENSP00000355577,0,0,0,0,0.25,0.25,0.25,0.25
9606.ENSP00000353129,0,0,0,0,1,0,0,0
9606.ENSP00000333326,1.5,0,1,0,0,1,0,0
9606.ENSP00000433597,11.3,0.6,1,1,0,0,1,0
9606.ENSP00000332806,0.6,0,1,0,1,0,0,0
9606.ENSP00000332511,1.4,0.7,1,1,0,0,0,1
9606.ENSP00000357545,0,0,0,0,1,0,0,0
9606.ENSP00000382239,15.1,7.9,1,1,0,0,1,0
9606.ENSP00000332659,0.2,0.2,1,1,1,0,0,0
9606.ENSP00000329102,8.1,1,1,1,1,0,0,0
9606.ENSP00000418751,1.8,2.6,1,1,1,0,0,0
9606.ENSP00000376349,9,27.6,1,1,0,1,0,0
9606.ENSP00000331268,0,0,0,0,1,0,0,0
9606.ENSP00000273390,0,0,0,0,1,0,0,0
9606.ENSP00000469445,0,0,0,0,1,0,0,0
9606.ENSP00000327417,0.8,2.8,1,1,1,0,0,0
9606.ENSP00000350673,43.9,0,1,0,0,1,0,0
9606.ENSP00000472959,0.1,0,1,0,0.25,0.25,0.25,0.25
9606.ENSP00000352138,0.1,0.1,1,1,1,0,0,0
9606.ENSP00000354451,13.7,0.3,1,1,0.25,0.25,0.25,0.25
9606.ENSP00000328478,0,0,0,0,0.25,0.25,0.25,0.25
9606.ENSP00000331305,32.6,28.6,1,1,0,1,0,0
9606.ENSP00000410257,0,0,0,0,0.25,0.25,0.25,0.25
9606.ENSP00000333395,14,0,1,0,0.25,0.25,0.25,0.25
9606.ENSP00000332162,8.1,0.3,1,1,0.25,0.25,0.25,0.25
9606.ENSP00000333018,21.9,29.4,1,1,0,1,0,0
9606.ENSP00000419542,0,0,0,0,0,0,1,0
9606.ENSP00000458355,0.1,0,1,0,1,0,0,0
9606.ENSP00000360181,0,1.2,0,1,0.25,0.25,0.25,0.25
9606.ENSP00000473474,0.1,2.9,1,1,0.25,0.25,0.25,0.25
9606.ENSP00000262848,0.2,1.9,1,1,1,0,0,0
9606.ENSP00000384629,14.8,18.1,1,1,0.25,0.25,0.25,0.25
9606.ENSP00000328813,0,0,0,0,1,0,0,0
9606.ENSP00000484398,31.6,2.8,1,1,1,0,0,0
9606.ENSP00000330070,3,30.1,1,1,1,0,0,0
9606.ENSP00000373702,0,0,0,0,1,0,0,0
9606.ENSP00000354762,225.7,432.6,1,1,0,0,1,0
9606.ENSP00000332766,0.2,0.1,1,1,0.25,0.25,0.25,0.25
9606.ENSP00000329214,0,1.1,0,1,0.25,0.25,0.25,0.25
9606.ENSP00000344909,124.4,146,1,1,0,0,1,0
9606.ENSP00000458162,2899.3,495.3,1,1,0,1,0,0
9606.ENSP00000381588,4.6,26.8,1,1,1,0,0,0
9606.ENSP00000328524,30.5,11.6,1,1,1,0,0,0
9606.ENSP00000329210,0,0,0,0,0.25,0.25,0.25,0.25
9606.ENSP00000330746,0,0,0,0,0.25,0.25,0.25,0.25
9606.ENSP00000332602,0,0,0,0,1,0,0,0
9606.ENSP00000398495,71,0.3,1,1,0,0,1,0
9606.ENSP00000327650,10.3,3.6,1,1,1,0,0,0
9606.ENSP00000331791,0.4,0,1,0,0.25,0.25,0.25,0.25
9606.ENSP00000329468,1.5,1.3,1,1,0.25,0.25,0.25,0.25
9606.ENSP00000332887,358.4,1634.2,1,1,0.25,0.25,0.25,0.25
9606.ENSP00000364324,7.7,4.4,1,1,1,0,0,0
9606.ENSP00000327738,0,0,0,0,0.25,0.25,0.25,0.25
9606.ENSP00000332604,760,3.3,1,1,0,1,0,0
9606.ENSP00000385477,0.4,3.2,1,1,1,0,0,0
9606.ENSP00000216121,220.1,117.6,1,1,0,1,0,0
9606.ENSP00000327525,0,0,0,0,0.25,0.25,0.25,0.25
9606.ENSP00000330633,0,1.1,0,1,1,0,0,0
9606.ENSP00000332163,0,0,0,0,1,0,0,0
9606.ENSP00000305742,5.3,4.3,1,1,0,1,0,0
9606.ENSP00000334441,0,0.1,0,1,0.25,0.25,0.25,0.25
9606.ENSP00000373648,0,0,0,0,0.25,0.25,0.25,0.25
9606.ENSP00000386069,34,0,1,0,0.25,0.25,0.25,0.25
9606.ENSP00000402756,22.2,4.5,1,1,0,0,1,0
9606.ENSP00000329137,0.1,0.5,1,1,1,0,0,0
9606.ENSP00000383938,46.2,51.6,1,1,1,0,0,0
9606.ENSP00000327585,0.4,0,1,0,0.25,0.25,0.25,0.25
9606.ENSP00000384182,10.5,5.4,1,1,0,1,0,0
9606.ENSP00000478474,65.7,41.2,1,1,0,0,1,0
9606.ENSP00000463778,0,0,0,0,1,0,0,0
9606.ENSP00000331600,0.3,0,1,0,0.25,0.25,0.25,0.25
9606.ENSP00000484580,43,28.6,1,1,0.25,0.25,0.25,0.25
9606.ENSP00000364591,21.1,4.3,1,1,0,1,0,0
9606.ENSP00000421586,1.4,0.6,1,1,0.25,0.25,0.25,0.25
9606.ENSP00000330918,14.6,36.7,1,1,0,0,0,1
9606.ENSP00000403310,28.9,30.6,1,1,0,0,1,0
9606.ENSP00000328036,0,0,0,0,0.25,0.25,0.25,0.25
9606.ENSP00000358997,92.9,32.4,1,1,0,0,1,0
9606.ENSP00000410396,42,74,1,1,1,0,0,0
9606.ENSP00000371785,0,0,0,0,0.25,0.25,0.25,0.25
9606.ENSP00000367096,0,5.4,0,1,0.25,0.25,0.25,0.25
9606.ENSP00000311224,41.6,0.1,1,1,0,1,0,0
9606.ENSP00000332613,154.6,197.7,1,1,0,0,0,1
9606.ENSP00000332256,0.4,0.1,1,1,0,1,0,0
9606.ENSP00000332194,11.5,8,1,1,0,1,0,0
9606.ENSP00000327611,0,0,0,0,0.25,0.25,0.25,0.25
9606.ENSP00000332790,0.6,0.7,1,1,0,1,0,0
9606.ENSP00000373895,0.1,0.8,1,1,0,1,0,0
9606.ENSP00000333234,0.2,0,1,0,0.25,0.25,0.25,0.25
9606.ENSP00000330433,41.1,61.1,1,1,0,0,1,0
9606.ENSP00000331087,48.9,29.5,1,1,1,0,0,0
9606.ENSP00000360269,0.5,0.3,1,1,1,0,0,0
9606.ENSP00000483624,0,0.3,0,1,0.25,0.25,0.25,0.25
9606.ENSP00000328596,0,0,0,0,1,0,0,0
9606.ENSP00000333568,0.4,2.7,1,1,0,1,0,0
9606.ENSP00000425040,0,0.1,0,1,1,0,0,0
9606.ENSP00000330485,4.8,6,1,1,0.25,0.25,0.25,0.25
9606.ENSP00000396622,0,0.2,0,1,1,0,0,0
9606.ENSP00000357718,0,0,0,0,1,0,0,0
9606.ENSP00000359119,1.1,0,1,0,0.25,0.25,0.25,0.25
9606.ENSP00000331745,0,0,0,0,0.25,0.25,0.25,0.25
9606.ENSP00000329904,0,0,0,0,0.25,0.25,0.25,0.25
9606.ENSP00000332164,0,0,0,0,1,0,0,0
9606.ENSP00000328777,0,0,0,0,0,0,0,1
9606.ENSP00000374482,0,0,0,0,0.25,0.25,0.25,0.25
9606.ENSP00000375108,0,0,0,0,0.25,0.25,0.25,0.25
9606.ENSP00000330074,0.1,0.1,1,1,0,1,0,0
9606.ENSP00000331532,0,0,0,0,1,0,0,0
9606.ENSP00000331678,36.3,0.3,1,1,1,0,0,0
9606.ENSP00000368964,12.7,0.2,1,1,1,0,0,0
9606.ENSP00000327513,9.7,2,1,1,0.25,0.25,0.25,0.25
9606.ENSP00000332723,0,1.2,0,1,0.25,0.25,0.25,0.25
9606.ENSP00000333037,0.8,1.4,1,1,1,0,0,0
9606.ENSP00000333142,3.2,2.7,1,1,1,0,0,0
9606.ENSP00000434552,6.3,0.1,1,1,0,0,1,0
9606.ENSP00000362621,0,0,0,0,1,0,0,0
9606.ENSP00000475261,0,0,0,0,0.25,0.25,0.25,0.25
9606.ENSP00000332110,0,0,0,0,0.25,0.25,0.25,0.25
9606.ENSP00000333012,23.9,37.3,1,1,0,0,1,0
9606.ENSP00000333496,0,0,0,0,1,0,0,0
9606.ENSP00000328835,48.4,10.8,1,1,0,0,0,1
9606.ENSP00000329419,175.5,45.4,1,1,0,0,1,0
9606.ENSP00000369395,0.1,2.9,1,1,0.25,0.25,0.25,0.25
9606.ENSP00000215742,13.7,41.7,1,1,1,0,0,0
9606.ENSP00000328236,25.4,0.9,1,1,1,0,0,0
9606.ENSP00000332504,1.1,0.3,1,1,0,1,0,0
9606.ENSP00000363513,2,1.8,1,1,0.25,0.25,0.25,0.25
9606.ENSP00000380594,0,0,0,0,0.25,0.25,0.25,0.25
9606.ENSP00000416289,6.7,3.5,1,1,0,0,1,0
9606.ENSP00000383365,26.9,43.9,1,1,0,0,1,0
9606.ENSP00000330426,0,0,0,0,0.25,0.25,0.25,0.25
9606.ENSP00000331572,0,0,0,0,0.25,0.25,0.25,0.25
9606.ENSP00000363377,7.2,4.5,1,1,1,0,0,0
9606.ENSP00000329170,0,0,0,0,0.25,0.25,0.25,0.25
9606.ENSP00000332274,5.4,0,1,0,0.25,0.25,0.25,0.25
9606.ENSP00000302756,0.2,0.3,1,1,0.25,0.25,0.25,0.25
9606.ENSP00000364502,0,0.2,0,1,1,0,0,0
9606.ENSP00000377783,46.7,264.5,1,1,1,0,0,0
9606.ENSP00000331358,0.2,0,1,0,1,0,0,0
9606.ENSP00000444896,0,0,0,0,1,0,0,0
9606.ENSP00000377814,17.9,44.9,1,1,0,0,1,0
9606.ENSP00000446054,0,18,0,1,1,0,0,0
9606.ENSP00000377080,4.4,11.1,1,1,0.25,0.25,0.25,0.25
9606.ENSP00000328336,0,0,0,0,1,0,0,0
9606.ENSP00000328069,0,0,0,0,1,0,0,0
9606.ENSP00000327975,0,0,0,0,0.25,0.25,0.25,0.25
9606.ENSP00000380530,0.4,0.6,1,1,1,0,0,0
9606.ENSP00000330341,1,18.2,1,1,1,0,0,0
9606.ENSP00000328061,0,0,0,0,0.25,0.25,0.25,0.25
9606.ENSP00000383143,0,0,0,0,1,0,0,0
9606.ENSP00000330031,0,0,0,0,0.25,0.25,0.25,0.25
9606.ENSP00000327875,0.3,0.2,1,1,1,0,0,0
9606.ENSP00000327821,57.6,32.8,1,1,0.25,0.25,0.25,0.25
9606.ENSP00000331288,0.8,0.8,1,1,1,0,0,0
9606.ENSP00000332116,0,1.3,0,1,1,0,0,0
9606.ENSP00000358644,0,0,0,0,1,0,0,0
9606.ENSP00000333041,0,0,0,0,0.25,0.25,0.25,0.25
9606.ENSP00000329287,12.5,3.3,1,1,0,1,0,0
9606.ENSP00000331727,0,0,0,0,0.25,0.25,0.25,0.25
9606.ENSP00000416341,0,0,0,0,0.25,0.25,0.25,0.25
9606.ENSP00000328017,1.3,2.4,1,1,0,0,1,0
9606.ENSP00000363193,21.4,2.1,1,1,1,0,0,0
9606.ENSP00000342002,0.4,0.1,1,1,0.25,0.25,0.25,0.25
9606.ENSP00000391249,535.7,62.2,1,1,0,0,1,0
9606.ENSP00000333003,0,0,0,0,0.25,0.25,0.25,0.25
9606.ENSP00000331086,0,0,0,0,1,0,0,0
9606.ENSP00000366630,0,0,0,0,0.25,0.25,0.25,0.25
9606.ENSP00000328228,14.1,0,1,0,1,0,0,0
9606.ENSP00000430128,0,0,0,0,1,0,0,0
9606.ENSP00000329117,6,3.8,1,1,0,0,1,0
9606.ENSP00000384527,10.7,2.9,1,1,0.25,0.25,0.25,0.25
9606.ENSP00000358151,3.4,7.7,1,1,0,0,0,1
9606.ENSP00000380131,37.3,0,1,0,0.25,0.25,0.25,0.25
9606.ENSP00000333196,0,0.2,0,1,0.25,0.25,0.25,0.25
9606.ENSP00000391311,0.2,0,1,0,1,0,0,0
9606.ENSP00000380659,14.6,7.7,1,1,0,0,0,1
9606.ENSP00000360597,0.2,0,1,0,1,0,0,0
9606.ENSP00000319796,0,0,0,0,0.25,0.25,0.25,0.25
9606.ENSP00000332530,0.1,9.4,1,1,0.25,0.25,0.25,0.25
9606.ENSP00000332690,0,0,0,0,0.25,0.25,0.25,0.25
9606.ENSP00000457539,0.4,1,1,1,1,0,0,0
9606.ENSP00000328347,1.1,12.7,1,1,0,1,0,0
9606.ENSP00000368667,0,0,0,0,0.25,0.25,0.25,0.25
9606.ENSP00000381844,0.2,43.6,1,1,0.25,0.25,0.25,0.25
9606.ENSP00000330737,268.4,199.4,1,1,0,0,0,1
9606.ENSP00000328335,0,0.1,0,1,0.25,0.25,0.25,0.25
9606.ENSP00000338348,34.5,63.4,1,1,0,0,1,0
9606.ENSP00000425421,0,0.2,0,1,0.25,0.25,0.25,0.25
9606.ENSP00000332576,12.8,0.2,1,1,0.25,0.25,0.25,0.25
9606.ENSP00000329548,0,0,0,0,1,0,0,0
9606.ENSP00000328768,0,0,0,0,0.25,0.25,0.25,0.25
9606.ENSP00000468782,0.2,0.3,1,1,0.25,0.25,0.25,0.25
9606.ENSP00000368528,21.9,17,1,1,0,0,1,0
9606.ENSP00000385118,0,0,0,0,0,1,0,0
9606.ENSP00000330945,164.9,110.9,1,1,0,0,1,0
9606.ENSP00000377353,0,0,0,0,0.25,0.25,0.25,0.25
9606.ENSP00000331640,32.5,10.8,1,1,0.25,0.25,0.25,0.25
9606.ENSP00000332407,0.1,3.6,1,1,0.25,0.25,0.25,0.25
9606.ENSP00000384160,23.6,27.1,1,1,0,0,1,0
9606.ENSP00000331662,0,0.6,0,1,1,0,0,0
9606.ENSP00000376337,0.1,14.7,1,1,1,0,0,0
9606.ENSP00000329662,77,43.4,1,1,0,0,1,0
9606.ENSP00000331211,0.3,8.5,1,1,0.25,0.25,0.25,0.25
9606.ENSP00000409666,132.6,121.9,1,1,0,1,0,0
9606.ENSP00000384966,13.6,25,1,1,0,0,1,0
9606.ENSP00000361866,0,0,0,0,0.25,0.25,0.25,0.25
9606.ENSP00000364831,0,0,0,0,1,0,0,0
9606.ENSP00000334501,0,0,0,0,0.25,0.25,0.25,0.25
9606.ENSP00000328169,0,0.3,0,1,0,0,0,1
9606.ENSP00000329219,1.7,1.1,1,1,1,0,0,0
9606.ENSP00000371126,0.4,0,1,0,0.25,0.25,0.25,0.25
9606.ENSP00000330389,47.6,114.8,1,1,1,0,0,0
9606.ENSP00000360696,0.1,14.3,1,1,0.25,0.25,0.25,0.25
9606.ENSP00000330384,0,0,0,0,0.25,0.25,0.25,0.25
9606.ENSP00000331327,0.7,0,1,0,1,0,0,0
9606.ENSP00000460547,12.6,5.6,1,1,0.25,0.25,0.25,0.25
9606.ENSP00000405899,0,0,0,0,1,0,0,0
9606.ENSP00000348086,0.2,0.3,1,1,0.25,0.25,0.25,0.25
9606.ENSP00000329153,0,0,0,0,0.25,0.25,0.25,0.25
9606.ENSP00000406861,0,0,0,0,1,0,0,0
9606.ENSP00000328854,13.6,7.9,1,1,0.25,0.25,0.25,0.25
9606.ENSP00000215794,33.2,4.6,1,1,1,0,0,0
9606.ENSP00000418842,130.7,696.1,1,1,0.25,0.25,0.25,0.25
9606.ENSP00000372750,0.3,0,1,0,0.25,0.25,0.25,0.25
9606.ENSP00000422185,2.9,0.8,1,1,0.25,0.25,0.25,0.25
9606.ENSP00000376304,5.8,2.7,1,1,0.25,0.25,0.25,0.25
9606.ENSP00000483246,14.3,0.9,1,1,0.25,0.25,0.25,0.25
9606.ENSP00000329213,208.5,239.6,1,1,0.25,0.25,0.25,0.25
9606.ENSP00000340761,26.5,25.2,1,1,0,0,1,0
9606.ENSP00000418018,0,0,0,0,0.25,0.25,0.25,0.25
9606.ENSP00000327569,0,22,0,1,0.25,0.25,0.25,0.25
9606.ENSP00000482264,12.8,47.8,1,1,0,0,1,0
9606.ENSP00000332208,0,0,0,0,1,0,0,0
9606.ENSP00000417335,0,0.8,0,1,1,0,0,0
9606.ENSP00000347408,32.2,19,1,1,0,1,0,0
9606.ENSP00000353393,0.2,10.2,1,1,0,1,0,0
9606.ENSP00000352904,0.4,0,1,0,0.25,0.25,0.25,0.25
9606.ENSP00000318912,5.6,6.9,1,1,0,1,0,0
9606.ENSP00000217173,6.5,3.6,1,1,1,0,0,0
9606.ENSP00000345393,9.5,10.2,1,1,1,0,0,0
9606.ENSP00000448323,11.9,10.6,1,1,1,0,0,0
9606.ENSP00000327675,0,0,0,0,0,0,1,0
9606.ENSP00000394720,9.9,13.9,1,1,0,0,0,1
9606.ENSP00000477597,0,0.8,0,1,0.25,0.25,0.25,0.25
9606.ENSP00000479860,126.9,258.3,1,1,1,0,0,0
9606.ENSP00000449629,0,0.3,0,1,1,0,0,0
9606.ENSP00000372335,41.7,6.8,1,1,1,0,0,0
9606.ENSP00000333519,0,0,0,0,1,0,0,0
9606.ENSP00000371512,0,0,0,0,0.25,0.25,0.25,0.25
9606.ENSP00000418678,1.6,0,1,0,0.25,0.25,0.25,0.25
9606.ENSP00000340887,0,0,0,0,0.25,0.25,0.25,0.25
9606.ENSP00000330101,0,0,0,0,1,0,0,0
9606.ENSP00000332879,0,0.2,0,1,0.25,0.25,0.25,0.25
9606.ENSP00000327889,11.5,10,1,1,0.25,0.25,0.25,0.25
9606.ENSP00000331019,427.2,1116.2,1,1,0.25,0.25,0.25,0.25
9606.ENSP00000362136,37.3,4.5,1,1,0.25,0.25,0.25,0.25
9606.ENSP00000333019,3.5,17.6,1,1,1,0,0,0
9606.ENSP00000332788,5.5,0,1,0,0,1,0,0
9606.ENSP00000379457,23.3,22.1,1,1,1,0,0,0
9606.ENSP00000386702,0,0,0,0,0.25,0.25,0.25,0.25
9606.ENSP00000371397,2.5,0.7,1,1,0.25,0.25,0.25,0.25
9606.ENSP00000330694,0,12.3,0,1,0.25,0.25,0.25,0.25
9606.ENSP00000431512,40.4,65,1,1,0,1,0,0
9606.ENSP00000346931,32.7,16.8,1,1,0.25,0.25,0.25,0.25
9606.ENSP00000332706,9.9,57.9,1,1,0.25,0.25,0.25,0.25
9606.ENSP00000366618,5.1,0,1,0,0,0,0,1
9606.ENSP00000333262,0.7,0,1,0,0.25,0.25,0.25,0.25
9606.ENSP00000332591,0,0,0,0,0.25,0.25,0.25,0.25
9606.ENSP00000442439,18.1,0,1,0,0.25,0.25,0.25,0.25
9606.ENSP00000330051,0,0.1,0,1,0.25,0.25,0.25,0.25
9606.ENSP00000340519,3.1,0.5,1,1,0,1,0,0
9606.ENSP00000380495,2,5.6,1,1,0.25,0.25,0.25,0.25
9606.ENSP00000477502,267.9,0.4,1,1,0,0,1,0
9606.ENSP00000384894,0,0,0,0,1,0,0,0
9606.ENSP00000333776,0,0,0,0,0.25,0.25,0.25,0.25
9606.ENSP00000403104,1.3,433.1,1,1,0,0,0,1
9606.ENSP00000414055,4.3,32.1,1,1,0,0,1,0
9606.ENSP00000482358,0.1,0.1,1,1,0.25,0.25,0.25,0.25
9606.ENSP00000484689,82.1,699.8,1,1,0,1,0,0
9606.ENSP00000452634,1,5.8,1,1,1,0,0,0
9606.ENSP00000413073,3.6,7.4,1,1,0.25,0.25,0.25,0.25
9606.ENSP00000331643,5.5,3.1,1,1,0.25,0.25,0.25,0.25
9606.ENSP00000361745,89.4,32.2,1,1,1,0,0,0
9606.ENSP00000333821,0,0,0,0,1,0,0,0
9606.ENSP00000333547,103.6,61,1,1,0.25,0.25,0.25,0.25
9606.ENSP00000331879,20.7,2.9,1,1,1,0,0,0
9606.ENSP00000329380,0.1,0.2,1,1,1,0,0,0
9606.ENSP00000348010,9.4,7,1,1,0,0,1,0
9606.ENSP00000347358,0,0,0,0,0.25,0.25,0.25,0.25
9606.ENSP00000392257,0,0.2,0,1,1,0,0,0
9606.ENSP00000483077,7.9,1.8,1,1,1,0,0,0
9606.ENSP00000331385,0.1,1,1,1,0,0,1,0
9606.ENSP00000331298,25.8,33.5,1,1,1,0,0,0
9606.ENSP00000386118,0,0,0,0,1,0,0,0
9606.ENSP00000419395,0.2,5.5,1,1,0,0,0,1
9606.ENSP00000387310,460.8,5,1,1,0.25,0.25,0.25,0.25
9606.ENSP00000341549,0.1,0,1,0,1,0,0,0
9606.ENSP00000383421,0,0,0,0,0.25,0.25,0.25,0.25
9606.ENSP00000423313,0,0,0,0,1,0,0,0
9606.ENSP00000356674,1.7,3.9,1,1,0,0,1,0
9606.ENSP00000455442,3,0,1,0,0.25,0.25,0.25,0.25
9606.ENSP00000327890,0.4,0.5,1,1,0,1,0,0
9606.ENSP00000332488,0,0,0,0,1,0,0,0
9606.ENSP00000329360,51.5,12,1,1,0,0,1,0
9606.ENSP00000361400,0,0,0,0,1,0,0,0
9606.ENSP00000381214,0.1,0.2,1,1,0,1,0,0
9606.ENSP00000433427,3,4.6,1,1,1,0,0,0
9606.ENSP00000446101,0,0,0,0,1,0,0,0
9606.ENSP00000390600,0,0,0,0,0.25,0.25,0.25,0.25
9606.ENSP00000338673,1.8,34.6,1,1,0,0,0,1
9606.ENSP00000329418,8.8,4.9,1,1,0,1,0,0
9606.ENSP00000215838,1.3,5.5,1,1,0.25,0.25,0.25,0.25
9606.ENSP00000481012,6.2,11.6,1,1,1,0,0,0
9606.ENSP00000332247,5.9,11.1,1,1,0,1,0,0
9606.ENSP00000355865,0.3,1.5,1,1,1,0,0,0
9606.ENSP00000376307,14.6,10.4,1,1,0.25,0.25,0.25,0.25
9606.ENSP00000365895,0,0,0,0,0.25,0.25,0.25,0.25
9606.ENSP00000331201,82.1,17.6,1,1,1,0,0,0
9606.ENSP00000444215,22.9,37.5,1,1,0.25,0.25,0.25,0.25
9606.ENSP00000404102,0.2,0,1,0,0.25,0.25,0.25,0.25
9606.ENSP00000466399,7.5,4.6,1,1,0.25,0.25,0.25,0.25
9606.ENSP00000328144,0.1,0,1,0,0.25,0.25,0.25,0.25
9606.ENSP00000333685,0.3,1.4,1,1,0,0,1,0
9606.ENSP00000397911,10.6,11.1,1,1,0.25,0.25,0.25,0.25
9606.ENSP00000338057,24.3,31.6,1,1,0,1,0,0
9606.ENSP00000338093,7,21.2,1,1,0,1,0,0
9606.ENSP00000419184,23.4,4.6,1,1,0,0,1,0
9606.ENSP00000448785,76.6,812.4,1,1,0.25,0.25,0.25,0.25
9606.ENSP00000327824,6.2,7.6,1,1,0.25,0.25,0.25,0.25
9606.ENSP00000332513,1.9,0.5,1,1,0,0,1,0
9606.ENSP00000329040,0.7,5.8,1,1,0,0,1,0
9606.ENSP00000345029,0,0,0,0,0.25,0.25,0.25,0.25
9606.ENSP00000480314,5,5.8,1,1,1,0,0,0
9606.ENSP00000330878,0.2,0,1,0,0.25,0.25,0.25,0.25
9606.ENSP00000333697,29.3,85.1,1,1,0.25,0.25,0.25,0.25
9606.ENSP00000476603,0,0.1,0,1,1,0,0,0
9606.ENSP00000252252,0,0,0,0,1,0,0,0
9606.ENSP00000332915,12,0.1,1,1,1,0,0,0
9606.ENSP00000329200,0.5,1.2,1,1,0.25,0.25,0.25,0.25
9606.ENSP00000360120,0.7,0,1,0,0.25,0.25,0.25,0.25
9606.ENSP00000484824,0.1,0.5,1,1,1,0,0,0
9606.ENSP00000333283,17.5,8.6,1,1,0,1,0,0
9606.ENSP00000380697,0.1,31.3,1,1,0,0,1,0
9606.ENSP00000398516,2,1.5,1,1,0.25,0.25,0.25,0.25
9606.ENSP00000358474,37.8,8.4,1,1,0.25,0.25,0.25,0.25
9606.ENSP00000377779,0,0,0,0,1,0,0,0
9606.ENSP00000364814,0,0.3,0,1,0.25,0.25,0.25,0.25
9606.ENSP00000331167,1.6,4.8,1,1,0.25,0.25,0.25,0.25
9606.ENSP00000419160,0.4,0.3,1,1,0.25,0.25,0.25,0.25
9606.ENSP00000328412,4.1,0,1,0,1,0,0,0
9606.ENSP00000363092,0,0,0,0,1,0,0,0
9606.ENSP00000377721,27.2,47.4,1,1,0.25,0.25,0.25,0.25
9606.ENSP00000340292,314.4,0,1,0,1,0,0,0
9606.ENSP00000331965,0.5,21.1,1,1,0.25,0.25,0.25,0.25
9606.ENSP00000419000,0.3,0,1,0,0.25,0.25,0.25,0.25
9606.ENSP00000353114,0.3,2.3,1,1,1,0,0,0
9606.ENSP00000362682,0.1,0.1,1,1,0,1,0,0
9606.ENSP00000329357,17.6,21.8,1,1,0,1,0,0
9606.ENSP00000333401,137.5,181,1,1,0,0,0,1
9606.ENSP00000331470,0,0,0,0,0.25,0.25,0.25,0.25
9606.ENSP00000329735,0.2,0,1,0,0.25,0.25,0.25,0.25
9606.ENSP00000219406,3.7,0,1,0,1,0,0,0
9606.ENSP00000354724,33,12.7,1,1,0,0,0,1
9606.ENSP00000410926,1.5,2.7,1,1,0.25,0.25,0.25,0.25
9606.ENSP00000327801,1413.4,743.5,1,1,0,0,1,0
9606.ENSP00000396937,114.3,59.7,1,1,1,0,0,0
9606.ENSP00000405890,0.2,18.1,1,1,1,0,0,0
9606.ENSP00000377411,0.1,1.7,1,1,0,0,1,0
9606.ENSP00000329668,0,0,0,0,0.25,0.25,0.25,0.25
9606.ENSP00000328358,0,0,0,0,1,0,0,0
9606.ENSP00000388402,71.6,509.9,1,1,1,0,0,0
9606.ENSP00000400906,91.3,199.9,1,1,0,1,0,0
9606.ENSP00000397297,0,2.6,0,1,1,0,0,0
9606.ENSP00000330753,12.3,38.2,1,1,0,0,0,1
9606.ENSP00000331214,0,0,0,0,0.25,0.25,0.25,0.25
9606.ENSP00000402758,1.9,3,1,1,1,0,0,0
9606.ENSP00000351614,4,0.1,1,1,1,0,0,0
9606.ENSP00000362103,0,0,0,0,0.25,0.25,0.25,0.25
9606.ENSP00000327968,1,0.1,1,1,0.25,0.25,0.25,0.25
9606.ENSP00000378286,2.1,2.2,1,1,1,0,0,0
9606.ENSP00000327533,0.3,0.1,1,1,0.25,0.25,0.25,0.25
9606.ENSP00000362869,0,0,0,0,0.25,0.25,0.25,0.25
9606.ENSP00000445675,0.6,0,1,0,1,0,0,0
9606.ENSP00000429633,2.1,0.4,1,1,1,0,0,0
9606.ENSP00000454926,21.8,17.8,1,1,0.25,0.25,0.25,0.25
9606.ENSP00000329715,78.6,41.5,1,1,0,1,0,0
9606.ENSP00000459943,17.3,16.9,1,1,0,0,1,0
9606.ENSP00000478490,30.9,55.1,1,1,0.25,0.25,0.25,0.25
9606.ENSP00000328515,11.4,4.7,1,1,0.25,0.25,0.25,0.25
9606.ENSP00000370713,0,0,0,0,0.25,0.25,0.25,0.25
9606.ENSP00000361214,0,0,0,0,0.25,0.25,0.25,0.25
9606.ENSP00000382518,0,0,0,0,1,0,0,0
9606.ENSP00000331581,0,0,0,0,1,0,0,0
9606.ENSP00000360869,1.2,15,1,1,0,0,1,0
9606.ENSP00000330488,4.8,9.7,1,1,1,0,0,0
9606.ENSP00000438400,0,0,0,0,0.25,0.25,0.25,0.25
9606.ENSP00000345055,0,0,0,0,1,0,0,0
9606.ENSP00000327608,2.8,1.5,1,1,0.25,0.25,0.25,0.25
9606.ENSP00000371587,0,0,0,0,0.25,0.25,0.25,0.25
9606.ENSP00000329825,0,0,0,0,0.25,0.25,0.25,0.25
9606.ENSP00000331310,407.4,359.4,1,1,0,0,1,0
9606.ENSP00000331857,0,0,0,0,0.25,0.25,0.25,0.25
9606.ENSP00000328079,14.2,3.3,1,1,1,0,0,0
9606.ENSP00000270223,15.6,5.5,1,1,1,0,0,0
9606.ENSP00000436768,38.1,3.7,1,1,1,0,0,0
9606.ENSP00000420037,23,91.2,1,1,0,0,1,0
9606.ENSP00000331614,0,2.5,0,1,1,0,0,0
9606.ENSP00000442050,241,165.3,1,1,0,0,1,0
9606.ENSP00000413064,5.6,0,1,0,0.25,0.25,0.25,0.25
9606.ENSP00000328402,0,0,0,0,0.25,0.25,0.25,0.25
9606.ENSP00000333735,0.1,0,1,0,0.25,0.25,0.25,0.25
9606.ENSP00000392330,329.5,192.9,1,1,0,1,0,0
9606.ENSP00000337478,11.5,0.4,1,1,0,0,0,1
9606.ENSP00000331313,8.9,1.9,1,1,0,1,0,0
9606.ENSP00000383737,4,4.7,1,1,1,0,0,0
9606.ENSP00000356886,0,0,0,0,0.25,0.25,0.25,0.25
9606.ENSP00000333779,0,4.1,0,1,1,0,0,0
9606.ENSP00000456333,0,0,0,0,1,0,0,0
9606.ENSP00000404439,40.6,0.4,1,1,0,0,1,0
9606.ENSP00000428679,0.4,0.7,1,1,0.25,0.25,0.25,0.25
9606.ENSP00000330475,0,0,0,0,0.25,0.25,0.25,0.25
9606.ENSP00000434887,2.8,8.6,1,1,0.25,0.25,0.25,0.25
9606.ENSP00000453177,0,6.5,0,1,1,0,0,0
9606.ENSP00000329757,248.9,0.6,1,1,0.25,0.25,0.25,0.25
9606.ENSP00000386187,10.2,19.6,1,1,1,0,0,0
9606.ENSP00000355719,0,0,0,0,0.25,0.25,0.25,0.25
9606.ENSP00000333298,172.9,252.4,1,1,0,0,0,1
9606.ENSP00000328230,0,0,0,0,1,0,0,0
9606.ENSP00000327724,0,0,0,0,0.25,0.25,0.25,0.25
9606.ENSP00000331258,12.7,9.4,1,1,0,0,1,0
9606.ENSP00000327506,0.1,0.2,1,1,0.25,0.25,0.25,0.25
9606.ENSP00000327468,12.9,8.5,1,1,0,0,0,1
9606.ENSP00000368813,0,0,0,0,0.25,0.25,0.25,0.25
9606.ENSP00000382163,12.6,3.8,1,1,0,1,0,0
9606.ENSP00000332353,4.8,3.1,1,1,0,1,0,0
9606.ENSP00000330631,0,3.3,0,1,0.25,0.25,0.25,0.25
9606.ENSP00000329056,0,0,0,0,0.25,0.25,0.25,0.25
9606.ENSP00000329926,0,0,0,0,1,0,0,0
9606.ENSP00000382584,0,0,0,0,0.25,0.25,0.25,0.25
9606.ENSP00000429073,0.3,1.8,1,1,1,0,0,0
9606.ENSP00000432886,9.4,8.6,1,1,0.25,0.25,0.25,0.25
9606.ENSP00000300870,15.5,4.1,1,1,1,0,0,0
9606.ENSP00000365016,0,133.1,0,1,0,0,1,0
9606.ENSP00000327732,0.1,0,1,0,1,0,0,0
9606.ENSP00000329995,0.1,0,1,0,0.25,0.25,0.25,0.25
9606.ENSP00000370990,0.2,0,1,0,0.25,0.25,0.25,0.25
9606.ENSP00000335006,0,0,0,0,0.25,0.25,0.25,0.25
9606.ENSP00000349351,19.7,7.1,1,1,1,0,0,0
9606.ENSP00000357778,0,0,0,0,0.25,0.25,0.25,0.25
9606.ENSP00000334996,0,0,0,0,0.25,0.25,0.25,0.25
9606.ENSP00000335261,10.3,11.9,1,1,0,0,1,0
9606.ENSP00000334876,0,0,0,0,1,0,0,0
9606.ENSP00000335382,0,0,0,0,0.25,0.25,0.25,0.25
9606.ENSP00000359521,0,0,0,0,0.25,0.25,0.25,0.25
9606.ENSP00000466248,0,0,0,0,1,0,0,0
9606.ENSP00000335029,0,2.6,0,1,0,0,1,0
9606.ENSP00000334375,19,11,1,1,0,1,0,0
9606.ENSP00000356121,0.1,0,1,0,0.25,0.25,0.25,0.25
9606.ENSP00000334216,0,0,0,0,1,0,0,0
9606.ENSP00000423673,681,356.3,1,1,0,0,0,1
9606.ENSP00000376010,4.8,3,1,1,0.25,0.25,0.25,0.25
9606.ENSP00000465578,4.4,4.9,1,1,0,0,1,0
9606.ENSP00000411032,1.2,0.5,1,1,0.25,0.25,0.25,0.25
9606.ENSP00000406050,0,0,0,0,1,0,0,0
9606.ENSP00000420976,0,0,0,0,0.25,0.25,0.25,0.25
9606.ENSP00000307014,0,0,0,0,1,0,0,0
9606.ENSP00000334547,0,0,0,0,0.25,0.25,0.25,0.25
9606.ENSP00000339161,51.3,33.5,1,1,0,0,1,0
9606.ENSP00000455397,8,2,1,1,0,1,0,0
9606.ENSP00000462309,0,0.1,0,1,1,0,0,0
9606.ENSP00000335384,0,0,0,0,1,0,0,0
9606.ENSP00000252242,0.3,0,1,0,1,0,0,0
9606.ENSP00000402703,0,0,0,0,0.25,0.25,0.25,0.25
9606.ENSP00000257626,9.9,14.1,1,1,0.25,0.25,0.25,0.25
9606.ENSP00000371929,0,0,0,0,0.25,0.25,0.25,0.25
9606.ENSP00000334393,0,0,0,0,0.25,0.25,0.25,0.25
9606.ENSP00000360905,0,0.2,0,1,1,0,0,0
9606.ENSP00000335578,0.3,0,1,0,0.25,0.25,0.25,0.25
9606.ENSP00000334592,0.7,7.1,1,1,0,0,0,1
9606.ENSP00000399441,0,0,0,0,0.25,0.25,0.25,0.25
9606.ENSP00000429015,18.2,31.6,1,1,1,0,0,0
9606.ENSP00000466363,14.4,3,1,1,0,1,0,0
9606.ENSP00000334456,0,0,0,0,0.25,0.25,0.25,0.25
9606.ENSP00000221700,3.8,114.8,1,1,0,0,0,1
9606.ENSP00000455854,0,0,0,0,0.25,0.25,0.25,0.25
9606.ENSP00000335025,0,0,0,0,0.25,0.25,0.25,0.25
9606.ENSP00000362763,5.3,4,1,1,1,0,0,0
9606.ENSP00000386302,11.5,10.2,1,1,0,0,1,0
9606.ENSP00000334050,0,0,0,0,0.25,0.25,0.25,0.25
9606.ENSP00000334564,17.1,5.4,1,1,1,0,0,0
9606.ENSP00000335017,0,0,0,0,0.25,0.25,0.25,0.25
9606.ENSP00000335538,0,0,0,0,0.25,0.25,0.25,0.25
9606.ENSP00000334044,0,0,0,0,1,0,0,0
9606.ENSP00000457230,15.8,22.3,1,1,0,1,0,0
9606.ENSP00000334246,0,0,0,0,0.25,0.25,0.25,0.25
9606.ENSP00000334767,5.1,7.9,1,1,1,0,0,0
9606.ENSP00000335320,29,7.3,1,1,0,1,0,0
9606.ENSP00000302478,278.6,95.2,1,1,0.25,0.25,0.25,0.25
9606.ENSP00000465992,22.4,0,1,0,1,0,0,0
9606.ENSP00000335091,59.3,11.3,1,1,0,0,1,0
9606.ENSP00000360538,0.1,0,1,0,0.25,0.25,0.25,0.25
9606.ENSP00000364643,0,0,0,0,0.25,0.25,0.25,0.25
9606.ENSP00000364632,0,0,0,0,0.25,0.25,0.25,0.25
9606.ENSP00000386348,64.7,0,1,0,0,1,0,0
9606.ENSP00000335076,1.2,0.1,1,1,0,0,1,0
9606.ENSP00000335292,18.7,1.1,1,1,1,0,0,0
9606.ENSP00000448998,13.4,20.3,1,1,0,1,0,0
9606.ENSP00000355877,59.8,25.3,1,1,0,0,1,0
9606.ENSP00000333952,0,0,0,0,0.25,0.25,0.25,0.25
9606.ENSP00000334879,0.5,14,1,1,0,1,0,0
9606.ENSP00000318128,24.8,25.7,1,1,0,1,0,0
9606.ENSP00000357759,0.4,0,1,0,0.25,0.25,0.25,0.25
9606.ENSP00000333980,3.5,4.3,1,1,0.25,0.25,0.25,0.25
9606.ENSP00000358265,0.1,1.2,1,1,1,0,0,0
9606.ENSP00000339086,14.5,24.5,1,1,1,0,0,0
9606.ENSP00000333919,0,0,0,0,1,0,0,0
9606.ENSP00000471905,3.2,1.1,1,1,0.25,0.25,0.25,0.25
9606.ENSP00000334181,1.6,0.7,1,1,1,0,0,0
9606.ENSP00000389395,0,0,0,0,1,0,0,0
9606.ENSP00000356599,46.2,11.4,1,1,0,0,1,0
9606.ENSP00000362618,0.1,0,1,0,1,0,0,0
9606.ENSP00000335592,0,0,0,0,0.25,0.25,0.25,0.25
9606.ENSP00000341779,202,47,1,1,0,0,1,0
9606.ENSP00000334853,4.2,1.7,1,1,0.25,0.25,0.25,0.25
9606.ENSP00000334115,0,0,0,0,0.25,0.25,0.25,0.25
9606.ENSP00000362171,0.1,0,1,0,0.25,0.25,0.25,0.25
9606.ENSP00000335675,10.4,2.9,1,1,0.25,0.25,0.25,0.25
9606.ENSP00000318585,6.1,33,1,1,0,0,1,0
9606.ENSP00000334134,0,0,0,0,1,0,0,0
9606.ENSP00000334072,1.5,0,1,0,0.25,0.25,0.25,0.25
9606.ENSP00000366942,0,0.2,0,1,0.25,0.25,0.25,0.25
9606.ENSP00000334223,0,0,0,0,1,0,0,0
9606.ENSP00000355751,0,0,0,0,0,1,0,0
9606.ENSP00000419692,33.8,197.1,1,1,0,0,1,0
9606.ENSP00000335147,8.7,31.2,1,1,0,0,0,1
9606.ENSP00000334437,2.1,0.3,1,1,1,0,0,0
9606.ENSP00000454268,0.1,0,1,0,0.25,0.25,0.25,0.25
9606.ENSP00000359802,3.6,4.7,1,1,0,0,1,0
9606.ENSP00000360968,0,2.2,0,1,1,0,0,0
9606.ENSP00000334798,0,0,0,0,1,0,0,0
9606.ENSP00000269576,20.3,267.8,1,1,1,0,0,0
9606.ENSP00000323217,0,0.3,0,1,0.25,0.25,0.25,0.25
9606.ENSP00000376395,0.1,0.3,1,1,0.25,0.25,0.25,0.25
9606.ENSP00000339280,0.8,1,1,1,0,1,0,0
9606.ENSP00000442308,10.4,3.2,1,1,0.25,0.25,0.25,0.25
9606.ENSP00000335196,0.2,0.2,1,1,1,0,0,0
9606.ENSP00000347714,0,0,0,0,1,0,0,0
9606.ENSP00000334373,15,33.4,1,1,0,0,0,1
9606.ENSP00000439281,0,0,0,0,0,1,0,0
9606.ENSP00000334721,0,0,0,0,0.25,0.25,0.25,0.25
9606.ENSP00000413479,0,0,0,0,0.25,0.25,0.25,0.25
9606.ENSP00000482632,0.8,1,1,1,0.25,0.25,0.25,0.25
9606.ENSP00000379370,1.8,7.6,1,1,0.25,0.25,0.25,0.25
9606.ENSP00000335392,0.2,0,1,0,1,0,0,0
9606.ENSP00000381476,0,0.1,0,1,0.25,0.25,0.25,0.25
9606.ENSP00000295150,0,0,0,0,0.25,0.25,0.25,0.25
9606.ENSP00000371813,0,1.4,0,1,1,0,0,0
9606.ENSP00000362616,0.2,0.7,1,1,0.25,0.25,0.25,0.25
9606.ENSP00000296674,4035,3394.4,1,1,0,0,1,0
9606.ENSP00000334448,0,1.2,0,1,1,0,0,0
9606.ENSP00000348751,18.7,9.9,1,1,1,0,0,0
9606.ENSP00000360485,0.4,0,1,0,1,0,0,0
9606.ENSP00000334319,0,0.2,0,1,0,1,0,0
9606.ENSP00000250351,0,0,0,0,0.25,0.25,0.25,0.25
9606.ENSP00000334851,0,0,0,0,0,0,1,0
9606.ENSP00000344741,0.2,687.7,1,1,0.25,0.25,0.25,0.25
9606.ENSP00000396103,0,0.4,0,1,0.25,0.25,0.25,0.25
9606.ENSP00000302310,1.7,1,1,1,0,0,1,0
9606.ENSP00000483276,30.5,15.1,1,1,1,0,0,0
9606.ENSP00000334934,0,0,0,0,0.25,0.25,0.25,0.25
9606.ENSP00000332771,0,0,0,0,1,0,0,0
9606.ENSP00000308714,0,0,0,0,0.25,0.25,0.25,0.25
9606.ENSP00000356992,0.1,1.2,1,1,0,1,0,0
9606.ENSP00000380824,92.3,35.3,1,1,0,1,0,0
9606.ENSP00000407067,0.4,1,1,1,0.25,0.25,0.25,0.25
9606.ENSP00000477567,0,0,0,0,1,0,0,0
9606.ENSP00000221307,20.2,448.3,1,1,0,0,0,1
9606.ENSP00000304360,6.7,5.4,1,1,1,0,0,0
9606.ENSP00000334330,0,0,0,0,0.25,0.25,0.25,0.25
9606.ENSP00000335493,0.1,2,1,1,0.25,0.25,0.25,0.25
9606.ENSP00000467556,24.7,17.3,1,1,0,0,1,0
9606.ENSP00000384887,2.8,2.2,1,1,0.25,0.25,0.25,0.25
9606.ENSP00000334681,0,0,0,0,1,0,0,0
9606.ENSP00000344666,22.5,12.7,1,1,0,0,0,1
9606.ENSP00000417604,16.2,21.4,1,1,0,1,0,0
9606.ENSP00000335307,0,0,0,0,1,0,0,0
9606.ENSP00000366690,0,0,0,0,0.25,0.25,0.25,0.25
9606.ENSP00000347836,28.6,67.1,1,1,0,0,1,0
9606.ENSP00000335281,0,0,0,0,0.25,0.25,0.25,0.25
9606.ENSP00000335060,0.1,0.1,1,1,0.25,0.25,0.25,0.25
9606.ENSP00000356381,23.3,9.3,1,1,0,1,0,0
9606.ENSP00000335651,0.9,0,1,0,0.25,0.25,0.25,0.25
9606.ENSP00000377233,72.1,8.7,1,1,0,1,0,0
9606.ENSP00000368464,1.7,0,1,0,0.25,0.25,0.25,0.25
9606.ENSP00000334910,0.5,1.4,1,1,1,0,0,0
9606.ENSP00000340467,0.1,7.3,1,1,0.25,0.25,0.25,0.25
9606.ENSP00000312134,0,0.1,0,1,1,0,0,0
9606.ENSP00000384848,26.4,16,1,1,1,0,0,0
9606.ENSP00000339030,24.8,50.7,1,1,0,0,0,1
9606.ENSP00000402020,15,19.8,1,1,0,0,1,0
9606.ENSP00000335201,1.7,7.2,1,1,0,1,0,0
9606.ENSP00000362457,0,0,0,0,0.25,0.25,0.25,0.25
9606.ENSP00000334128,0.1,0.9,1,1,0.25,0.25,0.25,0.25
9606.ENSP00000368688,7.9,25.4,1,1,0,0,0,1
9606.ENSP00000333915,0.1,0,1,0,1,0,0,0
9606.ENSP00000335325,0,0.4,0,1,0.25,0.25,0.25,0.25
9606.ENSP00000303507,26.1,15.9,1,1,0,0,1,0
9606.ENSP00000335596,0.2,0.3,1,1,0.25,0.25,0.25,0.25
9606.ENSP00000388137,0,10.2,0,1,0.25,0.25,0.25,0.25
9606.ENSP00000334665,0.1,0,1,0,1,0,0,0
9606.ENSP00000373572,0,0,0,0,0.25,0.25,0.25,0.25
9606.ENSP00000334163,4.6,1,1,1,0.25,0.25,0.25,0.25
9606.ENSP00000415774,0,0,0,0,0.25,0.25,0.25,0.25
9606.ENSP00000335008,15.1,5.9,1,1,1,0,0,0
9606.ENSP00000341988,0,0,0,0,0.25,0.25,0.25,0.25
9606.ENSP00000334472,0,0,0,0,0.25,0.25,0.25,0.25
9606.ENSP00000337425,7.8,1.7,1,1,0.25,0.25,0.25,0.25
9606.ENSP00000334650,0,0,0,0,0.25,0.25,0.25,0.25
9606.ENSP00000369566,0,0,0,0,0.25,0.25,0.25,0.25
9606.ENSP00000335623,5.1,0.9,1,1,0.25,0.25,0.25,0.25
9606.ENSP00000362795,0.1,0.7,1,1,1,0,0,0
9606.ENSP00000331577,7.3,9.5,1,1,0,1,0,0
9606.ENSP00000392371,6.5,3.7,1,1,1,0,0,0
9606.ENSP00000448083,18.3,17.5,1,1,0,0,1,0
9606.ENSP00000375616,0,0.7,0,1,1,0,0,0
9606.ENSP00000368538,0,0.2,0,1,1,0,0,0
9606.ENSP00000301653,0,0,0,0,1,0,0,0
9606.ENSP00000328773,54.9,41.7,1,1,0,0,1,0
9606.ENSP00000333956,0.1,0,1,0,0.25,0.25,0.25,0.25
9606.ENSP00000334869,0,0,0,0,0.25,0.25,0.25,0.25
9606.ENSP00000167586,0,0,0,0,1,0,0,0
9606.ENSP00000387075,0,0,0,0,0,0,1,0
9606.ENSP00000333993,0,0,0,0,0.25,0.25,0.25,0.25
9606.ENSP00000480489,3,0,1,0,0.25,0.25,0.25,0.25
9606.ENSP00000339613,23.9,7.5,1,1,0.25,0.25,0.25,0.25
9606.ENSP00000377948,0,0,0,0,1,0,0,0
9606.ENSP00000340820,4,0.4,1,1,1,0,0,0
9606.ENSP00000334675,6.1,0,1,0,1,0,0,0
9606.ENSP00000334452,0,0,0,0,0.25,0.25,0.25,0.25
9606.ENSP00000335094,0.3,1.9,1,1,1,0,0,0
9606.ENSP00000328207,0,0.7,0,1,1,0,0,0
9606.ENSP00000334122,0,0,0,0,1,0,0,0
9606.ENSP00000335285,0,0,0,0,0.25,0.25,0.25,0.25
9606.ENSP00000335397,9.3,12,1,1,0.25,0.25,0.25,0.25
9606.ENSP00000403397,12,9.8,1,1,1,0,0,0
9606.ENSP00000335024,109.8,262.5,1,1,0.25,0.25,0.25,0.25
9606.ENSP00000363643,0.1,0,1,0,0.25,0.25,0.25,0.25
9606.ENSP00000340494,16.9,26,1,1,0,0,1,0
9606.ENSP00000334854,0,0,0,0,0.25,0.25,0.25,0.25
9606.ENSP00000333887,0,0,0,0,0.25,0.25,0.25,0.25
9606.ENSP00000375107,0,0,0,0,0.25,0.25,0.25,0.25
9606.ENSP00000334560,0,0,0,0,0.25,0.25,0.25,0.25
9606.ENSP00000334068,0,0,0,0,0.25,0.25,0.25,0.25
9606.ENSP00000385523,12.2,126.6,1,1,0,0,1,0
9606.ENSP00000401477,0,0.3,0,1,0.25,0.25,0.25,0.25
9606.ENSP00000335660,0,0,0,0,0.25,0.25,0.25,0.25
9606.ENSP00000335567,0,0,0,0,0.25,0.25,0.25,0.25
9606.ENSP00000334866,0,0,0,0,0.25,0.25,0.25,0.25
9606.ENSP00000334834,0,0,0,0,0.25,0.25,0.25,0.25
9606.ENSP00000334415,0.7,0.2,1,1,1,0,0,0
9606.ENSP00000262726,0,0.4,0,1,0.25,0.25,0.25,0.25
9606.ENSP00000334985,0,0,0,0,0.25,0.25,0.25,0.25
9606.ENSP00000346536,0,0,0,0,0.25,0.25,0.25,0.25
9606.ENSP00000328923,0.5,0.8,1,1,1,0,0,0
9606.ENSP00000335481,1.1,1.5,1,1,1,0,0,0
9606.ENSP00000334300,0,0,0,0,1,0,0,0
9606.ENSP00000335566,0,0,0,0,0.25,0.25,0.25,0.25
9606.ENSP00000339577,0.3,0,1,0,1,0,0,0
9606.ENSP00000367059,120.8,107.2,1,1,0,0,1,0
9606.ENSP00000433933,0,0,0,0,0.25,0.25,0.25,0.25
9606.ENSP00000418661,13.4,33.3,1,1,0,1,0,0
9606.ENSP00000334287,0,0,0,0,0.25,0.25,0.25,0.25
9606.ENSP00000391299,0,0.2,0,1,0.25,0.25,0.25,0.25
9606.ENSP00000390410,0,0,0,0,0.25,0.25,0.25,0.25
9606.ENSP00000371211,11.1,73,1,1,0.25,0.25,0.25,0.25
9606.ENSP00000311095,0,454.5,0,1,0.25,0.25,0.25,0.25
9606.ENSP00000440638,29.5,2.8,1,1,0.25,0.25,0.25,0.25
9606.ENSP00000333948,106.6,204.5,1,1,0,1,0,0
9606.ENSP00000334611,0,0,0,0,1,0,0,0
9606.ENSP00000432459,0.1,0,1,0,0.25,0.25,0.25,0.25
9606.ENSP00000334974,0.7,0,1,0,0.25,0.25,0.25,0.25
9606.ENSP00000435233,16.5,44.5,1,1,0.25,0.25,0.25,0.25
9606.ENSP00000355436,0,0,0,0,0.25,0.25,0.25,0.25
9606.ENSP00000334364,0,0,0,0,1,0,0,0
9606.ENSP00000430344,6.5,4.9,1,1,0,1,0,0
9606.ENSP00000379472,0.1,0,1,0,1,0,0,0
9606.ENSP00000335246,35.8,116.9,1,1,0,0,0,1
9606.ENSP00000295600,0.3,2.7,1,1,1,0,0,0
9606.ENSP00000450444,0.3,0.6,1,1,1,0,0,0
9606.ENSP00000477538,632.5,151.6,1,1,0,1,0,0
9606.ENSP00000404236,0,0.4,0,1,0.25,0.25,0.25,0.25
9606.ENSP00000418348,14.6,109,1,1,0,0,1,0
9606.ENSP00000266058,0,0,0,0,0.25,0.25,0.25,0.25
9606.ENSP00000334463,0.1,0,1,0,1,0,0,0
9606.ENSP00000370254,3336.1,763.5,1,1,0,0,0,1
9606.ENSP00000335038,0,0,0,0,0.25,0.25,0.25,0.25
9606.ENSP00000360157,0,0,0,0,0.25,0.25,0.25,0.25
9606.ENSP00000335612,3.1,0,1,0,0.25,0.25,0.25,0.25
9606.ENSP00000347548,23.4,30.1,1,1,0,0,1,0
9606.ENSP00000335255,0,0,0,0,0.25,0.25,0.25,0.25
9606.ENSP00000347532,11.9,53.5,1,1,1,0,0,0
9606.ENSP00000334805,0,0,0,0,0,1,0,0
9606.ENSP00000357766,0,0,0,0,0.25,0.25,0.25,0.25
9606.ENSP00000357768,0,0,0,0,0.25,0.25,0.25,0.25
9606.ENSP00000375475,0,0,0,0,0.25,0.25,0.25,0.25
9606.ENSP00000357772,0,0,0,0,0.25,0.25,0.25,0.25
9606.ENSP00000339823,0.8,2.4,1,1,0.25,0.25,0.25,0.25
9606.ENSP00000410943,24.2,3.1,1,1,0,0,1,0
9606.ENSP00000377995,77.8,9983.4,1,1,0.25,0.25,0.25,0.25
9606.ENSP00000415454,0.5,0.6,1,1,0,0,1,0
9606.ENSP00000357773,0,0.1,0,1,0.25,0.25,0.25,0.25
9606.ENSP00000415332,19.2,8.7,1,1,0,0,1,0
9606.ENSP00000335358,0,0,0,0,0.25,0.25,0.25,0.25
9606.ENSP00000413625,16.1,15.3,1,1,1,0,0,0
9606.ENSP00000381167,0.1,0.2,1,1,1,0,0,0
9606.ENSP00000251643,0,0,0,0,1,0,0,0
9606.ENSP00000421861,32,0,1,0,1,0,0,0
9606.ENSP00000270233,209,22.6,1,1,1,0,0,0
9606.ENSP00000334040,13.5,57.9,1,1,1,0,0,0
9606.ENSP00000370950,0.1,0,1,0,0.25,0.25,0.25,0.25
9606.ENSP00000419162,0,0.2,0,1,0.25,0.25,0.25,0.25
9606.ENSP00000222139,2.4,3.5,1,1,0.25,0.25,0.25,0.25
9606.ENSP00000334430,0,0,0,0,0.25,0.25,0.25,0.25
9606.ENSP00000254072,0,0,0,0,0.25,0.25,0.25,0.25
9606.ENSP00000373328,12.8,0.8,1,1,0,0,1,0
9606.ENSP00000389140,0,0,0,0,1,0,0,0
9606.ENSP00000339917,22.8,5.5,1,1,1,0,0,0
9606.ENSP00000345491,0.8,0.8,1,1,0.25,0.25,0.25,0.25
9606.ENSP00000346151,1.5,2.8,1,1,0,1,0,0
9606.ENSP00000336817,0,0,0,0,1,0,0,0
9606.ENSP00000393128,0,0,0,0,0.25,0.25,0.25,0.25
9606.ENSP00000335632,79.5,347.2,1,1,0,0,1,0
9606.ENSP00000341821,0,1,0,1,0.25,0.25,0.25,0.25
9606.ENSP00000341214,0,0,0,0,1,0,0,0
9606.ENSP00000479976,0,6.4,0,1,1,0,0,0
9606.ENSP00000345708,0.5,1.1,1,1,0,0,1,0
9606.ENSP00000391409,0.2,0,1,0,1,0,0,0
9606.ENSP00000364979,0.1,0.7,1,1,1,0,0,0
9606.ENSP00000344961,0,0.2,0,1,0.25,0.25,0.25,0.25
9606.ENSP00000343676,0,2.7,0,1,0,0,1,0
9606.ENSP00000344547,1948.9,1523.7,1,1,0,0,1,0
9606.ENSP00000339511,0,0,0,0,1,0,0,0
9606.ENSP00000367623,26.7,7.8,1,1,0,1,0,0
9606.ENSP00000341942,0,0,0,0,0.25,0.25,0.25,0.25
9606.ENSP00000329466,24.9,15.2,1,1,1,0,0,0
9606.ENSP00000343172,0,0.1,0,1,1,0,0,0
9606.ENSP00000406012,8.1,0.5,1,1,1,0,0,0
9606.ENSP00000448062,0,0,0,0,0.25,0.25,0.25,0.25
9606.ENSP00000235347,0,0,0,0,0.25,0.25,0.25,0.25
9606.ENSP00000341662,0.6,75.3,1,1,0.25,0.25,0.25,0.25
9606.ENSP00000389015,1.5,0,1,0,1,0,0,0
9606.ENSP00000285949,0,0,0,0,0.25,0.25,0.25,0.25
9606.ENSP00000440643,0,0.9,0,1,0.25,0.25,0.25,0.25
9606.ENSP00000343535,118.9,34.5,1,1,0,0,1,0
9606.ENSP00000341992,0,0.2,0,1,1,0,0,0
9606.ENSP00000341961,0,0,0,0,0.25,0.25,0.25,0.25
9606.ENSP00000345464,0.2,3.5,1,1,0.25,0.25,0.25,0.25
9606.ENSP00000339250,0,0,0,0,0.25,0.25,0.25,0.25
9606.ENSP00000340568,0,0,0,0,1,0,0,0
9606.ENSP00000368720,2.7,0.1,1,1,1,0,0,0
9606.ENSP00000480744,11.2,0,1,0,0.25,0.25,0.25,0.25
9606.ENSP00000343706,6.4,12.4,1,1,0,1,0,0
9606.ENSP00000386869,6.8,4.4,1,1,1,0,0,0
9606.ENSP00000464218,20.8,0.4,1,1,0.25,0.25,0.25,0.25
9606.ENSP00000368699,51.6,65,1,1,1,0,0,0
9606.ENSP00000340474,9.5,6.8,1,1,1,0,0,0
9606.ENSP00000342448,0,0,0,0,0.25,0.25,0.25,0.25
9606.ENSP00000419712,0,0,0,0,0.25,0.25,0.25,0.25
9606.ENSP00000353245,0.4,7.4,1,1,0,1,0,0
9606.ENSP00000366509,2.4,1.7,1,1,0,1,0,0
9606.ENSP00000453170,0,0,0,0,0,1,0,0
9606.ENSP00000334801,50.3,206.2,1,1,0.25,0.25,0.25,0.25
9606.ENSP00000342313,0.3,0.1,1,1,0.25,0.25,0.25,0.25
9606.ENSP00000414022,0,0,0,0,1,0,0,0
9606.ENSP00000343348,1.7,4.7,1,1,0.25,0.25,0.25,0.25
9606.ENSP00000387027,0,0,0,0,0.25,0.25,0.25,0.25
9606.ENSP00000291481,0.1,0,1,0,1,0,0,0
9606.ENSP00000288221,0,0,0,0,1,0,0,0
9606.ENSP00000343002,5.4,6.6,1,1,0.25,0.25,0.25,0.25
9606.ENSP00000344967,21.7,2.4,1,1,0,0,0,1
9606.ENSP00000339136,0.1,0.5,1,1,0.25,0.25,0.25,0.25
9606.ENSP00000342222,19.3,0.1,1,1,1,0,0,0
9606.ENSP00000341013,0,0,0,0,0.25,0.25,0.25,0.25
9606.ENSP00000342680,0,0,0,0,1,0,0,0
9606.ENSP00000345107,4.8,3.9,1,1,0,1,0,0
9606.ENSP00000342008,0,0,0,0,0.25,0.25,0.25,0.25
9606.ENSP00000375053,41.5,43.6,1,1,0.25,0.25,0.25,0.25
9606.ENSP00000363229,0,0,0,0,0.25,0.25,0.25,0.25
9606.ENSP00000385957,0,0,0,0,0.25,0.25,0.25,0.25
9606.ENSP00000347484,0,10.7,0,1,0.25,0.25,0.25,0.25
9606.ENSP00000344431,1.1,0,1,0,1,0,0,0
9606.ENSP00000367848,0,0.2,0,1,1,0,0,0
9606.ENSP00000359096,0,0,0,0,1,0,0,0
9606.ENSP00000428426,135.2,154.8,1,1,0,1,0,0
9606.ENSP00000349313,17.5,5.1,1,1,0,0,1,0
9606.ENSP00000373952,53,2.9,1,1,0.25,0.25,0.25,0.25
9606.ENSP00000364965,29.6,33.6,1,1,0,0,1,0
9606.ENSP00000341581,0,0,0,0,0.25,0.25,0.25,0.25
9606.ENSP00000344865,0.5,0.2,1,1,0.25,0.25,0.25,0.25
9606.ENSP00000298181,0.1,0,1,0,1,0,0,0
9606.ENSP00000209668,0,210.6,0,1,0,0,1,0
9606.ENSP00000416523,0.8,1.5,1,1,0,0,0,1
9606.ENSP00000335565,0,0,0,0,0.25,0.25,0.25,0.25
9606.ENSP00000344401,37.7,0,1,0,1,0,0,0
9606.ENSP00000344331,0,0.1,0,1,1,0,0,0
9606.ENSP00000374490,0.4,0,1,0,1,0,0,0
9606.ENSP00000349640,55.7,10.4,1,1,0,0,1,0
9606.ENSP00000374234,0,0,0,0,1,0,0,0
9606.ENSP00000267430,5.4,1.2,1,1,0.25,0.25,0.25,0.25
9606.ENSP00000339314,1.7,0.2,1,1,0.25,0.25,0.25,0.25
9606.ENSP00000360797,5,0.2,1,1,1,0,0,0
9606.ENSP00000344465,0.4,0.5,1,1,1,0,0,0
9606.ENSP00000399664,5.4,0.1,1,1,0,1,0,0
9606.ENSP00000340212,0,0,0,0,0.25,0.25,0.25,0.25
9606.ENSP00000340975,1.7,0,1,0,0.25,0.25,0.25,0.25
9606.ENSP00000361791,4.2,0.8,1,1,0.25,0.25,0.25,0.25
9606.ENSP00000426033,0,0,0,0,1,0,0,0
9606.ENSP00000340590,0,0.1,0,1,0.25,0.25,0.25,0.25
9606.ENSP00000339830,3,186.4,1,1,0.25,0.25,0.25,0.25
9606.ENSP00000387124,0,0,0,0,0.25,0.25,0.25,0.25
9606.ENSP00000339566,20.8,157.4,1,1,0,0,0,1
9606.ENSP00000438547,5,0.1,1,1,0,0,0,1
9606.ENSP00000340691,134.8,116.6,1,1,0,1,0,0
9606.ENSP00000343339,0,0,0,0,0.25,0.25,0.25,0.25
9606.ENSP00000345420,0,0,0,0,0.25,0.25,0.25,0.25
9606.ENSP00000368987,0,0,0,0,0.25,0.25,0.25,0.25
9606.ENSP00000385357,1.6,0.7,1,1,0.25,0.25,0.25,0.25
9606.ENSP00000357219,0.1,0,1,0,0.25,0.25,0.25,0.25
9606.ENSP00000377807,4.9,18.5,1,1,0,0,1,0
9606.ENSP00000344996,2.6,35.1,1,1,0,1,0,0
9606.ENSP00000343636,0.1,0,1,0,0.25,0.25,0.25,0.25
9606.ENSP00000345972,0.6,27.1,1,1,0.25,0.25,0.25,0.25
9606.ENSP00000365503,0,0,0,0,0.25,0.25,0.25,0.25
9606.ENSP00000394078,0,0.1,0,1,0.25,0.25,0.25,0.25
9606.ENSP00000357905,0,0,0,0,1,0,0,0
9606.ENSP00000393719,0.1,0,1,0,0.25,0.25,0.25,0.25
9606.ENSP00000341987,0,0,0,0,0.25,0.25,0.25,0.25
9606.ENSP00000418491,0.5,0,1,0,1,0,0,0
9606.ENSP00000340988,0.1,0,1,0,0,1,0,0
9606.ENSP00000339384,0,0,0,0,0.25,0.25,0.25,0.25
9606.ENSP00000326708,0,0,0,0,0.25,0.25,0.25,0.25
9606.ENSP00000387426,22.9,42.7,1,1,0,0,1,0
9606.ENSP00000297848,0,0,0,0,0,0,1,0
9606.ENSP00000345229,0,0,0,0,1,0,0,0
9606.ENSP00000343900,2.5,0,1,0,0.25,0.25,0.25,0.25
9606.ENSP00000343930,11,0.5,1,1,0,1,0,0
9606.ENSP00000345633,0,0,0,0,1,0,0,0
9606.ENSP00000247992,0,0.8,0,1,0.25,0.25,0.25,0.25
9606.ENSP00000289788,0.1,0,1,0,1,0,0,0
9606.ENSP00000467107,3.7,7.9,1,1,0.25,0.25,0.25,0.25
9606.ENSP00000343493,0.6,0.4,1,1,0.25,0.25,0.25,0.25
9606.ENSP00000345563,0.2,0,1,0,0.25,0.25,0.25,0.25
9606.ENSP00000341031,0,7.9,0,1,1,0,0,0
9606.ENSP00000386563,39.5,37.1,1,1,0.25,0.25,0.25,0.25
9606.ENSP00000345374,0,0,0,0,1,0,0,0
9606.ENSP00000357702,8.7,0,1,0,1,0,0,0
9606.ENSP00000345195,14,18.8,1,1,0,0,1,0
9606.ENSP00000366070,10.9,1.8,1,1,0,0,1,0
9606.ENSP00000449137,0.1,0,1,0,0.25,0.25,0.25,0.25
9606.ENSP00000311521,1.2,2.1,1,1,0.25,0.25,0.25,0.25
9606.ENSP00000339867,0,0,0,0,0.25,0.25,0.25,0.25
9606.ENSP00000342411,1.5,0,1,0,0.25,0.25,0.25,0.25
9606.ENSP00000428579,0,0,0,0,0.25,0.25,0.25,0.25
9606.ENSP00000339754,0.4,2.6,1,1,1,0,0,0
9606.ENSP00000344489,0,0,0,0,0.25,0.25,0.25,0.25
9606.ENSP00000342162,1,0,1,0,1,0,0,0
9606.ENSP00000342570,0,0,0,0,0.25,0.25,0.25,0.25
9606.ENSP00000362932,27.4,0,1,0,0.25,0.25,0.25,0.25
9606.ENSP00000341032,0.3,0,1,0,0.25,0.25,0.25,0.25
9606.ENSP00000482180,8.5,5.6,1,1,0.25,0.25,0.25,0.25
9606.ENSP00000344545,0,0,0,0,0.25,0.25,0.25,0.25
9606.ENSP00000401932,0,0,0,0,0.25,0.25,0.25,0.25
9606.ENSP00000382434,0,0,0,0,1,0,0,0
9606.ENSP00000358233,5.5,7.1,1,1,0.25,0.25,0.25,0.25
9606.ENSP00000342392,0,0.2,0,1,0.25,0.25,0.25,0.25
9606.ENSP00000342790,0,0,0,0,0.25,0.25,0.25,0.25
9606.ENSP00000424243,0.1,0.3,1,1,0.25,0.25,0.25,0.25
9606.ENSP00000341368,8.6,0,1,0,1,0,0,0
9606.ENSP00000342697,0,0.4,0,1,0.25,0.25,0.25,0.25
9606.ENSP00000215659,19.3,1,1,1,0,1,0,0
9606.ENSP00000345468,0,0,0,0,0.25,0.25,0.25,0.25
9606.ENSP00000361397,0.6,0,1,0,0.25,0.25,0.25,0.25
9606.ENSP00000331902,13.8,0,1,0,0.25,0.25,0.25,0.25
9606.ENSP00000383219,0,0,0,0,0.25,0.25,0.25,0.25
9606.ENSP00000368678,85.4,5.1,1,1,0,0,1,0
9606.ENSP00000369400,0,0,0,0,0,0,1,0
9606.ENSP00000382323,0,0,0,0,0.25,0.25,0.25,0.25
9606.ENSP00000344729,0.1,0.4,1,1,1,0,0,0
9606.ENSP00000343398,2.3,0.3,1,1,0,1,0,0
9606.ENSP00000469958,2.6,7.2,1,1,1,0,0,0
9606.ENSP00000390204,0,0,0,0,0.25,0.25,0.25,0.25
9606.ENSP00000373964,4.3,0,1,0,0.25,0.25,0.25,0.25
9606.ENSP00000386764,0.2,18.3,1,1,0,0,1,0
9606.ENSP00000343118,165.8,256.3,1,1,0,1,0,0
9606.ENSP00000385749,56,7.9,1,1,0,0,1,0
9606.ENSP00000394623,0.6,0,1,0,0.25,0.25,0.25,0.25
9606.ENSP00000341637,9.9,0.3,1,1,0.25,0.25,0.25,0.25
9606.ENSP00000319482,13,13.7,1,1,0,0,1,0
9606.ENSP00000439189,0.2,0,1,0,0.25,0.25,0.25,0.25
9606.ENSP00000396402,0.3,0.4,1,1,0.25,0.25,0.25,0.25
9606.ENSP00000341289,728.2,150.6,1,1,1,0,0,0
9606.ENSP00000392513,9.3,1.2,1,1,0.25,0.25,0.25,0.25
9606.ENSP00000348054,77.3,644.1,1,1,0.25,0.25,0.25,0.25
9606.ENSP00000383364,337.7,310.6,1,1,1,0,0,0
9606.ENSP00000374633,0,0,0,0,1,0,0,0
9606.ENSP00000455459,4.5,7,1,1,0,1,0,0
9606.ENSP00000316955,0,0,0,0,0.25,0.25,0.25,0.25
9606.ENSP00000341178,0.9,0.5,1,1,1,0,0,0
9606.ENSP00000363270,0,0,0,0,0.25,0.25,0.25,0.25
9606.ENSP00000340132,2.2,1.5,1,1,0,0,1,0
9606.ENSP00000393198,5.1,1.4,1,1,0.25,0.25,0.25,0.25
9606.ENSP00000415823,0,0,0,0,1,0,0,0
9606.ENSP00000342818,4.8,2.4,1,1,0.25,0.25,0.25,0.25
9606.ENSP00000345102,0.5,0,1,0,0.25,0.25,0.25,0.25
9606.ENSP00000342188,0,0,0,0,0.25,0.25,0.25,0.25
9606.ENSP00000364737,6.4,1.6,1,1,0,0,1,0
9606.ENSP00000345494,27,27.6,1,1,1,0,0,0
9606.ENSP00000341139,3.4,1.8,1,1,0.25,0.25,0.25,0.25
9606.ENSP00000345555,0.1,0,1,0,1,0,0,0
9606.ENSP00000468153,5.8,2.4,1,1,0,0,0,1
9606.ENSP00000343248,0.9,0.2,1,1,0.25,0.25,0.25,0.25
9606.ENSP00000351211,0,0,0,0,0.25,0.25,0.25,0.25
9606.ENSP00000341762,0,0,0,0,1,0,0,0
9606.ENSP00000481301,75.4,91.4,1,1,0.25,0.25,0.25,0.25
9606.ENSP00000344101,0,0,0,0,0.25,0.25,0.25,0.25
9606.ENSP00000340823,29.8,23.9,1,1,0,1,0,0
9606.ENSP00000429367,15.1,15.1,1,1,1,0,0,0
9606.ENSP00000369599,16,2.5,1,1,0,0,1,0
9606.ENSP00000445247,0.9,0,1,0,0.25,0.25,0.25,0.25
9606.ENSP00000378326,0.2,0.3,1,1,1,0,0,0
9606.ENSP00000361199,0,0,0,0,1,0,0,0
9606.ENSP00000339835,0.2,0.1,1,1,0,0,1,0
9606.ENSP00000369554,0,0,0,0,0.25,0.25,0.25,0.25
9606.ENSP00000298622,0.5,0.2,1,1,0.25,0.25,0.25,0.25
9606.ENSP00000363939,0,0,0,0,0.25,0.25,0.25,0.25
9606.ENSP00000335062,0.1,0.7,1,1,1,0,0,0
9606.ENSP00000396163,0,0,0,0,1,0,0,0
9606.ENSP00000362746,0,0.1,0,1,0.25,0.25,0.25,0.25
9606.ENSP00000341803,0.1,1.5,1,1,1,0,0,0
9606.ENSP00000236147,0,0.9,0,1,1,0,0,0
9606.ENSP00000473493,0,0,0,0,0.25,0.25,0.25,0.25
9606.ENSP00000350386,9.2,10.1,1,1,0,1,0,0
9606.ENSP00000341021,0,0,0,0,1,0,0,0
9606.ENSP00000380598,21.6,4.5,1,1,1,0,0,0
9606.ENSP00000341159,0,0,0,0,0,0,1,0
9606.ENSP00000341550,0,0,0,0,0.25,0.25,0.25,0.25
9606.ENSP00000361569,2.4,10.4,1,1,0.25,0.25,0.25,0.25
9606.ENSP00000434024,114.7,3.1,1,1,0,0,1,0
9606.ENSP00000368872,0,0.7,0,1,0,1,0,0
9606.ENSP00000333203,375.8,176.9,1,1,0,0,1,0
9606.ENSP00000367564,16.3,4.1,1,1,0,0,1,0
9606.ENSP00000343490,1.1,0,1,0,0.25,0.25,0.25,0.25
9606.ENSP00000342137,0.2,0,1,0,1,0,0,0
9606.ENSP00000339251,1.2,0,1,0,1,0,0,0
9606.ENSP00000382083,0,0,0,0,0.25,0.25,0.25,0.25
9606.ENSP00000373647,17.8,16.3,1,1,0,1,0,0
9606.ENSP00000343290,0,0,0,0,1,0,0,0
9606.ENSP00000420195,110.5,63.8,1,1,0,0,1,0
9606.ENSP00000251595,0,68,0,1,1,0,0,0
9606.ENSP00000385885,2,7.3,1,1,1,0,0,0
9606.ENSP00000453969,3,1.9,1,1,0,1,0,0
9606.ENSP00000411250,71,62.6,1,1,0,1,0,0
9606.ENSP00000341291,0,0.2,0,1,0.25,0.25,0.25,0.25
9606.ENSP00000202677,9.1,43.3,1,1,0,0,0,1
9606.ENSP00000360576,13.3,0.3,1,1,0,1,0,0
9606.ENSP00000473383,0.2,0,1,0,0.25,0.25,0.25,0.25
9606.ENSP00000357402,0,0,0,0,0.25,0.25,0.25,0.25
9606.ENSP00000305975,0,0,0,0,0.25,0.25,0.25,0.25
9606.ENSP00000341564,1.7,24.8,1,1,0.25,0.25,0.25,0.25
9606.ENSP00000431759,0.7,0,1,0,1,0,0,0
9606.ENSP00000454229,58.9,1.2,1,1,1,0,0,0
9606.ENSP00000358397,10.1,0,1,0,0.25,0.25,0.25,0.25
9606.ENSP00000378897,2.4,0.4,1,1,1,0,0,0
9606.ENSP00000405965,638.3,304.5,1,1,0,1,0,0
9606.ENSP00000393275,2.2,0.1,1,1,0,0,1,0
9606.ENSP00000350549,0.1,0,1,0,0.25,0.25,0.25,0.25
9606.ENSP00000344860,0.1,0,1,0,0.25,0.25,0.25,0.25
9606.ENSP00000456927,0,0.1,0,1,0.25,0.25,0.25,0.25
9606.ENSP00000468531,0.4,0,1,0,0.25,0.25,0.25,0.25
9606.ENSP00000340434,0,4.7,0,1,0,0,1,0
9606.ENSP00000359211,2.1,50.5,1,1,0,1,0,0
9606.ENSP00000357693,91.6,141.8,1,1,1,0,0,0
9606.ENSP00000344299,12.2,26.9,1,1,0,1,0,0
9606.ENSP00000386988,5.3,0,1,0,0,1,0,0
9606.ENSP00000384683,0,0,0,0,0.25,0.25,0.25,0.25
9606.ENSP00000340445,0.1,0.2,1,1,1,0,0,0
9606.ENSP00000294413,0.2,0.7,1,1,1,0,0,0
9606.ENSP00000343171,0,0,0,0,0.25,0.25,0.25,0.25
9606.ENSP00000443432,0,2.1,0,1,0.25,0.25,0.25,0.25
9606.ENSP00000384515,0.4,12.9,1,1,1,0,0,0
9606.ENSP00000251768,0.5,0,1,0,1,0,0,0
9606.ENSP00000357787,37.5,57.5,1,1,0,0,1,0
9606.ENSP00000481594,0,0,0,0,0.25,0.25,0.25,0.25
9606.ENSP00000339238,0,0,0,0,1,0,0,0
9606.ENSP00000349689,46.6,38.4,1,1,0,0,0,1
9606.ENSP00000343242,19.3,5.9,1,1,0,0,1,0
9606.ENSP00000485512,0.3,0,1,0,0.25,0.25,0.25,0.25
9606.ENSP00000340609,0,0,0,0,1,0,0,0
9606.ENSP00000339324,55.6,44.3,1,1,0.25,0.25,0.25,0.25
9606.ENSP00000342356,0,0,0,0,0.25,0.25,0.25,0.25
9606.ENSP00000341819,0,0,0,0,0,0,1,0
9606.ENSP00000342576,0,12.2,0,1,0,0,1,0
9606.ENSP00000404991,6.9,3.7,1,1,0,0,0,1
9606.ENSP00000344403,0,0,0,0,0.25,0.25,0.25,0.25
9606.ENSP00000386226,20.4,5.4,1,1,0,0,0,1
9606.ENSP00000342848,2.3,5.1,1,1,0,1,0,0
9606.ENSP00000343507,24.4,1.3,1,1,1,0,0,0
9606.ENSP00000376992,0.1,0.4,1,1,0,1,0,0
9606.ENSP00000345785,1.1,0,1,0,0.25,0.25,0.25,0.25
9606.ENSP00000345405,0.3,0,1,0,0.25,0.25,0.25,0.25
9606.ENSP00000356191,0,0,0,0,1,0,0,0
9606.ENSP00000341412,0,0,0,0,0.25,0.25,0.25,0.25
9606.ENSP00000343782,0,0,0,0,1,0,0,0
9606.ENSP00000343200,0.1,0,1,0,1,0,0,0
9606.ENSP00000390423,0,0,0,0,1,0,0,0
9606.ENSP00000343924,0.2,0.2,1,1,0.25,0.25,0.25,0.25
9606.ENSP00000364257,0.1,0,1,0,0.25,0.25,0.25,0.25
9606.ENSP00000337555,10.1,8.2,1,1,0,0,1,0
9606.ENSP00000362127,3.7,5.6,1,1,0.25,0.25,0.25,0.25
9606.ENSP00000361852,0,0,0,0,0.25,0.25,0.25,0.25
9606.ENSP00000390084,0,0,0,0,0.25,0.25,0.25,0.25
9606.ENSP00000344503,15.5,1.2,1,1,0,0,0,1
9606.ENSP00000368920,13.5,26,1,1,0,0,1,0
9606.ENSP00000341108,0,0,0,0,1,0,0,0
9606.ENSP00000341442,0.1,0,1,0,1,0,0,0
9606.ENSP00000283441,2.9,3,1,1,0.25,0.25,0.25,0.25
9606.ENSP00000357594,0,0.1,0,1,0.25,0.25,0.25,0.25
9606.ENSP00000363596,0,0,0,0,1,0,0,0
9606.ENSP00000294008,2.9,0.8,1,1,1,0,0,0
9606.ENSP00000360561,0.3,7.5,1,1,0,1,0,0
9606.ENSP00000379506,107.8,1663.2,1,1,0,0,1,0
9606.ENSP00000421169,0,0,0,0,0.25,0.25,0.25,0.25
9606.ENSP00000339681,0.2,1.6,1,1,0.25,0.25,0.25,0.25
9606.ENSP00000293725,10.9,7.5,1,1,0.25,0.25,0.25,0.25
9606.ENSP00000352413,0.4,0,1,0,1,0,0,0
9606.ENSP00000324292,2.7,0.9,1,1,0.25,0.25,0.25,0.25
9606.ENSP00000339356,0,0,0,0,0.25,0.25,0.25,0.25
9606.ENSP00000343674,0,0,0,0,0.25,0.25,0.25,0.25
9606.ENSP00000462945,55.9,32,1,1,0,0,1,0
9606.ENSP00000298910,0,7.4,0,1,0,1,0,0
9606.ENSP00000344285,0,0,0,0,0.25,0.25,0.25,0.25
9606.ENSP00000362464,0,0.1,0,1,0.25,0.25,0.25,0.25
9606.ENSP00000429763,0,0,0,0,0.25,0.25,0.25,0.25
9606.ENSP00000362027,9.2,5.8,1,1,0,1,0,0
9606.ENSP00000419503,0,1.1,0,1,1,0,0,0
9606.ENSP00000356951,16.2,0,1,0,1,0,0,0
9606.ENSP00000340328,0,0,0,0,0.25,0.25,0.25,0.25
9606.ENSP00000364561,20.3,28.3,1,1,0,0,1,0
9606.ENSP00000340526,2,0,1,0,0.25,0.25,0.25,0.25
9606.ENSP00000383456,1.5,5.3,1,1,1,0,0,0
9606.ENSP00000317992,109.8,23.7,1,1,1,0,0,0
9606.ENSP00000411584,0.3,0.1,1,1,0.25,0.25,0.25,0.25
9606.ENSP00000352268,0,0,0,0,0.25,0.25,0.25,0.25
9606.ENSP00000339495,70,16.2,1,1,1,0,0,0
9606.ENSP00000340402,0,0,0,0,0.25,0.25,0.25,0.25
9606.ENSP00000343331,0,0,0,0,0.25,0.25,0.25,0.25
9606.ENSP00000341944,0,0.1,0,1,0.25,0.25,0.25,0.25
9606.ENSP00000358590,6.6,17.1,1,1,0,1,0,0
9606.ENSP00000370293,0,0.4,0,1,0.25,0.25,0.25,0.25
9606.ENSP00000339340,9.3,9.2,1,1,1,0,0,0
9606.ENSP00000430242,0,0,0,0,1,0,0,0
9606.ENSP00000237283,7.7,4.7,1,1,0,1,0,0
9606.ENSP00000339634,0,0,0,0,0.25,0.25,0.25,0.25
9606.ENSP00000382871,0,0,0,0,0.25,0.25,0.25,0.25
9606.ENSP00000464258,0,0,0,0,0.25,0.25,0.25,0.25
9606.ENSP00000343244,0,0,0,0,0.25,0.25,0.25,0.25
9606.ENSP00000441838,3.3,7.2,1,1,0,0,0,1
9606.ENSP00000339720,118.1,2301.4,1,1,0,0,1,0
9606.ENSP00000471417,0.1,0.1,1,1,0.25,0.25,0.25,0.25
9606.ENSP00000398181,48.4,25.6,1,1,0,0,1,0
9606.ENSP00000304670,11.1,24.9,1,1,0.25,0.25,0.25,0.25
9606.ENSP00000382330,0,0,0,0,0.25,0.25,0.25,0.25
9606.ENSP00000301408,0,0,0,0,1,0,0,0
9606.ENSP00000392423,46.8,3.9,1,1,0.25,0.25,0.25,0.25
9606.ENSP00000341565,14.3,0.1,1,1,1,0,0,0
9606.ENSP00000345179,0,0,0,0,0,0,0,1
9606.ENSP00000344504,342,89.4,1,1,0,0,0,1
9606.ENSP00000355421,0,0,0,0,1,0,0,0
9606.ENSP00000459533,299.5,50.4,1,1,0,1,0,0
9606.ENSP00000343366,0,0,0,0,0.25,0.25,0.25,0.25
9606.ENSP00000473983,36.3,94.2,1,1,0.25,0.25,0.25,0.25
9606.ENSP00000335044,9.5,13.6,1,1,0.25,0.25,0.25,0.25
9606.ENSP00000342790,0,0,0,0,0.25,0.25,0.25,0.25
9606.ENSP00000305790,69.5,19.2,1,1,0,0,1,0
9606.ENSP00000401328,0,0,0,0,0.25,0.25,0.25,0.25
9606.ENSP00000361663,0,0.1,0,1,0.25,0.25,0.25,0.25
9606.ENSP00000393840,9.2,4.4,1,1,0,1,0,0
9606.ENSP00000438209,0.4,0.1,1,1,0.25,0.25,0.25,0.25
9606.ENSP00000339802,0,0,0,0,0.25,0.25,0.25,0.25
9606.ENSP00000361337,0,0.2,0,1,0,0,1,0
9606.ENSP00000328307,0,0,0,0,0.25,0.25,0.25,0.25
9606.ENSP00000345716,0,3.9,0,1,0.25,0.25,0.25,0.25
9606.ENSP00000344579,0,0,0,0,1,0,0,0
9606.ENSP00000409544,102.5,0.3,1,1,1,0,0,0
9606.ENSP00000440464,1.1,1.2,1,1,0,0,1,0
9606.ENSP00000437409,0.5,0,1,0,0.25,0.25,0.25,0.25
9606.ENSP00000409423,2.1,4.6,1,1,0,1,0,0
9606.ENSP00000348316,466.7,59.3,1,1,1,0,0,0
9606.ENSP00000390179,0.6,1.4,1,1,0.25,0.25,0.25,0.25
9606.ENSP00000437289,0,0,0,0,0.25,0.25,0.25,0.25
9606.ENSP00000383216,0,0,0,0,0.25,0.25,0.25,0.25
9606.ENSP00000357688,112.5,56.1,1,1,1,0,0,0
9606.ENSP00000304268,14.4,39.5,1,1,1,0,0,0
9606.ENSP00000339726,0,0,0,0,0.25,0.25,0.25,0.25
9606.ENSP00000342710,0,0,0,0,1,0,0,0
9606.ENSP00000355082,0,0,0,0,0,0,1,0
9606.ENSP00000462745,0,0,0,0,0.25,0.25,0.25,0.25
9606.ENSP00000344791,3.9,3.4,1,1,0.25,0.25,0.25,0.25
9606.ENSP00000343686,0.3,3.6,1,1,1,0,0,0
9606.ENSP00000340684,20.5,205.8,1,1,0,0,1,0
9606.ENSP00000342254,4.8,50.6,1,1,0.25,0.25,0.25,0.25
9606.ENSP00000408697,1.7,21.4,1,1,0.25,0.25,0.25,0.25
9606.ENSP00000357597,44.5,76.6,1,1,0,0,1,0
9606.ENSP00000359534,0,0,0,0,0.25,0.25,0.25,0.25
9606.ENSP00000332969,0,0,0,0,1,0,0,0
9606.ENSP00000334840,136.7,34.4,1,1,0,0,1,0
9606.ENSP00000316137,0.3,0,1,0,0.25,0.25,0.25,0.25
9606.ENSP00000340811,0,0,0,0,0.25,0.25,0.25,0.25
9606.ENSP00000417480,6.1,25.3,1,1,0,1,0,0
9606.ENSP00000384604,0.6,0.1,1,1,0.25,0.25,0.25,0.25
9606.ENSP00000366465,3.9,1.6,1,1,0,1,0,0
9606.ENSP00000427329,0,0,0,0,0.25,0.25,0.25,0.25
9606.ENSP00000321449,21.9,29.9,1,1,1,0,0,0
9606.ENSP00000341947,15.6,6.5,1,1,0,0,0,1
9606.ENSP00000338532,15.3,2.3,1,1,0,0,1,0
9606.ENSP00000342336,0,0,0,0,1,0,0,0
9606.ENSP00000418983,0,0,0,0,0.25,0.25,0.25,0.25
9606.ENSP00000405210,0,0,0,0,0.25,0.25,0.25,0.25
9606.ENSP00000357691,6.3,9.9,1,1,1,0,0,0
9606.ENSP00000365198,24.9,0.2,1,1,0,1,0,0
9606.ENSP00000481694,20.5,21.4,1,1,0,0,1,0
9606.ENSP00000368876,0,0.3,0,1,0.25,0.25,0.25,0.25
9606.ENSP00000341988,0,0,0,0,0.25,0.25,0.25,0.25
9606.ENSP00000386292,3.1,2.9,1,1,0.25,0.25,0.25,0.25
9606.ENSP00000482705,0.1,0.8,1,1,0.25,0.25,0.25,0.25
9606.ENSP00000435150,0,0,0,0,0.25,0.25,0.25,0.25
9606.ENSP00000341247,0,19.2,0,1,0,1,0,0
9606.ENSP00000339973,0,0,0,0,0.25,0.25,0.25,0.25
9606.ENSP00000276704,21.8,11.9,1,1,0,0,1,0
9606.ENSP00000472467,0,0,0,0,0.25,0.25,0.25,0.25
9606.ENSP00000339389,0.2,0,1,0,1,0,0,0
9606.ENSP00000345347,812.4,830.9,1,1,0,0,0,1
9606.ENSP00000348308,1.3,0.7,1,1,0.25,0.25,0.25,0.25
9606.ENSP00000406026,2.2,0,1,0,0.25,0.25,0.25,0.25
9606.ENSP00000462054,0,0.1,0,1,1,0,0,0
9606.ENSP00000291890,0,0.1,0,1,0.25,0.25,0.25,0.25
9606.ENSP00000485526,0,0,0,0,0.25,0.25,0.25,0.25
9606.ENSP00000345868,0,0,0,0,1,0,0,0
9606.ENSP00000355434,0,0,0,0,0.25,0.25,0.25,0.25
9606.ENSP00000359398,43.1,34.1,1,1,1,0,0,0
9606.ENSP00000350162,0.3,0,1,0,0.25,0.25,0.25,0.25
9606.ENSP00000413411,1.5,0,1,0,0.25,0.25,0.25,0.25
9606.ENSP00000314807,20.6,319.3,1,1,1,0,0,0
9606.ENSP00000362294,0,0.1,0,1,0,1,0,0
9606.ENSP00000400908,0.2,0,1,0,1,0,0,0
9606.ENSP00000350844,0,0.4,0,1,1,0,0,0
9606.ENSP00000347003,0,0,0,0,0.25,0.25,0.25,0.25
9606.ENSP00000311038,0,0,0,0,0.25,0.25,0.25,0.25
9606.ENSP00000349677,0,0,0,0,0.25,0.25,0.25,0.25
9606.ENSP00000380310,0,0,0,0,0.25,0.25,0.25,0.25
9606.ENSP00000467723,0.6,1.7,1,1,0.25,0.25,0.25,0.25
9606.ENSP00000347444,11.8,3.2,1,1,0,1,0,0
9606.ENSP00000437532,1.4,1.3,1,1,1,0,0,0
9606.ENSP00000284287,0.1,0,1,0,0.25,0.25,0.25,0.25
9606.ENSP00000290881,5.4,3.9,1,1,0,0,1,0
9606.ENSP00000353099,0,6.1,0,1,1,0,0,0
9606.ENSP00000351244,0.2,0,1,0,0.25,0.25,0.25,0.25
9606.ENSP00000327465,0.3,0.1,1,1,1,0,0,0
9606.ENSP00000376793,420.2,11.5,1,1,0,1,0,0
9606.ENSP00000369927,608.4,456.7,1,1,0,0,0,1
9606.ENSP00000482515,265,284.3,1,1,0,0,1,0
9606.ENSP00000292579,5.7,1.4,1,1,0,0,1,0
9606.ENSP00000387078,14.8,3.5,1,1,0.25,0.25,0.25,0.25
9606.ENSP00000362446,5.7,0.9,1,1,0,1,0,0
9606.ENSP00000357705,42.2,18.1,1,1,1,0,0,0
9606.ENSP00000353646,8.4,0.1,1,1,0.25,0.25,0.25,0.25
9606.ENSP00000375151,0,0,0,0,0.25,0.25,0.25,0.25
9606.ENSP00000377862,0.5,6.2,1,1,0,0,1,0
9606.ENSP00000374566,0,0,0,0,1,0,0,0
9606.ENSP00000352626,0,0,0,0,0.25,0.25,0.25,0.25
9606.ENSP00000384000,0,0.7,0,1,0.25,0.25,0.25,0.25
9606.ENSP00000357873,89.4,474.4,1,1,0,0,0,1
9606.ENSP00000362222,54.2,24.7,1,1,1,0,0,0
9606.ENSP00000399078,0,0,0,0,0.25,0.25,0.25,0.25
9606.ENSP00000355800,17.6,18,1,1,0.25,0.25,0.25,0.25
9606.ENSP00000350911,1.5,0.1,1,1,1,0,0,0
9606.ENSP00000357268,0.3,0.6,1,1,1,0,0,0
9606.ENSP00000346283,6.3,0.2,1,1,0.25,0.25,0.25,0.25
9606.ENSP00000355388,28.5,83.5,1,1,0,0,1,0
9606.ENSP00000370896,57.5,7.4,1,1,0,1,0,0
9606.ENSP00000352849,0,0,0,0,0.25,0.25,0.25,0.25
9606.ENSP00000409652,8.4,4.9,1,1,0,0,1,0
9606.ENSP00000352608,0,0,0,0,1,0,0,0
9606.ENSP00000373347,0,1.6,0,1,1,0,0,0
9606.ENSP00000382592,0,0,0,0,0.25,0.25,0.25,0.25
9606.ENSP00000351040,16.1,4.9,1,1,0,0,1,0
9606.ENSP00000333310,0,0,0,0,0.25,0.25,0.25,0.25
9606.ENSP00000339001,1067.1,275.4,1,1,1,0,0,0
9606.ENSP00000360138,13.4,23.4,1,1,0,0,1,0
9606.ENSP00000470252,81.6,53,1,1,0,1,0,0
9606.ENSP00000349658,15.4,39.5,1,1,0,0,1,0
9606.ENSP00000343062,0,0,0,0,0.25,0.25,0.25,0.25
9606.ENSP00000355443,0,0,0,0,0.25,0.25,0.25,0.25
9606.ENSP00000483720,3.7,1.1,1,1,0.25,0.25,0.25,0.25
9606.ENSP00000431914,0,0,0,0,0.25,0.25,0.25,0.25
9606.ENSP00000351989,0.1,0.1,1,1,0.25,0.25,0.25,0.25
9606.ENSP00000419425,3304.3,788.7,1,1,1,0,0,0
9606.ENSP00000309161,0.5,0.6,1,1,0,0,1,0
9606.ENSP00000470239,4.3,1.8,1,1,0.25,0.25,0.25,0.25
9606.ENSP00000376110,4.6,4.3,1,1,0.25,0.25,0.25,0.25
9606.ENSP00000406723,4.9,7.4,1,1,0.25,0.25,0.25,0.25
9606.ENSP00000350348,0,0,0,0,0.25,0.25,0.25,0.25
9606.ENSP00000360515,6.9,3.9,1,1,1,0,0,0
9606.ENSP00000386394,64.2,11.1,1,1,0,0,1,0
9606.ENSP00000349595,17.2,0.1,1,1,1,0,0,0
9606.ENSP00000364794,76.8,26.9,1,1,0,1,0,0
9606.ENSP00000378687,52.1,21.7,1,1,1,0,0,0
9606.ENSP00000380861,9.2,38.6,1,1,0,0,1,0
9606.ENSP00000477920,0,0,0,0,0.25,0.25,0.25,0.25
9606.ENSP00000348132,0,0.1,0,1,1,0,0,0
9606.ENSP00000470813,0,0,0,0,1,0,0,0
9606.ENSP00000351591,0,0,0,0,1,0,0,0
9606.ENSP00000350474,0,0,0,0,0.25,0.25,0.25,0.25
9606.ENSP00000420269,0,0.3,0,1,1,0,0,0
9606.ENSP00000273320,0.9,0.7,1,1,0,0,1,0
9606.ENSP00000469582,0,0,0,0,0.25,0.25,0.25,0.25
9606.ENSP00000356030,25.2,8.4,1,1,1,0,0,0
9606.ENSP00000478878,0,0,0,0,1,0,0,0
9606.ENSP00000306869,3.1,0.4,1,1,0.25,0.25,0.25,0.25
9606.ENSP00000376921,0,0,0,0,1,0,0,0
9606.ENSP00000352162,0,0.2,0,1,1,0,0,0
9606.ENSP00000351446,55.3,18.3,1,1,0.25,0.25,0.25,0.25
9606.ENSP00000353826,112.9,41.5,1,1,0,1,0,0
9606.ENSP00000352925,14.1,11.1,1,1,0.25,0.25,0.25,0.25
9606.ENSP00000365160,0,0,0,0,1,0,0,0
9606.ENSP00000477776,12.6,2.7,1,1,0.25,0.25,0.25,0.25
9606.ENSP00000351602,0.3,1.4,1,1,1,0,0,0
9606.ENSP00000350331,12.2,52.9,1,1,1,0,0,0
9606.ENSP00000353557,0,0,0,0,1,0,0,0
9606.ENSP00000341528,3,3.1,1,1,0.25,0.25,0.25,0.25
9606.ENSP00000351391,1.6,0.1,1,1,0.25,0.25,0.25,0.25
9606.ENSP00000347755,9.1,4.9,1,1,0,0,1,0
9606.ENSP00000458316,4.7,1.3,1,1,0.25,0.25,0.25,0.25
9606.ENSP00000346348,1.3,1.3,1,1,0.25,0.25,0.25,0.25
9606.ENSP00000360683,48.9,19.8,1,1,1,0,0,0
9606.ENSP00000376652,24.6,80.7,1,1,1,0,0,0
9606.ENSP00000359546,0,0,0,0,1,0,0,0
9606.ENSP00000357807,0.1,0,1,0,0.25,0.25,0.25,0.25
9606.ENSP00000380450,0.4,0.2,1,1,1,0,0,0
9606.ENSP00000350896,49.2,17.9,1,1,0,0,0,1
9606.ENSP00000234347,0.2,0.8,1,1,1,0,0,0
9606.ENSP00000379689,3.6,2.6,1,1,0.25,0.25,0.25,0.25
9606.ENSP00000440365,14,0.4,1,1,0.25,0.25,0.25,0.25
9606.ENSP00000352257,509.4,89.7,1,1,0,1,0,0
9606.ENSP00000357707,0.1,0,1,0,0.25,0.25,0.25,0.25
9606.ENSP00000349274,14,4.4,1,1,0,1,0,0
9606.ENSP00000389237,0,0,0,0,1,0,0,0
9606.ENSP00000354543,10.8,38.2,1,1,1,0,0,0
9606.ENSP00000346805,0,0,0,0,1,0,0,0
9606.ENSP00000370639,0.4,0,1,0,0.25,0.25,0.25,0.25
9606.ENSP00000411140,2.8,1.5,1,1,0,0,0,1
9606.ENSP00000325018,4.1,2.1,1,1,0.25,0.25,0.25,0.25
9606.ENSP00000404304,0,2.2,0,1,0,1,0,0
9606.ENSP00000362135,24,12.3,1,1,1,0,0,0
9606.ENSP00000247930,12.7,4.3,1,1,1,0,0,0
9606.ENSP00000349205,11.3,13.7,1,1,0,0,1,0
9606.ENSP00000330838,7,0.8,1,1,0.25,0.25,0.25,0.25
9606.ENSP00000376135,4.1,2.6,1,1,0.25,0.25,0.25,0.25
9606.ENSP00000392495,4.7,11.8,1,1,0,0,1,0
9606.ENSP00000401536,0,0,0,0,0.25,0.25,0.25,0.25
9606.ENSP00000450385,76.1,35.5,1,1,1,0,0,0
9606.ENSP00000411084,7.2,0.6,1,1,0,0,0,1
9606.ENSP00000399324,0,0,0,0,0.25,0.25,0.25,0.25
9606.ENSP00000349156,26.1,20.2,1,1,0,0,1,0
9606.ENSP00000351706,0,0,0,0,0.25,0.25,0.25,0.25
9606.ENSP00000353470,25.3,3.6,1,1,1,0,0,0
9606.ENSP00000355904,0,0.4,0,1,1,0,0,0
9606.ENSP00000346453,64.2,6.8,1,1,0.25,0.25,0.25,0.25
9606.ENSP00000384018,48,15.2,1,1,1,0,0,0
9606.ENSP00000378972,305,255.3,1,1,0,0,1,0
9606.ENSP00000353210,0,0,0,0,1,0,0,0
9606.ENSP00000386458,81.8,77.2,1,1,0,0,1,0
9606.ENSP00000358451,5.5,8.4,1,1,1,0,0,0
9606.ENSP00000361711,0.4,5.3,1,1,1,0,0,0
9606.ENSP00000394394,53.2,9.6,1,1,0,0,1,0
9606.ENSP00000353165,0.3,4.4,1,1,0,0,1,0
9606.ENSP00000353791,11.1,0,1,0,1,0,0,0
9606.ENSP00000410689,4.3,0,1,0,0,1,0,0
9606.ENSP00000448035,1405.8,1222.6,1,1,0.25,0.25,0.25,0.25
9606.ENSP00000437073,19.8,6.2,1,1,1,0,0,0
9606.ENSP00000352604,0,0,0,0,0.25,0.25,0.25,0.25
9606.ENSP00000352097,0.2,0,1,0,0.25,0.25,0.25,0.25
9606.ENSP00000373669,9.2,8.6,1,1,0,1,0,0
9606.ENSP00000452948,9.5,16.9,1,1,0.25,0.25,0.25,0.25
9606.ENSP00000418525,0.2,47.2,1,1,0,0,1,0
9606.ENSP00000356096,12.1,0.4,1,1,0.25,0.25,0.25,0.25
9606.ENSP00000334198,8.7,4.9,1,1,0,1,0,0
9606.ENSP00000353007,67.9,13.8,1,1,1,0,0,0
9606.ENSP00000369609,1.4,0,1,0,0,0,1,0
9606.ENSP00000400365,0,0,0,0,1,0,0,0
9606.ENSP00000351379,0,0.2,0,1,0.25,0.25,0.25,0.25
9606.ENSP00000409171,79.3,45.5,1,1,0,0,1,0
9606.ENSP00000351466,0,0,0,0,0.25,0.25,0.25,0.25
9606.ENSP00000367433,0,0.2,0,1,0.25,0.25,0.25,0.25
9606.ENSP00000352271,8.7,0.2,1,1,0.25,0.25,0.25,0.25
9606.ENSP00000358994,13.6,28.4,1,1,0,1,0,0
9606.ENSP00000347847,22.9,3.5,1,1,1,0,0,0
9606.ENSP00000430432,125,30,1,1,0,1,0,0
9606.ENSP00000419397,2.6,0.9,1,1,0,0,1,0
9606.ENSP00000307443,0,4.9,0,1,0.25,0.25,0.25,0.25
9606.ENSP00000350052,1.4,0,1,0,0.25,0.25,0.25,0.25
9606.ENSP00000380999,2.7,5.9,1,1,1,0,0,0
9606.ENSP00000322788,0.3,0,1,0,0.25,0.25,0.25,0.25
9606.ENSP00000306606,0.1,4232,1,1,0,0,0,1
9606.ENSP00000341045,0,140.7,0,1,0,1,0,0
9606.ENSP00000381382,0.1,6.1,1,1,0,1,0,0
9606.ENSP00000346667,0.1,47.1,1,1,1,0,0,0
9606.ENSP00000414066,56.5,71.5,1,1,0,1,0,0
9606.ENSP00000380247,0,0,0,0,1,0,0,0
9606.ENSP00000360727,149.5,9.1,1,1,0,1,0,0
9606.ENSP00000344162,4.5,3.5,1,1,0.25,0.25,0.25,0.25
9606.ENSP00000377725,6.4,3.3,1,1,0,0,1,0
9606.ENSP00000296091,0,1.8,0,1,0.25,0.25,0.25,0.25
9606.ENSP00000436005,32.7,22.3,1,1,0,0,0,1
9606.ENSP00000386181,1.7,2.3,1,1,1,0,0,0
9606.ENSP00000355893,1.4,130,1,1,0,0,0,1
9606.ENSP00000352510,5.5,5,1,1,0,0,1,0
9606.ENSP00000370034,0,0,0,0,1,0,0,0
9606.ENSP00000443133,0,0,0,0,0.25,0.25,0.25,0.25
9606.ENSP00000423820,10.3,5.7,1,1,1,0,0,0
9606.ENSP00000350651,15,9.7,1,1,0,0,1,0
9606.ENSP00000351214,366.2,1389.6,1,1,0.25,0.25,0.25,0.25
9606.ENSP00000482604,2.1,0.3,1,1,0.25,0.25,0.25,0.25
9606.ENSP00000459962,5.9,5.7,1,1,0.25,0.25,0.25,0.25
9606.ENSP00000352444,12.2,10.4,1,1,1,0,0,0
9606.ENSP00000393795,42.4,13.8,1,1,1,0,0,0
9606.ENSP00000352976,85.8,16.2,1,1,1,0,0,0
9606.ENSP00000308578,5.2,0.5,1,1,0.25,0.25,0.25,0.25
9606.ENSP00000351345,0,0,0,0,0.25,0.25,0.25,0.25
9606.ENSP00000351015,10.8,27.4,1,1,0,0,0,1
9606.ENSP00000403077,25.6,46.6,1,1,1,0,0,0
9606.ENSP00000379451,0.3,0.9,1,1,0,0,1,0
9606.ENSP00000386135,27.4,16.4,1,1,0,0,1,0
9606.ENSP00000353203,0,0,0,0,0.25,0.25,0.25,0.25
9606.ENSP00000339398,0,1.7,0,1,0,1,0,0
9606.ENSP00000348385,51.8,31.7,1,1,0,1,0,0
9606.ENSP00000349687,36.8,20.9,1,1,0,0,1,0
9606.ENSP00000351589,10.1,0,1,0,0,0,1,0
9606.ENSP00000353639,0.1,0,1,0,1,0,0,0
9606.ENSP00000357697,3.7,0.1,1,1,1,0,0,0
9606.ENSP00000479449,6.2,6,1,1,0,0,1,0
9606.ENSP00000362296,0,0,0,0,0.25,0.25,0.25,0.25
9606.ENSP00000350248,0,0,0,0,0.25,0.25,0.25,0.25
9606.ENSP00000355361,3.9,33.4,1,1,1,0,0,0
9606.ENSP00000302422,0.4,0,1,0,0.25,0.25,0.25,0.25
9606.ENSP00000365682,72.9,80.9,1,1,0,0,1,0
9606.ENSP00000421180,0.6,16.2,1,1,0,0,1,0
9606.ENSP00000351589,0.3,0.5,1,1,0,1,0,0
9606.ENSP00000350071,66.7,38.4,1,1,1,0,0,0
9606.ENSP00000307774,0,0.1,0,1,0.25,0.25,0.25,0.25
9606.ENSP00000349459,0,0,0,0,0.25,0.25,0.25,0.25
9606.ENSP00000357744,0,0,0,0,0.25,0.25,0.25,0.25
9606.ENSP00000374145,0,0,0,0,0.25,0.25,0.25,0.25
9606.ENSP00000366527,9.1,2.1,1,1,1,0,0,0
9606.ENSP00000354772,29.5,5.8,1,1,0.25,0.25,0.25,0.25
9606.ENSP00000363135,89.7,63,1,1,1,0,0,0
9606.ENSP00000349930,0,0.2,0,1,0.25,0.25,0.25,0.25
9606.ENSP00000392718,1,0,1,0,0.25,0.25,0.25,0.25
9606.ENSP00000361965,12.1,3.6,1,1,1,0,0,0
9606.ENSP00000350078,5.4,29.2,1,1,0,0,1,0
9606.ENSP00000351325,0,0,0,0,0.25,0.25,0.25,0.25
9606.ENSP00000346255,15.6,25,1,1,0,0,1,0
9606.ENSP00000347823,0,0,0,0,0.25,0.25,0.25,0.25
9606.ENSP00000354204,0.2,0,1,0,1,0,0,0
9606.ENSP00000386810,0.2,0,1,0,0.25,0.25,0.25,0.25
9606.ENSP00000358307,6.1,25,1,1,0,0,1,0
9606.ENSP00000341094,1.5,0.2,1,1,0,1,0,0
9606.ENSP00000301318,0.1,0.1,1,1,0.25,0.25,0.25,0.25
9606.ENSP00000380996,0.3,0,1,0,0,0,1,0
9606.ENSP00000353295,97.6,6.4,1,1,0,0,1,0
9606.ENSP00000346534,0.4,4.2,1,1,0.25,0.25,0.25,0.25
9606.ENSP00000375778,0.7,3.7,1,1,0,1,0,0
9606.ENSP00000479284,0,0,0,0,0,0,0,1
9606.ENSP00000349669,0,0,0,0,0.25,0.25,0.25,0.25
9606.ENSP00000357552,5.9,3.7,1,1,1,0,0,0
9606.ENSP00000481149,1.2,0.1,1,1,0.25,0.25,0.25,0.25
9606.ENSP00000380942,31.7,105.3,1,1,1,0,0,0
9606.ENSP00000389255,1.9,0.2,1,1,0.25,0.25,0.25,0.25
9606.ENSP00000348099,50.8,1.7,1,1,1,0,0,0
9606.ENSP00000358866,150.4,2.6,1,1,1,0,0,0
9606.ENSP00000382237,0,0.2,0,1,0.25,0.25,0.25,0.25
9606.ENSP00000347198,4.1,1.4,1,1,0.25,0.25,0.25,0.25
9606.ENSP00000353025,32,32.1,1,1,0,0,1,0
9606.ENSP00000267425,23,14.4,1,1,0.25,0.25,0.25,0.25
9606.ENSP00000355431,0,0,0,0,0.25,0.25,0.25,0.25
9606.ENSP00000352233,0,0,0,0,0.25,0.25,0.25,0.25
9606.ENSP00000386766,23.9,3.4,1,1,1,0,0,0
9606.ENSP00000388566,49.5,41.6,1,1,1,0,0,0
9606.ENSP00000351926,54.6,36.1,1,1,1,0,0,0
9606.ENSP00000292841,11.6,2.4,1,1,0.25,0.25,0.25,0.25
9606.ENSP00000361932,8.6,4.1,1,1,0,0,0,1
9606.ENSP00000377833,360.3,71.9,1,1,0,0,1,0
9606.ENSP00000349923,16.2,53.7,1,1,0,0,1,0
9606.ENSP00000330381,2.8,3.2,1,1,0,0,1,0
9606.ENSP00000349336,0,0.2,0,1,1,0,0,0
9606.ENSP00000446902,0.3,0,1,0,0,0,1,0
9606.ENSP00000348848,30.6,54.1,1,1,0.25,0.25,0.25,0.25
9606.ENSP00000350874,116.6,12.4,1,1,0,0,1,0
9606.ENSP00000303533,3.7,8.6,1,1,0.25,0.25,0.25,0.25
9606.ENSP00000351280,1.4,13.8,1,1,0.25,0.25,0.25,0.25
9606.ENSP00000333223,0.3,1.8,1,1,0,1,0,0
9606.ENSP00000350633,6.7,16.3,1,1,0.25,0.25,0.25,0.25
9606.ENSP00000351042,2.7,0.8,1,1,0.25,0.25,0.25,0.25
9606.ENSP00000359434,31.1,3.8,1,1,0,1,0,0
9606.ENSP00000420418,5.1,3.1,1,1,0.25,0.25,0.25,0.25
9606.ENSP00000377708,10,2.8,1,1,0.25,0.25,0.25,0.25
9606.ENSP00000346550,168,136.6,1,1,0,0,1,0
9606.ENSP00000350576,3.2,1.4,1,1,0.25,0.25,0.25,0.25
9606.ENSP00000350757,36.4,23.6,1,1,0,1,0,0
9606.ENSP00000374125,0,0.7,0,1,0.25,0.25,0.25,0.25
9606.ENSP00000338770,2.9,6.6,1,1,1,0,0,0
9606.ENSP00000369774,0.1,0.1,1,1,0,0,1,0
9606.ENSP00000482579,4.2,3.3,1,1,0.25,0.25,0.25,0.25
9606.ENSP00000401597,0,0,0,0,0.25,0.25,0.25,0.25
9606.ENSP00000244537,4.4,595,1,1,0,0,1,0
9606.ENSP00000484931,9.9,3.3,1,1,0.25,0.25,0.25,0.25
9606.ENSP00000350369,26.5,13.1,1,1,0,0,1,0
9606.ENSP00000360475,25.4,23.4,1,1,0,1,0,0
9606.ENSP00000351207,16.7,44.6,1,1,0,1,0,0
9606.ENSP00000377558,0,0,0,0,1,0,0,0
9606.ENSP00000349437,38.9,58.8,1,1,0,0,1,0
9606.ENSP00000475270,0,0,0,0,0.25,0.25,0.25,0.25
9606.ENSP00000353142,0.5,0,1,0,0,0,1,0
9606.ENSP00000348965,3.5,37.7,1,1,1,0,0,0
9606.ENSP00000330199,0,0,0,0,1,0,0,0
9606.ENSP00000409000,0,0,0,0,0.25,0.25,0.25,0.25
9606.ENSP00000352438,788.2,240.6,1,1,0,0,0,1
9606.ENSP00000332013,40.5,2,1,1,0.25,0.25,0.25,0.25
9606.ENSP00000352167,8.7,7.3,1,1,0.25,0.25,0.25,0.25
9606.ENSP00000346809,3.7,3.3,1,1,0.25,0.25,0.25,0.25
9606.ENSP00000362680,66.1,1.6,1,1,1,0,0,0
9606.ENSP00000416809,0,0,0,0,0.25,0.25,0.25,0.25
9606.ENSP00000380351,3,4.4,1,1,0.25,0.25,0.25,0.25
9606.ENSP00000330280,0,0,0,0,0.25,0.25,0.25,0.25
9606.ENSP00000341165,5.3,3.3,1,1,0.25,0.25,0.25,0.25
9606.ENSP00000470209,0.1,0.2,1,1,0.25,0.25,0.25,0.25
9606.ENSP00000347931,17.9,2.3,1,1,1,0,0,0
9606.ENSP00000369238,0.1,0.2,1,1,1,0,0,0
9606.ENSP00000348429,57.8,83.7,1,1,0,0,0,1
9606.ENSP00000332674,6.3,5,1,1,1,0,0,0
9606.ENSP00000297504,16.9,24.6,1,1,1,0,0,0
9606.ENSP00000352252,0.1,0,1,0,0,0,1,0
9606.ENSP00000346762,179.6,48.7,1,1,0,1,0,0
9606.ENSP00000378642,1.5,2.5,1,1,0.25,0.25,0.25,0.25
9606.ENSP00000378992,44.6,7.2,1,1,0,1,0,0
9606.ENSP00000347767,0.1,0.9,1,1,1,0,0,0
9606.ENSP00000348442,31.2,79.3,1,1,0,0,0,1
9606.ENSP00000480637,0.8,0,1,0,0.25,0.25,0.25,0.25
9606.ENSP00000376384,0,0,0,0,1,0,0,0
9606.ENSP00000349208,0.6,3.4,1,1,0.25,0.25,0.25,0.25
9606.ENSP00000483523,47.1,5.1,1,1,1,0,0,0
9606.ENSP00000386453,10.8,1.2,1,1,0,1,0,0
9606.ENSP00000200652,0.5,0,1,0,1,0,0,0
9606.ENSP00000466072,0,0,0,0,1,0,0,0
9606.ENSP00000351520,14.2,9.4,1,1,1,0,0,0
9606.ENSP00000348107,43.4,105.2,1,1,0,1,0,0
9606.ENSP00000349291,30.2,31.4,1,1,0,0,1,0
9606.ENSP00000335575,0,0,0,0,0.25,0.25,0.25,0.25
9606.ENSP00000244537,0,0.5,0,1,0,0,1,0
9606.ENSP00000383698,0,0,0,0,0.25,0.25,0.25,0.25
9606.ENSP00000363386,0.2,0.1,1,1,1,0,0,0
9606.ENSP00000416066,6849.6,38798.6,1,1,1,0,0,0
9606.ENSP00000482743,0,0,0,0,1,0,0,0
9606.ENSP00000468002,35.3,22.8,1,1,0,1,0,0
9606.ENSP00000434602,0,0,0,0,0.25,0.25,0.25,0.25
9606.ENSP00000348168,47.7,29.8,1,1,0,0,1,0
9606.ENSP00000349365,0.7,16.7,1,1,1,0,0,0
9606.ENSP00000349493,0,0,0,0,1,0,0,0
9606.ENSP00000336606,6.7,1,1,1,1,0,0,0
9606.ENSP00000366542,6.2,1.2,1,1,0.25,0.25,0.25,0.25
9606.ENSP00000403636,1,2.5,1,1,1,0,0,0
9606.ENSP00000380037,25,10.5,1,1,0.25,0.25,0.25,0.25
9606.ENSP00000347232,3.7,0.5,1,1,1,0,0,0
9606.ENSP00000319222,20.7,13.6,1,1,0.25,0.25,0.25,0.25
9606.ENSP00000323895,0,0,0,0,0.25,0.25,0.25,0.25
9606.ENSP00000417748,21.3,58.6,1,1,0,0,1,0
9606.ENSP00000348128,15,13.9,1,1,0,0,1,0
9606.ENSP00000351250,25.9,36,1,1,0,1,0,0
9606.ENSP00000352601,31.2,34.5,1,1,0.25,0.25,0.25,0.25
9606.ENSP00000351789,11.7,4.8,1,1,0,0,1,0
9606.ENSP00000393876,29.2,24.1,1,1,1,0,0,0
9606.ENSP00000354580,142.7,160.9,1,1,1,0,0,0
9606.ENSP00000352163,0.1,0.4,1,1,0.25,0.25,0.25,0.25
9606.ENSP00000386935,10.1,0.3,1,1,0,0,1,0
9606.ENSP00000350418,0,0,0,0,0.25,0.25,0.25,0.25
9606.ENSP00000353794,1.8,4.9,1,1,0.25,0.25,0.25,0.25
9606.ENSP00000417470,5.3,2.1,1,1,0.25,0.25,0.25,0.25
9606.ENSP00000353058,23.2,1.5,1,1,0.25,0.25,0.25,0.25
9606.ENSP00000357714,0,0,0,0,0.25,0.25,0.25,0.25
9606.ENSP00000352836,4.9,0.7,1,1,0.25,0.25,0.25,0.25
9606.ENSP00000245407,6.1,6.5,1,1,0.25,0.25,0.25,0.25
9606.ENSP00000375783,0.2,0.4,1,1,0,1,0,0
9606.ENSP00000353920,7.3,5.6,1,1,0.25,0.25,0.25,0.25
9606.ENSP00000373274,1,0,1,0,0,1,0,0
9606.ENSP00000347184,19.2,15.9,1,1,0,0,0,1
9606.ENSP00000335535,0,0,0,0,0.25,0.25,0.25,0.25
9606.ENSP00000347197,0.6,7.6,1,1,1,0,0,0
9606.ENSP00000427336,0,0.2,0,1,0.25,0.25,0.25,0.25
9606.ENSP00000324648,0.1,265.7,1,1,0,0,0,1
9606.ENSP00000352252,2.1,0.2,1,1,0,0,1,0
9606.ENSP00000485514,0,0,0,0,0.25,0.25,0.25,0.25
9606.ENSP00000354919,0,0,0,0,0,0,1,0
9606.ENSP00000353650,0,0,0,0,1,0,0,0
9606.ENSP00000225519,20.8,20.5,1,1,0,1,0,0
9606.ENSP00000350222,0,0,0,0,0.25,0.25,0.25,0.25
9606.ENSP00000379739,6,7.1,1,1,0,0,1,0
9606.ENSP00000360214,0,0,0,0,1,0,0,0
9606.ENSP00000352717,0,0,0,0,0.25,0.25,0.25,0.25
9606.ENSP00000351908,0,10.4,0,1,0,0,1,0
9606.ENSP00000363216,4.3,48.3,1,1,1,0,0,0
9606.ENSP00000333534,0,0,0,0,0.25,0.25,0.25,0.25
9606.ENSP00000431049,90.7,335.3,1,1,0,0,0,1
9606.ENSP00000351108,270.1,97.3,1,1,0,0,0,1
9606.ENSP00000347428,0,0,0,0,0.25,0.25,0.25,0.25
9606.ENSP00000359070,37.7,0,1,0,1,0,0,0
9606.ENSP00000346508,5.5,1.4,1,1,1,0,0,0
9606.ENSP00000351430,0,0,0,0,0.25,0.25,0.25,0.25
9606.ENSP00000381949,0,0,0,0,1,0,0,0
9606.ENSP00000353238,1.6,1.1,1,1,1,0,0,0
9606.ENSP00000341236,3.6,0.2,1,1,0.25,0.25,0.25,0.25
9606.ENSP00000346802,0.1,0,1,0,0.25,0.25,0.25,0.25
9606.ENSP00000469591,3.5,3,1,1,0.25,0.25,0.25,0.25
9606.ENSP00000349884,0,0.4,0,1,0.25,0.25,0.25,0.25
9606.ENSP00000352216,22.4,41,1,1,1,0,0,0
9606.ENSP00000379702,0.1,0.2,1,1,0.25,0.25,0.25,0.25
9606.ENSP00000402338,20.9,104.3,1,1,1,0,0,0
9606.ENSP00000365413,0,0,0,0,1,0,0,0
9606.ENSP00000414451,0,0,0,0,0.25,0.25,0.25,0.25
9606.ENSP00000426103,8,8.3,1,1,1,0,0,0
9606.ENSP00000304807,0.2,0,1,0,0.25,0.25,0.25,0.25
9606.ENSP00000382177,3.1,1.3,1,1,1,0,0,0
9606.ENSP00000264553,0,0.4,0,1,1,0,0,0
9606.ENSP00000346437,18.4,6.9,1,1,0,1,0,0
9606.ENSP00000450832,11.6,18.8,1,1,0,1,0,0
9606.ENSP00000347915,1.3,3.3,1,1,1,0,0,0
9606.ENSP00000466090,0,2.2,0,1,1,0,0,0
9606.ENSP00000438492,12,14.3,1,1,0.25,0.25,0.25,0.25
9606.ENSP00000350263,19.7,14.2,1,1,0,0,1,0
9606.ENSP00000378340,4.1,0,1,0,0.25,0.25,0.25,0.25
9606.ENSP00000310472,1.2,0.2,1,1,0,1,0,0
9606.ENSP00000353151,11.2,0,1,0,0,0,1,0
9606.ENSP00000353735,11.9,22.7,1,1,0,0,1,0
9606.ENSP00000350314,0.2,67.9,1,1,0,0,1,0
9606.ENSP00000407592,0,0,0,0,0,0,1,0
9606.ENSP00000365840,177.1,12,1,1,0,0,1,0
9606.ENSP00000353132,0,0,0,0,0.25,0.25,0.25,0.25
9606.ENSP00000348033,0,0,0,0,0.25,0.25,0.25,0.25
9606.ENSP00000354238,25.2,96.3,1,1,0,0,1,0
9606.ENSP00000373828,0.8,0.7,1,1,0.25,0.25,0.25,0.25
9606.ENSP00000346874,0.5,1.6,1,1,0,1,0,0
9606.ENSP00000389014,2.4,5.5,1,1,0,1,0,0
9606.ENSP00000470746,7.7,0.9,1,1,0.25,0.25,0.25,0.25
9606.ENSP00000352455,3.1,0,1,0,1,0,0,0
9606.ENSP00000386041,0,0,0,0,1,0,0,0
9606.ENSP00000471549,4.6,1.6,1,1,0.25,0.25,0.25,0.25
9606.ENSP00000423099,10.2,7.9,1,1,0,1,0,0
9606.ENSP00000475845,11.6,36.2,1,1,1,0,0,0
9606.ENSP00000354335,0,3.1,0,1,0,0,1,0
9606.ENSP00000401645,0.1,0.2,1,1,1,0,0,0
9606.ENSP00000353731,62.7,29.6,1,1,0,0,0,1
9606.ENSP00000341584,0,0,0,0,1,0,0,0
9606.ENSP00000380855,0,0.1,0,1,0,0,1,0
9606.ENSP00000339767,3.6,3,1,1,0,0,1,0
9606.ENSP00000351727,0,0,0,0,0.25,0.25,0.25,0.25
9606.ENSP00000386770,0,0,0,0,1,0,0,0
9606.ENSP00000480336,0,0,0,0,0.25,0.25,0.25,0.25
9606.ENSP00000353742,0,0,0,0,0.25,0.25,0.25,0.25
9606.ENSP00000361824,93.7,26.8,1,1,0,1,0,0
9606.ENSP00000378089,44.3,3.6,1,1,1,0,0,0
9606.ENSP00000334008,15.3,24,1,1,0,1,0,0
9606.ENSP00000352314,22.5,0,1,0,0,0,1,0
9606.ENSP00000342836,0,0,0,0,0.25,0.25,0.25,0.25
9606.ENSP00000351740,54.8,74.2,1,1,0,0,1,0
9606.ENSP00000352401,105.5,18.8,1,1,0,0,1,0
9606.ENSP00000353491,1.5,1.2,1,1,0.25,0.25,0.25,0.25
9606.ENSP00000421736,0,0.1,0,1,1,0,0,0
9606.ENSP00000352185,11.1,6.1,1,1,0,0,0,1
9606.ENSP00000348849,610.9,2086.7,1,1,0,0,1,0
9606.ENSP00000351395,0,0,0,0,0.25,0.25,0.25,0.25
9606.ENSP00000378394,505.8,417.6,1,1,0,0,0,1
9606.ENSP00000357801,342,267,1,1,1,0,0,0
9606.ENSP00000349568,0.4,0,1,0,0.25,0.25,0.25,0.25
9606.ENSP00000353346,4.4,0,1,0,0.25,0.25,0.25,0.25
9606.ENSP00000418082,6220.9,5177.9,1,1,0,0,1,0
9606.ENSP00000243108,0,0,0,0,0.25,0.25,0.25,0.25
9606.ENSP00000373066,7.6,8.3,1,1,0,1,0,0
9606.ENSP00000332139,4.2,1.5,1,1,0.25,0.25,0.25,0.25
9606.ENSP00000373583,0.2,0,1,0,0.25,0.25,0.25,0.25
9606.ENSP00000349785,0.1,0,1,0,0.25,0.25,0.25,0.25
9606.ENSP00000353098,31.3,21.6,1,1,0,1,0,0
9606.ENSP00000457353,0.9,1.3,1,1,0.25,0.25,0.25,0.25
9606.ENSP00000352282,0.1,3,1,1,0,1,0,0
9606.ENSP00000366153,1.3,4.6,1,1,0,0,1,0
9606.ENSP00000355051,29.2,38.1,1,1,0,0,1,0
9606.ENSP00000400997,4.3,41.4,1,1,0.25,0.25,0.25,0.25
9606.ENSP00000368030,79.8,10.5,1,1,0,0,1,0
9606.ENSP00000349945,0,0,0,0,0.25,0.25,0.25,0.25
9606.ENSP00000353343,0,0,0,0,0.25,0.25,0.25,0.25
9606.ENSP00000433343,16.6,4.1,1,1,0,0,1,0
9606.ENSP00000467931,2.3,1.3,1,1,0.25,0.25,0.25,0.25
9606.ENSP00000434727,0.7,0.3,1,1,0.25,0.25,0.25,0.25
9606.ENSP00000416418,4.2,14,1,1,1,0,0,0
9606.ENSP00000347379,9,39.1,1,1,0,1,0,0
9606.ENSP00000425786,0,0,0,0,1,0,0,0
9606.ENSP00000244537,1.1,1.1,1,1,0,0,1,0
9606.ENSP00000332679,0,0.2,0,1,0,0,0,1
9606.ENSP00000420727,7.6,10.3,1,1,0,0,1,0
9606.ENSP00000476313,0,0,0,0,0.25,0.25,0.25,0.25
9606.ENSP00000349805,3.7,1,1,1,0,0,1,0
9606.ENSP00000348419,9.5,10.3,1,1,0,0,1,0
9606.ENSP00000347206,34.1,56.5,1,1,0,1,0,0
9606.ENSP00000346478,6,0.7,1,1,1,0,0,0
9606.ENSP00000370395,12.1,3,1,1,1,0,0,0
9606.ENSP00000349161,3.4,6.6,1,1,0,0,0,1
9606.ENSP00000442626,0,0,0,0,0.25,0.25,0.25,0.25
9606.ENSP00000370724,0,1.6,0,1,0,0,1,0
9606.ENSP00000352834,47.4,35.1,1,1,0,1,0,0
9606.ENSP00000393785,10.8,15.2,1,1,1,0,0,0
9606.ENSP00000305469,0,0,0,0,0.25,0.25,0.25,0.25
9606.ENSP00000320401,0,4,0,1,1,0,0,0
9606.ENSP00000384334,0,1.2,0,1,0.25,0.25,0.25,0.25
9606.ENSP00000366797,0,0.2,0,1,1,0,0,0
9606.ENSP00000427900,12.1,19.3,1,1,1,0,0,0
9606.ENSP00000358365,0,0,0,0,1,0,0,0
9606.ENSP00000296412,329,200.7,1,1,0,0,0,1
9606.ENSP00000367102,0,0,0,0,1,0,0,0
9606.ENSP00000349430,5.3,2.5,1,1,0,0,0,1
9606.ENSP00000352926,76.5,0,1,0,1,0,0,0
9606.ENSP00000268704,49.7,33.5,1,1,0.25,0.25,0.25,0.25
9606.ENSP00000357791,0,0,0,0,0.25,0.25,0.25,0.25
9606.ENSP00000276927,0,0,0,0,0.25,0.25,0.25,0.25
9606.ENSP00000367714,0,0,0,0,1,0,0,0
9606.ENSP00000469391,0.2,1.7,1,1,0,0,1,0
9606.ENSP00000379042,62.8,53.8,1,1,1,0,0,0
9606.ENSP00000340683,8.8,2.6,1,1,0.25,0.25,0.25,0.25
9606.ENSP00000366384,0,0.6,0,1,1,0,0,0
9606.ENSP00000405218,2.2,1.4,1,1,0.25,0.25,0.25,0.25
9606.ENSP00000347418,0,0,0,0,0.25,0.25,0.25,0.25
9606.ENSP00000482457,0.6,5.9,1,1,1,0,0,0
9606.ENSP00000399259,7.2,0.6,1,1,0,0,1,0
9606.ENSP00000328245,3.4,0.7,1,1,0.25,0.25,0.25,0.25
9606.ENSP00000348911,0,0,0,0,0.25,0.25,0.25,0.25
9606.ENSP00000357709,197.9,25.8,1,1,1,0,0,0
9606.ENSP00000354739,2695.8,3614.2,1,1,0,0,1,0
9606.ENSP00000356705,0,0,0,0,0.25,0.25,0.25,0.25
9606.ENSP00000326967,11.7,9.4,1,1,0.25,0.25,0.25,0.25
9606.ENSP00000352513,56.2,18,1,1,0,0,1,0
9606.ENSP00000353422,10.2,27,1,1,0,0,1,0
9606.ENSP00000380958,6.2,29.9,1,1,1,0,0,0
9606.ENSP00000324827,30.1,16,1,1,0,0,1,0
9606.ENSP00000346693,52.2,18.8,1,1,0.25,0.25,0.25,0.25
9606.ENSP00000481078,0.4,0.8,1,1,0.25,0.25,0.25,0.25
9606.ENSP00000474182,0,1.9,0,1,0.25,0.25,0.25,0.25
9606.ENSP00000362133,28.8,135.2,1,1,0.25,0.25,0.25,0.25
9606.ENSP00000348074,0,0,0,0,0.25,0.25,0.25,0.25
9606.ENSP00000347409,0,0,0,0,0.25,0.25,0.25,0.25
9606.ENSP00000441140,17.1,14.2,1,1,0,1,0,0
9606.ENSP00000390651,3,6.6,1,1,0,1,0,0
9606.ENSP00000348757,0,0.4,0,1,1,0,0,0
9606.ENSP00000400258,0,1.3,0,1,0.25,0.25,0.25,0.25
9606.ENSP00000449884,66.6,54.7,1,1,0,0,1,0
9606.ENSP00000359520,10.2,10.9,1,1,0,1,0,0
9606.ENSP00000358391,0,0.5,0,1,0.25,0.25,0.25,0.25
9606.ENSP00000359550,0,0,0,0,1,0,0,0
9606.ENSP00000325326,13,4.3,1,1,0.25,0.25,0.25,0.25
9606.ENSP00000301480,0,0,0,0,0.25,0.25,0.25,0.25
9606.ENSP00000382982,0.2,0,1,0,0.25,0.25,0.25,0.25
9606.ENSP00000362744,771.3,2554.9,1,1,0,1,0,0
9606.ENSP00000418719,0.7,1,1,1,0.25,0.25,0.25,0.25
9606.ENSP00000331465,14.5,9.8,1,1,0,0,0,1
9606.ENSP00000353246,20.3,10.7,1,1,0,1,0,0
9606.ENSP00000439402,0.1,0.9,1,1,0.25,0.25,0.25,0.25
9606.ENSP00000356094,0,0,0,0,1,0,0,0
9606.ENSP00000382941,13.2,26.1,1,1,1,0,0,0
9606.ENSP00000433511,36.4,4.6,1,1,1,0,0,0
9606.ENSP00000350491,36.1,6.1,1,1,0,0,1,0
9606.ENSP00000351813,22.3,42.6,1,1,0.25,0.25,0.25,0.25
9606.ENSP00000340610,0,0,0,0,0.25,0.25,0.25,0.25
9606.ENSP00000429734,2.8,0.3,1,1,0,0,1,0
9606.ENSP00000352584,464.1,77.2,1,1,1,0,0,0
9606.ENSP00000272452,3.5,0,1,0,0.25,0.25,0.25,0.25
9606.ENSP00000301146,0,89.7,0,1,0,0,0,1
9606.ENSP00000349503,10.5,6,1,1,1,0,0,0
9606.ENSP00000377576,0,0,0,0,0.25,0.25,0.25,0.25
9606.ENSP00000352264,30.4,21.7,1,1,1,0,0,0
9606.ENSP00000361544,3.7,1,1,1,1,0,0,0
9606.ENSP00000383145,7.6,2.1,1,1,0.25,0.25,0.25,0.25
9606.ENSP00000328270,0,0,0,0,0.25,0.25,0.25,0.25
9606.ENSP00000348639,0,0,0,0,0.25,0.25,0.25,0.25
9606.ENSP00000347043,5.2,2.6,1,1,0,0,0,1
9606.ENSP00000265512,46.3,1118.2,1,1,0,0,0,1
9606.ENSP00000347965,0,0,0,0,0.25,0.25,0.25,0.25
9606.ENSP00000379208,9.9,2.7,1,1,0,0,1,0
9606.ENSP00000302629,0.4,1.9,1,1,0.25,0.25,0.25,0.25
9606.ENSP00000350102,17.5,0.1,1,1,0,0,1,0
9606.ENSP00000363553,0,0,0,0,0.25,0.25,0.25,0.25
9606.ENSP00000380489,0.1,0.5,1,1,1,0,0,0
9606.ENSP00000353044,0,0,0,0,0.25,0.25,0.25,0.25
9606.ENSP00000347810,0,0,0,0,1,0,0,0
9606.ENSP00000352706,39.7,136.9,1,1,0,0,0,1
9606.ENSP00000269829,10.4,6.6,1,1,0,0,0,1
9606.ENSP00000350050,0.3,0.1,1,1,0,0,0,1
9606.ENSP00000365830,26.7,46.5,1,1,0,1,0,0
9606.ENSP00000348673,22.8,64.6,1,1,1,0,0,0
9606.ENSP00000431871,0,0.1,0,1,0,0,1,0
9606.ENSP00000350848,2.5,138.1,1,1,0,0,0,1
9606.ENSP00000383820,18.1,54.7,1,1,0,0,1,0
9606.ENSP00000348959,11.8,79.6,1,1,0,0,1,0
9606.ENSP00000346130,6.2,62,1,1,0,0,1,0
9606.ENSP00000292562,8.1,1.9,1,1,1,0,0,0
9606.ENSP00000346483,208.1,123.7,1,1,0,0,1,0
9606.ENSP00000367913,0,0,0,0,0.25,0.25,0.25,0.25
9606.ENSP00000364519,99.7,60.3,1,1,1,0,0,0
9606.ENSP00000440428,0,0,0,0,0,0,1,0
9606.ENSP00000347338,4.8,0.3,1,1,0.25,0.25,0.25,0.25
9606.ENSP00000346251,0,0,0,0,1,0,0,0
9606.ENSP00000255129,5,1,1,1,0.25,0.25,0.25,0.25
9606.ENSP00000351035,159.6,303.4,1,1,0,0,0,1
9606.ENSP00000457168,2.7,13,1,1,0,0,1,0
9606.ENSP00000319622,2.7,0.6,1,1,1,0,0,0
9606.ENSP00000351530,0,1.4,0,1,0,0,1,0
9606.ENSP00000346644,5.8,1.4,1,1,0,0,1,0
9606.ENSP00000356545,0,0,0,0,0.25,0.25,0.25,0.25
9606.ENSP00000378830,43,17.1,1,1,0,0,1,0
9606.ENSP00000394227,0.3,0.2,1,1,0.25,0.25,0.25,0.25
9606.ENSP00000359693,0,0,0,0,0,1,0,0
9606.ENSP00000464050,110.3,31.7,1,1,0,1,0,0
9606.ENSP00000389103,1788.8,2929.8,1,1,0,1,0,0
9606.ENSP00000362285,28.1,5.4,1,1,0,1,0,0
9606.ENSP00000346599,14.1,52,1,1,1,0,0,0
9606.ENSP00000351492,970.1,1077.4,1,1,0.25,0.25,0.25,0.25
9606.ENSP00000351524,17.6,41.5,1,1,0,0,0,1
9606.ENSP00000447731,5.1,4.1,1,1,0,1,0,0
9606.ENSP00000340546,0,0,0,0,0.25,0.25,0.25,0.25
9606.ENSP00000346155,106.5,12.2,1,1,0,1,0,0
9606.ENSP00000353537,0,0,0,0,0.25,0.25,0.25,0.25
9606.ENSP00000380150,0.2,0.1,1,1,1,0,0,0
9606.ENSP00000354694,2.7,1.7,1,1,0.25,0.25,0.25,0.25
9606.ENSP00000326581,209.6,5.1,1,1,0,0,1,0
9606.ENSP00000348596,29.3,24.6,1,1,1,0,0,0
9606.ENSP00000332750,14.7,7.8,1,1,0,1,0,0
9606.ENSP00000354461,43.3,3.4,1,1,0.25,0.25,0.25,0.25
9606.ENSP00000369959,0,0,0,0,0.25,0.25,0.25,0.25
9606.ENSP00000414884,3.6,5.8,1,1,1,0,0,0
9606.ENSP00000347055,0.1,0.4,1,1,1,0,0,0
9606.ENSP00000242804,1.4,1.2,1,1,0.25,0.25,0.25,0.25
9606.ENSP00000379684,4.9,0.5,1,1,0.25,0.25,0.25,0.25
9606.ENSP00000399808,0,0,0,0,0.25,0.25,0.25,0.25
9606.ENSP00000353128,0,0,0,0,0,0,1,0
9606.ENSP00000353824,47.1,37.9,1,1,0.25,0.25,0.25,0.25
9606.ENSP00000466379,79.3,36.7,1,1,1,0,0,0
9606.ENSP00000368767,242.6,53.9,1,1,1,0,0,0
9606.ENSP00000348753,54.9,12.8,1,1,0,0,1,0
9606.ENSP00000352069,37.8,12.4,1,1,0.25,0.25,0.25,0.25
9606.ENSP00000349860,88.9,49.5,1,1,0.25,0.25,0.25,0.25
9606.ENSP00000348455,14.7,12,1,1,1,0,0,0
9606.ENSP00000347635,0,0,0,0,0.25,0.25,0.25,0.25
9606.ENSP00000333725,1.1,3.9,1,1,0,0,1,0
9606.ENSP00000346981,0,0,0,0,0.25,0.25,0.25,0.25
9606.ENSP00000347244,20,24.3,1,1,0,0,1,0
9606.ENSP00000431418,0,0,0,0,1,0,0,0
9606.ENSP00000354850,26.5,65.5,1,1,1,0,0,0
9606.ENSP00000334872,17.8,1502.7,1,1,0.25,0.25,0.25,0.25
9606.ENSP00000419235,74.6,79.3,1,1,0,0,1,0
9606.ENSP00000345333,9,14.2,1,1,0,0,1,0
9606.ENSP00000434516,332.4,68.7,1,1,0,0,1,0
9606.ENSP00000349041,5,0,1,0,1,0,0,0
9606.ENSP00000388502,1.9,2.6,1,1,0.25,0.25,0.25,0.25
9606.ENSP00000381489,0,0,0,0,0.25,0.25,0.25,0.25
9606.ENSP00000353048,0,0,0,0,0.25,0.25,0.25,0.25
9606.ENSP00000481819,1,2,1,1,0.25,0.25,0.25,0.25
9606.ENSP00000364023,6.5,11.6,1,1,0,0,0,1
9606.ENSP00000471754,16.2,16.7,1,1,0,0,1,0
9606.ENSP00000345479,8.1,8,1,1,0,0,1,0
9606.ENSP00000367542,10.2,2.1,1,1,0,1,0,0
9606.ENSP00000350976,0,0,0,0,0.25,0.25,0.25,0.25
9606.ENSP00000358853,22.1,64.1,1,1,0,1,0,0
9606.ENSP00000352846,0.6,1.7,1,1,0.25,0.25,0.25,0.25
9606.ENSP00000347802,0,19,0,1,1,0,0,0
9606.ENSP00000484640,0,0,0,0,1,0,0,0
9606.ENSP00000362918,74,104.6,1,1,0,0,1,0
9606.ENSP00000351380,47.5,65.1,1,1,1,0,0,0
9606.ENSP00000364114,0,5.1,0,1,1,0,0,0
9606.ENSP00000351155,0.4,0,1,0,0,1,0,0
9606.ENSP00000384264,0.9,38.2,1,1,0.25,0.25,0.25,0.25
9606.ENSP00000344903,19.7,11.8,1,1,1,0,0,0
9606.ENSP00000420716,0.4,2.6,1,1,0.25,0.25,0.25,0.25
9606.ENSP00000350085,3.7,0.3,1,1,0.25,0.25,0.25,0.25
9606.ENSP00000264718,67.7,10.4,1,1,1,0,0,0
9606.ENSP00000350132,0,0.1,0,1,1,0,0,0
9606.ENSP00000347712,0.2,0.2,1,1,0.25,0.25,0.25,0.25
9606.ENSP00000397693,3.9,6.1,1,1,0.25,0.25,0.25,0.25
9606.ENSP00000365351,0,1.2,0,1,0.25,0.25,0.25,0.25
9606.ENSP00000355251,54.2,57.8,1,1,0,0,1,0
9606.ENSP00000354414,6.8,6.5,1,1,0.25,0.25,0.25,0.25
9606.ENSP00000324191,0.5,0.9,1,1,0.25,0.25,0.25,0.25
9606.ENSP00000353793,16.1,0.7,1,1,1,0,0,0
9606.ENSP00000331927,10.5,5.4,1,1,0.25,0.25,0.25,0.25
9606.ENSP00000382004,115.3,21.4,1,1,0,0,1,0
9606.ENSP00000379475,52.4,3.5,1,1,1,0,0,0
9606.ENSP00000442397,1.5,0,1,0,1,0,0,0
9606.ENSP00000355969,0,0,0,0,1,0,0,0
9606.ENSP00000351884,0.1,0,1,0,1,0,0,0
9606.ENSP00000356906,0,0.4,0,1,0.25,0.25,0.25,0.25
9606.ENSP00000349022,0,0,0,0,0.25,0.25,0.25,0.25
9606.ENSP00000422375,17.8,117,1,1,0,1,0,0
9606.ENSP00000411099,27.3,38.2,1,1,0,0,0,1
9606.ENSP00000349629,18.9,17.6,1,1,0,1,0,0
9606.ENSP00000347730,0,0.1,0,1,0.25,0.25,0.25,0.25
9606.ENSP00000353767,0.3,0.2,1,1,0.25,0.25,0.25,0.25
9606.ENSP00000352710,0,0,0,0,0.25,0.25,0.25,0.25
9606.ENSP00000353458,49.3,24.9,1,1,0,1,0,0
9606.ENSP00000369814,0.9,834.6,1,1,0,0,1,0
9606.ENSP00000346340,105.2,27.7,1,1,1,0,0,0
9606.ENSP00000347586,23.6,38.6,1,1,0,0,1,0
9606.ENSP00000356150,7.2,53.3,1,1,0,0,0,1
9606.ENSP00000355533,0,0.2,0,1,1,0,0,0
9606.ENSP00000327538,0,0,0,0,0.25,0.25,0.25,0.25
9606.ENSP00000351933,12.8,18.2,1,1,0,0,1,0
9606.ENSP00000351632,0,0.2,0,1,0,1,0,0
9606.ENSP00000363929,25.1,10.7,1,1,0,1,0,0
9606.ENSP00000348278,46.4,0,1,0,1,0,0,0
9606.ENSP00000348234,3.6,3600.9,1,1,0.25,0.25,0.25,0.25
9606.ENSP00000347322,32.1,39.1,1,1,1,0,0,0
9606.ENSP00000349467,194,398.1,1,1,1,0,0,0
9606.ENSP00000321334,0,34.9,0,1,0,0,1,0
9606.ENSP00000393987,0,3.7,0,1,0.25,0.25,0.25,0.25
9606.ENSP00000477445,0,0,0,0,0.25,0.25,0.25,0.25
9606.ENSP00000351596,23.6,30.3,1,1,0,0,1,0
9606.ENSP00000350716,0,17.2,0,1,1,0,0,0
9606.ENSP00000349085,0,0,0,0,1,0,0,0
9606.ENSP00000406157,0.2,106.3,1,1,1,0,0,0
9606.ENSP00000359729,5.6,8.7,1,1,0,1,0,0
9606.ENSP00000354497,2.6,14.8,1,1,0.25,0.25,0.25,0.25
9606.ENSP00000359245,0.6,0.1,1,1,1,0,0,0
9606.ENSP00000354665,11697.6,420.8,1,1,0.25,0.25,0.25,0.25
9606.ENSP00000354742,39.7,17,1,1,0.25,0.25,0.25,0.25
9606.ENSP00000354581,0,0,0,0,0.25,0.25,0.25,0.25
9606.ENSP00000448012,3.8,5.5,1,1,1,0,0,0
9606.ENSP00000354876,34514.7,36520.9,1,1,0,0,0,1
9606.ENSP00000354553,62,64.3,1,1,1,0,0,0
9606.ENSP00000355045,2.4,6.8,1,1,0,1,0,0
9606.ENSP00000355718,0,0.1,0,1,0.25,0.25,0.25,0.25
9606.ENSP00000378328,3.5,0.2,1,1,1,0,0,0
9606.ENSP00000369461,218.2,218.6,1,1,0,0,0,1
9606.ENSP00000367756,15.3,11.1,1,1,0,0,1,0
9606.ENSP00000355241,0.1,0,1,0,0.25,0.25,0.25,0.25
9606.ENSP00000354554,8071.7,12813.1,1,1,0,0,1,0
9606.ENSP00000392466,39.4,3.1,1,1,1,0,0,0
9606.ENSP00000355260,0,0,0,0,1,0,0,0
9606.ENSP00000355013,24.5,32.1,1,1,1,0,0,0
9606.ENSP00000355110,26.6,83.1,1,1,1,0,0,0
9606.ENSP00000356771,60.1,223.3,1,1,0.25,0.25,0.25,0.25
9606.ENSP00000355084,139.3,307.9,1,1,0,0,0,1
9606.ENSP00000355187,0,0,0,0,0.25,0.25,0.25,0.25
9606.ENSP00000354686,5.3,45.9,1,1,1,0,0,0
9606.ENSP00000354621,2.3,6.2,1,1,1,0,0,0
9606.ENSP00000370543,4.5,14.9,1,1,0.25,0.25,0.25,0.25
9606.ENSP00000354645,23.6,6.7,1,1,0,0,1,0
9606.ENSP00000355237,31,17.2,1,1,0,1,0,0
9606.ENSP00000442736,5.3,0,1,0,1,0,0,0
9606.ENSP00000361914,0.4,0,1,0,1,0,0,0
9606.ENSP00000363018,2220.9,1836,1,1,0,0,1,0
9606.ENSP00000354960,10.1,0.1,1,1,1,0,0,0
9606.ENSP00000358820,31.2,0.2,1,1,1,0,0,0
9606.ENSP00000369976,0,0,0,0,1,0,0,0
9606.ENSP00000355046,9181.6,11434,1,1,0.25,0.25,0.25,0.25
9606.ENSP00000358535,0,0,0,0,1,0,0,0
9606.ENSP00000360191,0,0,0,0,0.25,0.25,0.25,0.25
9606.ENSP00000356828,0.1,1.3,1,1,1,0,0,0
9606.ENSP00000354884,0,0,0,0,0,0,1,0
9606.ENSP00000373808,25.4,3.5,1,1,1,0,0,0
9606.ENSP00000354518,16.1,10.2,1,1,0,1,0,0
9606.ENSP00000355155,0,0.2,0,1,0.25,0.25,0.25,0.25
9606.ENSP00000354813,5374,4750.4,1,1,0.25,0.25,0.25,0.25
9606.ENSP00000355279,96.3,66.5,1,1,0.25,0.25,0.25,0.25
9606.ENSP00000355210,37.2,5,1,1,0,1,0,0
9606.ENSP00000354558,31,11.8,1,1,0,0,0,1
9606.ENSP00000355387,31.1,0.2,1,1,1,0,0,0
9606.ENSP00000354794,0.3,0,1,0,1,0,0,0
9606.ENSP00000354991,2.5,2.4,1,1,0.25,0.25,0.25,0.25
9606.ENSP00000354481,0,0,0,0,0.25,0.25,0.25,0.25
9606.ENSP00000355198,0,0,0,0,1,0,0,0
9606.ENSP00000355396,1.3,2.9,1,1,0,0,1,0
9606.ENSP00000354499,26575.5,31577.8,1,1,0,0,1,0
9606.ENSP00000354532,90.7,32.4,1,1,0,1,0,0
9606.ENSP00000355245,0,0,0,0,1,0,0,0
9606.ENSP00000355166,0,0,0,0,0.25,0.25,0.25,0.25
9606.ENSP00000401720,91.8,32.1,1,1,0,0,0,1
9606.ENSP00000361653,18.5,15.2,1,1,0.25,0.25,0.25,0.25
9606.ENSP00000472305,21.7,34.3,1,1,0,1,0,0
9606.ENSP00000354590,128.3,28.5,1,1,1,0,0,0
9606.ENSP00000354782,0,2.9,0,1,1,0,0,0
9606.ENSP00000355316,0,0.2,0,1,0.25,0.25,0.25,0.25
9606.ENSP00000354730,23.5,19.8,1,1,0,0,1,0
9606.ENSP00000354519,10.9,3.8,1,1,0.25,0.25,0.25,0.25
9606.ENSP00000355090,28.4,0.9,1,1,1,0,0,0
9606.ENSP00000355156,0,4.7,0,1,0.25,0.25,0.25,0.25
9606.ENSP00000355228,273.7,170.4,1,1,0,0,1,0
9606.ENSP00000384564,9.8,4.2,1,1,1,0,0,0
9606.ENSP00000451261,32.2,48.3,1,1,0,1,0,0
9606.ENSP00000355675,2.5,0,1,0,0.25,0.25,0.25,0.25
9606.ENSP00000354681,23.2,34,1,1,0,0,1,0
9606.ENSP00000354597,16.3,9.7,1,1,1,0,0,0
9606.ENSP00000373884,0,0,0,0,0.25,0.25,0.25,0.25
9606.ENSP00000354501,9.6,19,1,1,0.25,0.25,0.25,0.25
9606.ENSP00000355206,14708,14424.9,1,1,0,0,1,0
9606.ENSP00000360676,17.4,6.8,1,1,0,0,1,0
9606.ENSP00000354483,0,0,0,0,0.25,0.25,0.25,0.25
9606.ENSP00000418910,64,88.6,1,1,0,1,0,0
9606.ENSP00000355026,0,0,0,0,0.25,0.25,0.25,0.25
9606.ENSP00000354842,0,0.2,0,1,1,0,0,0
9606.ENSP00000353720,565.2,1771.9,1,1,0,0,0,1
9606.ENSP00000354566,0,1.4,0,1,1,0,0,0
9606.ENSP00000393922,4.1,2,1,1,0,0,1,0
9606.ENSP00000357764,0,0,0,0,0.25,0.25,0.25,0.25
9606.ENSP00000446479,4.5,4.9,1,1,0,0,1,0
9606.ENSP00000426167,356.5,186,1,1,0.25,0.25,0.25,0.25
9606.ENSP00000355385,48.5,8.5,1,1,1,0,0,0
9606.ENSP00000355299,37.5,51.3,1,1,0,1,0,0
9606.ENSP00000478783,9.8,16.9,1,1,0,0,1,0
9606.ENSP00000354622,12.7,6.6,1,1,0,0,1,0
9606.ENSP00000354888,6.5,1.9,1,1,0,1,0,0
9606.ENSP00000361025,0.1,1,1,1,0.25,0.25,0.25,0.25
9606.ENSP00000376609,7.2,1.6,1,1,1,0,0,0
9606.ENSP00000352645,14.3,11.6,1,1,1,0,0,0
9606.ENSP00000355114,37.9,19.4,1,1,1,0,0,0
9606.ENSP00000380353,0,0.3,0,1,0,0,1,0
9606.ENSP00000355195,0,0,0,0,0.25,0.25,0.25,0.25
9606.ENSP00000388850,0,0,0,0,1,0,0,0
9606.ENSP00000355121,17.1,0,1,0,0.25,0.25,0.25,0.25
9606.ENSP00000354961,19026.7,24378.9,1,1,1,0,0,0
9606.ENSP00000354957,14,23.2,1,1,0,0,1,0
9606.ENSP00000354687,11396.4,9315.7,1,1,0,1,0,0
9606.ENSP00000360167,0,0,0,0,0,0,1,0
9606.ENSP00000359095,26.9,1.3,1,1,1,0,0,0
9606.ENSP00000355064,0.8,12.3,1,1,1,0,0,0
9606.ENSP00000355319,8.9,29,1,1,0.25,0.25,0.25,0.25
9606.ENSP00000354947,29,112,1,1,1,0,0,0
9606.ENSP00000354632,24638.1,16702,1,1,0.25,0.25,0.25,0.25
9606.ENSP00000354522,126.5,142.1,1,1,0,0,1,0
9606.ENSP00000377793,100.4,1.8,1,1,1,0,0,0
9606.ENSP00000361820,0.6,0,1,0,0.25,0.25,0.25,0.25
9606.ENSP00000354927,17,9.4,1,1,1,0,0,0
9606.ENSP00000359077,6.9,0,1,0,1,0,0,0
9606.ENSP00000354476,69.1,27.7,1,1,1,0,0,0
9606.ENSP00000355306,31.4,16,1,1,1,0,0,0
9606.ENSP00000355001,0,0,0,0,1,0,0,0
9606.ENSP00000363583,0.3,0.1,1,1,0,1,0,0
9606.ENSP00000354812,28.4,0.1,1,1,0,1,0,0
9606.ENSP00000355315,3703.5,6161.5,1,1,0,0,1,0
9606.ENSP00000355028,7.4,3.3,1,1,1,0,0,0
9606.ENSP00000355250,7.7,1.1,1,1,0,0,1,0
9606.ENSP00000355185,11.2,7.1,1,1,0,0,1,0
9606.ENSP00000386710,74.4,0.1,1,1,1,0,0,0
9606.ENSP00000355133,1.7,19.1,1,1,1,0,0,0
9606.ENSP00000359310,0,0,0,0,0.25,0.25,0.25,0.25
9606.ENSP00000367615,267.2,352.9,1,1,0,0,1,0
9606.ENSP00000445683,0.5,0.6,1,1,1,0,0,0
9606.ENSP00000354777,17.1,0.6,1,1,1,0,0,0
9606.ENSP00000354912,2.5,0.1,1,1,1,0,0,0
9606.ENSP00000362507,130.4,152.6,1,1,1,0,0,0
9606.ENSP00000354982,23593.4,27710.3,1,1,1,0,0,0
9606.ENSP00000354453,0.3,0.1,1,1,0.25,0.25,0.25,0.25
9606.ENSP00000367965,1,1.8,1,1,1,0,0,0
9606.ENSP00000431962,1.4,6.8,1,1,1,0,0,0
9606.ENSP00000354923,26.6,51,1,1,1,0,0,0
9606.ENSP00000354583,1.4,42,1,1,0,0,1,0
9606.ENSP00000379680,23,30,1,1,0,0,1,0
9606.ENSP00000355261,64.3,17.3,1,1,0.25,0.25,0.25,0.25
9606.ENSP00000354848,19.9,7.1,1,1,0,0,1,0
9606.ENSP00000355330,25.2,179.7,1,1,1,0,0,0
9606.ENSP00000444537,10.2,0.4,1,1,0,0,1,0
9606.ENSP00000354775,31.4,83.4,1,1,0,0,1,0
9606.ENSP00000366093,0,0,0,0,0,0,1,0
9606.ENSP00000354829,9.2,12.8,1,1,0,1,0,0
9606.ENSP00000357134,0,0,0,0,0,1,0,0
9606.ENSP00000354707,0,0,0,0,0.25,0.25,0.25,0.25
9606.ENSP00000417696,3.3,0.7,1,1,0.25,0.25,0.25,0.25
9606.ENSP00000376410,27.8,22.8,1,1,0,0,1,0
9606.ENSP00000383382,0,0,0,0,0.25,0.25,0.25,0.25
9606.ENSP00000355429,0,0,0,0,0.25,0.25,0.25,0.25
9606.ENSP00000355435,0.2,0,1,0,0.25,0.25,0.25,0.25
9606.ENSP00000355480,15.4,9.8,1,1,0,0,1,0
9606.ENSP00000406327,75,340.8,1,1,0,1,0,0
9606.ENSP00000355511,10.4,1.9,1,1,0,1,0,0
9606.ENSP00000355752,0,0,0,0,0.25,0.25,0.25,0.25
9606.ENSP00000355837,0.4,0.1,1,1,0.25,0.25,0.25,0.25
9606.ENSP00000431376,6.8,9.1,1,1,0,1,0,0
9606.ENSP00000356016,0,0.5,0,1,1,0,0,0
9606.ENSP00000356329,0,0,0,0,0.25,0.25,0.25,0.25
9606.ENSP00000356363,9.3,72.6,1,1,0.25,0.25,0.25,0.25
9606.ENSP00000356444,49.1,28.3,1,1,0.25,0.25,0.25,0.25
9606.ENSP00000356536,0,0,0,0,0.25,0.25,0.25,0.25
9606.ENSP00000455469,0,0,0,0,0.25,0.25,0.25,0.25
9606.ENSP00000442307,0,0.1,0,1,0.25,0.25,0.25,0.25
9606.ENSP00000356658,0,0,0,0,0.25,0.25,0.25,0.25
9606.ENSP00000408058,0,0,0,0,0.25,0.25,0.25,0.25
9606.ENSP00000356946,0,4.3,0,1,1,0,0,0
9606.ENSP00000357125,0,0,0,0,0.25,0.25,0.25,0.25
9606.ENSP00000357127,0,0,0,0,0.25,0.25,0.25,0.25
9606.ENSP00000357308,120.6,8.7,1,1,0.25,0.25,0.25,0.25
9606.ENSP00000433712,0.7,17.2,1,1,0.25,0.25,0.25,0.25
9606.ENSP00000357645,11.6,63.4,1,1,0.25,0.25,0.25,0.25
9606.ENSP00000357682,0,0,0,0,0.25,0.25,0.25,0.25
9606.ENSP00000357731,0,0,0,0,1,0,0,0
9606.ENSP00000357733,0,0,0,0,0,1,0,0
9606.ENSP00000357736,0,0,0,0,1,0,0,0
9606.ENSP00000357740,0,0,0,0,0.25,0.25,0.25,0.25
9606.ENSP00000475216,0,0,0,0,1,0,0,0
9606.ENSP00000357829,3.3,21.3,1,1,0,1,0,0
9606.ENSP00000357889,0,0,0,0,1,0,0,0
9606.ENSP00000357920,5.6,4.2,1,1,0,0,1,0
9606.ENSP00000381302,0,0,0,0,1,0,0,0
9606.ENSP00000333277,0.6,0,1,0,0,0,1,0
9606.ENSP00000358155,8,0.2,1,1,0,1,0,0
9606.ENSP00000445831,0.2,0.6,1,1,0,0,1,0
9606.ENSP00000358232,0,0,0,0,0.25,0.25,0.25,0.25
9606.ENSP00000333277,0.6,0,1,0,0,0,1,0
9606.ENSP00000358421,0,0,0,0,1,0,0,0
9606.ENSP00000445122,0,0.2,0,1,1,0,0,0
9606.ENSP00000358532,0,0,0,0,1,0,0,0
9606.ENSP00000358542,0,0,0,0,0.25,0.25,0.25,0.25
9606.ENSP00000373575,0.5,0.3,1,1,0,0,1,0
9606.ENSP00000358703,0,0.1,0,1,0.25,0.25,0.25,0.25
9606.ENSP00000394071,36.4,15.4,1,1,0,0,1,0
9606.ENSP00000307854,40.6,31.2,1,1,0,0,1,0
9606.ENSP00000341815,7.1,0.3,1,1,0.25,0.25,0.25,0.25
9606.ENSP00000309521,53.4,1.3,1,1,0,0,1,0
9606.ENSP00000359384,0,0.8,0,1,1,0,0,0
9606.ENSP00000359392,0,0,0,0,0.25,0.25,0.25,0.25
9606.ENSP00000359396,0,0,0,0,0.25,0.25,0.25,0.25
9606.ENSP00000359401,0,0,0,0,0.25,0.25,0.25,0.25
9606.ENSP00000359524,0,0,0,0,0.25,0.25,0.25,0.25
9606.ENSP00000359549,0,0,0,0,1,0,0,0
9606.ENSP00000359571,0,0,0,0,0.25,0.25,0.25,0.25
9606.ENSP00000359674,0.4,0,1,0,1,0,0,0
9606.ENSP00000359707,0.5,0.1,1,1,1,0,0,0
9606.ENSP00000375267,0,35.9,0,1,0.25,0.25,0.25,0.25
9606.ENSP00000427951,0,0,0,0,0.25,0.25,0.25,0.25
9606.ENSP00000360046,0,0,0,0,0.25,0.25,0.25,0.25
9606.ENSP00000360129,3.5,0.9,1,1,1,0,0,0
9606.ENSP00000360190,0,0,0,0,0.25,0.25,0.25,0.25
9606.ENSP00000360240,0,0,0,0,0.25,0.25,0.25,0.25
9606.ENSP00000360411,11.7,0.1,1,1,1,0,0,0
9606.ENSP00000360455,0,0,0,0,1,0,0,0
9606.ENSP00000360583,0,0.8,0,1,0.25,0.25,0.25,0.25
9606.ENSP00000360753,0,0,0,0,0.25,0.25,0.25,0.25
9606.ENSP00000360824,0,0,0,0,0.25,0.25,0.25,0.25
9606.ENSP00000360829,0,0,0,0,0.25,0.25,0.25,0.25
9606.ENSP00000360874,0,0,0,0,1,0,0,0
9606.ENSP00000360961,0,0,0,0,0.25,0.25,0.25,0.25
9606.ENSP00000383923,0,0.4,0,1,0.25,0.25,0.25,0.25
9606.ENSP00000383900,0,0,0,0,0.25,0.25,0.25,0.25
9606.ENSP00000361007,0,0.1,0,1,0.25,0.25,0.25,0.25
9606.ENSP00000438264,0,0,0,0,1,0,0,0
9606.ENSP00000361518,0.2,0.7,1,1,1,0,0,0
9606.ENSP00000361672,0,0.2,0,1,0.25,0.25,0.25,0.25
9606.ENSP00000361765,0,0,0,0,1,0,0,0
9606.ENSP00000243918,47.7,35.2,1,1,0,0,1,0
9606.ENSP00000361860,0,0,0,0,1,0,0,0
9606.ENSP00000362115,5.4,6.4,1,1,0,0,1,0
9606.ENSP00000362131,0,2.2,0,1,0,1,0,0
9606.ENSP00000320318,94.8,119.6,1,1,1,0,0,0
9606.ENSP00000362410,0.1,33.1,1,1,1,0,0,0
9606.ENSP00000362424,13.2,15.7,1,1,0,0,1,0
9606.ENSP00000362601,0,1.3,0,1,1,0,0,0
9606.ENSP00000387170,53.4,30.1,1,1,0,0,1,0
9606.ENSP00000362743,17.6,109.3,1,1,0,0,1,0
9606.ENSP00000373420,4.1,4.9,1,1,1,0,0,0
9606.ENSP00000424079,0,3.8,0,1,0,0,0,1
9606.ENSP00000362942,27.7,56.4,1,1,1,0,0,0
9606.ENSP00000362968,0,0,0,0,1,0,0,0
9606.ENSP00000363118,6.4,7.7,1,1,1,0,0,0
9606.ENSP00000400972,2.2,1.2,1,1,0.25,0.25,0.25,0.25
9606.ENSP00000363211,5.5,8.3,1,1,0.25,0.25,0.25,0.25
9606.ENSP00000363257,23.8,9.5,1,1,1,0,0,0
9606.ENSP00000363268,0,0.4,0,1,0,0,1,0
9606.ENSP00000363369,0,0,0,0,0.25,0.25,0.25,0.25
9606.ENSP00000392206,8,2,1,1,0.25,0.25,0.25,0.25
9606.ENSP00000363431,0,0,0,0,1,0,0,0
9606.ENSP00000363436,0,0,0,0,1,0,0,0
9606.ENSP00000363441,7.3,0,1,0,1,0,0,0
9606.ENSP00000363463,8,74.8,1,1,0.25,0.25,0.25,0.25
9606.ENSP00000363459,0,0.8,0,1,1,0,0,0
9606.ENSP00000363545,0.3,3.4,1,1,0,1,0,0
9606.ENSP00000363634,0,0,0,0,0.25,0.25,0.25,0.25
9606.ENSP00000363645,0,0,0,0,1,0,0,0
9606.ENSP00000363668,33.3,15.6,1,1,0,1,0,0
9606.ENSP00000363708,13.1,16.1,1,1,0,0,1,0
9606.ENSP00000406293,55.3,248.8,1,1,0,0,0,1
9606.ENSP00000378563,73.9,94.4,1,1,1,0,0,0
9606.ENSP00000363787,54,36,1,1,1,0,0,0
9606.ENSP00000363794,18.8,93.7,1,1,0,0,1,0
9606.ENSP00000363817,0,14,0,1,0,1,0,0
9606.ENSP00000363873,26.5,63.5,1,1,0.25,0.25,0.25,0.25
9606.ENSP00000363913,0,0,0,0,0.25,0.25,0.25,0.25
9606.ENSP00000363840,0,0.8,0,1,0.25,0.25,0.25,0.25
9606.ENSP00000229829,0.1,0,1,0,1,0,0,0
9606.ENSP00000378704,21.4,76.1,1,1,1,0,0,0
9606.ENSP00000363976,0.2,4.3,1,1,1,0,0,0
9606.ENSP00000364000,0.7,5.3,1,1,0.25,0.25,0.25,0.25
9606.ENSP00000364016,4.7,92.9,1,1,0,0,1,0
9606.ENSP00000364034,0.6,8.7,1,1,1,0,0,0
9606.ENSP00000364054,3.1,3.8,1,1,1,0,0,0
9606.ENSP00000402790,0,0,0,0,0.25,0.25,0.25,0.25
9606.ENSP00000364089,0,0,0,0,0.25,0.25,0.25,0.25
9606.ENSP00000378786,0,17.7,0,1,1,0,0,0
9606.ENSP00000390613,0,0,0,0,0.25,0.25,0.25,0.25
9606.ENSP00000364140,0,0,0,0,1,0,0,0
9606.ENSP00000415517,0,0,0,0,1,0,0,0
9606.ENSP00000364166,0,0,0,0,0.25,0.25,0.25,0.25
9606.ENSP00000364163,0,1.3,0,1,0.25,0.25,0.25,0.25
9606.ENSP00000364190,6.6,16.6,1,1,0,1,0,0
9606.ENSP00000364210,0,1.3,0,1,1,0,0,0
9606.ENSP00000364235,165,133.2,1,1,0,0,1,0
9606.ENSP00000378877,121.6,28.4,1,1,0,0,1,0
9606.ENSP00000386647,0.8,1.8,1,1,0.25,0.25,0.25,0.25
9606.ENSP00000211413,0.1,0.4,1,1,1,0,0,0
9606.ENSP00000364298,5.1,2.6,1,1,0,0,1,0
9606.ENSP00000308275,124.7,1,1,1,0,1,0,0
9606.ENSP00000477017,0.1,0.1,1,1,0,0,1,0
9606.ENSP00000387298,0.1,4.2,1,1,0.25,0.25,0.25,0.25
9606.ENSP00000364430,155.5,2.2,1,1,0.25,0.25,0.25,0.25
9606.ENSP00000364482,0.3,23.6,1,1,0.25,0.25,0.25,0.25
9606.ENSP00000364501,0.1,0,1,0,0.25,0.25,0.25,0.25
9606.ENSP00000364515,0,0,0,0,1,0,0,0
9606.ENSP00000364498,12.6,8.1,1,1,1,0,0,0
9606.ENSP00000364543,0.1,15.9,1,1,1,0,0,0
9606.ENSP00000364578,55.8,36.7,1,1,1,0,0,0
9606.ENSP00000374237,0,0,0,0,1,0,0,0
9606.ENSP00000364661,0,0,0,0,0.25,0.25,0.25,0.25
9606.ENSP00000364677,0.3,0,1,0,0,0,0,1
9606.ENSP00000364699,135.1,177.5,1,1,0,0,1,0
9606.ENSP00000364678,0,6,0,1,1,0,0,0
9606.ENSP00000364752,0.2,0,1,0,0.25,0.25,0.25,0.25
9606.ENSP00000364765,0.2,0,1,0,0,0,1,0
9606.ENSP00000364766,0,0,0,0,0.25,0.25,0.25,0.25
9606.ENSP00000229729,1.4,0.2,1,1,1,0,0,0
9606.ENSP00000364782,2,32.2,1,1,0,0,0,1
9606.ENSP00000364801,1.1,14.6,1,1,0,1,0,0
9606.ENSP00000364802,1.8,83.7,1,1,0,0,1,0
9606.ENSP00000364805,0,2.2,0,1,1,0,0,0
9606.ENSP00000364813,33.5,78.3,1,1,0,0,1,0
9606.ENSP00000364815,49.7,16.6,1,1,1,0,0,0
9606.ENSP00000364840,0,0,0,0,1,0,0,0
9606.ENSP00000386049,1.8,10.3,1,1,0.25,0.25,0.25,0.25
9606.ENSP00000364855,0.3,0.2,1,1,0.25,0.25,0.25,0.25
9606.ENSP00000309524,0,0,0,0,1,0,0,0
9606.ENSP00000364964,0,0,0,0,0.25,0.25,0.25,0.25
9606.ENSP00000364978,0,0,0,0,0.25,0.25,0.25,0.25
9606.ENSP00000364992,0,0,0,0,0.25,0.25,0.25,0.25
9606.ENSP00000379282,0.1,0.8,1,1,1,0,0,0
9606.ENSP00000372724,0.1,1.9,1,1,1,0,0,0
9606.ENSP00000365042,1.1,148.9,1,1,0,1,0,0
9606.ENSP00000365071,8.2,37.4,1,1,0,0,1,0
9606.ENSP00000365076,3.1,5.9,1,1,1,0,0,0
9606.ENSP00000365080,0,0.7,0,1,1,0,0,0
9606.ENSP00000365081,90.8,711.7,1,1,1,0,0,0
9606.ENSP00000388299,0,0,0,0,0.25,0.25,0.25,0.25
9606.ENSP00000483764,0,0,0,0,1,0,0,0
9606.ENSP00000365131,100.4,40.6,1,1,0,1,0,0
9606.ENSP00000365201,1.8,18.1,1,1,0,1,0,0
9606.ENSP00000365227,0.8,17.5,1,1,1,0,0,0
9606.ENSP00000342156,0,0.1,0,1,0.25,0.25,0.25,0.25
9606.ENSP00000346275,0,0,0,0,0.25,0.25,0.25,0.25
9606.ENSP00000365266,0,0,0,0,0.25,0.25,0.25,0.25
9606.ENSP00000365269,0,0,0,0,0.25,0.25,0.25,0.25
9606.ENSP00000334410,0,0,0,0,0.25,0.25,0.25,0.25
9606.ENSP00000365261,0,5.3,0,1,0.25,0.25,0.25,0.25
9606.ENSP00000365318,0,18,0,1,0.25,0.25,0.25,0.25
9606.ENSP00000365322,0,0,0,0,0.25,0.25,0.25,0.25
9606.ENSP00000365322,0.5,0,1,0,0.25,0.25,0.25,0.25
9606.ENSP00000484237,0,0,0,0,0,1,0,0
9606.ENSP00000365362,0,0,0,0,0.25,0.25,0.25,0.25
9606.ENSP00000410545,2.3,17.4,1,1,0,0,1,0
9606.ENSP00000252229,1.2,0.1,1,1,0.25,0.25,0.25,0.25
9606.ENSP00000365395,0,0,0,0,0.25,0.25,0.25,0.25
9606.ENSP00000282296,4.2,1.5,1,1,0.25,0.25,0.25,0.25
9606.ENSP00000413079,0.7,8.3,1,1,0.25,0.25,0.25,0.25
9606.ENSP00000412999,1.9,4.5,1,1,0,0,1,0
9606.ENSP00000365402,0.5,383,1,1,0.25,0.25,0.25,0.25
9606.ENSP00000259915,3.7,1.3,1,1,0,0,1,0
9606.ENSP00000435234,0,0,0,0,1,0,0,0
9606.ENSP00000379566,15.3,6.1,1,1,0.25,0.25,0.25,0.25
9606.ENSP00000259845,0,0,0,0,1,0,0,0
9606.ENSP00000365465,0,0,0,0,1,0,0,0
9606.ENSP00000259881,0,0,0,0,0.25,0.25,0.25,0.25
9606.ENSP00000259870,0,0,0,0,0.25,0.25,0.25,0.25
9606.ENSP00000365473,0,0,0,0,1,0,0,0
9606.ENSP00000417128,0,0,0,0,1,0,0,0
9606.ENSP00000365625,13.9,8.4,1,1,0,0,1,0
9606.ENSP00000293604,2.7,14,1,1,0,0,1,0
9606.ENSP00000259873,130.6,142.7,1,1,0,0,1,0
9606.ENSP00000365694,10.4,30.8,1,1,1,0,0,0
9606.ENSP00000381541,0,0,0,0,0.25,0.25,0.25,0.25
9606.ENSP00000381542,0,0,0,0,0.25,0.25,0.25,0.25
9606.ENSP00000313603,11.2,142.2,1,1,0,1,0,0
9606.ENSP00000365744,0,7,0,1,0.25,0.25,0.25,0.25
9606.ENSP00000245620,0,2.9,0,1,0.25,0.25,0.25,0.25
9606.ENSP00000427552,9.7,0.5,1,1,0,1,0,0
9606.ENSP00000479730,0,27.8,0,1,0.25,0.25,0.25,0.25
9606.ENSP00000365806,1.2,13.7,1,1,0,0,1,0
9606.ENSP00000365817,0.2,106.7,1,1,1,0,0,0
9606.ENSP00000365838,0,0,0,0,0.25,0.25,0.25,0.25
9606.ENSP00000365844,1.7,3.3,1,1,1,0,0,0
9606.ENSP00000470381,6.5,2,1,1,0.25,0.25,0.25,0.25
9606.ENSP00000365884,8.3,5.2,1,1,0.25,0.25,0.25,0.25
9606.ENSP00000471000,11.8,2.4,1,1,0,1,0,0
9606.ENSP00000365898,0,0,0,0,1,0,0,0
9606.ENSP00000397073,2.7,1,1,1,0.25,0.25,0.25,0.25
9606.ENSP00000379826,0,0,0,0,0.25,0.25,0.25,0.25
9606.ENSP00000365924,0,0,0,0,1,0,0,0
9606.ENSP00000244360,0.5,0,1,0,0.25,0.25,0.25,0.25
9606.ENSP00000365963,0.6,30.4,1,1,0,0,1,0
9606.ENSP00000294484,0,0,0,0,0.25,0.25,0.25,0.25
9606.ENSP00000426909,2439,1067.6,1,1,1,0,0,0
9606.ENSP00000412927,0,0.2,0,1,1,0,0,0
9606.ENSP00000366036,34.4,17.4,1,1,0,1,0,0
9606.ENSP00000366061,0,0,0,0,0.25,0.25,0.25,0.25
9606.ENSP00000259951,0.1,30.4,1,1,0.25,0.25,0.25,0.25
9606.ENSP00000418259,0,0.1,0,1,0.25,0.25,0.25,0.25
9606.ENSP00000373860,4.2,143,1,1,0,0,0,1
9606.ENSP00000366095,0,0.1,0,1,1,0,0,0
9606.ENSP00000373136,0.1,0,1,0,0.25,0.25,0.25,0.25
9606.ENSP00000366173,0,0,0,0,0.25,0.25,0.25,0.25
9606.ENSP00000366223,0,0,0,0,0.25,0.25,0.25,0.25
9606.ENSP00000366234,0,0,0,0,0.25,0.25,0.25,0.25
9606.ENSP00000375711,50.3,42.1,1,1,0,1,0,0
9606.ENSP00000366233,0,0.2,0,1,1,0,0,0
9606.ENSP00000366331,0,0,0,0,0.25,0.25,0.25,0.25
9606.ENSP00000366340,0,0,0,0,0.25,0.25,0.25,0.25
9606.ENSP00000366354,0,0,0,0,0.25,0.25,0.25,0.25
9606.ENSP00000366365,0.5,0,1,0,0.25,0.25,0.25,0.25
9606.ENSP00000366372,0.1,0,1,0,0.25,0.25,0.25,0.25
9606.ENSP00000366374,0,0,0,0,0.25,0.25,0.25,0.25
9606.ENSP00000366378,0,0,0,0,0.25,0.25,0.25,0.25
9606.ENSP00000366380,0,0,0,0,0.25,0.25,0.25,0.25
9606.ENSP00000366390,1.8,2,1,1,0,0,1,0
9606.ENSP00000366402,0,0,0,0,0.25,0.25,0.25,0.25
9606.ENSP00000366404,13.7,40.2,1,1,0,0,0,1
9606.ENSP00000412763,2.6,0,1,0,0,0,1,0
9606.ENSP00000427975,0,1.1,0,1,0.25,0.25,0.25,0.25
9606.ENSP00000366582,0,0,0,0,0.25,0.25,0.25,0.25
9606.ENSP00000366637,0.2,0,1,0,0.25,0.25,0.25,0.25
9606.ENSP00000478589,0.1,0.1,1,1,1,0,0,0
9606.ENSP00000258105,115.5,15.1,1,1,1,0,0,0
9606.ENSP00000381857,0.4,11.8,1,1,0.25,0.25,0.25,0.25
9606.ENSP00000366843,37.5,36.2,1,1,0,0,1,0
9606.ENSP00000354791,89.2,15.3,1,1,1,0,0,0
9606.ENSP00000366875,0,0,0,0,0.25,0.25,0.25,0.25
9606.ENSP00000473036,0,0,0,0,1,0,0,0
9606.ENSP00000380779,4.6,6.5,1,1,0,0,1,0
9606.ENSP00000366901,23.5,2.9,1,1,1,0,0,0
9606.ENSP00000366902,9.8,11.9,1,1,0.25,0.25,0.25,0.25
9606.ENSP00000395219,0.1,0.1,1,1,0.25,0.25,0.25,0.25
9606.ENSP00000366926,0.6,0,1,0,1,0,0,0
9606.ENSP00000392189,0,0,0,0,0.25,0.25,0.25,0.25
9606.ENSP00000328444,0,0,0,0,0.25,0.25,0.25,0.25
9606.ENSP00000366970,0,0,0,0,0.25,0.25,0.25,0.25
9606.ENSP00000366976,0,0,0,0,0.25,0.25,0.25,0.25
9606.ENSP00000366984,0,0,0,0,1,0,0,0
9606.ENSP00000310573,0,0,0,0,1,0,0,0
9606.ENSP00000367049,37.7,10.5,1,1,1,0,0,0
9606.ENSP00000367139,2.4,0.2,1,1,0.25,0.25,0.25,0.25
9606.ENSP00000367157,0,0,0,0,0.25,0.25,0.25,0.25
9606.ENSP00000367163,0,0,0,0,0.25,0.25,0.25,0.25
9606.ENSP00000367164,0,0,0,0,0.25,0.25,0.25,0.25
9606.ENSP00000385163,2.8,1.1,1,1,0.25,0.25,0.25,0.25
9606.ENSP00000432692,19.3,139.1,1,1,0,0,1,0
9606.ENSP00000367193,0.7,8.7,1,1,1,0,0,0
9606.ENSP00000367214,0,0,0,0,0.25,0.25,0.25,0.25
9606.ENSP00000415299,0.1,0.6,1,1,1,0,0,0
9606.ENSP00000479536,0,0,0,0,0,0,1,0
9606.ENSP00000382334,0,0,0,0,1,0,0,0
9606.ENSP00000410890,1.7,0.2,1,1,0.25,0.25,0.25,0.25
9606.ENSP00000367300,1.3,0.6,1,1,0.25,0.25,0.25,0.25
9606.ENSP00000367315,0,0,0,0,0.25,0.25,0.25,0.25
9606.ENSP00000367319,0,0,0,0,0.25,0.25,0.25,0.25
9606.ENSP00000367330,30.3,20,1,1,1,0,0,0
9606.ENSP00000431083,0.2,0,1,0,0.25,0.25,0.25,0.25
9606.ENSP00000436042,0,0,0,0,0.25,0.25,0.25,0.25
9606.ENSP00000434655,0,0,0,0,0.25,0.25,0.25,0.25
9606.ENSP00000436426,0.5,0,1,0,0.25,0.25,0.25,0.25
9606.ENSP00000436557,0,0,0,0,1,0,0,0
9606.ENSP00000435300,0.2,0,1,0,1,0,0,0
9606.ENSP00000431748,0,0,0,0,0.25,0.25,0.25,0.25
9606.ENSP00000420840,0,0,0,0,1,0,0,0
9606.ENSP00000348299,18.9,12.7,1,1,0,0,1,0
9606.ENSP00000367429,3.7,0,1,0,0.25,0.25,0.25,0.25
9606.ENSP00000367428,0,0,0,0,0.25,0.25,0.25,0.25
9606.ENSP00000308720,0,0,0,0,1,0,0,0
9606.ENSP00000367494,15,1.3,1,1,0,0,1,0
9606.ENSP00000367528,0.1,0,1,0,0.25,0.25,0.25,0.25
9606.ENSP00000408598,0,0.1,0,1,0.25,0.25,0.25,0.25
9606.ENSP00000367649,0,0,0,0,0.25,0.25,0.25,0.25
9606.ENSP00000367650,0,0,0,0,0.25,0.25,0.25,0.25
9606.ENSP00000367655,0,0.8,0,1,1,0,0,0
9606.ENSP00000437635,0.1,0.7,1,1,0.25,0.25,0.25,0.25
9606.ENSP00000367770,10.6,12.1,1,1,0,0,0,1
9606.ENSP00000367891,0,0,0,0,1,0,0,0
9606.ENSP00000367911,0.7,16,1,1,0.25,0.25,0.25,0.25
9606.ENSP00000258173,2,0.9,1,1,1,0,0,0
9606.ENSP00000420140,0.1,0.8,1,1,1,0,0,0
9606.ENSP00000478257,0,0,0,0,0,1,0,0
9606.ENSP00000368007,0.8,0,1,0,1,0,0,0
9606.ENSP00000424015,0,0,0,0,0.25,0.25,0.25,0.25
9606.ENSP00000417711,0,0,0,0,1,0,0,0
9606.ENSP00000368080,0.2,0,1,0,0.25,0.25,0.25,0.25
9606.ENSP00000455099,10.7,0,1,0,1,0,0,0
9606.ENSP00000368109,0,0,0,0,0.25,0.25,0.25,0.25
9606.ENSP00000368127,0.2,0.1,1,1,1,0,0,0
9606.ENSP00000429517,20.4,19.6,1,1,0.25,0.25,0.25,0.25
9606.ENSP00000368165,25.2,19,1,1,0.25,0.25,0.25,0.25
9606.ENSP00000368189,0,0.3,0,1,0.25,0.25,0.25,0.25
9606.ENSP00000468411,41.6,55.1,1,1,0,0,1,0
9606.ENSP00000368296,1.6,0,1,0,0.25,0.25,0.25,0.25
9606.ENSP00000368362,0,0,0,0,1,0,0,0
9606.ENSP00000387462,7.8,28.4,1,1,0,0,1,0
9606.ENSP00000368503,10.4,2.1,1,1,1,0,0,0
9606.ENSP00000469876,0,0,0,0,0.25,0.25,0.25,0.25
9606.ENSP00000368516,49.4,49.2,1,1,1,0,0,0
9606.ENSP00000351314,18.5,11.7,1,1,1,0,0,0
9606.ENSP00000368544,0,0,0,0,0.25,0.25,0.25,0.25
9606.ENSP00000421686,1.6,0,1,0,1,0,0,0
9606.ENSP00000368686,87.9,8,1,1,0.25,0.25,0.25,0.25
9606.ENSP00000385632,11.1,3.3,1,1,0,1,0,0
9606.ENSP00000368737,2.7,7,1,1,0.25,0.25,0.25,0.25
9606.ENSP00000441929,0,0.1,0,1,1,0,0,0
9606.ENSP00000368758,0,0,0,0,0.25,0.25,0.25,0.25
9606.ENSP00000421185,0,0,0,0,1,0,0,0
9606.ENSP00000368831,23.1,40,1,1,1,0,0,0
9606.ENSP00000481351,0.9,0,1,0,0.25,0.25,0.25,0.25
9606.ENSP00000373674,0.1,0.9,1,1,0,0,1,0
9606.ENSP00000337632,129.9,7.3,1,1,0,1,0,0
9606.ENSP00000448811,0,0,0,0,0.25,0.25,0.25,0.25
9606.ENSP00000368986,0,0,0,0,0.25,0.25,0.25,0.25
9606.ENSP00000368989,0,0,0,0,0.25,0.25,0.25,0.25
9606.ENSP00000368990,0,0,0,0,0.25,0.25,0.25,0.25
9606.ENSP00000455215,26.3,0.3,1,1,0,0,1,0
9606.ENSP00000369042,96.3,44.7,1,1,0,0,1,0
9606.ENSP00000412064,218.8,144.5,1,1,1,0,0,0
9606.ENSP00000404923,6.3,6.4,1,1,0,1,0,0
9606.ENSP00000330587,0,3526.5,0,1,0.25,0.25,0.25,0.25
9606.ENSP00000421339,0,0,0,0,1,0,0,0
9606.ENSP00000478425,8.7,368.6,1,1,0,0,0,1
9606.ENSP00000457205,0,0,0,0,1,0,0,0
9606.ENSP00000369146,0,1836.4,0,1,0.25,0.25,0.25,0.25
9606.ENSP00000378130,222.4,459.9,1,1,1,0,0,0
9606.ENSP00000328878,0,0,0,0,0.25,0.25,0.25,0.25
9606.ENSP00000369292,0.1,2.2,1,1,0,0,1,0
9606.ENSP00000369317,0,0,0,0,1,0,0,0
9606.ENSP00000405635,17.5,5.1,1,1,1,0,0,0
9606.ENSP00000369349,0.1,0,1,0,1,0,0,0
9606.ENSP00000369409,5.9,18.7,1,1,0,0,1,0
9606.ENSP00000381005,0,0,0,0,0.25,0.25,0.25,0.25
9606.ENSP00000474246,0,0,0,0,0.25,0.25,0.25,0.25
9606.ENSP00000375479,0,0,0,0,0.25,0.25,0.25,0.25
9606.ENSP00000455596,0,0,0,0,0.25,0.25,0.25,0.25
9606.ENSP00000485635,0,0,0,0,0.25,0.25,0.25,0.25
9606.ENSP00000369592,52.3,15.5,1,1,1,0,0,0
9606.ENSP00000369728,0,0,0,0,0.25,0.25,0.25,0.25
9606.ENSP00000369729,0,0,0,0,0.25,0.25,0.25,0.25
9606.ENSP00000369731,0,0,0,0,0.25,0.25,0.25,0.25
9606.ENSP00000369755,0,0.1,0,1,0.25,0.25,0.25,0.25
9606.ENSP00000377075,3.4,4.3,1,1,0,1,0,0
9606.ENSP00000369915,160,47.6,1,1,0,1,0,0
9606.ENSP00000370010,38,1255.9,1,1,1,0,0,0
9606.ENSP00000301939,102.5,615.3,1,1,0.25,0.25,0.25,0.25
9606.ENSP00000379011,3.4,1.3,1,1,1,0,0,0
9606.ENSP00000370119,1.2,1.9,1,1,1,0,0,0
9606.ENSP00000370126,2.1,0.3,1,1,0.25,0.25,0.25,0.25
9606.ENSP00000370125,310.8,197.4,1,1,0,0,0,1
9606.ENSP00000391524,0.6,0.7,1,1,0.25,0.25,0.25,0.25
9606.ENSP00000370258,10.6,0.2,1,1,0,1,0,0
9606.ENSP00000382021,62.5,10.7,1,1,1,0,0,0
9606.ENSP00000385527,0.2,0,1,0,1,0,0,0
9606.ENSP00000370420,0,0.1,0,1,1,0,0,0
9606.ENSP00000325301,5.8,3.8,1,1,0.25,0.25,0.25,0.25
9606.ENSP00000432561,0.3,0,1,0,1,0,0,0
9606.ENSP00000451812,21,10.6,1,1,0.25,0.25,0.25,0.25
9606.ENSP00000370522,0,0,0,0,0.25,0.25,0.25,0.25
9606.ENSP00000370531,0.3,4.2,1,1,0.25,0.25,0.25,0.25
9606.ENSP00000382234,23.4,1.8,1,1,0.25,0.25,0.25,0.25
9606.ENSP00000370607,0.1,0,1,0,0.25,0.25,0.25,0.25
9606.ENSP00000479526,0.3,4.2,1,1,1,0,0,0
9606.ENSP00000370673,0,0.1,0,1,0.25,0.25,0.25,0.25
9606.ENSP00000370761,9.8,146.3,1,1,1,0,0,0
9606.ENSP00000370770,0.4,2.1,1,1,0.25,0.25,0.25,0.25
9606.ENSP00000370801,0,0,0,0,0.25,0.25,0.25,0.25
9606.ENSP00000370719,23.8,53.9,1,1,0,1,0,0
9606.ENSP00000370849,7.5,23.4,1,1,0.25,0.25,0.25,0.25
9606.ENSP00000370889,1,0.1,1,1,1,0,0,0
9606.ENSP00000383641,0,0,0,0,0.25,0.25,0.25,0.25
9606.ENSP00000370966,19.1,16,1,1,0,0,1,0
9606.ENSP00000371061,14.2,19.1,1,1,0,0,0,1
9606.ENSP00000484668,0,0,0,0,1,0,0,0
9606.ENSP00000371200,0,0.9,0,1,0.25,0.25,0.25,0.25
9606.ENSP00000371234,0,0,0,0,0.25,0.25,0.25,0.25
9606.ENSP00000371307,15.1,12,1,1,0,1,0,0
9606.ENSP00000371327,0.1,0,1,0,0.25,0.25,0.25,0.25
9606.ENSP00000371328,0,0,0,0,1,0,0,0
9606.ENSP00000415027,0,0,0,0,0.25,0.25,0.25,0.25
9606.ENSP00000406164,0,5.9,0,1,0.25,0.25,0.25,0.25
9606.ENSP00000422188,0.1,0,1,0,1,0,0,0
9606.ENSP00000371505,0,0,0,0,0.25,0.25,0.25,0.25
9606.ENSP00000371529,0,0,0,0,1,0,0,0
9606.ENSP00000371553,0,0,0,0,0.25,0.25,0.25,0.25
9606.ENSP00000384971,0,0,0,0,0.25,0.25,0.25,0.25
9606.ENSP00000371572,0.5,0,1,0,0.25,0.25,0.25,0.25
9606.ENSP00000371595,0,0,0,0,0.25,0.25,0.25,0.25
9606.ENSP00000400041,0,0.1,0,1,0.25,0.25,0.25,0.25
9606.ENSP00000371606,0.1,0,1,0,0.25,0.25,0.25,0.25
9606.ENSP00000435010,0,0,0,0,0.25,0.25,0.25,0.25
9606.ENSP00000371643,0,0,0,0,0.25,0.25,0.25,0.25
9606.ENSP00000371644,0,0,0,0,1,0,0,0
9606.ENSP00000375248,0,0.1,0,1,0.25,0.25,0.25,0.25
9606.ENSP00000477706,14.2,10,1,1,0.25,0.25,0.25,0.25
9606.ENSP00000371786,0,0.1,0,1,0.25,0.25,0.25,0.25
9606.ENSP00000457380,0.6,0,1,0,0,1,0,0
9606.ENSP00000331040,0,0,0,0,1,0,0,0
9606.ENSP00000444950,0,0.2,0,1,1,0,0,0
9606.ENSP00000457723,181.7,34.3,1,1,1,0,0,0
9606.ENSP00000371994,1.1,2.3,1,1,1,0,0,0
9606.ENSP00000372005,35,205,1,1,0,0,1,0
9606.ENSP00000372059,0,0,0,0,0.25,0.25,0.25,0.25
9606.ENSP00000462106,0,0,0,0,1,0,0,0
9606.ENSP00000464330,0,0.1,0,1,0.25,0.25,0.25,0.25
9606.ENSP00000372139,0,0.1,0,1,1,0,0,0
9606.ENSP00000372160,9.6,0.9,1,1,1,0,0,0
9606.ENSP00000248098,151.6,31.5,1,1,0,1,0,0
9606.ENSP00000385494,0,0,0,0,0.25,0.25,0.25,0.25
9606.ENSP00000441497,0,0,0,0,0.25,0.25,0.25,0.25
9606.ENSP00000343445,0,0,0,0,1,0,0,0
9606.ENSP00000372221,0.3,0,1,0,0,1,0,0
9606.ENSP00000442373,0,3.7,0,1,0,0,1,0
9606.ENSP00000372272,0,0,0,0,0.25,0.25,0.25,0.25
9606.ENSP00000372276,0,0,0,0,0.25,0.25,0.25,0.25
9606.ENSP00000372278,0,0,0,0,0.25,0.25,0.25,0.25
9606.ENSP00000372281,0,0,0,0,0.25,0.25,0.25,0.25
9606.ENSP00000372286,0,0,0,0,1,0,0,0
9606.ENSP00000480601,0.1,0.5,1,1,0.25,0.25,0.25,0.25
9606.ENSP00000423159,0.1,0.2,1,1,0.25,0.25,0.25,0.25
9606.ENSP00000481358,0.3,1.2,1,1,0.25,0.25,0.25,0.25
9606.ENSP00000372410,0.2,0,1,0,0.25,0.25,0.25,0.25
9606.ENSP00000322421,21.1,43.7,1,1,1,0,0,0
9606.ENSP00000349270,0.1,2.7,1,1,0.25,0.25,0.25,0.25
9606.ENSP00000331302,0,0,0,0,0,0,1,0
9606.ENSP00000349325,0.6,0.1,1,1,0.25,0.25,0.25,0.25
9606.ENSP00000387907,0.1,0,1,0,0.25,0.25,0.25,0.25
9606.ENSP00000382544,0.1,0,1,0,0.25,0.25,0.25,0.25
9606.ENSP00000372649,0,0,0,0,0.25,0.25,0.25,0.25
9606.ENSP00000372651,0.2,0,1,0,0.25,0.25,0.25,0.25
9606.ENSP00000351310,0,0,0,0,0.25,0.25,0.25,0.25
9606.ENSP00000331748,29.6,13.3,1,1,0,0,1,0
9606.ENSP00000372959,0,0,0,0,0.25,0.25,0.25,0.25
9606.ENSP00000463375,0,0,0,0,0.25,0.25,0.25,0.25
9606.ENSP00000485032,0,0,0,0,0.25,0.25,0.25,0.25
9606.ENSP00000379873,8.2,237.4,1,1,0.25,0.25,0.25,0.25
9606.ENSP00000373153,58.6,41.3,1,1,0,1,0,0
9606.ENSP00000377428,0.4,2.5,1,1,1,0,0,0
9606.ENSP00000381272,0,0,0,0,0.25,0.25,0.25,0.25
9606.ENSP00000373191,5.7,1.5,1,1,0.25,0.25,0.25,0.25
9606.ENSP00000373194,0,0,0,0,0.25,0.25,0.25,0.25
9606.ENSP00000381436,0.2,0,1,0,1,0,0,0
9606.ENSP00000373272,64.7,0,1,0,0.25,0.25,0.25,0.25
9606.ENSP00000373278,0.3,1.6,1,1,0,0,1,0
9606.ENSP00000382379,8.7,41.7,1,1,0.25,0.25,0.25,0.25
9606.ENSP00000373298,0,3,0,1,0.25,0.25,0.25,0.25
9606.ENSP00000407613,17.7,3.1,1,1,0,0,1,0
9606.ENSP00000328326,0,0.1,0,1,0.25,0.25,0.25,0.25
9606.ENSP00000373477,370,209.2,1,1,1,0,0,0
9606.ENSP00000450980,0.2,0.2,1,1,0.25,0.25,0.25,0.25
9606.ENSP00000373509,53.1,143.1,1,1,0,0,1,0
9606.ENSP00000354643,27,59.5,1,1,0.25,0.25,0.25,0.25
9606.ENSP00000373684,12.7,14.3,1,1,1,0,0,0
9606.ENSP00000373713,27.5,13.8,1,1,0,0,1,0
9606.ENSP00000374332,65.7,39.6,1,1,1,0,0,0
9606.ENSP00000415998,11,14.1,1,1,0,0,1,0
9606.ENSP00000431254,0,0,0,0,0.25,0.25,0.25,0.25
9606.ENSP00000478725,0,0.4,0,1,0.25,0.25,0.25,0.25
9606.ENSP00000479675,0,1.2,0,1,0.25,0.25,0.25,0.25
9606.ENSP00000375081,0,0,0,0,1,0,0,0
9606.ENSP00000407653,1.9,1.9,1,1,1,0,0,0
9606.ENSP00000375091,0,0,0,0,0.25,0.25,0.25,0.25
9606.ENSP00000424040,0,0,0,0,0.25,0.25,0.25,0.25
9606.ENSP00000441949,0.4,1.2,1,1,0.25,0.25,0.25,0.25
9606.ENSP00000375095,0,0,0,0,0.25,0.25,0.25,0.25
9606.ENSP00000375147,0,0,0,0,1,0,0,0
9606.ENSP00000375148,0,0,0,0,0.25,0.25,0.25,0.25
9606.ENSP00000375150,0,0,0,0,0.25,0.25,0.25,0.25
9606.ENSP00000375220,0,0,0,0,0.25,0.25,0.25,0.25
9606.ENSP00000375232,0,0,0,0,0.25,0.25,0.25,0.25
9606.ENSP00000375234,0,0,0,0,0.25,0.25,0.25,0.25
9606.ENSP00000375237,0.6,0,1,0,1,0,0,0
9606.ENSP00000375238,0,0,0,0,1,0,0,0
9606.ENSP00000375268,0,1.2,0,1,0.25,0.25,0.25,0.25
9606.ENSP00000375334,0,0,0,0,0.25,0.25,0.25,0.25
9606.ENSP00000376572,21.9,7.4,1,1,0.25,0.25,0.25,0.25
9606.ENSP00000375428,0,0,0,0,1,0,0,0
9606.ENSP00000375429,0,0,0,0,1,0,0,0
9606.ENSP00000375430,4.4,0,1,0,0.25,0.25,0.25,0.25
9606.ENSP00000354728,23635.9,2507.3,1,1,0.25,0.25,0.25,0.25
9606.ENSP00000403208,0,1.3,0,1,1,0,0,0
9606.ENSP00000375476,0,0,0,0,0.25,0.25,0.25,0.25
9606.ENSP00000375478,0,0,0,0,0.25,0.25,0.25,0.25
9606.ENSP00000375482,0,0,0,0,0.25,0.25,0.25,0.25
9606.ENSP00000419298,0,0.1,0,1,0.25,0.25,0.25,0.25
9606.ENSP00000443957,19.9,14.7,1,1,0,0,1,0
9606.ENSP00000437616,1.7,1.5,1,1,0.25,0.25,0.25,0.25
9606.ENSP00000469417,0,0,0,0,1,0,0,0
9606.ENSP00000340914,0,0,0,0,0.25,0.25,0.25,0.25
9606.ENSP00000471191,72.7,10.5,1,1,0,1,0,0
9606.ENSP00000403649,0,0,0,0,1,0,0,0
9606.ENSP00000479816,1.3,12.9,1,1,0,0,1,0
9606.ENSP00000271375,12.1,46.8,1,1,0,1,0,0
9606.ENSP00000355812,52.3,19.9,1,1,0,0,1,0
9606.ENSP00000413098,29.2,9.3,1,1,0,0,1,0
9606.ENSP00000357079,0,0,0,0,1,0,0,0
9606.ENSP00000357103,0,0,0,0,1,0,0,0
9606.ENSP00000349494,3.7,9.3,1,1,0.25,0.25,0.25,0.25
9606.ENSP00000376287,0.9,1,1,1,1,0,0,0
9606.ENSP00000332449,97.5,0.7,1,1,1,0,0,0
9606.ENSP00000376419,33.5,12.7,1,1,0.25,0.25,0.25,0.25
9606.ENSP00000357810,0,0.1,0,1,0.25,0.25,0.25,0.25
9606.ENSP00000357894,4.9,0.7,1,1,1,0,0,0
9606.ENSP00000311219,1.9,0.2,1,1,0.25,0.25,0.25,0.25
9606.ENSP00000357917,0.6,0.2,1,1,0,0,1,0
9606.ENSP00000297512,0.1,0.8,1,1,1,0,0,0
9606.ENSP00000302833,0,2.7,0,1,0,1,0,0
9606.ENSP00000338013,2.2,0.9,1,1,0.25,0.25,0.25,0.25
9606.ENSP00000367355,0,12.9,0,1,1,0,0,0
9606.ENSP00000485535,0.1,0.3,1,1,0.25,0.25,0.25,0.25
9606.ENSP00000376623,0,0,0,0,1,0,0,0
9606.ENSP00000360803,0.7,0.6,1,1,0.25,0.25,0.25,0.25
9606.ENSP00000343223,0,0,0,0,0.25,0.25,0.25,0.25
9606.ENSP00000225504,212.4,7.2,1,1,0.25,0.25,0.25,0.25
9606.ENSP00000406047,0,0,0,0,0.25,0.25,0.25,0.25
9606.ENSP00000358548,57.6,26.3,1,1,1,0,0,0
9606.ENSP00000292596,0.2,0.8,1,1,0.25,0.25,0.25,0.25
9606.ENSP00000377170,45.6,37.7,1,1,1,0,0,0
9606.ENSP00000250237,51.1,28.4,1,1,1,0,0,0
9606.ENSP00000359424,23.5,10.5,1,1,0,0,1,0
9606.ENSP00000401867,17.5,2.7,1,1,0.25,0.25,0.25,0.25
9606.ENSP00000241337,10.9,1,1,1,0,1,0,0
9606.ENSP00000305459,41,17.5,1,1,0,0,1,0
9606.ENSP00000351333,9.2,2.9,1,1,0,1,0,0
9606.ENSP00000359230,22.6,3.8,1,1,0.25,0.25,0.25,0.25
9606.ENSP00000264005,73.2,207.4,1,1,0.25,0.25,0.25,0.25
9606.ENSP00000377478,0,0,0,0,0.25,0.25,0.25,0.25
9606.ENSP00000325589,0.1,0,1,0,1,0,0,0
9606.ENSP00000316675,0.4,0,1,0,0,1,0,0
9606.ENSP00000377582,0,0,0,0,0.25,0.25,0.25,0.25
9606.ENSP00000377583,0,0,0,0,1,0,0,0
9606.ENSP00000292377,0.4,0,1,0,0.25,0.25,0.25,0.25
9606.ENSP00000377616,0,5.8,0,1,1,0,0,0
9606.ENSP00000377771,7.9,26.2,1,1,1,0,0,0
9606.ENSP00000391594,22.8,3.8,1,1,0,0,1,0
9606.ENSP00000256366,10.9,45,1,1,0,1,0,0
9606.ENSP00000246747,107.8,22.7,1,1,1,0,0,0
9606.ENSP00000294671,0,13.9,0,1,0.25,0.25,0.25,0.25
9606.ENSP00000446099,9.3,31,1,1,0,0,1,0
9606.ENSP00000337513,14.3,90.5,1,1,0,0,1,0
9606.ENSP00000347195,13.8,20.5,1,1,1,0,0,0
9606.ENSP00000362041,78.9,10.9,1,1,0,1,0,0
9606.ENSP00000436621,15.4,67.5,1,1,0,0,1,0
9606.ENSP00000378464,0,0,0,0,0.25,0.25,0.25,0.25
9606.ENSP00000265333,457.6,215.9,1,1,0,0,1,0
9606.ENSP00000378503,0.3,2.6,1,1,0.25,0.25,0.25,0.25
9606.ENSP00000278422,125.4,42.7,1,1,0,1,0,0
9606.ENSP00000268097,62.2,35.2,1,1,0,0,1,0
9606.ENSP00000263774,92.2,141.1,1,1,0,0,1,0
9606.ENSP00000483521,47.2,74.2,1,1,0.25,0.25,0.25,0.25
9606.ENSP00000378733,0.1,1,1,1,0,0,0,1
9606.ENSP00000332448,5.6,0.3,1,1,1,0,0,0
9606.ENSP00000378769,107.9,114,1,1,0,1,0,0
9606.ENSP00000353600,80.8,0,1,0,0,1,0,0
9606.ENSP00000364180,0.6,4.3,1,1,0.25,0.25,0.25,0.25
9606.ENSP00000378845,2.5,0.1,1,1,1,0,0,0
9606.ENSP00000294129,23,5,1,1,0.25,0.25,0.25,0.25
9606.ENSP00000364349,21.9,15.3,1,1,0,0,1,0
9606.ENSP00000296443,0.2,0.1,1,1,1,0,0,0
9606.ENSP00000365006,0.1,1.8,1,1,0.25,0.25,0.25,0.25
9606.ENSP00000345528,20.4,23.2,1,1,0,1,0,0
9606.ENSP00000360376,0.1,0.4,1,1,1,0,0,0
9606.ENSP00000364935,126.4,53.7,1,1,1,0,0,0
9606.ENSP00000364945,11.2,38.2,1,1,0,0,1,0
9606.ENSP00000379339,4326.6,8162,1,1,0,0,1,0
9606.ENSP00000387683,1.1,0.4,1,1,0.25,0.25,0.25,0.25
9606.ENSP00000302194,0.5,0.1,1,1,1,0,0,0
9606.ENSP00000379464,7.5,3.8,1,1,1,0,0,0
9606.ENSP00000259895,12,0.5,1,1,0.25,0.25,0.25,0.25
9606.ENSP00000350698,57.7,0.4,1,1,0,1,0,0
9606.ENSP00000388311,3.2,1.2,1,1,0.25,0.25,0.25,0.25
9606.ENSP00000240618,0,0.2,0,1,1,0,0,0
9606.ENSP00000379738,0,0,0,0,0.25,0.25,0.25,0.25
9606.ENSP00000352540,84.9,226.8,1,1,0,1,0,0
9606.ENSP00000328352,1.3,2.8,1,1,0,0,1,0
9606.ENSP00000366249,115.5,0.8,1,1,0.25,0.25,0.25,0.25
9606.ENSP00000397050,1.7,1.2,1,1,0.25,0.25,0.25,0.25
9606.ENSP00000466561,0,0,0,0,0.25,0.25,0.25,0.25
9606.ENSP00000406546,0.1,1.2,1,1,0.25,0.25,0.25,0.25
9606.ENSP00000380008,3.1,3.1,1,1,1,0,0,0
9606.ENSP00000445772,2.3,0.7,1,1,0.25,0.25,0.25,0.25
9606.ENSP00000385905,4.8,1.2,1,1,1,0,0,0
9606.ENSP00000288087,14.8,4.7,1,1,1,0,0,0
9606.ENSP00000380053,0,0,0,0,0.25,0.25,0.25,0.25
9606.ENSP00000380044,64.9,15.7,1,1,0,1,0,0
9606.ENSP00000259631,0.2,0,1,0,1,0,0,0
9606.ENSP00000380073,5.9,9,1,1,1,0,0,0
9606.ENSP00000368119,8.8,75.8,1,1,0,0,1,0
9606.ENSP00000369586,3.3,0,1,0,0,1,0,0
9606.ENSP00000327431,0.3,0,1,0,0,1,0,0
9606.ENSP00000398017,0.5,0.3,1,1,0.25,0.25,0.25,0.25
9606.ENSP00000282588,0.6,86.4,1,1,0,1,0,0
9606.ENSP00000380251,5.5,10.9,1,1,0.25,0.25,0.25,0.25
9606.ENSP00000471516,0.5,1.7,1,1,0.25,0.25,0.25,0.25
9606.ENSP00000472969,0,0,0,0,0.25,0.25,0.25,0.25
9606.ENSP00000225525,81.3,12.4,1,1,1,0,0,0
9606.ENSP00000312442,59.9,2,1,1,0,1,0,0
9606.ENSP00000410466,0.6,0,1,0,0.25,0.25,0.25,0.25
9606.ENSP00000311984,25.5,16.5,1,1,0,0,1,0
9606.ENSP00000374014,1.2,28.1,1,1,0.25,0.25,0.25,0.25
9606.ENSP00000402154,2.2,0,1,0,1,0,0,0
9606.ENSP00000326227,13.5,11.2,1,1,0,0,1,0
9606.ENSP00000392549,9,2.1,1,1,0,0,1,0
9606.ENSP00000417291,82.4,61.7,1,1,0,0,0,1
9606.ENSP00000380466,103.6,167.6,1,1,0,0,1,0
9606.ENSP00000437590,1.7,2.3,1,1,0.25,0.25,0.25,0.25
9606.ENSP00000239347,0,0,0,0,0.25,0.25,0.25,0.25
9606.ENSP00000351569,43.2,93.8,1,1,0,0,1,0
9606.ENSP00000369604,1.9,1.9,1,1,1,0,0,0
9606.ENSP00000380553,75.1,27.3,1,1,0.25,0.25,0.25,0.25
9606.ENSP00000317257,453.6,21.8,1,1,1,0,0,0
9606.ENSP00000380635,21.6,20.2,1,1,0,1,0,0
9606.ENSP00000380671,0,0,0,0,0.25,0.25,0.25,0.25
9606.ENSP00000380675,0,0,0,0,0.25,0.25,0.25,0.25
9606.ENSP00000368264,0,0,0,0,1,0,0,0
9606.ENSP00000420026,76.3,45.6,1,1,1,0,0,0
9606.ENSP00000380702,27.3,14.2,1,1,1,0,0,0
9606.ENSP00000390407,0.1,0,1,0,1,0,0,0
9606.ENSP00000465932,1.6,0,1,0,0.25,0.25,0.25,0.25
9606.ENSP00000380793,74.2,50.9,1,1,0,0,1,0
9606.ENSP00000421294,5,0.5,1,1,0,0,1,0
9606.ENSP00000380920,0,0.6,0,1,0.25,0.25,0.25,0.25
9606.ENSP00000402153,0,0,0,0,0.25,0.25,0.25,0.25
9606.ENSP00000380959,1.5,9.4,1,1,1,0,0,0
9606.ENSP00000223136,99.7,454,1,1,0,0,1,0
9606.ENSP00000336762,188.4,5233.5,1,1,0.25,0.25,0.25,0.25
9606.ENSP00000381105,0,0,0,0,0.25,0.25,0.25,0.25
9606.ENSP00000484135,14.9,0.8,1,1,0.25,0.25,0.25,0.25
9606.ENSP00000329565,0,0.1,0,1,1,0,0,0
9606.ENSP00000381150,2.8,1.4,1,1,0.25,0.25,0.25,0.25
9606.ENSP00000381182,0,0,0,0,0.25,0.25,0.25,0.25
9606.ENSP00000478384,0,0,0,0,0.25,0.25,0.25,0.25
9606.ENSP00000434570,0.2,0,1,0,0.25,0.25,0.25,0.25
9606.ENSP00000358815,0.3,0.6,1,1,0,0,1,0
9606.ENSP00000381247,0,0,0,0,0.25,0.25,0.25,0.25
9606.ENSP00000243706,7.2,3.5,1,1,0,0,1,0
9606.ENSP00000386607,0,0,0,0,1,0,0,0
9606.ENSP00000386162,0,0,0,0,0.25,0.25,0.25,0.25
9606.ENSP00000433157,17.9,26.2,1,1,1,0,0,0
9606.ENSP00000474003,0,0,0,0,0.25,0.25,0.25,0.25
9606.ENSP00000381339,0,0,0,0,1,0,0,0
9606.ENSP00000358896,22,0.5,1,1,1,0,0,0
9606.ENSP00000391869,0.5,0,1,0,0.25,0.25,0.25,0.25
9606.ENSP00000371272,1.6,104.9,1,1,0.25,0.25,0.25,0.25
9606.ENSP00000385695,0.8,0,1,0,0.25,0.25,0.25,0.25
9606.ENSP00000421048,0,0,0,0,1,0,0,0
9606.ENSP00000381473,0,0.1,0,1,0.25,0.25,0.25,0.25
9606.ENSP00000381486,0,0,0,0,0.25,0.25,0.25,0.25
9606.ENSP00000381461,57.8,8.7,1,1,1,0,0,0
9606.ENSP00000381494,0,0,0,0,1,0,0,0
9606.ENSP00000335247,205.6,575.5,1,1,1,0,0,0
9606.ENSP00000352233,0.1,0,1,0,0.25,0.25,0.25,0.25
9606.ENSP00000484887,4.4,0.2,1,1,0.25,0.25,0.25,0.25
9606.ENSP00000477715,0.2,0,1,0,0.25,0.25,0.25,0.25
9606.ENSP00000348842,4,0.7,1,1,0.25,0.25,0.25,0.25
9606.ENSP00000381703,0,0,0,0,0.25,0.25,0.25,0.25
9606.ENSP00000485031,0,0,0,0,0.25,0.25,0.25,0.25
9606.ENSP00000485448,0,0.1,0,1,0,1,0,0
9606.ENSP00000381693,22.8,28.8,1,1,0,0,1,0
9606.ENSP00000394653,0,0,0,0,0.25,0.25,0.25,0.25
9606.ENSP00000381760,0,0,0,0,0.25,0.25,0.25,0.25
9606.ENSP00000403151,0,0,0,0,0.25,0.25,0.25,0.25
9606.ENSP00000387020,0.2,0.2,1,1,1,0,0,0
9606.ENSP00000413728,0,0,0,0,0.25,0.25,0.25,0.25
9606.ENSP00000392316,67.2,53.6,1,1,0,0,1,0
9606.ENSP00000385247,0,0,0,0,0.25,0.25,0.25,0.25
9606.ENSP00000370621,36.5,37.6,1,1,1,0,0,0
9606.ENSP00000381859,793.7,0,1,0,0,1,0,0
9606.ENSP00000301785,40.6,38.4,1,1,0,1,0,0
9606.ENSP00000431287,0.8,45,1,1,1,0,0,0
9606.ENSP00000431607,0,0,0,0,1,0,0,0
9606.ENSP00000381956,2.2,0.2,1,1,0.25,0.25,0.25,0.25
9606.ENSP00000428280,0,0,0,0,1,0,0,0
9606.ENSP00000382000,0.1,0,1,0,0.25,0.25,0.25,0.25
9606.ENSP00000358488,1.7,1.9,1,1,0.25,0.25,0.25,0.25
9606.ENSP00000382030,0,1.6,0,1,0.25,0.25,0.25,0.25
9606.ENSP00000382086,0,0.6,0,1,0.25,0.25,0.25,0.25
9606.ENSP00000382097,0,0,0,0,0.25,0.25,0.25,0.25
9606.ENSP00000432651,0,0,0,0,0.25,0.25,0.25,0.25
9606.ENSP00000481815,0,0,0,0,0.25,0.25,0.25,0.25
9606.ENSP00000341988,0,0,0,0,0.25,0.25,0.25,0.25
9606.ENSP00000435325,1.4,0,1,0,0,0,1,0
9606.ENSP00000382218,11.8,69,1,1,0.25,0.25,0.25,0.25
9606.ENSP00000421557,0,0,0,0,0.25,0.25,0.25,0.25
9606.ENSP00000441913,26.4,5.7,1,1,1,0,0,0
9606.ENSP00000410111,0.2,0,1,0,0.25,0.25,0.25,0.25
9606.ENSP00000400803,0.4,1.6,1,1,0.25,0.25,0.25,0.25
9606.ENSP00000385478,0.8,3.9,1,1,0.25,0.25,0.25,0.25
9606.ENSP00000431814,21.7,0,1,0,0,0,1,0
9606.ENSP00000465978,0,0,0,0,0.25,0.25,0.25,0.25
9606.ENSP00000382349,0.4,0,1,0,0.25,0.25,0.25,0.25
9606.ENSP00000384924,12.1,6.9,1,1,1,0,0,0
9606.ENSP00000382356,0.4,0,1,0,0.25,0.25,0.25,0.25
9606.ENSP00000441875,385,174.8,1,1,0,0,1,0
9606.ENSP00000392879,0,0,0,0,1,0,0,0
9606.ENSP00000382390,4.8,1.9,1,1,0,0,1,0
9606.ENSP00000397351,0,0,0,0,0.25,0.25,0.25,0.25
9606.ENSP00000482270,0,0,0,0,0.25,0.25,0.25,0.25
9606.ENSP00000382507,8.9,13.7,1,1,0.25,0.25,0.25,0.25
9606.ENSP00000480355,0,0,0,0,0.25,0.25,0.25,0.25
9606.ENSP00000366608,2.6,3,1,1,0,0,0,1
9606.ENSP00000401335,0,0,0,0,0.25,0.25,0.25,0.25
9606.ENSP00000485659,0,0,0,0,1,0,0,0
9606.ENSP00000419194,0,0,0,0,0.25,0.25,0.25,0.25
9606.ENSP00000408132,0,0,0,0,1,0,0,0
9606.ENSP00000382646,0.7,0.7,1,1,1,0,0,0
9606.ENSP00000331106,15.4,28.9,1,1,0,1,0,0
9606.ENSP00000382670,0,0,0,0,0.25,0.25,0.25,0.25
9606.ENSP00000382708,0,0.6,0,1,1,0,0,0
9606.ENSP00000382713,0,2.1,0,1,0.25,0.25,0.25,0.25
9606.ENSP00000369618,47.6,9.9,1,1,0,0,0,1
9606.ENSP00000343064,11.8,20.9,1,1,1,0,0,0
9606.ENSP00000382770,0,0,0,0,0.25,0.25,0.25,0.25
9606.ENSP00000416249,0,0,0,0,1,0,0,0
9606.ENSP00000350049,17.6,5.9,1,1,1,0,0,0
9606.ENSP00000385415,0,0,0,0,1,0,0,0
9606.ENSP00000382794,0,0.5,0,1,0.25,0.25,0.25,0.25
9606.ENSP00000382840,146.3,161,1,1,0,1,0,0
9606.ENSP00000369810,24.4,14.3,1,1,0,1,0,0
9606.ENSP00000382957,0,0,0,0,0.25,0.25,0.25,0.25
9606.ENSP00000382987,0,0,0,0,0.25,0.25,0.25,0.25
9606.ENSP00000383020,0,0,0,0,0.25,0.25,0.25,0.25
9606.ENSP00000383023,7.1,20,1,1,0.25,0.25,0.25,0.25
9606.ENSP00000246104,0,0,0,0,0.25,0.25,0.25,0.25
9606.ENSP00000299687,3.3,4.4,1,1,0,1,0,0
9606.ENSP00000348395,6.8,6.6,1,1,0,1,0,0
9606.ENSP00000383225,0,0.1,0,1,0.25,0.25,0.25,0.25
9606.ENSP00000383226,0,0,0,0,0.25,0.25,0.25,0.25
9606.ENSP00000463379,26.6,0.2,1,1,0,0,1,0
9606.ENSP00000483333,0,0,0,0,0.25,0.25,0.25,0.25
9606.ENSP00000383256,0,0,0,0,0.25,0.25,0.25,0.25
9606.ENSP00000383366,0,0,0,0,0.25,0.25,0.25,0.25
9606.ENSP00000383396,0,0,0,0,0.25,0.25,0.25,0.25
9606.ENSP00000383398,0,0,0,0,0.25,0.25,0.25,0.25
9606.ENSP00000383431,0,0,0,0,0.25,0.25,0.25,0.25
9606.ENSP00000383474,0.2,0,1,0,0.25,0.25,0.25,0.25
9606.ENSP00000383516,0,0,0,0,0.25,0.25,0.25,0.25
9606.ENSP00000383558,0.1,56.9,1,1,0.25,0.25,0.25,0.25
9606.ENSP00000341963,5.7,0,1,0,0,0,1,0
9606.ENSP00000365075,0,0,0,0,0.25,0.25,0.25,0.25
9606.ENSP00000383594,10.8,31.4,1,1,1,0,0,0
9606.ENSP00000342148,17.9,24,1,1,0.25,0.25,0.25,0.25
9606.ENSP00000383682,8.2,0,1,0,0.25,0.25,0.25,0.25
9606.ENSP00000367013,0.4,1.5,1,1,0.25,0.25,0.25,0.25
9606.ENSP00000388293,0.4,182,1,1,1,0,0,0
9606.ENSP00000317895,0,0,0,0,1,0,0,0
9606.ENSP00000434343,3.5,4.6,1,1,0,0,1,0
9606.ENSP00000402297,1.3,0,1,0,0.25,0.25,0.25,0.25
9606.ENSP00000414909,0,0,0,0,1,0,0,0
9606.ENSP00000383873,0,0.1,0,1,0.25,0.25,0.25,0.25
9606.ENSP00000368062,1.5,5.9,1,1,0.25,0.25,0.25,0.25
9606.ENSP00000384886,154.3,0.8,1,1,0,0,1,0
9606.ENSP00000385592,9.9,14.7,1,1,0.25,0.25,0.25,0.25
9606.ENSP00000371117,0,0,0,0,1,0,0,0
9606.ENSP00000355078,0.3,2.5,1,1,0.25,0.25,0.25,0.25
9606.ENSP00000421985,7.5,29.6,1,1,0,0,1,0
9606.ENSP00000378418,0,0,0,0,0.25,0.25,0.25,0.25
9606.ENSP00000385480,0,4.5,0,1,0.25,0.25,0.25,0.25
9606.ENSP00000264001,177.8,41.8,1,1,0.25,0.25,0.25,0.25
9606.ENSP00000315693,35.8,11,1,1,0.25,0.25,0.25,0.25
9606.ENSP00000424226,0.1,0.7,1,1,0,1,0,0
9606.ENSP00000384331,29.9,32.2,1,1,1,0,0,0
9606.ENSP00000384376,0,2,0,1,0.25,0.25,0.25,0.25
9606.ENSP00000384700,0,0,0,0,0.25,0.25,0.25,0.25
9606.ENSP00000320188,10.6,6.6,1,1,0,0,1,0
9606.ENSP00000338369,0,0,0,0,1,0,0,0
9606.ENSP00000449500,250.3,10.7,1,1,0,0,1,0
9606.ENSP00000443917,1.1,0,1,0,0.25,0.25,0.25,0.25
9606.ENSP00000383933,39.1,0.9,1,1,1,0,0,0
9606.ENSP00000474456,3.9,5.6,1,1,0,0,1,0
9606.ENSP00000386039,12.8,8.6,1,1,0,0,1,0
9606.ENSP00000393832,1,0,1,0,0.25,0.25,0.25,0.25
9606.ENSP00000482482,0.5,3.7,1,1,1,0,0,0
9606.ENSP00000467753,0,0,0,0,1,0,0,0
9606.ENSP00000384434,0.9,1.5,1,1,0,1,0,0
9606.ENSP00000314214,18.4,73.4,1,1,0.25,0.25,0.25,0.25
9606.ENSP00000386151,0,0,0,0,0.25,0.25,0.25,0.25
9606.ENSP00000430241,0,0,0,0,0.25,0.25,0.25,0.25
9606.ENSP00000386146,24,18.1,1,1,0,0,0,1
9606.ENSP00000234310,65.1,13.4,1,1,1,0,0,0
9606.ENSP00000332215,0,0,0,0,1,0,0,0
9606.ENSP00000367910,14.7,0.3,1,1,1,0,0,0
9606.ENSP00000386208,0,0,0,0,0.25,0.25,0.25,0.25
9606.ENSP00000381009,0,0,0,0,0.25,0.25,0.25,0.25
9606.ENSP00000352603,7.2,3,1,1,1,0,0,0
9606.ENSP00000367664,0,0,0,0,0.25,0.25,0.25,0.25
9606.ENSP00000386190,0.7,0.2,1,1,0.25,0.25,0.25,0.25
9606.ENSP00000355302,0,0,0,0,0.25,0.25,0.25,0.25
9606.ENSP00000386201,0,0,0,0,0.25,0.25,0.25,0.25
9606.ENSP00000386174,0,0,0,0,0.25,0.25,0.25,0.25
9606.ENSP00000369438,0,0,0,0,0.25,0.25,0.25,0.25
9606.ENSP00000354001,0,0,0,0,0.25,0.25,0.25,0.25
9606.ENSP00000352882,0,0.1,0,1,1,0,0,0
9606.ENSP00000473093,1,0,1,0,0.25,0.25,0.25,0.25
9606.ENSP00000386165,8.5,159,1,1,0.25,0.25,0.25,0.25
9606.ENSP00000375656,0.5,0,1,0,0.25,0.25,0.25,0.25
9606.ENSP00000421986,0,0,0,0,1,0,0,0
9606.ENSP00000344420,0,0,0,0,0.25,0.25,0.25,0.25
9606.ENSP00000386180,0,0,0,0,0.25,0.25,0.25,0.25
9606.ENSP00000386184,4.8,0.2,1,1,0,0,1,0
9606.ENSP00000386207,0,0,0,0,0.25,0.25,0.25,0.25
9606.ENSP00000386138,0,0,0,0,0.25,0.25,0.25,0.25
9606.ENSP00000327545,11.5,0.3,1,1,1,0,0,0
9606.ENSP00000386133,0,0,0,0,1,0,0,0
9606.ENSP00000411372,6.5,2.5,1,1,0.25,0.25,0.25,0.25
9606.ENSP00000386222,0,0,0,0,0.25,0.25,0.25,0.25
9606.ENSP00000325074,22.1,31.4,1,1,1,0,0,0
9606.ENSP00000386230,2,9.2,1,1,1,0,0,0
9606.ENSP00000406318,0.1,3.2,1,1,0.25,0.25,0.25,0.25
9606.ENSP00000463188,9.5,2,1,1,1,0,0,0
9606.ENSP00000333724,0,0,0,0,0.25,0.25,0.25,0.25
9606.ENSP00000386143,36.7,3.6,1,1,0,0,1,0
9606.ENSP00000386167,0,0.7,0,1,0.25,0.25,0.25,0.25
9606.ENSP00000386210,0,0,0,0,0.25,0.25,0.25,0.25
9606.ENSP00000386137,0,0,0,0,0.25,0.25,0.25,0.25
9606.ENSP00000386186,3.5,2,1,1,0,0,1,0
9606.ENSP00000270310,0,0,0,0,1,0,0,0
9606.ENSP00000386141,0.2,2.4,1,1,1,0,0,0
9606.ENSP00000334418,0,0,0,0,0.25,0.25,0.25,0.25
9606.ENSP00000377112,0.1,9.3,1,1,0,0,1,0
9606.ENSP00000386280,3.8,111.7,1,1,0,0,0,1
9606.ENSP00000278829,21.7,7.5,1,1,0,1,0,0
9606.ENSP00000386175,0,0,0,0,0.25,0.25,0.25,0.25
9606.ENSP00000386195,0,0,0,0,0.25,0.25,0.25,0.25
9606.ENSP00000383611,43.8,37.8,1,1,0,0,1,0
9606.ENSP00000388107,2145.4,2207.9,1,1,0,0,0,1
9606.ENSP00000349678,2.1,0,1,0,0.25,0.25,0.25,0.25
9606.ENSP00000354608,0,4.2,0,1,0.25,0.25,0.25,0.25
9606.ENSP00000386209,0,0,0,0,0.25,0.25,0.25,0.25
9606.ENSP00000393163,0,0,0,0,1,0,0,0
9606.ENSP00000352424,0.7,0.6,1,1,0.25,0.25,0.25,0.25
9606.ENSP00000485078,0,0,0,0,0.25,0.25,0.25,0.25
9606.ENSP00000395461,1.3,2.6,1,1,1,0,0,0
9606.ENSP00000395340,2.2,6.7,1,1,0.25,0.25,0.25,0.25
9606.ENSP00000387307,0,0,0,0,0.25,0.25,0.25,0.25
9606.ENSP00000386791,0.2,0,1,0,0,1,0,0
9606.ENSP00000386212,0,0,0,0,1,0,0,0
9606.ENSP00000450853,1.1,0,1,0,0.25,0.25,0.25,0.25
9606.ENSP00000387176,0,0,0,0,0.25,0.25,0.25,0.25
9606.ENSP00000386870,0,0,0,0,0.25,0.25,0.25,0.25
9606.ENSP00000474850,0,0,0,0,0.25,0.25,0.25,0.25
9606.ENSP00000333329,0,0,0,0,1,0,0,0
9606.ENSP00000398597,16.7,27.9,1,1,0.25,0.25,0.25,0.25
9606.ENSP00000409952,11.1,16.1,1,1,0,0,1,0
9606.ENSP00000402355,1.3,0,1,0,0.25,0.25,0.25,0.25
9606.ENSP00000392024,0.7,2.6,1,1,1,0,0,0
9606.ENSP00000478980,0,0,0,0,0.25,0.25,0.25,0.25
9606.ENSP00000406577,0.5,0,1,0,1,0,0,0
9606.ENSP00000473842,0,0,0,0,0.25,0.25,0.25,0.25
9606.ENSP00000369654,0,9.4,0,1,0,1,0,0
9606.ENSP00000485193,0,0,0,0,0.25,0.25,0.25,0.25
9606.ENSP00000392936,0,0,0,0,0.25,0.25,0.25,0.25
9606.ENSP00000485582,11,0,1,0,1,0,0,0
9606.ENSP00000408146,0,11.4,0,1,1,0,0,0
9606.ENSP00000431140,0.7,0,1,0,0.25,0.25,0.25,0.25
9606.ENSP00000343890,20.1,28.9,1,1,1,0,0,0
9606.ENSP00000411909,0,0,0,0,1,0,0,0
9606.ENSP00000396936,0,0.2,0,1,0.25,0.25,0.25,0.25
9606.ENSP00000415941,19,7.2,1,1,0,0,1,0
9606.ENSP00000393631,3.7,0.1,1,1,0.25,0.25,0.25,0.25
9606.ENSP00000415822,17.7,11.5,1,1,0.25,0.25,0.25,0.25
9606.ENSP00000451866,8,23.9,1,1,1,0,0,0
9606.ENSP00000392398,0,0,0,0,0.25,0.25,0.25,0.25
9606.ENSP00000409832,0,0,0,0,1,0,0,0
9606.ENSP00000448841,0.2,0.1,1,1,0,0,1,0
9606.ENSP00000400184,147.3,294,1,1,1,0,0,0
9606.ENSP00000371141,0,0,0,0,1,0,0,0
9606.ENSP00000252490,0.6,99.1,1,1,0,0,1,0
9606.ENSP00000415026,0,0,0,0,0.25,0.25,0.25,0.25
9606.ENSP00000403130,0,0,0,0,0.25,0.25,0.25,0.25
9606.ENSP00000389913,3.4,7.4,1,1,0,0,0,1
9606.ENSP00000485323,0,0,0,0,0.25,0.25,0.25,0.25
9606.ENSP00000455385,0.2,0,1,0,0,1,0,0
9606.ENSP00000389554,0,0,0,0,0.25,0.25,0.25,0.25
9606.ENSP00000402343,0,0,0,0,0.25,0.25,0.25,0.25
9606.ENSP00000461433,44.3,23.4,1,1,0,0,1,0
9606.ENSP00000378920,40.6,4.6,1,1,1,0,0,0
9606.ENSP00000396085,0,0,0,0,0.25,0.25,0.25,0.25
9606.ENSP00000485141,2.3,0,1,0,0.25,0.25,0.25,0.25
9606.ENSP00000455971,0.4,2.2,1,1,0.25,0.25,0.25,0.25
9606.ENSP00000348089,3.2,8.2,1,1,0.25,0.25,0.25,0.25
9606.ENSP00000401310,0,0,0,0,0.25,0.25,0.25,0.25
9606.ENSP00000405674,123.2,86,1,1,0,1,0,0
9606.ENSP00000419539,0,0,0,0,0.25,0.25,0.25,0.25
9606.ENSP00000469455,0,0,0,0,0.25,0.25,0.25,0.25
9606.ENSP00000456548,0.5,10.7,1,1,0.25,0.25,0.25,0.25
9606.ENSP00000484893,22.4,38.3,1,1,0.25,0.25,0.25,0.25
9606.ENSP00000399711,0,0,0,0,1,0,0,0
9606.ENSP00000482786,1.3,7.1,1,1,0.25,0.25,0.25,0.25
9606.ENSP00000397002,0,0.1,0,1,1,0,0,0
9606.ENSP00000308764,0,0,0,0,0.25,0.25,0.25,0.25
9606.ENSP00000397968,0.7,0.1,1,1,1,0,0,0
9606.ENSP00000405222,0,0,0,0,1,0,0,0
9606.ENSP00000485337,0,0,0,0,0.25,0.25,0.25,0.25
9606.ENSP00000453399,5.9,5.1,1,1,0.25,0.25,0.25,0.25
9606.ENSP00000408204,0,0,0,0,1,0,0,0
9606.ENSP00000387875,0,0,0,0,0.25,0.25,0.25,0.25
9606.ENSP00000414509,0,0,0,0,1,0,0,0
9606.ENSP00000414236,9.9,137.8,1,1,1,0,0,0
9606.ENSP00000436450,0,0,0,0,0.25,0.25,0.25,0.25
9606.ENSP00000476253,0.6,0.1,1,1,0.25,0.25,0.25,0.25
9606.ENSP00000412189,0.2,0,1,0,0.25,0.25,0.25,0.25
9606.ENSP00000460602,0.3,0.1,1,1,1,0,0,0
9606.ENSP00000410400,0,0,0,0,1,0,0,0
9606.ENSP00000403495,0,0,0,0,0.25,0.25,0.25,0.25
9606.ENSP00000363746,46.5,29.3,1,1,1,0,0,0
9606.ENSP00000439513,0,0,0,0,0.25,0.25,0.25,0.25
9606.ENSP00000418187,1.9,7.3,1,1,0.25,0.25,0.25,0.25
9606.ENSP00000425955,0,0,0,0,0.25,0.25,0.25,0.25
9606.ENSP00000392407,0,0,0,0,0.25,0.25,0.25,0.25
9606.ENSP00000405202,0,0,0,0,1,0,0,0
9606.ENSP00000392204,0.6,0.2,1,1,0.25,0.25,0.25,0.25
9606.ENSP00000384408,12.3,13,1,1,0,0,1,0
9606.ENSP00000389289,5.9,0,1,0,0.25,0.25,0.25,0.25
9606.ENSP00000384214,0,0,0,0,1,0,0,0
9606.ENSP00000316007,50.4,11.2,1,1,1,0,0,0
9606.ENSP00000410481,0.2,3.7,1,1,1,0,0,0
9606.ENSP00000389443,0,0,0,0,0.25,0.25,0.25,0.25
9606.ENSP00000455434,0,0,0,0,1,0,0,0
9606.ENSP00000457161,0,0.5,0,1,0.25,0.25,0.25,0.25
9606.ENSP00000330898,1.1,0.1,1,1,0.25,0.25,0.25,0.25
9606.ENSP00000467843,0,0.2,0,1,0.25,0.25,0.25,0.25
9606.ENSP00000369571,0,0,0,0,0.25,0.25,0.25,0.25
9606.ENSP00000389625,0.9,0,1,0,0.25,0.25,0.25,0.25
9606.ENSP00000355265,51103.9,381.5,1,1,0.25,0.25,0.25,0.25
9606.ENSP00000394936,732.8,9796.1,1,1,1,0,0,0
9606.ENSP00000386557,48.8,135.7,1,1,0,0,1,0
9606.ENSP00000457935,901.7,877.2,1,1,0.25,0.25,0.25,0.25
9606.ENSP00000392283,0,0,0,0,1,0,0,0
9606.ENSP00000310856,0,0,0,0,0.25,0.25,0.25,0.25
9606.ENSP00000407521,0,0,0,0,0.25,0.25,0.25,0.25
9606.ENSP00000389111,8.4,0.4,1,1,0.25,0.25,0.25,0.25
9606.ENSP00000396304,0,0,0,0,0.25,0.25,0.25,0.25
9606.ENSP00000416033,1.2,0,1,0,1,0,0,0
9606.ENSP00000404247,10.6,3.1,1,1,0,0,0,1
9606.ENSP00000396308,57.5,43.9,1,1,0,1,0,0
9606.ENSP00000411948,0,0,0,0,0.25,0.25,0.25,0.25
9606.ENSP00000427342,0,0,0,0,1,0,0,0
9606.ENSP00000422887,0,0,0,0,0.25,0.25,0.25,0.25
9606.ENSP00000485567,6715.2,14024.8,1,1,0,0,1,0
9606.ENSP00000367391,0,0,0,0,1,0,0,0
9606.ENSP00000345151,0,0.1,0,1,0.25,0.25,0.25,0.25
9606.ENSP00000259396,1079.4,55465.9,1,1,1,0,0,0
9606.ENSP00000407497,0.2,0,1,0,0.25,0.25,0.25,0.25
9606.ENSP00000416673,0.1,1.5,1,1,0.25,0.25,0.25,0.25
9606.ENSP00000451945,0,0,0,0,0.25,0.25,0.25,0.25
9606.ENSP00000485258,0,0,0,0,0.25,0.25,0.25,0.25
9606.ENSP00000427366,0,0,0,0,0.25,0.25,0.25,0.25
9606.ENSP00000484945,0,0,0,0,0.25,0.25,0.25,0.25
9606.ENSP00000438757,0,0,0,0,0.25,0.25,0.25,0.25
9606.ENSP00000413660,0,0,0,0,0.25,0.25,0.25,0.25
9606.ENSP00000223459,3.7,22.3,1,1,1,0,0,0
9606.ENSP00000470539,79.1,472.4,1,1,0.25,0.25,0.25,0.25
9606.ENSP00000322192,0,0,0,0,1,0,0,0
9606.ENSP00000421131,0,0,0,0,0.25,0.25,0.25,0.25
9606.ENSP00000424595,0,0,0,0,0.25,0.25,0.25,0.25
9606.ENSP00000415609,0,0,0,0,0.25,0.25,0.25,0.25
9606.ENSP00000456953,0,0,0,0,0.25,0.25,0.25,0.25
9606.ENSP00000454770,0,0,0,0,0.25,0.25,0.25,0.25
9606.ENSP00000356567,44.3,15.7,1,1,0,0,1,0
9606.ENSP00000394282,0,0,0,0,0.25,0.25,0.25,0.25
9606.ENSP00000373196,0,0,0,0,0.25,0.25,0.25,0.25
9606.ENSP00000400046,0,0,0,0,1,0,0,0
9606.ENSP00000422097,0,0,0,0,0.25,0.25,0.25,0.25
9606.ENSP00000290943,1.5,0,1,0,0.25,0.25,0.25,0.25
9606.ENSP00000370800,0,0,0,0,0.25,0.25,0.25,0.25
9606.ENSP00000485364,0,0,0,0,0.25,0.25,0.25,0.25
9606.ENSP00000389513,0,0,0,0,1,0,0,0
9606.ENSP00000279575,0,0,0,0,0.25,0.25,0.25,0.25
9606.ENSP00000480946,0,0,0,0,0,0,1,0
9606.ENSP00000399547,0,0,0,0,0.25,0.25,0.25,0.25
9606.ENSP00000389381,1.4,2.3,1,1,1,0,0,0
9606.ENSP00000455698,0,0.2,0,1,1,0,0,0
9606.ENSP00000392896,119.8,185.9,1,1,0.25,0.25,0.25,0.25
9606.ENSP00000423777,0,0,0,0,0.25,0.25,0.25,0.25
9606.ENSP00000404517,0,0,0,0,0.25,0.25,0.25,0.25
9606.ENSP00000346575,0,0,0,0,0.25,0.25,0.25,0.25
9606.ENSP00000390111,0,0,0,0,0.25,0.25,0.25,0.25
9606.ENSP00000415662,0.1,0,1,0,1,0,0,0
9606.ENSP00000483467,0.9,0,1,0,0.25,0.25,0.25,0.25
9606.ENSP00000393566,0,10,0,1,1,0,0,0
9606.ENSP00000403760,0,0,0,0,0.25,0.25,0.25,0.25
9606.ENSP00000393241,7796.9,5208.1,1,1,0,0,0,1
9606.ENSP00000422969,0,0,0,0,0.25,0.25,0.25,0.25
9606.ENSP00000433816,0.2,0,1,0,0.25,0.25,0.25,0.25
9606.ENSP00000399075,0.1,1.1,1,1,0.25,0.25,0.25,0.25
9606.ENSP00000408860,0.4,11,1,1,1,0,0,0
9606.ENSP00000393889,0,0,0,0,0.25,0.25,0.25,0.25
9606.ENSP00000479168,0.4,5.2,1,1,0.25,0.25,0.25,0.25
9606.ENSP00000308970,0,0,0,0,1,0,0,0
9606.ENSP00000404833,26.6,114.4,1,1,1,0,0,0
9606.ENSP00000395259,1.1,1.2,1,1,0.25,0.25,0.25,0.25
9606.ENSP00000453962,0.6,0.1,1,1,1,0,0,0
9606.ENSP00000397843,669.2,1206.5,1,1,0.25,0.25,0.25,0.25
9606.ENSP00000360365,5.4,110.6,1,1,0.25,0.25,0.25,0.25
9606.ENSP00000396593,0,0,0,0,0.25,0.25,0.25,0.25
9606.ENSP00000382856,25.2,0.1,1,1,0.25,0.25,0.25,0.25
9606.ENSP00000472681,0,0,0,0,0.25,0.25,0.25,0.25
9606.ENSP00000484263,0,0,0,0,0.25,0.25,0.25,0.25
9606.ENSP00000398619,0,0,0,0,0.25,0.25,0.25,0.25
9606.ENSP00000425375,0,0,0,0,0.25,0.25,0.25,0.25
9606.ENSP00000436453,0.1,0,1,0,0.25,0.25,0.25,0.25
9606.ENSP00000373193,0,0,0,0,0.25,0.25,0.25,0.25
9606.ENSP00000485316,252.8,334.3,1,1,0.25,0.25,0.25,0.25
9606.ENSP00000414392,0,0,0,0,0.25,0.25,0.25,0.25
9606.ENSP00000365360,0,0,0,0,0.25,0.25,0.25,0.25
9606.ENSP00000412388,2.3,2,1,1,0.25,0.25,0.25,0.25
9606.ENSP00000390431,0,0,0,0,1,0,0,0
9606.ENSP00000398454,0,2.2,0,1,0.25,0.25,0.25,0.25
9606.ENSP00000398698,0,0.8,0,1,1,0,0,0
9606.ENSP00000397881,64.4,14.8,1,1,0,0,1,0
9606.ENSP00000368397,0.5,13,1,1,1,0,0,0
9606.ENSP00000382951,0,0,0,0,0.25,0.25,0.25,0.25
9606.ENSP00000370908,67.9,0,1,0,0,0,1,0
9606.ENSP00000410024,0.5,0.1,1,1,1,0,0,0
9606.ENSP00000382951,0,0,0,0,0.25,0.25,0.25,0.25
9606.ENSP00000400880,0,0,0,0,0.25,0.25,0.25,0.25
9606.ENSP00000406665,0.5,0,1,0,0.25,0.25,0.25,0.25
9606.ENSP00000415207,2.8,0,1,0,0,0,1,0
9606.ENSP00000407375,331.7,964.8,1,1,0,0,1,0
9606.ENSP00000373195,0,0,0,0,0.25,0.25,0.25,0.25
9606.ENSP00000394472,0.2,0,1,0,0.25,0.25,0.25,0.25
9606.ENSP00000416154,0,10.6,0,1,0.25,0.25,0.25,0.25
9606.ENSP00000482581,0.1,0.2,1,1,0.25,0.25,0.25,0.25
9606.ENSP00000462046,0,0,0,0,0.25,0.25,0.25,0.25
9606.ENSP00000396648,0,0,0,0,0.25,0.25,0.25,0.25
9606.ENSP00000474850,0,0,0,0,0.25,0.25,0.25,0.25
9606.ENSP00000480467,0,0,0,0,0.25,0.25,0.25,0.25
9606.ENSP00000483903,1.2,2.2,1,1,0,0,0,1
9606.ENSP00000478796,0,0,0,0,0.25,0.25,0.25,0.25
9606.ENSP00000472469,277.5,5367,1,1,0,0,1,0
9606.ENSP00000406145,0,0,0,0,0,1,0,0
9606.ENSP00000485401,0.2,2.2,1,1,0,0,1,0
9606.ENSP00000364107,0.3,0,1,0,1,0,0,0
9606.ENSP00000410446,15.7,45.5,1,1,0,1,0,0
9606.ENSP00000395244,0,0,0,0,0.25,0.25,0.25,0.25
9606.ENSP00000404281,0,0,0,0,0.25,0.25,0.25,0.25
9606.ENSP00000414887,1,0.7,1,1,0,0,1,0
9606.ENSP00000409542,0,0,0,0,0.25,0.25,0.25,0.25
9606.ENSP00000388723,0,0,0,0,1,0,0,0
9606.ENSP00000400852,0.2,3,1,1,0,1,0,0
9606.ENSP00000479240,0.1,0,1,0,0.25,0.25,0.25,0.25
9606.ENSP00000403980,0,0.1,0,1,0.25,0.25,0.25,0.25
9606.ENSP00000471984,0,0,0,0,0.25,0.25,0.25,0.25
9606.ENSP00000398401,44.5,125.3,1,1,0.25,0.25,0.25,0.25
9606.ENSP00000389072,0,0,0,0,0.25,0.25,0.25,0.25
9606.ENSP00000426359,0,0,0,0,0.25,0.25,0.25,0.25
9606.ENSP00000482410,7.6,2.9,1,1,0.25,0.25,0.25,0.25
9606.ENSP00000382101,1.2,0.1,1,1,0,0,1,0
9606.ENSP00000399168,0.4,576.6,1,1,1,0,0,0
9606.ENSP00000401498,0,0.2,0,1,0.25,0.25,0.25,0.25
9606.ENSP00000411940,0,0,0,0,0.25,0.25,0.25,0.25
9606.ENSP00000466775,654.3,830.1,1,1,1,0,0,0
9606.ENSP00000481203,0,0,0,0,0.25,0.25,0.25,0.25
9606.ENSP00000417035,0,0,0,0,1,0,0,0
9606.ENSP00000445688,29.5,0.5,1,1,1,0,0,0
9606.ENSP00000390076,4.7,4.6,1,1,0,0,0,1
9606.ENSP00000448536,24.9,2.4,1,1,1,0,0,0
9606.ENSP00000457386,46.2,55.8,1,1,1,0,0,0
9606.ENSP00000321320,3.4,9.8,1,1,0,1,0,0
9606.ENSP00000408288,5.4,5.4,1,1,1,0,0,0
9606.ENSP00000397239,0,0,0,0,0,0,1,0
9606.ENSP00000476672,0,0,0,0,1,0,0,0
9606.ENSP00000333680,0,0.5,0,1,0,0,1,0
9606.ENSP00000407978,0,0,0,0,0.25,0.25,0.25,0.25
9606.ENSP00000388207,0.1,0,1,0,0.25,0.25,0.25,0.25
9606.ENSP00000401089,0,0,0,0,0.25,0.25,0.25,0.25
9606.ENSP00000391664,0,0,0,0,0.25,0.25,0.25,0.25
9606.ENSP00000464040,0.7,6.4,1,1,1,0,0,0
9606.ENSP00000423211,0,0,0,0,0.25,0.25,0.25,0.25
9606.ENSP00000390784,0,0.4,0,1,1,0,0,0
9606.ENSP00000411070,0,0,0,0,1,0,0,0
9606.ENSP00000391488,0.6,3,1,1,0.25,0.25,0.25,0.25
9606.ENSP00000395505,0,0,0,0,0.25,0.25,0.25,0.25
9606.ENSP00000401706,0,0,0,0,0.25,0.25,0.25,0.25
9606.ENSP00000407545,5.5,1.8,1,1,0.25,0.25,0.25,0.25
9606.ENSP00000485243,0,0,0,0,0.25,0.25,0.25,0.25
9606.ENSP00000398559,0,0,0,0,1,0,0,0
9606.ENSP00000390661,0.4,0,1,0,1,0,0,0
9606.ENSP00000398106,18.4,6.5,1,1,1,0,0,0
9606.ENSP00000391101,0,0.1,0,1,0.25,0.25,0.25,0.25
9606.ENSP00000393845,2.3,0,1,0,0.25,0.25,0.25,0.25
9606.ENSP00000404123,0.3,0.1,1,1,1,0,0,0
9606.ENSP00000393315,0,0,0,0,1,0,0,0
9606.ENSP00000485584,0,0,0,0,0.25,0.25,0.25,0.25
9606.ENSP00000405095,0,0,0,0,0.25,0.25,0.25,0.25
9606.ENSP00000360360,0,0,0,0,1,0,0,0
9606.ENSP00000455585,4.9,0,1,0,0,1,0,0
9606.ENSP00000412897,0,0,0,0,0.25,0.25,0.25,0.25
9606.ENSP00000416125,0,0.1,0,1,0.25,0.25,0.25,0.25
9606.ENSP00000384214,0,0,0,0,0.25,0.25,0.25,0.25
9606.ENSP00000395587,0,0.2,0,1,0.25,0.25,0.25,0.25
9606.ENSP00000454903,0,0,0,0,0.25,0.25,0.25,0.25
9606.ENSP00000364164,0,0,0,0,0.25,0.25,0.25,0.25
9606.ENSP00000485306,0,0,0,0,0.25,0.25,0.25,0.25
9606.ENSP00000424607,0,0,0,0,0.25,0.25,0.25,0.25
9606.ENSP00000391404,0,0,0,0,0.25,0.25,0.25,0.25
9606.ENSP00000400157,3.1,0.1,1,1,0,0,1,0
9606.ENSP00000394183,48.6,11.4,1,1,0,0,1,0
9606.ENSP00000331435,0,0,0,0,0.25,0.25,0.25,0.25
9606.ENSP00000300283,2.4,0,1,0,1,0,0,0
9606.ENSP00000410533,0,0,0,0,0.25,0.25,0.25,0.25
9606.ENSP00000411439,0.1,0,1,0,1,0,0,0
9606.ENSP00000412752,0,0,0,0,0.25,0.25,0.25,0.25
9606.ENSP00000479745,0,0,0,0,0.25,0.25,0.25,0.25
9606.ENSP00000395733,2.6,0.7,1,1,0.25,0.25,0.25,0.25
9606.ENSP00000420211,4.4,9.3,1,1,0,1,0,0
9606.ENSP00000402674,0,0,0,0,0.25,0.25,0.25,0.25
9606.ENSP00000454014,0.4,0,1,0,0.25,0.25,0.25,0.25
9606.ENSP00000387523,0,0,0,0,0.25,0.25,0.25,0.25
9606.ENSP00000364076,0,0.2,0,1,0.25,0.25,0.25,0.25
9606.ENSP00000393963,68.1,0.3,1,1,1,0,0,0
9606.ENSP00000402915,27.4,4.7,1,1,0,0,1,0
9606.ENSP00000397103,0,0,0,0,1,0,0,0
9606.ENSP00000428220,0.1,0.2,1,1,0.25,0.25,0.25,0.25
9606.ENSP00000359100,0,0,0,0,1,0,0,0
9606.ENSP00000483930,9.3,88,1,1,0.25,0.25,0.25,0.25
9606.ENSP00000390070,0,0,0,0,1,0,0,0
9606.ENSP00000459551,0.2,0.7,1,1,1,0,0,0
9606.ENSP00000453019,18.7,12.9,1,1,0,0,0,1
9606.ENSP00000353516,0,0,0,0,0.25,0.25,0.25,0.25
9606.ENSP00000364110,0.1,0,1,0,1,0,0,0
9606.ENSP00000369081,464.8,3.3,1,1,1,0,0,0
9606.ENSP00000384183,1.4,3.4,1,1,1,0,0,0
9606.ENSP00000237455,17.2,54.5,1,1,1,0,0,0
9606.ENSP00000311747,67.7,26.5,1,1,1,0,0,0
9606.ENSP00000368152,7.1,7,1,1,0,1,0,0
9606.ENSP00000419199,0.1,0,1,0,0.25,0.25,0.25,0.25
9606.ENSP00000289272,0,0,0,0,0.25,0.25,0.25,0.25
9606.ENSP00000284669,0,0.1,0,1,1,0,0,0
9606.ENSP00000343521,0,0,0,0,0.25,0.25,0.25,0.25
9606.ENSP00000408527,0,0,0,0,1,0,0,0
9606.ENSP00000337060,797,159.2,1,1,0,1,0,0
9606.ENSP00000293825,2.7,3.3,1,1,1,0,0,0
9606.ENSP00000482523,7.4,0,1,0,0,0,1,0
9606.ENSP00000385057,0.5,1,1,1,0,1,0,0
9606.ENSP00000353874,0,0,0,0,0.25,0.25,0.25,0.25
9606.ENSP00000233615,59.9,0.5,1,1,1,0,0,0
9606.ENSP00000285298,30.7,33.3,1,1,0,0,1,0
9606.ENSP00000480027,0,0,0,0,0.25,0.25,0.25,0.25
9606.ENSP00000328359,0,7.1,0,1,1,0,0,0
9606.ENSP00000265857,61.7,0.3,1,1,1,0,0,0
9606.ENSP00000366950,0,0,0,0,0.25,0.25,0.25,0.25
9606.ENSP00000413150,10.1,26.1,1,1,0,0,1,0
9606.ENSP00000485525,146.4,15.5,1,1,0,0,0,1
9606.ENSP00000291759,0,0,0,0,1,0,0,0
9606.ENSP00000251377,0.1,0.7,1,1,0.25,0.25,0.25,0.25
9606.ENSP00000323795,0.4,0,1,0,1,0,0,0
9606.ENSP00000354610,0.7,4.4,1,1,1,0,0,0
9606.ENSP00000365024,6.9,0.2,1,1,1,0,0,0
9606.ENSP00000363993,0.7,36.7,1,1,0,1,0,0
9606.ENSP00000312070,0.8,0,1,0,0,1,0,0
9606.ENSP00000454370,0.1,0,1,0,0.25,0.25,0.25,0.25
9606.ENSP00000362513,0,0,0,0,0.25,0.25,0.25,0.25
9606.ENSP00000342015,10.6,36.1,1,1,1,0,0,0
9606.ENSP00000372136,0,0.1,0,1,1,0,0,0
9606.ENSP00000264990,14.2,4.6,1,1,0,0,1,0
9606.ENSP00000286175,74.6,22.4,1,1,0,0,1,0
9606.ENSP00000334187,0.1,0,1,0,0.25,0.25,0.25,0.25
9606.ENSP00000325525,0,0,0,0,0.25,0.25,0.25,0.25
9606.ENSP00000375109,0,0,0,0,0.25,0.25,0.25,0.25
9606.ENSP00000261652,0,0.4,0,1,0,0,1,0
9606.ENSP00000381488,0,0,0,0,0.25,0.25,0.25,0.25
9606.ENSP00000419901,0,0,0,0,0.25,0.25,0.25,0.25
9606.ENSP00000311165,0,1.9,0,1,1,0,0,0
9606.ENSP00000371503,0,0.5,0,1,0.25,0.25,0.25,0.25
9606.ENSP00000273541,27.9,12.9,1,1,0,0,0,1
9606.ENSP00000429344,0.1,0.7,1,1,1,0,0,0
9606.ENSP00000405987,0.1,0,1,0,1,0,0,0
9606.ENSP00000388094,0,0.9,0,1,0.25,0.25,0.25,0.25
9606.ENSP00000252087,0,0,0,0,1,0,0,0
9606.ENSP00000335560,15.5,0,1,0,1,0,0,0
9606.ENSP00000360715,30.4,11.8,1,1,1,0,0,0
9606.ENSP00000370648,20.2,28.4,1,1,0,0,1,0
9606.ENSP00000375236,0,0,0,0,0.25,0.25,0.25,0.25
9606.ENSP00000420686,1.2,178.6,1,1,0.25,0.25,0.25,0.25
9606.ENSP00000215754,1555,677,1,1,0,1,0,0
9606.ENSP00000366519,13.7,70.5,1,1,0,0,1,0
9606.ENSP00000390020,0,0,0,0,1,0,0,0
9606.ENSP00000346768,0,7.2,0,1,0.25,0.25,0.25,0.25
9606.ENSP00000383223,0,0,0,0,0.25,0.25,0.25,0.25
9606.ENSP00000223273,32.2,14.5,1,1,0,0,1,0
9606.ENSP00000355441,0,0,0,0,0.25,0.25,0.25,0.25
9606.ENSP00000296145,3.8,1.2,1,1,0.25,0.25,0.25,0.25
9606.ENSP00000420723,0,0.2,0,1,0.25,0.25,0.25,0.25
9606.ENSP00000411198,0,0,0,0,0.25,0.25,0.25,0.25
9606.ENSP00000378736,24.1,27.1,1,1,0,0,1,0
9606.ENSP00000379242,0.2,0.6,1,1,0.25,0.25,0.25,0.25
9606.ENSP00000404375,688.8,591,1,1,0,0,1,0
9606.ENSP00000215904,47.2,0.1,1,1,1,0,0,0
9606.ENSP00000409799,0.6,13.7,1,1,0.25,0.25,0.25,0.25
9606.ENSP00000259053,10.1,317.5,1,1,0.25,0.25,0.25,0.25
9606.ENSP00000378888,1.8,0.2,1,1,0,1,0,0
9606.ENSP00000292475,1192.8,743.5,1,1,0,0,1,0
9606.ENSP00000338796,0,0,0,0,1,0,0,0
9606.ENSP00000374424,0.4,0,1,0,1,0,0,0
9606.ENSP00000388169,107.7,49.9,1,1,0.25,0.25,0.25,0.25
9606.ENSP00000366248,1.5,0,1,0,0.25,0.25,0.25,0.25
9606.ENSP00000334922,0,0,0,0,0.25,0.25,0.25,0.25
9606.ENSP00000382590,0,0,0,0,0.25,0.25,0.25,0.25
9606.ENSP00000362549,1.9,94.7,1,1,0.25,0.25,0.25,0.25
9606.ENSP00000013222,0.2,6.3,1,1,0.25,0.25,0.25,0.25
9606.ENSP00000262942,124.5,85.7,1,1,0,1,0,0
9606.ENSP00000364013,2.2,0,1,0,0.25,0.25,0.25,0.25
9606.ENSP00000376423,0,0,0,0,0.25,0.25,0.25,0.25
9606.ENSP00000290299,420.2,493,1,1,0,0,1,0
9606.ENSP00000326706,6,1.9,1,1,1,0,0,0
9606.ENSP00000289989,1.8,0.8,1,1,1,0,0,0
9606.ENSP00000371586,33.7,6.3,1,1,0,0,1,0
9606.ENSP00000359680,20,42.5,1,1,0,0,1,0
9606.ENSP00000291576,20.5,0.1,1,1,0.25,0.25,0.25,0.25
9606.ENSP00000255882,19.7,14.2,1,1,0,1,0,0
9606.ENSP00000291860,0,0,0,0,0.25,0.25,0.25,0.25
9606.ENSP00000384474,24.8,3.6,1,1,0.25,0.25,0.25,0.25
9606.ENSP00000371517,25.2,18.7,1,1,0,0,1,0
9606.ENSP00000266263,59.1,9.8,1,1,0.25,0.25,0.25,0.25
9606.ENSP00000219409,0.2,0,1,0,0.25,0.25,0.25,0.25
9606.ENSP00000300258,1.7,1.4,1,1,0,0,1,0
9606.ENSP00000385706,0,0.1,0,1,0.25,0.25,0.25,0.25
9606.ENSP00000263245,42,37.2,1,1,1,0,0,0
9606.ENSP00000357255,0.5,0.1,1,1,0.25,0.25,0.25,0.25
9606.ENSP00000382474,24.5,39.6,1,1,0.25,0.25,0.25,0.25
9606.ENSP00000418944,998.9,5,1,1,1,0,0,0
9606.ENSP00000414253,0,0,0,0,1,0,0,0
9606.ENSP00000304845,0,0.1,0,1,0.25,0.25,0.25,0.25
9606.ENSP00000363574,651.2,255.6,1,1,0,0,1,0
9606.ENSP00000306918,0.4,0,1,0,0.25,0.25,0.25,0.25
9606.ENSP00000384597,0,0,0,0,0.25,0.25,0.25,0.25
9606.ENSP00000341082,202.4,457.8,1,1,0,0,1,0
9606.ENSP00000350075,4.6,13.2,1,1,0,0,1,0
9606.ENSP00000343838,0.1,0.1,1,1,0.25,0.25,0.25,0.25
9606.ENSP00000238508,0,0,0,0,1,0,0,0
9606.ENSP00000398890,0,1.7,0,1,1,0,0,0
9606.ENSP00000219481,32.5,134.8,1,1,0.25,0.25,0.25,0.25
9606.ENSP00000363411,70.6,1.4,1,1,0.25,0.25,0.25,0.25
9606.ENSP00000355370,1,0.1,1,1,1,0,0,0
9606.ENSP00000426174,0.2,0,1,0,0.25,0.25,0.25,0.25
9606.ENSP00000476792,0,2.9,0,1,1,0,0,0
9606.ENSP00000297562,3.7,7.1,1,1,0,0,1,0
9606.ENSP00000380840,0.9,0.2,1,1,0.25,0.25,0.25,0.25
9606.ENSP00000401513,0,0.2,0,1,1,0,0,0
9606.ENSP00000419945,0.4,0,1,0,0.25,0.25,0.25,0.25
9606.ENSP00000308472,3.9,6.1,1,1,0,1,0,0
9606.ENSP00000235349,0,0,0,0,0.25,0.25,0.25,0.25
9606.ENSP00000319140,0,0,0,0,1,0,0,0
9606.ENSP00000418532,0.6,0.1,1,1,0.25,0.25,0.25,0.25
9606.ENSP00000384770,0,0,0,0,1,0,0,0
9606.ENSP00000296102,331.9,310.6,1,1,0,0,1,0
9606.ENSP00000416015,15.3,10.5,1,1,1,0,0,0
9606.ENSP00000377385,4.3,0,1,0,0.25,0.25,0.25,0.25
9606.ENSP00000289269,0,0,0,0,0.25,0.25,0.25,0.25
9606.ENSP00000384615,0,0.2,0,1,1,0,0,0
9606.ENSP00000451962,1.6,4.2,1,1,0,1,0,0
9606.ENSP00000357080,0,0,0,0,0.25,0.25,0.25,0.25
9606.ENSP00000425996,30.8,189.3,1,1,0.25,0.25,0.25,0.25
9606.ENSP00000275532,7.7,0.8,1,1,0.25,0.25,0.25,0.25
9606.ENSP00000414378,18.9,5,1,1,1,0,0,0
9606.ENSP00000415139,0,0.1,0,1,0.25,0.25,0.25,0.25
9606.ENSP00000386807,7.4,9.6,1,1,1,0,0,0
9606.ENSP00000346927,10.9,8,1,1,0,0,1,0
9606.ENSP00000481450,0,0,0,0,1,0,0,0
9606.ENSP00000334197,0,0,0,0,0.25,0.25,0.25,0.25
9606.ENSP00000359013,0,0,0,0,0,0,1,0
9606.ENSP00000361755,0,0,0,0,0.25,0.25,0.25,0.25
9606.ENSP00000257632,0,0,0,0,1,0,0,0
9606.ENSP00000397039,0,0,0,0,0.25,0.25,0.25,0.25
9606.ENSP00000290200,14.8,3.6,1,1,1,0,0,0
9606.ENSP00000416561,0.6,201.4,1,1,1,0,0,0
9606.ENSP00000392335,2.1,3.1,1,1,0.25,0.25,0.25,0.25
9606.ENSP00000295121,7.9,6.2,1,1,1,0,0,0
9606.ENSP00000376889,2101.7,24.7,1,1,0,1,0,0
9606.ENSP00000396045,1.6,0.2,1,1,0.25,0.25,0.25,0.25
9606.ENSP00000272134,0.6,0,1,0,1,0,0,0
9606.ENSP00000479773,0.1,0.3,1,1,1,0,0,0
9606.ENSP00000440703,57.1,0.6,1,1,0,0,1,0
9606.ENSP00000360329,13.5,4.1,1,1,0,0,0,1
9606.ENSP00000366359,0,0,0,0,0.25,0.25,0.25,0.25
9606.ENSP00000362435,21.9,0.2,1,1,0,0,1,0
9606.ENSP00000342215,0,0,0,0,0.25,0.25,0.25,0.25
9606.ENSP00000380467,5.9,0,1,0,0,0,1,0
9606.ENSP00000216099,0.2,0.7,1,1,0,1,0,0
9606.ENSP00000420502,0.1,0,1,0,0.25,0.25,0.25,0.25
9606.ENSP00000382250,39.8,116.4,1,1,0,0,1,0
9606.ENSP00000347648,26.4,3,1,1,0,1,0,0
9606.ENSP00000335620,151.4,1592.9,1,1,0,0,0,1
9606.ENSP00000419786,0,0.1,0,1,1,0,0,0
9606.ENSP00000384296,120,12,1,1,0,0,0,1
9606.ENSP00000363205,49.5,21.9,1,1,0,0,1,0
9606.ENSP00000476141,0,1.2,0,1,0.25,0.25,0.25,0.25
9606.ENSP00000386376,0,0,0,0,0.25,0.25,0.25,0.25
9606.ENSP00000399457,422.5,67.2,1,1,0,0,1,0
9606.ENSP00000292114,20.2,27.5,1,1,0,1,0,0
9606.ENSP00000334644,0,0,0,0,0.25,0.25,0.25,0.25
9606.ENSP00000420168,11.8,193.3,1,1,0,0,0,1
9606.ENSP00000418193,0,0,0,0,0.25,0.25,0.25,0.25
9606.ENSP00000363412,7.1,0.3,1,1,0.25,0.25,0.25,0.25
9606.ENSP00000362525,0,0.2,0,1,0.25,0.25,0.25,0.25
9606.ENSP00000323872,3.9,3.3,1,1,1,0,0,0
9606.ENSP00000290079,96.2,193.6,1,1,0,0,1,0
9606.ENSP00000344430,0,0,0,0,0.25,0.25,0.25,0.25
9606.ENSP00000485579,0.3,0,1,0,0,0,1,0
9606.ENSP00000361795,26.7,0,1,0,1,0,0,0
9606.ENSP00000364985,0,0,0,0,0.25,0.25,0.25,0.25
9606.ENSP00000334696,0,0,0,0,0.25,0.25,0.25,0.25
9606.ENSP00000306894,42,7.3,1,1,0,1,0,0
9606.ENSP00000417330,0,0.4,0,1,0.25,0.25,0.25,0.25
9606.ENSP00000314299,0.1,225.8,1,1,1,0,0,0
9606.ENSP00000363228,71.3,13.2,1,1,0,1,0,0
9606.ENSP00000362508,0,17.6,0,1,0.25,0.25,0.25,0.25
9606.ENSP00000420174,0,0,0,0,0.25,0.25,0.25,0.25
9606.ENSP00000379651,0,0.7,0,1,0.25,0.25,0.25,0.25
9606.ENSP00000477564,8,0.6,1,1,0,0,1,0
9606.ENSP00000355340,31.1,1,1,1,1,0,0,0
9606.ENSP00000366955,0,0,0,0,0.25,0.25,0.25,0.25
9606.ENSP00000386414,0,0,0,0,1,0,0,0
9606.ENSP00000309836,0,0.1,0,1,0.25,0.25,0.25,0.25
9606.ENSP00000315383,0.6,0.1,1,1,1,0,0,0
9606.ENSP00000313936,0,0,0,0,0.25,0.25,0.25,0.25
9606.ENSP00000335503,0,0,0,0,0.25,0.25,0.25,0.25
9606.ENSP00000340305,203.6,17.9,1,1,0.25,0.25,0.25,0.25
9606.ENSP00000417289,0,0,0,0,0.25,0.25,0.25,0.25
9606.ENSP00000341914,19,0,1,0,0,0,1,0
9606.ENSP00000396688,0.6,6.9,1,1,0,1,0,0
9606.ENSP00000333994,0,293.3,0,1,0,1,0,0
9606.ENSP00000381273,0.2,0.2,1,1,1,0,0,0
9606.ENSP00000382328,24.2,134.7,1,1,0,0,1,0
9606.ENSP00000433773,1.7,2.5,1,1,0.25,0.25,0.25,0.25
9606.ENSP00000427514,113,94.3,1,1,1,0,0,0
9606.ENSP00000438553,43.4,133.6,1,1,0,0,1,0
9606.ENSP00000454012,0.1,1.2,1,1,0.25,0.25,0.25,0.25
9606.ENSP00000438465,70.9,19.3,1,1,0,0,1,0
9606.ENSP00000484056,89.2,9.2,1,1,0.25,0.25,0.25,0.25
9606.ENSP00000303908,91.1,15.1,1,1,1,0,0,0
9606.ENSP00000282276,20.2,6.6,1,1,1,0,0,0
9606.ENSP00000423333,0,0.5,0,1,1,0,0,0
9606.ENSP00000269980,25.1,1.2,1,1,0,0,0,1
9606.ENSP00000369017,0.1,0,1,0,1,0,0,0
9606.ENSP00000426083,0.1,520.9,1,1,0,0,0,1
9606.ENSP00000485378,0,0,0,0,0.25,0.25,0.25,0.25
9606.ENSP00000484618,0.1,0,1,0,0.25,0.25,0.25,0.25
9606.ENSP00000464036,35.4,37.2,1,1,0,0,1,0
9606.ENSP00000253807,0,0,0,0,0.25,0.25,0.25,0.25
9606.ENSP00000439454,0.1,0,1,0,0.25,0.25,0.25,0.25
9606.ENSP00000429240,0,0,0,0,0.25,0.25,0.25,0.25
9606.ENSP00000464890,0.2,1.7,1,1,1,0,0,0
9606.ENSP00000426296,0.1,0.7,1,1,1,0,0,0
9606.ENSP00000273596,54.3,14.7,1,1,0,0,1,0
9606.ENSP00000422941,0.4,0,1,0,0.25,0.25,0.25,0.25
9606.ENSP00000388552,2.2,0.5,1,1,1,0,0,0
9606.ENSP00000423463,0,0,0,0,0.25,0.25,0.25,0.25
9606.ENSP00000423567,0.3,2.9,1,1,0.25,0.25,0.25,0.25
9606.ENSP00000427555,0,0,0,0,0.25,0.25,0.25,0.25
9606.ENSP00000422007,0.1,0,1,0,0.25,0.25,0.25,0.25
9606.ENSP00000293826,0.2,0,1,0,0.25,0.25,0.25,0.25
9606.ENSP00000479134,0.4,0.1,1,1,1,0,0,0
9606.ENSP00000400168,7.7,0.1,1,1,0,0,1,0
9606.ENSP00000425582,0,0,0,0,0.25,0.25,0.25,0.25
9606.ENSP00000423115,0,0,0,0,0.25,0.25,0.25,0.25
9606.ENSP00000422621,0,0,0,0,0.25,0.25,0.25,0.25
9606.ENSP00000439056,3.9,3,1,1,1,0,0,0
9606.ENSP00000424176,0,0,0,0,1,0,0,0
9606.ENSP00000381636,0.1,0,1,0,0.25,0.25,0.25,0.25
9606.ENSP00000421076,0.2,0.8,1,1,0.25,0.25,0.25,0.25
9606.ENSP00000420919,0.5,15.4,1,1,1,0,0,0
9606.ENSP00000428657,0.5,6.9,1,1,0,0,1,0
9606.ENSP00000337473,1.8,1.1,1,1,0.25,0.25,0.25,0.25
9606.ENSP00000424400,0.1,0,1,0,1,0,0,0
9606.ENSP00000424711,0,0,0,0,0.25,0.25,0.25,0.25
9606.ENSP00000456850,0,0,0,0,0.25,0.25,0.25,0.25
9606.ENSP00000340004,5.9,0.9,1,1,0.25,0.25,0.25,0.25
9606.ENSP00000485487,0,0,0,0,0.25,0.25,0.25,0.25
9606.ENSP00000479243,0.2,1.9,1,1,0.25,0.25,0.25,0.25
9606.ENSP00000422216,0,0,0,0,0.25,0.25,0.25,0.25
9606.ENSP00000427888,1.1,0,1,0,1,0,0,0
9606.ENSP00000437910,0.3,0,1,0,0.25,0.25,0.25,0.25
9606.ENSP00000375904,0,0,0,0,0.25,0.25,0.25,0.25
9606.ENSP00000474823,2.1,0,1,0,0.25,0.25,0.25,0.25
9606.ENSP00000264933,153,6.9,1,1,0.25,0.25,0.25,0.25
9606.ENSP00000426691,0,0,0,0,0.25,0.25,0.25,0.25
9606.ENSP00000463762,0.2,0,1,0,0.25,0.25,0.25,0.25
9606.ENSP00000422431,0.2,2.3,1,1,1,0,0,0
9606.ENSP00000381377,18.2,0,1,0,0,0,1,0
9606.ENSP00000426964,0.1,1,1,1,1,0,0,0
9606.ENSP00000304234,0,0,0,0,0.25,0.25,0.25,0.25
9606.ENSP00000380427,1.7,0,1,0,0.25,0.25,0.25,0.25
9606.ENSP00000424261,0,0.3,0,1,0.25,0.25,0.25,0.25
9606.ENSP00000432695,0,2.8,0,1,0,0,1,0
9606.ENSP00000480556,0.1,1.3,1,1,0.25,0.25,0.25,0.25
9606.ENSP00000427407,43.9,80.6,1,1,0,0,1,0
9606.ENSP00000427690,0,0.8,0,1,0.25,0.25,0.25,0.25
9606.ENSP00000384670,0,0,0,0,1,0,0,0
9606.ENSP00000418428,68.2,2155,1,1,0,0,1,0
9606.ENSP00000410561,6.8,0,1,0,0,0,0,1
9606.ENSP00000311528,0.1,0.9,1,1,1,0,0,0
9606.ENSP00000304891,1.1,4,1,1,1,0,0,0
9606.ENSP00000345024,4.5,6.3,1,1,0.25,0.25,0.25,0.25
9606.ENSP00000421232,0,0,0,0,0.25,0.25,0.25,0.25
9606.ENSP00000421868,0,0,0,0,0.25,0.25,0.25,0.25
9606.ENSP00000480059,0,0,0,0,0.25,0.25,0.25,0.25
9606.ENSP00000420939,1282.1,3174.3,1,1,0,0,1,0
9606.ENSP00000433415,0,0,0,0,0.25,0.25,0.25,0.25
9606.ENSP00000427264,0,0,0,0,0.25,0.25,0.25,0.25
9606.ENSP00000301175,54.1,145.7,1,1,0,0,0,1
9606.ENSP00000423503,0,0,0,0,0.25,0.25,0.25,0.25
9606.ENSP00000424077,0,0,0,0,0.25,0.25,0.25,0.25
9606.ENSP00000429148,1.1,1.8,1,1,0,1,0,0
9606.ENSP00000282382,0.4,0.1,1,1,0.25,0.25,0.25,0.25
9606.ENSP00000431202,3.2,2.9,1,1,1,0,0,0
9606.ENSP00000423391,0,0,0,0,0.25,0.25,0.25,0.25
9606.ENSP00000479850,0,0.1,0,1,0.25,0.25,0.25,0.25
9606.ENSP00000424768,2.2,0,1,0,0.25,0.25,0.25,0.25
9606.ENSP00000446224,7.6,2,1,1,1,0,0,0
9606.ENSP00000421871,0,0,0,0,0.25,0.25,0.25,0.25
9606.ENSP00000481581,0.1,0.7,1,1,0.25,0.25,0.25,0.25
9606.ENSP00000383692,12.4,0.1,1,1,0.25,0.25,0.25,0.25
9606.ENSP00000420826,0,0,0,0,0.25,0.25,0.25,0.25
9606.ENSP00000381628,0,0,0,0,1,0,0,0
9606.ENSP00000293922,0,0,0,0,1,0,0,0
9606.ENSP00000254627,0,0,0,0,0.25,0.25,0.25,0.25
9606.ENSP00000428343,0,0,0,0,0,1,0,0
9606.ENSP00000252085,0,0,0,0,1,0,0,0
9606.ENSP00000454561,0,0.2,0,1,1,0,0,0
9606.ENSP00000424007,7.5,4.5,1,1,0,0,1,0
9606.ENSP00000430897,0,33.2,0,1,0,0,1,0
9606.ENSP00000283921,0.3,0,1,0,1,0,0,0
9606.ENSP00000428544,1.9,1,1,1,0.25,0.25,0.25,0.25
9606.ENSP00000428603,0,0.6,0,1,0.25,0.25,0.25,0.25
9606.ENSP00000428316,0.1,0,1,0,0.25,0.25,0.25,0.25
9606.ENSP00000430918,4.1,0.8,1,1,0,1,0,0
9606.ENSP00000429216,61.1,1.2,1,1,0.25,0.25,0.25,0.25
9606.ENSP00000428858,0,0,0,0,1,0,0,0
9606.ENSP00000429834,0.2,0.2,1,1,1,0,0,0
9606.ENSP00000427802,0.2,1.6,1,1,0.25,0.25,0.25,0.25
9606.ENSP00000430024,0.1,0,1,0,0.25,0.25,0.25,0.25
9606.ENSP00000428325,0,0,0,0,0.25,0.25,0.25,0.25
9606.ENSP00000428612,2.1,3,1,1,0.25,0.25,0.25,0.25
9606.ENSP00000430706,0.3,1,1,1,0.25,0.25,0.25,0.25
9606.ENSP00000430236,12.4,9.9,1,1,0,0,0,1
9606.ENSP00000430000,32.4,29.2,1,1,0.25,0.25,0.25,0.25
9606.ENSP00000313420,67.2,35.8,1,1,0,0,1,0
9606.ENSP00000429601,0.2,0.3,1,1,1,0,0,0
9606.ENSP00000381605,0.1,0.6,1,1,0.25,0.25,0.25,0.25
9606.ENSP00000428619,0,0,0,0,1,0,0,0
9606.ENSP00000430271,0,0,0,0,0.25,0.25,0.25,0.25
9606.ENSP00000381611,0,1.9,0,1,1,0,0,0
9606.ENSP00000381589,0,0,0,0,1,0,0,0
9606.ENSP00000429018,0.9,0,1,0,0.25,0.25,0.25,0.25
9606.ENSP00000428288,2.9,0,1,0,0.25,0.25,0.25,0.25
9606.ENSP00000428780,0.1,11,1,1,0.25,0.25,0.25,0.25
9606.ENSP00000429803,5.5,2.7,1,1,1,0,0,0
9606.ENSP00000428924,4.2,12.2,1,1,1,0,0,0
9606.ENSP00000318966,0.1,8.7,1,1,0,0,1,0
9606.ENSP00000381594,0.1,0,1,0,0,1,0,0
9606.ENSP00000430853,3.1,0,1,0,0,0,1,0
9606.ENSP00000429273,1.5,0,1,0,0.25,0.25,0.25,0.25
9606.ENSP00000253812,0,0,0,0,0.25,0.25,0.25,0.25
9606.ENSP00000434849,0.8,3.2,1,1,1,0,0,0
9606.ENSP00000354090,0.2,0.5,1,1,1,0,0,0
9606.ENSP00000432353,0,0,0,0,0.25,0.25,0.25,0.25
9606.ENSP00000436424,0,0,0,0,0.25,0.25,0.25,0.25
9606.ENSP00000454303,4,9,1,1,0,1,0,0
9606.ENSP00000324205,175.1,6.8,1,1,0,0,1,0
9606.ENSP00000291707,0,0,0,0,0.25,0.25,0.25,0.25
9606.ENSP00000463233,0,0,0,0,0.25,0.25,0.25,0.25
9606.ENSP00000436376,0.1,0,1,0,0.25,0.25,0.25,0.25
9606.ENSP00000433433,0,0,0,0,0.25,0.25,0.25,0.25
9606.ENSP00000473553,0.1,0.1,1,1,0.25,0.25,0.25,0.25
9606.ENSP00000436682,0,0.1,0,1,1,0,0,0
9606.ENSP00000380432,0,0.1,0,1,1,0,0,0
9606.ENSP00000435342,0.1,0,1,0,1,0,0,0
9606.ENSP00000359935,7.7,9.4,1,1,0.25,0.25,0.25,0.25
9606.ENSP00000431254,0,0.5,0,1,0.25,0.25,0.25,0.25
9606.ENSP00000432845,6.1,6.7,1,1,0.25,0.25,0.25,0.25
9606.ENSP00000325076,0,0,0,0,0.25,0.25,0.25,0.25
9606.ENSP00000331901,2431.7,6.1,1,1,1,0,0,0
9606.ENSP00000479319,1,0,1,0,0,0,1,0
9606.ENSP00000433282,4,27.4,1,1,1,0,0,0
9606.ENSP00000436004,0,0,0,0,0.25,0.25,0.25,0.25
9606.ENSP00000446882,0,0,0,0,0,0,1,0
9606.ENSP00000469836,20.9,6.9,1,1,0.25,0.25,0.25,0.25
9606.ENSP00000425864,16.2,20.9,1,1,1,0,0,0
9606.ENSP00000353701,58.4,12.3,1,1,0,0,1,0
9606.ENSP00000432016,12.5,1.3,1,1,0,0,1,0
9606.ENSP00000431443,0.1,0.1,1,1,0.25,0.25,0.25,0.25
9606.ENSP00000432472,219.6,296.8,1,1,0.25,0.25,0.25,0.25
9606.ENSP00000485108,0,0,0,0,0.25,0.25,0.25,0.25
9606.ENSP00000435416,0,0,0,0,0.25,0.25,0.25,0.25
9606.ENSP00000485552,0.2,0.8,1,1,0.25,0.25,0.25,0.25
9606.ENSP00000432688,59.2,0,1,0,0.25,0.25,0.25,0.25
9606.ENSP00000432279,29,46.1,1,1,0,0,1,0
9606.ENSP00000435619,0.8,2.2,1,1,1,0,0,0
9606.ENSP00000481593,14.5,0.1,1,1,0,0,1,0
9606.ENSP00000437468,0,0,0,0,0.25,0.25,0.25,0.25
9606.ENSP00000432417,0,0,0,0,0.25,0.25,0.25,0.25
9606.ENSP00000463024,0.6,0,1,0,1,0,0,0
9606.ENSP00000436891,0,0,0,0,0.25,0.25,0.25,0.25
9606.ENSP00000477014,0,0,0,0,0.25,0.25,0.25,0.25
9606.ENSP00000431162,4.4,176.4,1,1,0,0,1,0
9606.ENSP00000432011,0,0,0,0,0.25,0.25,0.25,0.25
9606.ENSP00000373518,0,0.1,0,1,0.25,0.25,0.25,0.25
9606.ENSP00000457511,0,0,0,0,0.25,0.25,0.25,0.25
9606.ENSP00000431719,0,0,0,0,0.25,0.25,0.25,0.25
9606.ENSP00000436580,0,0,0,0,0.25,0.25,0.25,0.25
9606.ENSP00000436714,0.7,0,1,0,0,1,0,0
9606.ENSP00000429808,0,0,0,0,0.25,0.25,0.25,0.25
9606.ENSP00000432104,1.2,4.8,1,1,0.25,0.25,0.25,0.25
9606.ENSP00000436691,0,0,0,0,1,0,0,0
9606.ENSP00000434399,0.3,0,1,0,0.25,0.25,0.25,0.25
9606.ENSP00000431482,0.1,0,1,0,0.25,0.25,0.25,0.25
9606.ENSP00000299638,14.4,13.6,1,1,0.25,0.25,0.25,0.25
9606.ENSP00000372910,0,0,0,0,0.25,0.25,0.25,0.25
9606.ENSP00000260257,1.6,1.4,1,1,0.25,0.25,0.25,0.25
9606.ENSP00000445383,0,0,0,0,0.25,0.25,0.25,0.25
9606.ENSP00000481054,0,0,0,0,0.25,0.25,0.25,0.25
9606.ENSP00000479256,0.4,0.2,1,1,0.25,0.25,0.25,0.25
9606.ENSP00000441354,0,0,0,0,0.25,0.25,0.25,0.25
9606.ENSP00000437629,0.2,0,1,0,0.25,0.25,0.25,0.25
9606.ENSP00000439666,1455.3,0.2,1,1,0.25,0.25,0.25,0.25
9606.ENSP00000440509,0,0,0,0,0.25,0.25,0.25,0.25
9606.ENSP00000441624,0.1,0,1,0,0.25,0.25,0.25,0.25
9606.ENSP00000301141,0,162.7,0,1,0,0,0,1
9606.ENSP00000414904,0.2,51.5,1,1,0,1,0,0
9606.ENSP00000442159,314.8,0,1,0,0.25,0.25,0.25,0.25
9606.ENSP00000439065,18,60,1,1,0.25,0.25,0.25,0.25
9606.ENSP00000282282,14.6,17.9,1,1,0.25,0.25,0.25,0.25
9606.ENSP00000323275,1.4,0.2,1,1,0,0,1,0
9606.ENSP00000470488,5.5,0.8,1,1,1,0,0,0
9606.ENSP00000456026,107.8,321.2,1,1,0.25,0.25,0.25,0.25
9606.ENSP00000444736,0,0.3,0,1,0.25,0.25,0.25,0.25
9606.ENSP00000443339,0.3,0,1,0,0.25,0.25,0.25,0.25
9606.ENSP00000248211,5.9,3.6,1,1,0.25,0.25,0.25,0.25
9606.ENSP00000335042,1.7,0,1,0,0.25,0.25,0.25,0.25
9606.ENSP00000436897,27,0.6,1,1,0.25,0.25,0.25,0.25
9606.ENSP00000278715,49.3,24.5,1,1,0,1,0,0
9606.ENSP00000262894,2.7,1.6,1,1,0.25,0.25,0.25,0.25
9606.ENSP00000439444,0,0,0,0,0.25,0.25,0.25,0.25
9606.ENSP00000442477,0,0,0,0,0,0,1,0
9606.ENSP00000375093,0,0.1,0,1,0.25,0.25,0.25,0.25
9606.ENSP00000445366,0.2,1.2,1,1,0.25,0.25,0.25,0.25
9606.ENSP00000441823,0,0,0,0,0.25,0.25,0.25,0.25
9606.ENSP00000442563,14.9,4.6,1,1,1,0,0,0
9606.ENSP00000451950,0,0,0,0,0.25,0.25,0.25,0.25
9606.ENSP00000439228,1191.7,1.2,1,1,0.25,0.25,0.25,0.25
9606.ENSP00000344563,0,0,0,0,0.25,0.25,0.25,0.25
9606.ENSP00000404432,0.1,0,1,0,0.25,0.25,0.25,0.25
9606.ENSP00000243644,4.2,1.7,1,1,1,0,0,0
9606.ENSP00000309542,0.3,0.2,1,1,1,0,0,0
9606.ENSP00000443168,0,0,0,0,0.25,0.25,0.25,0.25
9606.ENSP00000468720,4.6,4.7,1,1,0.25,0.25,0.25,0.25
9606.ENSP00000438244,0,0,0,0,0.25,0.25,0.25,0.25
9606.ENSP00000485561,13.3,1.6,1,1,0.25,0.25,0.25,0.25
9606.ENSP00000400882,0,0,0,0,1,0,0,0
9606.ENSP00000445340,0,0,0,0,0.25,0.25,0.25,0.25
9606.ENSP00000439985,0.2,0,1,0,0.25,0.25,0.25,0.25
9606.ENSP00000405165,1.7,0,1,0,0.25,0.25,0.25,0.25
9606.ENSP00000359415,0,0,0,0,0.25,0.25,0.25,0.25
9606.ENSP00000335158,0,0,0,0,0.25,0.25,0.25,0.25
9606.ENSP00000348170,312.9,53454.7,1,1,0,0,0,1
9606.ENSP00000441269,0,0,0,0,0.25,0.25,0.25,0.25
9606.ENSP00000445768,0.6,13.8,1,1,0,0,1,0
9606.ENSP00000446271,30,49.9,1,1,1,0,0,0
9606.ENSP00000410858,0.9,0,1,0,0.25,0.25,0.25,0.25
9606.ENSP00000449002,0,0,0,0,0.25,0.25,0.25,0.25
9606.ENSP00000448219,0,0,0,0,1,0,0,0
9606.ENSP00000446872,24.2,19.7,1,1,0.25,0.25,0.25,0.25
9606.ENSP00000447879,2.4,0.2,1,1,0.25,0.25,0.25,0.25
9606.ENSP00000447378,0,0.3,0,1,1,0,0,0
9606.ENSP00000246166,27,6.6,1,1,1,0,0,0
9606.ENSP00000447931,1.6,0,1,0,0.25,0.25,0.25,0.25
9606.ENSP00000386655,311.5,0,1,0,0.25,0.25,0.25,0.25
9606.ENSP00000394380,2.3,0,1,0,0.25,0.25,0.25,0.25
9606.ENSP00000436604,4.2,0,1,0,0.25,0.25,0.25,0.25
9606.ENSP00000447679,7.4,11.7,1,1,0.25,0.25,0.25,0.25
9606.ENSP00000273308,126.7,191.9,1,1,0,0,1,0
9606.ENSP00000447431,0,0,0,0,1,0,0,0
9606.ENSP00000353401,19.9,30.2,1,1,1,0,0,0
9606.ENSP00000380762,22.7,0.1,1,1,0.25,0.25,0.25,0.25
9606.ENSP00000448789,0,0,0,0,0.25,0.25,0.25,0.25
9606.ENSP00000450524,3,0.5,1,1,0,0,0,1
9606.ENSP00000446916,0,0,0,0,0.25,0.25,0.25,0.25
9606.ENSP00000449999,0,0,0,0,0.25,0.25,0.25,0.25
9606.ENSP00000475473,67.6,194.8,1,1,0,1,0,0
9606.ENSP00000448598,73.5,1.6,1,1,0,0,0,1
9606.ENSP00000353332,19.5,0.1,1,1,0.25,0.25,0.25,0.25
9606.ENSP00000459216,0.5,0,1,0,0.25,0.25,0.25,0.25
9606.ENSP00000288022,17.5,0.4,1,1,0,0,1,0
9606.ENSP00000450580,0,0,0,0,1,0,0,0
9606.ENSP00000485150,0,0,0,0,0.25,0.25,0.25,0.25
9606.ENSP00000312284,0,2.4,0,1,1,0,0,0
9606.ENSP00000346916,0,0,0,0,0.25,0.25,0.25,0.25
9606.ENSP00000452479,30.6,0,1,0,0,0,1,0
9606.ENSP00000482133,2.2,12.5,1,1,0,1,0,0
9606.ENSP00000422947,0.4,0,1,0,0.25,0.25,0.25,0.25
9606.ENSP00000369963,0,0,0,0,0.25,0.25,0.25,0.25
9606.ENSP00000452277,0,0,0,0,0.25,0.25,0.25,0.25
9606.ENSP00000452245,144.7,48.2,1,1,0.25,0.25,0.25,0.25
9606.ENSP00000451605,12.8,0.6,1,1,0.25,0.25,0.25,0.25
9606.ENSP00000452398,0,0,0,0,0.25,0.25,0.25,0.25
9606.ENSP00000450461,27.4,8,1,1,1,0,0,0
9606.ENSP00000320295,247.2,0.2,1,1,1,0,0,0
9606.ENSP00000450958,0,0,0,0,0.25,0.25,0.25,0.25
9606.ENSP00000429865,13.7,0,1,0,0.25,0.25,0.25,0.25
9606.ENSP00000450895,0.1,0.3,1,1,0.25,0.25,0.25,0.25
9606.ENSP00000447852,1.4,0,1,0,0.25,0.25,0.25,0.25
9606.ENSP00000432614,40.4,0,1,0,0,0,1,0
9606.ENSP00000463361,3.2,10.8,1,1,1,0,0,0
9606.ENSP00000452786,0.1,1,1,1,1,0,0,0
9606.ENSP00000396523,0,0,0,0,0.25,0.25,0.25,0.25
9606.ENSP00000481928,4.5,1.4,1,1,0,0,1,0
9606.ENSP00000455643,23.3,0.3,1,1,0.25,0.25,0.25,0.25
9606.ENSP00000312673,0,0,0,0,1,0,0,0
9606.ENSP00000454021,6.1,0,1,0,0.25,0.25,0.25,0.25
9606.ENSP00000288014,11.8,0.3,1,1,0,0,1,0
9606.ENSP00000312311,106.8,17.4,1,1,0,0,1,0
9606.ENSP00000453153,0,0,0,0,0.25,0.25,0.25,0.25
9606.ENSP00000481421,49,0.2,1,1,0.25,0.25,0.25,0.25
9606.ENSP00000466070,0,0,0,0,0.25,0.25,0.25,0.25
9606.ENSP00000454545,19.6,22,1,1,1,0,0,0
9606.ENSP00000457962,0.6,2.9,1,1,1,0,0,0
9606.ENSP00000239165,0,0,0,0,0,0,1,0
9606.ENSP00000485230,0.3,0.1,1,1,1,0,0,0
9606.ENSP00000477141,0,0.2,0,1,1,0,0,0
9606.ENSP00000357259,13.3,0.3,1,1,0.25,0.25,0.25,0.25
9606.ENSP00000454913,0,0,0,0,0.25,0.25,0.25,0.25
9606.ENSP00000456861,0,0,0,0,1,0,0,0
9606.ENSP00000455897,0,11.4,0,1,1,0,0,0
9606.ENSP00000458018,0.6,16.6,1,1,0.25,0.25,0.25,0.25
9606.ENSP00000476384,0.4,0.9,1,1,0.25,0.25,0.25,0.25
9606.ENSP00000455079,6.1,5.5,1,1,1,0,0,0
9606.ENSP00000457807,0,0,0,0,0.25,0.25,0.25,0.25
9606.ENSP00000458065,0.3,0,1,0,0.25,0.25,0.25,0.25
9606.ENSP00000477695,0,0,0,0,0.25,0.25,0.25,0.25
9606.ENSP00000477059,0,0,0,0,0.25,0.25,0.25,0.25
9606.ENSP00000403400,15.1,35.8,1,1,0,0,1,0
9606.ENSP00000378570,236.3,1.2,1,1,0,1,0,0
9606.ENSP00000456594,0,0,0,0,1,0,0,0
9606.ENSP00000484472,4.9,3,1,1,1,0,0,0
9606.ENSP00000455948,0,0,0,0,0.25,0.25,0.25,0.25
9606.ENSP00000483134,5,5.6,1,1,1,0,0,0
9606.ENSP00000455106,41.5,12.2,1,1,0,0,1,0
9606.ENSP00000455826,0,0,0,0,0.25,0.25,0.25,0.25
9606.ENSP00000455906,0,0,0,0,0.25,0.25,0.25,0.25
9606.ENSP00000457421,4.5,2.3,1,1,1,0,0,0
9606.ENSP00000456206,0.2,0,1,0,0.25,0.25,0.25,0.25
9606.ENSP00000339405,0,0,0,0,0.25,0.25,0.25,0.25
9606.ENSP00000454468,0,0.1,0,1,1,0,0,0
9606.ENSP00000474988,0,0,0,0,0.25,0.25,0.25,0.25
9606.ENSP00000476795,3.2,6.4,1,1,0,0,1,0
9606.ENSP00000456337,0.2,3.8,1,1,0,1,0,0
9606.ENSP00000455811,0,0,0,0,0.25,0.25,0.25,0.25
9606.ENSP00000455711,0,0,0,0,0.25,0.25,0.25,0.25
9606.ENSP00000441828,52.4,208.2,1,1,0,0,0,1
9606.ENSP00000455298,0,0,0,0,0.25,0.25,0.25,0.25
9606.ENSP00000458075,45.5,0.7,1,1,0.25,0.25,0.25,0.25
9606.ENSP00000455444,0,0,0,0,0.25,0.25,0.25,0.25
9606.ENSP00000456894,0.1,0,1,0,0.25,0.25,0.25,0.25
9606.ENSP00000411822,13.4,0,1,0,0,0,0,1
9606.ENSP00000263369,0.3,0,1,0,1,0,0,0
9606.ENSP00000460274,0,0,0,0,0.25,0.25,0.25,0.25
9606.ENSP00000459439,0,0,0,0,0.25,0.25,0.25,0.25
9606.ENSP00000461862,0.2,0,1,0,0.25,0.25,0.25,0.25
9606.ENSP00000251166,6.3,1.3,1,1,1,0,0,0
9606.ENSP00000458585,0,0,0,0,0.25,0.25,0.25,0.25
9606.ENSP00000460665,0,0.2,0,1,0.25,0.25,0.25,0.25
9606.ENSP00000458570,0.1,0,1,0,0.25,0.25,0.25,0.25
9606.ENSP00000459028,0,0,0,0,0.25,0.25,0.25,0.25
9606.ENSP00000460236,0.1,0.1,1,1,1,0,0,0
9606.ENSP00000461388,25.9,0,1,0,0.25,0.25,0.25,0.25
9606.ENSP00000333837,253.8,240.3,1,1,0,0,1,0
9606.ENSP00000458772,0.2,0,1,0,1,0,0,0
9606.ENSP00000402949,22.6,17.9,1,1,1,0,0,0
9606.ENSP00000460070,111.1,15.5,1,1,0,1,0,0
9606.ENSP00000400878,5.5,1,1,1,0,0,1,0
9606.ENSP00000267853,0,0.2,0,1,0,1,0,0
9606.ENSP00000485206,0,0,0,0,0.25,0.25,0.25,0.25
9606.ENSP00000463057,0,0,0,0,0.25,0.25,0.25,0.25
9606.ENSP00000480140,17.7,59,1,1,0,0,1,0
9606.ENSP00000463032,3.3,0.1,1,1,0.25,0.25,0.25,0.25
9606.ENSP00000464030,6.8,0.7,1,1,0,0,1,0
9606.ENSP00000463092,0.7,1.2,1,1,1,0,0,0
9606.ENSP00000463051,0,0,0,0,0.25,0.25,0.25,0.25
9606.ENSP00000477509,3.7,11.7,1,1,0,0,1,0
9606.ENSP00000356093,2,0.2,1,1,0.25,0.25,0.25,0.25
9606.ENSP00000480221,0.1,0.1,1,1,0.25,0.25,0.25,0.25
9606.ENSP00000464060,2.4,0.8,1,1,1,0,0,0
9606.ENSP00000477310,48.1,89.1,1,1,0.25,0.25,0.25,0.25
9606.ENSP00000255381,0,0,0,0,1,0,0,0
9606.ENSP00000462729,7.9,31,1,1,0,0,1,0
9606.ENSP00000363431,0,0,0,0,0.25,0.25,0.25,0.25
9606.ENSP00000484552,0,0,0,0,0,1,0,0
9606.ENSP00000478026,0,0,0,0,0.25,0.25,0.25,0.25
9606.ENSP00000463151,0,0,0,0,1,0,0,0
9606.ENSP00000463058,239.1,149,1,1,0,0,1,0
9606.ENSP00000464522,180.1,25.9,1,1,0,0,0,1
9606.ENSP00000463650,4.4,29.7,1,1,0,0,1,0
9606.ENSP00000446874,23.7,0.5,1,1,1,0,0,0
9606.ENSP00000397798,3481.3,180.5,1,1,0,0,1,0
9606.ENSP00000462269,0.3,0,1,0,0.25,0.25,0.25,0.25
9606.ENSP00000463393,27.9,64.8,1,1,0.25,0.25,0.25,0.25
9606.ENSP00000420405,1.9,1.3,1,1,0,0,1,0
9606.ENSP00000462521,60.1,109.3,1,1,1,0,0,0
9606.ENSP00000459615,35.8,2.4,1,1,0,0,1,0
9606.ENSP00000462154,3,3.3,1,1,0,0,1,0
9606.ENSP00000462099,0.4,6.1,1,1,1,0,0,0
9606.ENSP00000336655,21.3,2.9,1,1,0,0,1,0
9606.ENSP00000463287,0,0,0,0,0.25,0.25,0.25,0.25
9606.ENSP00000462600,8.9,4,1,1,0,0,1,0
9606.ENSP00000463027,314.6,158.2,1,1,0,0,1,0
9606.ENSP00000461930,105.1,416,1,1,0.25,0.25,0.25,0.25
9606.ENSP00000464145,0,0,0,0,0,0,1,0
9606.ENSP00000481244,39.1,93.3,1,1,0.25,0.25,0.25,0.25
9606.ENSP00000400870,24.8,2.6,1,1,1,0,0,0
9606.ENSP00000464976,1.7,1.2,1,1,0.25,0.25,0.25,0.25
9606.ENSP00000386902,2.6,0,1,0,0.25,0.25,0.25,0.25
9606.ENSP00000339621,0,0,0,0,0.25,0.25,0.25,0.25
9606.ENSP00000466174,0,0.4,0,1,0.25,0.25,0.25,0.25
9606.ENSP00000483328,4.1,0.2,1,1,1,0,0,0
9606.ENSP00000468236,0.4,15.4,1,1,1,0,0,0
9606.ENSP00000464788,0.9,0.1,1,1,0,0,0,1
9606.ENSP00000466933,1.5,6.4,1,1,1,0,0,0
9606.ENSP00000301407,0.1,0,1,0,1,0,0,0
9606.ENSP00000377311,23.6,22.2,1,1,0,1,0,0
9606.ENSP00000337368,8.5,5.3,1,1,0,0,1,0
9606.ENSP00000465368,0,0,0,0,0.25,0.25,0.25,0.25
9606.ENSP00000481592,0.8,0.2,1,1,0.25,0.25,0.25,0.25
9606.ENSP00000301159,12.8,0.6,1,1,0,0,1,0
9606.ENSP00000301457,119,50.1,1,1,0,0,1,0
9606.ENSP00000469474,0,0,0,0,0.25,0.25,0.25,0.25
9606.ENSP00000243314,1.1,0,1,0,0.25,0.25,0.25,0.25
9606.ENSP00000469011,0,0,0,0,1,0,0,0
9606.ENSP00000478609,5.7,9,1,1,0,0,1,0
9606.ENSP00000469332,0,0,0,0,0.25,0.25,0.25,0.25
9606.ENSP00000470801,3.6,0,1,0,1,0,0,0
9606.ENSP00000471126,0.6,0.1,1,1,1,0,0,0
9606.ENSP00000472316,0,0,0,0,0.25,0.25,0.25,0.25
9606.ENSP00000472409,0,0,0,0,0.25,0.25,0.25,0.25
9606.ENSP00000484645,0,0,0,0,0.25,0.25,0.25,0.25
9606.ENSP00000471646,0,0,0,0,0.25,0.25,0.25,0.25
9606.ENSP00000482142,29.8,0,1,0,0,0,1,0
9606.ENSP00000477922,0,0,0,0,1,0,0,0
9606.ENSP00000485541,0,0,0,0,0.25,0.25,0.25,0.25
9606.ENSP00000471604,0,0,0,0,1,0,0,0
9606.ENSP00000469441,0,0,0,0,1,0,0,0
9606.ENSP00000478882,0,0,0,0,0.25,0.25,0.25,0.25
9606.ENSP00000469223,0.1,0,1,0,1,0,0,0
9606.ENSP00000470185,0.1,0,1,0,1,0,0,0
9606.ENSP00000472919,0,0,0,0,0.25,0.25,0.25,0.25
9606.ENSP00000470584,0,0,0,0,0.25,0.25,0.25,0.25
9606.ENSP00000468991,11221.1,0.8,1,1,0.25,0.25,0.25,0.25
9606.ENSP00000269881,0,0,0,0,1,0,0,0
9606.ENSP00000471593,0,0,0,0,0.25,0.25,0.25,0.25
9606.ENSP00000471418,0,0,0,0,1,0,0,0
9606.ENSP00000476820,0,10.2,0,1,0,0,1,0
9606.ENSP00000292852,22.6,51.1,1,1,0.25,0.25,0.25,0.25
9606.ENSP00000471299,0.7,33.4,1,1,0.25,0.25,0.25,0.25
9606.ENSP00000483825,59.4,31.1,1,1,0,0,1,0
9606.ENSP00000392410,8.6,4,1,1,0.25,0.25,0.25,0.25
9606.ENSP00000471921,0.2,0.4,1,1,1,0,0,0
9606.ENSP00000485586,0,0,0,0,0.25,0.25,0.25,0.25
9606.ENSP00000484645,0,0,0,0,0.25,0.25,0.25,0.25
9606.ENSP00000471224,0,0,0,0,0.25,0.25,0.25,0.25
9606.ENSP00000473153,0,0,0,0,0.25,0.25,0.25,0.25
9606.ENSP00000471932,11.6,5.5,1,1,0.25,0.25,0.25,0.25
9606.ENSP00000484601,0.2,0,1,0,1,0,0,0
9606.ENSP00000468984,2.3,0.2,1,1,0.25,0.25,0.25,0.25
9606.ENSP00000477979,12.7,17.7,1,1,0,0,1,0
9606.ENSP00000468980,0.1,25.6,1,1,0.25,0.25,0.25,0.25
9606.ENSP00000469394,0,0,0,0,1,0,0,0
9606.ENSP00000470441,0,0,0,0,0.25,0.25,0.25,0.25
9606.ENSP00000469686,38.2,3.1,1,1,0.25,0.25,0.25,0.25
9606.ENSP00000473391,0.5,0,1,0,1,0,0,0
9606.ENSP00000440222,36.8,0,1,0,1,0,0,0
9606.ENSP00000473370,0,0.8,0,1,0.25,0.25,0.25,0.25
9606.ENSP00000415070,0.1,0,1,0,1,0,0,0
9606.ENSP00000473384,0,0,0,0,0,1,0,0
9606.ENSP00000474861,117.6,0.1,1,1,0.25,0.25,0.25,0.25
9606.ENSP00000244537,0.7,0.7,1,1,0,0,1,0
9606.ENSP00000464619,0,0,0,0,0.25,0.25,0.25,0.25
9606.ENSP00000473941,0,0,0,0,0.25,0.25,0.25,0.25
9606.ENSP00000474570,1.3,0,1,0,0.25,0.25,0.25,0.25
9606.ENSP00000480122,0,0,0,0,0.25,0.25,0.25,0.25
9606.ENSP00000473871,0.2,0,1,0,0.25,0.25,0.25,0.25
9606.ENSP00000478752,7.7,3.5,1,1,0,0,1,0
9606.ENSP00000474096,200.3,58.3,1,1,0,0,1,0
9606.ENSP00000473686,95.9,0.1,1,1,0.25,0.25,0.25,0.25
9606.ENSP00000474534,11.3,0,1,0,0,0,1,0
9606.ENSP00000474529,0,0,0,0,1,0,0,0
9606.ENSP00000475027,16.2,0.9,1,1,0,0,1,0
9606.ENSP00000475146,0,0,0,0,0.25,0.25,0.25,0.25
9606.ENSP00000244537,5.1,0.3,1,1,0,0,1,0
9606.ENSP00000474230,14.5,5.7,1,1,1,0,0,0
9606.ENSP00000474632,0,0,0,0,1,0,0,0
9606.ENSP00000474204,0,0,0,0,0.25,0.25,0.25,0.25
9606.ENSP00000475025,1.9,1.2,1,1,0.25,0.25,0.25,0.25
9606.ENSP00000480818,20.5,2.7,1,1,0,0,1,0
9606.ENSP00000475028,0,0,0,0,0.25,0.25,0.25,0.25
9606.ENSP00000371388,154.7,0.3,1,1,0.25,0.25,0.25,0.25
9606.ENSP00000474388,0,0,0,0,0.25,0.25,0.25,0.25
9606.ENSP00000478752,10.4,0,1,0,0.25,0.25,0.25,0.25
9606.ENSP00000463957,1.3,2.3,1,1,0,0,1,0
9606.ENSP00000473853,0,0,0,0,0.25,0.25,0.25,0.25
9606.ENSP00000474632,0,0,0,0,1,0,0,0
9606.ENSP00000474412,0.7,9.4,1,1,1,0,0,0
9606.ENSP00000463419,0,0,0,0,0.25,0.25,0.25,0.25
9606.ENSP00000474487,10.7,19.4,1,1,0.25,0.25,0.25,0.25
9606.ENSP00000482801,0.3,0,1,0,1,0,0,0
9606.ENSP00000475189,0.1,0.2,1,1,0.25,0.25,0.25,0.25
9606.ENSP00000476100,33.1,236.2,1,1,0.25,0.25,0.25,0.25
9606.ENSP00000358155,20,11.2,1,1,0,1,0,0
9606.ENSP00000476119,23,34.1,1,1,0,0,1,0
9606.ENSP00000398837,16.8,8.1,1,1,0.25,0.25,0.25,0.25
9606.ENSP00000481575,34.1,12.6,1,1,0,0,1,0
9606.ENSP00000483985,54.8,8.6,1,1,0,0,1,0
9606.ENSP00000422067,0.1,0,1,0,0,1,0,0
9606.ENSP00000358575,0,0,0,0,0,1,0,0
9606.ENSP00000410910,4,0.2,1,1,0.25,0.25,0.25,0.25
9606.ENSP00000477392,0.1,3.2,1,1,0.25,0.25,0.25,0.25
9606.ENSP00000482950,0,0,0,0,0,1,0,0
9606.ENSP00000477314,0.8,0.2,1,1,0.25,0.25,0.25,0.25
9606.ENSP00000476821,0,0,0,0,0.25,0.25,0.25,0.25
9606.ENSP00000476046,12.6,13,1,1,0,0,1,0
9606.ENSP00000380112,0.6,0,1,0,0.25,0.25,0.25,0.25
9606.ENSP00000302202,7.2,0,1,0,0.25,0.25,0.25,0.25
9606.ENSP00000477455,0,0,0,0,1,0,0,0
9606.ENSP00000476510,0,0,0,0,0.25,0.25,0.25,0.25
9606.ENSP00000479693,7.5,0.4,1,1,0,0,1,0
9606.ENSP00000463201,13.5,0.9,1,1,0.25,0.25,0.25,0.25
9606.ENSP00000476960,0,0,0,0,0,0,1,0
9606.ENSP00000476499,0.1,0,1,0,1,0,0,0
9606.ENSP00000481644,1.1,0,1,0,0.25,0.25,0.25,0.25
9606.ENSP00000484181,0,0,0,0,1,0,0,0
9606.ENSP00000484875,0,0,0,0,0.25,0.25,0.25,0.25
9606.ENSP00000413001,0,0,0,0,0.25,0.25,0.25,0.25
9606.ENSP00000244537,60.9,0,1,0,0,0,1,0
9606.ENSP00000480079,0,0,0,0,0.25,0.25,0.25,0.25
9606.ENSP00000478070,11.1,28.6,1,1,1,0,0,0
9606.ENSP00000483089,7.6,0.6,1,1,0.25,0.25,0.25,0.25
9606.ENSP00000484710,57.7,4.2,1,1,1,0,0,0
9606.ENSP00000484687,51,46.6,1,1,1,0,0,0
9606.ENSP00000427342,0.1,0,1,0,1,0,0,0
9606.ENSP00000477907,1,0,1,0,0,0,0,1
9606.ENSP00000477829,0,0,0,0,1,0,0,0
9606.ENSP00000479921,15,0.7,1,1,0,1,0,0
9606.ENSP00000481038,38.2,27.5,1,1,0,1,0,0
9606.ENSP00000481937,0,0,0,0,0.25,0.25,0.25,0.25
9606.ENSP00000321744,1.2,3.6,1,1,0,0,0,1
9606.ENSP00000483631,9.2,1.8,1,1,0.25,0.25,0.25,0.25
9606.ENSP00000370201,143.3,55.2,1,1,1,0,0,0
9606.ENSP00000352021,32.3,6.3,1,1,0,1,0,0
9606.ENSP00000478478,0,0,0,0,0.25,0.25,0.25,0.25
9606.ENSP00000352252,0,0,0,0,0,0,1,0
9606.ENSP00000484732,11.4,1.6,1,1,0,1,0,0
9606.ENSP00000483239,0,0,0,0,0.25,0.25,0.25,0.25
9606.ENSP00000479378,0,0,0,0,0.25,0.25,0.25,0.25
9606.ENSP00000478388,1.4,3.6,1,1,0.25,0.25,0.25,0.25
9606.ENSP00000484261,0,0,0,0,0.25,0.25,0.25,0.25
9606.ENSP00000480615,0,0,0,0,0.25,0.25,0.25,0.25
9606.ENSP00000482229,14.1,5.9,1,1,1,0,0,0
9606.ENSP00000482630,0,0,0,0,1,0,0,0
9606.ENSP00000477856,0,0,0,0,0.25,0.25,0.25,0.25
9606.ENSP00000483811,0,0,0,0,1,0,0,0
9606.ENSP00000381231,1.2,0,1,0,0,0,1,0
9606.ENSP00000480573,0,0.1,0,1,0,1,0,0
9606.ENSP00000321744,0.1,0.5,1,1,0,0,0,1
9606.ENSP00000482540,1.2,1.4,1,1,0.25,0.25,0.25,0.25
9606.ENSP00000484403,0,0,0,0,1,0,0,0
9606.ENSP00000478426,0,0.2,0,1,1,0,0,0
9606.ENSP00000485524,0,0,0,0,0.25,0.25,0.25,0.25
9606.ENSP00000481508,4.7,0.3,1,1,1,0,0,0
9606.ENSP00000480364,70.3,16.3,1,1,0,0,1,0
9606.ENSP00000444503,0,0,0,0,0.25,0.25,0.25,0.25
9606.ENSP00000477515,27.7,0,1,0,0.25,0.25,0.25,0.25
9606.ENSP00000479326,0,0,0,0,1,0,0,0
9606.ENSP00000478683,0.3,0,1,0,1,0,0,0
9606.ENSP00000244537,0,0,0,0,0,0,1,0
9606.ENSP00000477527,5.5,0.1,1,1,0,0,0,1
9606.ENSP00000481357,0.5,1.4,1,1,0.25,0.25,0.25,0.25
9606.ENSP00000479656,0,0,0,0,0.25,0.25,0.25,0.25
9606.ENSP00000352252,0.6,2.3,1,1,0,0,1,0
9606.ENSP00000393136,0,0,0,0,0.25,0.25,0.25,0.25
9606.ENSP00000358518,0,0,0,0,0.25,0.25,0.25,0.25
9606.ENSP00000484075,0,0,0,0,0.25,0.25,0.25,0.25
9606.ENSP00000484556,0.8,0,1,0,1,0,0,0
9606.ENSP00000483280,7.4,3.6,1,1,0.25,0.25,0.25,0.25
9606.ENSP00000481258,0.2,0.2,1,1,1,0,0,0
9606.ENSP00000480958,3.2,0,1,0,0.25,0.25,0.25,0.25
9606.ENSP00000479910,5.6,9.9,1,1,0,0,1,0
9606.ENSP00000339405,0,0,0,0,0.25,0.25,0.25,0.25
9606.ENSP00000483228,47.4,46.9,1,1,1,0,0,0
9606.ENSP00000478289,0,0,0,0,0.25,0.25,0.25,0.25
9606.ENSP00000483453,5.9,19.2,1,1,0,1,0,0
9606.ENSP00000480722,4.2,4.1,1,1,1,0,0,0
9606.ENSP00000480297,5.5,2,1,1,0.25,0.25,0.25,0.25
9606.ENSP00000478568,0.6,0,1,0,1,0,0,0
9606.ENSP00000244537,0,0,0,0,0,0,1,0
9606.ENSP00000478024,13.2,275.7,1,1,0.25,0.25,0.25,0.25
9606.ENSP00000479355,0.6,3.7,1,1,1,0,0,0
9606.ENSP00000351589,0.8,0,1,0,0,1,0,0
9606.ENSP00000482259,0,14.7,0,1,1,0,0,0
9606.ENSP00000481109,20.5,0.8,1,1,1,0,0,0
9606.ENSP00000352252,0,0.1,0,1,0,0,1,0
9606.ENSP00000479955,0,0.6,0,1,0.25,0.25,0.25,0.25
9606.ENSP00000481056,2.4,0.8,1,1,1,0,0,0
9606.ENSP00000480291,5,4,1,1,1,0,0,0
9606.ENSP00000479396,0.1,0,1,0,0.25,0.25,0.25,0.25
9606.ENSP00000481185,0,0,0,0,0.25,0.25,0.25,0.25
9606.ENSP00000483879,0,0,0,0,0.25,0.25,0.25,0.25
9606.ENSP00000477870,0,0,0,0,0,0,1,0
9606.ENSP00000477848,61.6,19.6,1,1,0,0,1,0
9606.ENSP00000479169,0.7,0,1,0,0,0,0,1
9606.ENSP00000352252,0,1.1,0,1,0,0,1,0
9606.ENSP00000484078,30.1,40.6,1,1,0.25,0.25,0.25,0.25
9606.ENSP00000483897,0,0,0,0,1,0,0,0
9606.ENSP00000485450,0,0,0,0,0.25,0.25,0.25,0.25
9606.ENSP00000483386,0.4,0,1,0,1,0,0,0
9606.ENSP00000481862,0.3,0.2,1,1,0,0,1,0
9606.ENSP00000480316,9.4,9.4,1,1,0,0,0,1
9606.ENSP00000291552,233.4,1.4,1,1,0,0,1,0
9606.ENSP00000485444,0,0,0,0,1,0,0,0
9606.ENSP00000482590,0,0,0,0,0.25,0.25,0.25,0.25
9606.ENSP00000485118,0,0,0,0,0.25,0.25,0.25,0.25
9606.ENSP00000482829,15.3,1,1,1,0.25,0.25,0.25,0.25
9606.ENSP00000481613,0,0,0,0,0.25,0.25,0.25,0.25
9606.ENSP00000477653,3.4,19,1,1,0,0,1,0
9606.ENSP00000484807,0,0,0,0,0.25,0.25,0.25,0.25
9606.ENSP00000479617,94.3,0.1,1,1,1,0,0,0
9606.ENSP00000480616,13.7,15.8,1,1,1,0,0,0
9606.ENSP00000483609,0,1.6,0,1,0.25,0.25,0.25,0.25
9606.ENSP00000291554,18.7,0,1,0,1,0,0,0
9606.ENSP00000480558,0,0.2,0,1,0.25,0.25,0.25,0.25
9606.ENSP00000438815,0,0,0,0,0.25,0.25,0.25,0.25
9606.ENSP00000244537,0.3,0,1,0,0,0,1,0
9606.ENSP00000480157,0,0,0,0,0,0,1,0
9606.ENSP00000481091,4.1,4.7,1,1,0.25,0.25,0.25,0.25
9606.ENSP00000484596,50.6,1.1,1,1,0.25,0.25,0.25,0.25
9606.ENSP00000485125,0,0.6,0,1,0.25,0.25,0.25,0.25
9606.ENSP00000482548,37.4,11.3,1,1,0.25,0.25,0.25,0.25
9606.ENSP00000328484,7,0.4,1,1,0,1,0,0
9606.ENSP00000479097,0.2,12.7,1,1,1,0,0,0
9606.ENSP00000482674,0.4,0.6,1,1,0,0,0,1
9606.ENSP00000342790,0,0,0,0,0.25,0.25,0.25,0.25
9606.ENSP00000478258,0.1,0,1,0,0.25,0.25,0.25,0.25
9606.ENSP00000485628,0,0,0,0,0.25,0.25,0.25,0.25
9606.ENSP00000479762,0.6,0.1,1,1,0.25,0.25,0.25,0.25
9606.ENSP00000482245,0,0,0,0,1,0,0,0
9606.ENSP00000483125,0,0,0,0,0.25,0.25,0.25,0.25
9606.ENSP00000351589,0.3,0.2,1,1,0,1,0,0
9606.ENSP00000244537,1.4,0.6,1,1,0,0,1,0
9606.ENSP00000478017,0,0,0,0,0.25,0.25,0.25,0.25
9606.ENSP00000303373,4.7,2.9,1,1,0,0,0,1
9606.ENSP00000482502,3.9,2.2,1,1,1,0,0,0
9606.ENSP00000477530,0.1,4.6,1,1,0.25,0.25,0.25,0.25
9606.ENSP00000244537,1.7,0.2,1,1,0,0,1,0
9606.ENSP00000482202,14.9,6.7,1,1,0.25,0.25,0.25,0.25
9606.ENSP00000479624,17.4,22.8,1,1,0.25,0.25,0.25,0.25
9606.ENSP00000321744,0.4,0.5,1,1,0,0,0,1
9606.ENSP00000482063,40.8,3.4,1,1,0.25,0.25,0.25,0.25
9606.ENSP00000386791,0.3,0,1,0,0.25,0.25,0.25,0.25
9606.ENSP00000480376,0,0,0,0,0.25,0.25,0.25,0.25
9606.ENSP00000484715,1.9,9.9,1,1,1,0,0,0
9606.ENSP00000483469,0,0,0,0,0.25,0.25,0.25,0.25
9606.ENSP00000478061,54,8.4,1,1,1,0,0,0
9606.ENSP00000355459,3.8,4.2,1,1,1,0,0,0
9606.ENSP00000480090,0,0.1,0,1,0.25,0.25,0.25,0.25
9606.ENSP00000480053,0,0.2,0,1,1,0,0,0
9606.ENSP00000363911,0,0,0,0,0.25,0.25,0.25,0.25
9606.ENSP00000482169,0,0,0,0,1,0,0,0
9606.ENSP00000479139,0,0,0,0,0.25,0.25,0.25,0.25
9606.ENSP00000477908,0,10.2,0,1,0.25,0.25,0.25,0.25
9606.ENSP00000384018,0,2.4,0,1,0.25,0.25,0.25,0.25
9606.ENSP00000346509,0.1,0,1,0,0.25,0.25,0.25,0.25
9606.ENSP00000479675,0,0,0,0,0.25,0.25,0.25,0.25
9606.ENSP00000352252,0.2,0,1,0,0,0,1,0
9606.ENSP00000483688,439.2,297.9,1,1,0,0,1,0
9606.ENSP00000478725,0,0,0,0,0.25,0.25,0.25,0.25
9606.ENSP00000481152,0,0,0,0,0.25,0.25,0.25,0.25
9606.ENSP00000346509,0.1,0,1,0,0.25,0.25,0.25,0.25
9606.ENSP00000483673,0,0.1,0,1,0.25,0.25,0.25,0.25
9606.ENSP00000477587,0,21.2,0,1,0.25,0.25,0.25,0.25
9606.ENSP00000480583,0,0,0,0,0.25,0.25,0.25,0.25
9606.ENSP00000483781,1.1,731.2,1,1,0,1,0,0
9606.ENSP00000483549,0,0.5,0,1,1,0,0,0
9606.ENSP00000479504,4.3,38.3,1,1,0.25,0.25,0.25,0.25
9606.ENSP00000478834,0,0,0,0,0.25,0.25,0.25,0.25
9606.ENSP00000474632,0.1,0,1,0,1,0,0,0
9606.ENSP00000477716,2.5,0.9,1,1,1,0,0,0
9606.ENSP00000439913,0,0,0,0,0.25,0.25,0.25,0.25
9606.ENSP00000480971,0.5,0,1,0,1,0,0,0
9606.ENSP00000482855,1.1,0,1,0,0.25,0.25,0.25,0.25
9606.ENSP00000377806,0.7,0,1,0,0,0,0,1
9606.ENSP00000479518,20.9,8.8,1,1,0,0,1,0
9606.ENSP00000485668,0,0,0,0,0.25,0.25,0.25,0.25
9606.ENSP00000479608,0,0,0,0,1,0,0,0
9606.ENSP00000478426,0.8,0,1,0,1,0,0,0
9606.ENSP00000478220,40,68.3,1,1,1,0,0,0
9606.ENSP00000479884,0.3,0.2,1,1,0.25,0.25,0.25,0.25
9606.ENSP00000480106,3.5,0.4,1,1,0.25,0.25,0.25,0.25
9606.ENSP00000303373,1.9,0.1,1,1,0,1,0,0
9606.ENSP00000478886,0,0,0,0,0.25,0.25,0.25,0.25
9606.ENSP00000478796,0.4,0,1,0,0.25,0.25,0.25,0.25
9606.ENSP00000482704,30.2,11.8,1,1,0,1,0,0
9606.ENSP00000483300,27.5,14.6,1,1,0,0,0,1
9606.ENSP00000481358,0,0,0,0,0.25,0.25,0.25,0.25
9606.ENSP00000482504,0,0.3,0,1,0.25,0.25,0.25,0.25
9606.ENSP00000321744,0.1,0,1,0,0,0,0,1
9606.ENSP00000483965,0.1,0,1,0,1,0,0,0
9606.ENSP00000432523,146.3,10.7,1,1,0.25,0.25,0.25,0.25
9606.ENSP00000481559,7,2,1,1,0,1,0,0
9606.ENSP00000484693,0,0,0,0,0.25,0.25,0.25,0.25
9606.ENSP00000244537,0,0,0,0,0,0,0,1
9606.ENSP00000479362,0.4,0.9,1,1,0.25,0.25,0.25,0.25
9606.ENSP00000351589,4.3,0.2,1,1,0,1,0,0
9606.ENSP00000482119,0,0,0,0,0.25,0.25,0.25,0.25
9606.ENSP00000244537,1.4,0.8,1,1,0,0,1,0
9606.ENSP00000479119,0,0,0,0,0.25,0.25,0.25,0.25
9606.ENSP00000352252,9.7,1.7,1,1,0,0,1,0
9606.ENSP00000484903,1.7,33.3,1,1,0,1,0,0
9606.ENSP00000339405,0,0,0,0,0.25,0.25,0.25,0.25
9606.ENSP00000322546,0,0,0,0,0.25,0.25,0.25,0.25
9606.ENSP00000485066,0,0,0,0,0.25,0.25,0.25,0.25
9606.ENSP00000312470,0,0,0,0,0.25,0.25,0.25,0.25
9606.ENSP00000327540,0,0,0,0,0.25,0.25,0.25,0.25
9606.ENSP00000485678,0,0,0,0,0.25,0.25,0.25,0.25
9606.ENSP00000357132,0,0,0,0,0.25,0.25,0.25,0.25
9606.ENSP00000350022,0,0,0,0,0.25,0.25,0.25,0.25
9606.ENSP00000334410,0,0,0,0,0.25,0.25,0.25,0.25
9606.ENSP00000349719,0,0,0,0,0.25,0.25,0.25,0.25
9606.ENSP00000348368,0,0,0,0,0.25,0.25,0.25,0.25
9606.ENSP00000328934,0,0,0,0,0.25,0.25,0.25,0.25
9606.ENSP00000335529,0,0,0,0,0.25,0.25,0.25,0.25
9606.ENSP00000485326,0,0,0,0,0.25,0.25,0.25,0.25
9606.ENSP00000324913,0,0,0,0,0.25,0.25,0.25,0.25
9606.ENSP00000354800,0,0,0,0,0.25,0.25,0.25,0.25
9606.ENSP00000463419,0,0,0,0,0.25,0.25,0.25,0.25
9606.ENSP00000485473,0,0,0,0,0.25,0.25,0.25,0.25
9606.ENSP00000345163,0,0,0,0,0.25,0.25,0.25,0.25
9606.ENSP00000480313,49.8,9.4,1,1,0,0,0,1
9606.ENSP00000485212,0,0,0,0,0.25,0.25,0.25,0.25
9606.ENSP00000303151,0,0,0,0,0.25,0.25,0.25,0.25
9606.ENSP00000386653,0,0.7,0,1,0.25,0.25,0.25,0.25
9606.ENSP00000311688,0,0,0,0,0.25,0.25,0.25,0.25
9606.ENSP00000373047,0,0,0,0,0.25,0.25,0.25,0.25
9606.ENSP00000478309,0,0,0,0,0.25,0.25,0.25,0.25
9606.ENSP00000323555,0,0,0,0,0.25,0.25,0.25,0.25
9606.ENSP00000485668,0,0,0,0,0.25,0.25,0.25,0.25
9606.ENSP00000326519,20.2,5.5,1,1,1,0,0,0
9606.ENSP00000477920,0,0,0,0,0.25,0.25,0.25,0.25
9606.ENSP00000480571,0,1.1,0,1,0.25,0.25,0.25,0.25
9606.ENSP00000358730,0,0.4,0,1,0.25,0.25,0.25,0.25
9606.ENSP00000420182,1.8,0.6,1,1,0,0,1,0
9606.ENSP00000400713,0.2,0,1,0,0,1,0,0
9606.ENSP00000418875,0,0,0,0,1,0,0,0
9606.ENSP00000375311,0,0,0,0,0.25,0.25,0.25,0.25
9606.ENSP00000380044,0.2,0.3,1,1,1,0,0,0
9606.ENSP00000479586,0.6,0,1,0,0.25,0.25,0.25,0.25
9606.ENSP00000444433,44.5,59.7,1,1,1,0,0,0
9606.ENSP00000290390,0.2,0,1,0,1,0,0,0
9606.ENSP00000316845,0,0,0,0,0.25,0.25,0.25,0.25
9606.ENSP00000221486,0,0,0,0,0.25,0.25,0.25,0.25
9606.ENSP00000479586,1.4,0.2,1,1,0.25,0.25,0.25,0.25
9606.ENSP00000346611,0,0,0,0,0.25,0.25,0.25,0.25
9606.ENSP00000329982,0,0,0,0,0.25,0.25,0.25,0.25
9606.ENSP00000364152,0,0,0,0,0.25,0.25,0.25,0.25
9606.ENSP00000388684,0,0,0,0,1,0,0,0
9606.ENSP00000310632,0,0,0,0,0.25,0.25,0.25,0.25
9606.ENSP00000409316,0,0,0,0,0.25,0.25,0.25,0.25
9606.ENSP00000439170,4.1,1.5,1,1,0,0,1,0
9606.ENSP00000405708,9.3,0,1,0,1,0,0,0
9606.ENSP00000384223,0,0,0,0,0.25,0.25,0.25,0.25
9606.ENSP00000342938,8.8,0,1,0,1,0,0,0
9606.ENSP00000481934,0.2,0.1,1,1,0.25,0.25,0.25,0.25
9606.ENSP00000222388,24.2,0,1,0,0,1,0,0
9606.ENSP00000464060,1.9,0,1,0,0.25,0.25,0.25,0.25
9606.ENSP00000408367,10.3,0.1,1,1,0,0,1,0
9606.ENSP00000437872,0.2,0,1,0,0.25,0.25,0.25,0.25
9606.ENSP00000352252,2.6,0,1,0,0,0,1,0
9606.ENSP00000363668,0,0,0,0,0.25,0.25,0.25,0.25
9606.ENSP00000352252,3.9,1.3,1,1,0,0,1,0
9606.ENSP00000362054,0,0,0,0,0.25,0.25,0.25,0.25
9606.ENSP00000368414,1.6,3.1,1,1,0,0,1,0
9606.ENSP00000429022,5.3,0.2,1,1,0,0,1,0
9606.ENSP00000330284,0,1.3,0,1,0.25,0.25,0.25,0.25
9606.ENSP00000359563,0,0,0,0,0.25,0.25,0.25,0.25