protein,RNA line ab,binary_RNA line ab
9606.ENSP00000000233,92.4,1
9606.ENSP00000000412,142.7,1
9606.ENSP00000001008,353.3,1
9606.ENSP00000001146,8.5,1
9606.ENSP00000002125,16.2,1
9606.ENSP00000002165,24.1,1
9606.ENSP00000002596,0,0
9606.ENSP00000002829,6.9,1
9606.ENSP00000003084,0,0
9606.ENSP00000003100,118.1,1
9606.ENSP00000003302,37.9,1
9606.ENSP00000004531,23.5,1
9606.ENSP00000005178,0.1,1
9606.ENSP00000005226,0,0
9606.ENSP00000005257,62.5,1
9606.ENSP00000005260,15.6,1
9606.ENSP00000005284,0,0
9606.ENSP00000005286,10.3,1
9606.ENSP00000005340,43.5,1
9606.ENSP00000005386,40.7,1
9606.ENSP00000005587,26.9,1
9606.ENSP00000005995,0,0
9606.ENSP00000006015,16.3,1
9606.ENSP00000006053,0,0
9606.ENSP00000006275,3.3,1
9606.ENSP00000006526,27.8,1
9606.ENSP00000006658,1.4,1
9606.ENSP00000006724,0,0
9606.ENSP00000006777,22.4,1
9606.ENSP00000007390,24.2,1
9606.ENSP00000007414,1.7,1
9606.ENSP00000007699,1,1
9606.ENSP00000007722,2.2,1
9606.ENSP00000007735,0,0
9606.ENSP00000008391,1,1
9606.ENSP00000008527,26.8,1
9606.ENSP00000008938,0,0
9606.ENSP00000009041,51.4,1
9606.ENSP00000009105,0,0
9606.ENSP00000009530,0,0
9606.ENSP00000010299,11.2,1
9606.ENSP00000011292,0,0
9606.ENSP00000011473,72.4,1
9606.ENSP00000011619,30.5,1
9606.ENSP00000011653,0,0
9606.ENSP00000011898,9.5,1
9606.ENSP00000012049,10,1
9606.ENSP00000012443,86.2,1
9606.ENSP00000013070,55.8,1
9606.ENSP00000013125,34.3,1
9606.ENSP00000013222,0,0
9606.ENSP00000013807,26,1
9606.ENSP00000014914,1,1
9606.ENSP00000014930,37.6,1
9606.ENSP00000016171,44.2,1
9606.ENSP00000016913,0.1,1
9606.ENSP00000016946,14.3,1
9606.ENSP00000017003,2.4,1
9606.ENSP00000019103,0,0
9606.ENSP00000019317,48.1,1
9606.ENSP00000020673,0.1,1
9606.ENSP00000020926,0.2,1
9606.ENSP00000023064,0,0
9606.ENSP00000023939,92.4,1
9606.ENSP00000025008,31.4,1
9606.ENSP00000025301,16.1,1
9606.ENSP00000026218,3.3,1
9606.ENSP00000027335,0.3,1
9606.ENSP00000029410,9.8,1
9606.ENSP00000033079,16.3,1
9606.ENSP00000035307,6.5,1
9606.ENSP00000035383,0.3,1
9606.ENSP00000037243,107.6,1
9606.ENSP00000037502,0,0
9606.ENSP00000037869,106.8,1
9606.ENSP00000039007,0,0
9606.ENSP00000039989,22.3,1
9606.ENSP00000040584,3.9,1
9606.ENSP00000040663,24.5,1
9606.ENSP00000040738,18.7,1
9606.ENSP00000040877,9.7,1
9606.ENSP00000043402,1.4,1
9606.ENSP00000044462,669.1,1
9606.ENSP00000046087,0,0
9606.ENSP00000046794,0,0
9606.ENSP00000052754,0.8,1
9606.ENSP00000053243,0,0
9606.ENSP00000053468,60.3,1
9606.ENSP00000053867,68.6,1
9606.ENSP00000054650,17.9,1
9606.ENSP00000054666,75.2,1
9606.ENSP00000054668,0,0
9606.ENSP00000054950,118,1
9606.ENSP00000055077,53.3,1
9606.ENSP00000055335,0.9,1
9606.ENSP00000055682,3.7,1
9606.ENSP00000056217,0,0
9606.ENSP00000056233,6,1
9606.ENSP00000061240,0.2,1
9606.ENSP00000062104,0,0
9606.ENSP00000064571,0,0
9606.ENSP00000064724,0,0
9606.ENSP00000064778,19.4,1
9606.ENSP00000064780,4.4,1
9606.ENSP00000070846,6.8,1
9606.ENSP00000072644,12.9,1
9606.ENSP00000072869,27.5,1
9606.ENSP00000074304,12.6,1
9606.ENSP00000075120,2.4,1
9606.ENSP00000075503,1.6,1
9606.ENSP00000078429,37.8,1
9606.ENSP00000078445,0,0
9606.ENSP00000080059,6.7,1
9606.ENSP00000081029,88,1
9606.ENSP00000083182,16.2,1
9606.ENSP00000084798,9.4,1
9606.ENSP00000085068,39.7,1
9606.ENSP00000085219,0,0
9606.ENSP00000086933,0,0
9606.ENSP00000155840,0.7,1
9606.ENSP00000155858,0,0
9606.ENSP00000155926,10.3,1
9606.ENSP00000156084,54.2,1
9606.ENSP00000156109,27.9,1
9606.ENSP00000156471,14.8,1
9606.ENSP00000156626,0,0
9606.ENSP00000157600,4.9,1
9606.ENSP00000157812,61.6,1
9606.ENSP00000158009,0,0
9606.ENSP00000158166,3.2,1
9606.ENSP00000158762,0,0
9606.ENSP00000158771,13.2,1
9606.ENSP00000159060,0,0
9606.ENSP00000159087,3.1,1
9606.ENSP00000159111,7.8,1
9606.ENSP00000160262,0.2,1
9606.ENSP00000160373,8.3,1
9606.ENSP00000160382,0,0
9606.ENSP00000160827,118.9,1
9606.ENSP00000161006,0,0
9606.ENSP00000161559,0,0
9606.ENSP00000161863,22,1
9606.ENSP00000162044,20.6,1
9606.ENSP00000162391,10,1
9606.ENSP00000162749,12.9,1
9606.ENSP00000163416,23.1,1
9606.ENSP00000164024,1.9,1
9606.ENSP00000164133,7.4,1
9606.ENSP00000164139,0.2,1
9606.ENSP00000164227,2.4,1
9606.ENSP00000164305,3.3,1
9606.ENSP00000164640,4.5,1
9606.ENSP00000165524,0,0
9606.ENSP00000166139,4.1,1
9606.ENSP00000166244,0,0
9606.ENSP00000166345,100.3,1
9606.ENSP00000167106,7.3,1
9606.ENSP00000167586,0,0
9606.ENSP00000167588,0,0
9606.ENSP00000168148,0,0
9606.ENSP00000168216,316.1,1
9606.ENSP00000168712,0.1,1
9606.ENSP00000169298,132.7,1
9606.ENSP00000169551,34,1
9606.ENSP00000170150,0,0
9606.ENSP00000170168,9,1
9606.ENSP00000170447,38.4,1
9606.ENSP00000170564,10.6,1
9606.ENSP00000171111,55.6,1
9606.ENSP00000171757,0,0
9606.ENSP00000171887,1.4,1
9606.ENSP00000172229,1.5,1
9606.ENSP00000173229,1.2,1
9606.ENSP00000173527,46.5,1
9606.ENSP00000173898,0.3,1
9606.ENSP00000174618,6.4,1
9606.ENSP00000175091,115,1
9606.ENSP00000175238,0,0
9606.ENSP00000175506,118.2,1
9606.ENSP00000175756,14.3,1
9606.ENSP00000176183,0,0
9606.ENSP00000176195,0,0
9606.ENSP00000176763,5.7,1
9606.ENSP00000177694,0,0
9606.ENSP00000177742,15.7,1
9606.ENSP00000178638,0,0
9606.ENSP00000178640,23.8,1
9606.ENSP00000179259,5.8,1
9606.ENSP00000180166,0.2,1
9606.ENSP00000180173,2.6,1
9606.ENSP00000181383,0,0
9606.ENSP00000181796,16.1,1
9606.ENSP00000181839,23.4,1
9606.ENSP00000182290,0,0
9606.ENSP00000182527,14.9,1
9606.ENSP00000183605,0,0
9606.ENSP00000184183,0,0
9606.ENSP00000184266,191.3,1
9606.ENSP00000184956,5.6,1
9606.ENSP00000185150,29.2,1
9606.ENSP00000185206,0,0
9606.ENSP00000186436,30.5,1
9606.ENSP00000187762,8.1,1
9606.ENSP00000188312,36.5,1
9606.ENSP00000188790,0,0
9606.ENSP00000190165,1,1
9606.ENSP00000192314,0,0
9606.ENSP00000192788,29.2,1
9606.ENSP00000193322,20.2,1
9606.ENSP00000193391,0,0
9606.ENSP00000194130,0,0
9606.ENSP00000194152,0,0
9606.ENSP00000194155,1.2,1
9606.ENSP00000194214,62.2,1
9606.ENSP00000194530,35.8,1
9606.ENSP00000196061,75.6,1
9606.ENSP00000196371,77.5,1
9606.ENSP00000196489,3.8,1
9606.ENSP00000197268,13.9,1
9606.ENSP00000198536,0.2,1
9606.ENSP00000198767,40.5,1
9606.ENSP00000198801,0,0
9606.ENSP00000199280,0,0
9606.ENSP00000199320,38.7,1
9606.ENSP00000199389,93.1,1
9606.ENSP00000199447,0,0
9606.ENSP00000199448,1.8,1
9606.ENSP00000199706,107.8,1
9606.ENSP00000199708,1.5,1
9606.ENSP00000199764,0,0
9606.ENSP00000199814,73,1
9606.ENSP00000199936,0,0
9606.ENSP00000200135,36.7,1
9606.ENSP00000200181,1,1
9606.ENSP00000200453,9.3,1
9606.ENSP00000200457,38,1
9606.ENSP00000200557,3.3,1
9606.ENSP00000200652,0,0
9606.ENSP00000200676,0,0
9606.ENSP00000200691,0,0
9606.ENSP00000201031,27.3,1
9606.ENSP00000201586,0.1,1
9606.ENSP00000201647,0.4,1
9606.ENSP00000201979,0,0
9606.ENSP00000202017,37.8,1
9606.ENSP00000202556,5.8,1
9606.ENSP00000202625,0,0
9606.ENSP00000202677,9.4,1
9606.ENSP00000202816,36,1
9606.ENSP00000202967,1.9,1
9606.ENSP00000203001,36.3,1
9606.ENSP00000203407,171.6,1
9606.ENSP00000203556,3.9,1
9606.ENSP00000203629,0.5,1
9606.ENSP00000203630,220.1,1
9606.ENSP00000203664,3.2,1
9606.ENSP00000204517,23.6,1
9606.ENSP00000204549,63.9,1
9606.ENSP00000204566,182.1,1
9606.ENSP00000204604,1.7,1
9606.ENSP00000204615,0.3,1
9606.ENSP00000204679,9.2,1
9606.ENSP00000204726,16.3,1
9606.ENSP00000204961,40,1
9606.ENSP00000205061,30.1,1
9606.ENSP00000205143,2.3,1
9606.ENSP00000205194,20.8,1
9606.ENSP00000205214,6.3,1
9606.ENSP00000205402,150.2,1
9606.ENSP00000205557,0.7,1
9606.ENSP00000205636,47,1
9606.ENSP00000205890,0,0
9606.ENSP00000205948,0,0
9606.ENSP00000206020,59.3,1
9606.ENSP00000206423,5.3,1
9606.ENSP00000206474,31.2,1
9606.ENSP00000206513,0,0
9606.ENSP00000206542,17.9,1
9606.ENSP00000206595,36.4,1
9606.ENSP00000206765,2.8,1
9606.ENSP00000207157,0,0
9606.ENSP00000207457,0,0
9606.ENSP00000207549,0,0
9606.ENSP00000207870,8.1,1
9606.ENSP00000209540,0.1,1
9606.ENSP00000209668,0,0
9606.ENSP00000209718,0,0
9606.ENSP00000209728,112.2,1
9606.ENSP00000209873,106.4,1
9606.ENSP00000209875,106.1,1
9606.ENSP00000209884,11.2,1
9606.ENSP00000209929,0,0
9606.ENSP00000210060,55.7,1
9606.ENSP00000210187,1.1,1
9606.ENSP00000210313,0,0
9606.ENSP00000210444,61,1
9606.ENSP00000210633,8,1
9606.ENSP00000211076,0,0
9606.ENSP00000211122,0.6,1
9606.ENSP00000211287,0.3,1
9606.ENSP00000211314,61.3,1
9606.ENSP00000211413,0,0
9606.ENSP00000211936,9.7,1
9606.ENSP00000211998,115.7,1
9606.ENSP00000212015,32.8,1
9606.ENSP00000212355,3.6,1
9606.ENSP00000214869,18.8,1
9606.ENSP00000215057,2,1
9606.ENSP00000215061,4.5,1
9606.ENSP00000215071,341.7,1
9606.ENSP00000215095,2.1,1
9606.ENSP00000215368,4.8,1
9606.ENSP00000215375,19.9,1
9606.ENSP00000215530,0,0
9606.ENSP00000215531,0,0
9606.ENSP00000215565,62.6,1
9606.ENSP00000215567,158.1,1
9606.ENSP00000215570,75.2,1
9606.ENSP00000215574,52.1,1
9606.ENSP00000215582,0,0
9606.ENSP00000215631,3.2,1
9606.ENSP00000215637,0,0
9606.ENSP00000215659,24.3,1
9606.ENSP00000215727,0,0
9606.ENSP00000215730,35.8,1
9606.ENSP00000215739,9.3,1
9606.ENSP00000215742,6.1,1
9606.ENSP00000215743,2.2,1
9606.ENSP00000215754,155,1
9606.ENSP00000215770,1.2,1
9606.ENSP00000215781,0,0
9606.ENSP00000215793,101.6,1
9606.ENSP00000215794,21.6,1
9606.ENSP00000215812,0.3,1
9606.ENSP00000215829,252.1,1
9606.ENSP00000215832,73.9,1
9606.ENSP00000215838,3.7,1
9606.ENSP00000215855,0.8,1
9606.ENSP00000215862,17.7,1
9606.ENSP00000215882,82.9,1
9606.ENSP00000215885,0.1,1
9606.ENSP00000215886,0,0
9606.ENSP00000215904,52.8,1
9606.ENSP00000215906,4.5,1
9606.ENSP00000215909,58.8,1
9606.ENSP00000215912,0.1,1
9606.ENSP00000215917,16.6,1
9606.ENSP00000215939,0,0
9606.ENSP00000215941,19.5,1
9606.ENSP00000215957,9.1,1
9606.ENSP00000215980,32.9,1
9606.ENSP00000216024,2,1
9606.ENSP00000216027,6.9,1
9606.ENSP00000216034,81.8,1
9606.ENSP00000216036,0.1,1
9606.ENSP00000216037,134.2,1
9606.ENSP00000216038,144.7,1
9606.ENSP00000216039,49.2,1
9606.ENSP00000216044,45.5,1
9606.ENSP00000216068,11,1
9606.ENSP00000216071,0,0
9606.ENSP00000216075,0.2,1
9606.ENSP00000216085,2.5,1
9606.ENSP00000216099,0.3,1
9606.ENSP00000216101,0.1,1
9606.ENSP00000216106,14.9,1
9606.ENSP00000216115,4.8,1
9606.ENSP00000216117,11.4,1
9606.ENSP00000216121,87.7,1
9606.ENSP00000216122,116,1
9606.ENSP00000216124,1.2,1
9606.ENSP00000216127,0.1,1
9606.ENSP00000216129,77.3,1
9606.ENSP00000216133,0.9,1
9606.ENSP00000216139,0,0
9606.ENSP00000216144,0,0
9606.ENSP00000216160,15.5,1
9606.ENSP00000216177,0,0
9606.ENSP00000216180,10.6,1
9606.ENSP00000216181,125.2,1
9606.ENSP00000216185,151.7,1
9606.ENSP00000216190,295.1,1
9606.ENSP00000216200,0,0
9606.ENSP00000216211,0,0
9606.ENSP00000216214,14.3,1
9606.ENSP00000216218,387.7,1
9606.ENSP00000216223,0,0
9606.ENSP00000216225,110.6,1
9606.ENSP00000216237,40.9,1
9606.ENSP00000216241,0,0
9606.ENSP00000216252,130.2,1
9606.ENSP00000216254,108.8,1
9606.ENSP00000216259,25.8,1
9606.ENSP00000216264,30.4,1
9606.ENSP00000216267,14.7,1
9606.ENSP00000216268,17.4,1
9606.ENSP00000216271,2.1,1
9606.ENSP00000216274,0,0
9606.ENSP00000216277,50.1,1
9606.ENSP00000216286,9.9,1
9606.ENSP00000216294,10.6,1
9606.ENSP00000216297,237.2,1
9606.ENSP00000216330,188.4,1
9606.ENSP00000216336,0,0
9606.ENSP00000216338,0,0
9606.ENSP00000216341,0,0
9606.ENSP00000216366,7.6,1
9606.ENSP00000216367,35.3,1
9606.ENSP00000216373,12.1,1
9606.ENSP00000216392,107,1
9606.ENSP00000216410,59.2,1
9606.ENSP00000216416,208.3,1
9606.ENSP00000216420,10.8,1
9606.ENSP00000216442,72.6,1
9606.ENSP00000216446,0.1,1
9606.ENSP00000216452,26.3,1
9606.ENSP00000216455,249.2,1
9606.ENSP00000216465,18.9,1
9606.ENSP00000216468,10.4,1
9606.ENSP00000216471,0.9,1
9606.ENSP00000216479,386.2,1
9606.ENSP00000216484,38.1,1
9606.ENSP00000216487,3.1,1
9606.ENSP00000216489,13.2,1
9606.ENSP00000216492,0,0
9606.ENSP00000216500,57.2,1
9606.ENSP00000216513,8.4,1
9606.ENSP00000216540,0,0
9606.ENSP00000216554,220.9,1
9606.ENSP00000216602,25.3,1
9606.ENSP00000216605,177.6,1
9606.ENSP00000216629,0,0
9606.ENSP00000216639,75.5,1
9606.ENSP00000216714,317.5,1
9606.ENSP00000216727,337.7,1
9606.ENSP00000216733,0.9,1
9606.ENSP00000216756,52,1
9606.ENSP00000216780,18,1
9606.ENSP00000216797,38.3,1
9606.ENSP00000216802,32.1,1
9606.ENSP00000216807,13.7,1
9606.ENSP00000216832,153.3,1
9606.ENSP00000216862,0,0
9606.ENSP00000216911,152.4,1
9606.ENSP00000216923,12,1
9606.ENSP00000216951,53.6,1
9606.ENSP00000216962,44.5,1
9606.ENSP00000216968,20.2,1
9606.ENSP00000217026,192.1,1
9606.ENSP00000217043,0,0
9606.ENSP00000217086,0.2,1
9606.ENSP00000217109,35.7,1
9606.ENSP00000217121,111.5,1
9606.ENSP00000217131,51.4,1
9606.ENSP00000217133,0,0
9606.ENSP00000217159,16.4,1
9606.ENSP00000217169,0,0
9606.ENSP00000217173,3.2,1
9606.ENSP00000217182,240,1
9606.ENSP00000217188,0,0
9606.ENSP00000217195,65.7,1
9606.ENSP00000217233,22.6,1
9606.ENSP00000217244,162.1,1
9606.ENSP00000217246,0.3,1
9606.ENSP00000217254,0,0
9606.ENSP00000217260,0,0
9606.ENSP00000217270,0,0
9606.ENSP00000217289,36.8,1
9606.ENSP00000217320,0,0
9606.ENSP00000217372,31.8,1
9606.ENSP00000217381,8.4,1
9606.ENSP00000217386,0,0
9606.ENSP00000217402,83.2,1
9606.ENSP00000217407,0,0
9606.ENSP00000217420,0,0
9606.ENSP00000217423,0,0
9606.ENSP00000217426,340.7,1
9606.ENSP00000217428,0,0
9606.ENSP00000217446,43.1,1
9606.ENSP00000217455,13,1
9606.ENSP00000217456,85,1
9606.ENSP00000217515,94.4,1
9606.ENSP00000217652,360.9,1
9606.ENSP00000217740,1.6,1
9606.ENSP00000217901,72.6,1
9606.ENSP00000217909,18.2,1
9606.ENSP00000217939,0,0
9606.ENSP00000217958,109.8,1
9606.ENSP00000217961,5.4,1
9606.ENSP00000217964,40.7,1
9606.ENSP00000217971,216.5,1
9606.ENSP00000217999,0,0
9606.ENSP00000218004,15.4,1
9606.ENSP00000218006,0,0
9606.ENSP00000218008,0,0
9606.ENSP00000218068,0,0
9606.ENSP00000218075,0,0
9606.ENSP00000218089,173.6,1
9606.ENSP00000218099,0,0
9606.ENSP00000218104,1.6,1
9606.ENSP00000218176,0.6,1
9606.ENSP00000218224,110.6,1
9606.ENSP00000218230,0,0
9606.ENSP00000218249,0.2,1
9606.ENSP00000218316,0,0
9606.ENSP00000218340,19.8,1
9606.ENSP00000218348,94.7,1
9606.ENSP00000218388,82.9,1
9606.ENSP00000218436,0,0
9606.ENSP00000218516,65.9,1
9606.ENSP00000218548,0,0
9606.ENSP00000218721,0,0
9606.ENSP00000218867,0.1,1
9606.ENSP00000219022,0,0
9606.ENSP00000219066,26.1,1
9606.ENSP00000219069,38.6,1
9606.ENSP00000219070,1.2,1
9606.ENSP00000219097,57.9,1
9606.ENSP00000219139,23.7,1
9606.ENSP00000219150,5.2,1
9606.ENSP00000219162,0,0
9606.ENSP00000219169,235.4,1
9606.ENSP00000219197,2.5,1
9606.ENSP00000219204,60.3,1
9606.ENSP00000219207,3.3,1
9606.ENSP00000219235,0.1,1
9606.ENSP00000219240,13.7,1
9606.ENSP00000219244,0,0
9606.ENSP00000219252,111.9,1
9606.ENSP00000219255,5.2,1
9606.ENSP00000219271,5.1,1
9606.ENSP00000219281,58.2,1
9606.ENSP00000219299,0.7,1
9606.ENSP00000219301,0,0
9606.ENSP00000219302,1.3,1
9606.ENSP00000219313,135,1
9606.ENSP00000219315,9,1
9606.ENSP00000219334,0,0
9606.ENSP00000219345,8.5,1
9606.ENSP00000219368,48.6,1
9606.ENSP00000219400,52.5,1
9606.ENSP00000219406,3.9,1
9606.ENSP00000219409,7.6,1
9606.ENSP00000219431,13.1,1
9606.ENSP00000219439,31.1,1
9606.ENSP00000219454,0,0
9606.ENSP00000219476,17.5,1
9606.ENSP00000219478,4.5,1
9606.ENSP00000219479,145,1
9606.ENSP00000219481,2.1,1
9606.ENSP00000219548,73,1
9606.ENSP00000219596,0,0
9606.ENSP00000219599,5.4,1
9606.ENSP00000219611,2,1
9606.ENSP00000219660,0,0
9606.ENSP00000219689,8.7,1
9606.ENSP00000219746,22.1,1
9606.ENSP00000219782,494.2,1
9606.ENSP00000219789,38.7,1
9606.ENSP00000219833,0,0
9606.ENSP00000219837,38.9,1
9606.ENSP00000219905,25.9,1
9606.ENSP00000219919,0,0
9606.ENSP00000220003,87.2,1
9606.ENSP00000220058,3.3,1
9606.ENSP00000220062,0,0
9606.ENSP00000220166,5.2,1
9606.ENSP00000220325,13.9,1
9606.ENSP00000220420,0,0
9606.ENSP00000220429,37.2,1
9606.ENSP00000220478,0.1,1
9606.ENSP00000220496,24.4,1
9606.ENSP00000220507,4.5,1
9606.ENSP00000220509,23.4,1
9606.ENSP00000220514,35.7,1
9606.ENSP00000220531,41.7,1
9606.ENSP00000220562,34.5,1
9606.ENSP00000220592,26.2,1
9606.ENSP00000220597,0.1,1
9606.ENSP00000220616,0,0
9606.ENSP00000220659,12.5,1
9606.ENSP00000220669,35.9,1
9606.ENSP00000220676,0.7,1
9606.ENSP00000220751,8.9,1
9606.ENSP00000220763,2.4,1
9606.ENSP00000220764,7.7,1
9606.ENSP00000220772,10.8,1
9606.ENSP00000220809,0.3,1
9606.ENSP00000220812,0,0
9606.ENSP00000220822,12.4,1
9606.ENSP00000220849,421.1,1
9606.ENSP00000220853,9.8,1
9606.ENSP00000220913,28,1
9606.ENSP00000220940,0,0
9606.ENSP00000220966,2,1
9606.ENSP00000221086,5.2,1
9606.ENSP00000221114,46.1,1
9606.ENSP00000221130,62.3,1
9606.ENSP00000221132,29.5,1
9606.ENSP00000221138,84.4,1
9606.ENSP00000221166,0,0
9606.ENSP00000221200,30.6,1
9606.ENSP00000221233,33.1,1
9606.ENSP00000221265,81.3,1
9606.ENSP00000221307,0,0
9606.ENSP00000221327,5.5,1
9606.ENSP00000221399,0.1,1
9606.ENSP00000221403,0.5,1
9606.ENSP00000221418,70.9,1
9606.ENSP00000221419,299.6,1
9606.ENSP00000221421,0,0
9606.ENSP00000221444,0,0
9606.ENSP00000221452,0.5,1
9606.ENSP00000221455,15.7,1
9606.ENSP00000221459,4.3,1
9606.ENSP00000221462,6.3,1
9606.ENSP00000221466,1.2,1
9606.ENSP00000221476,0,0
9606.ENSP00000221480,0.6,1
9606.ENSP00000221485,1.9,1
9606.ENSP00000221486,41.3,1
9606.ENSP00000221494,57.8,1
9606.ENSP00000221496,0,0
9606.ENSP00000221498,0.1,1
9606.ENSP00000221515,0,0
9606.ENSP00000221538,0,0
9606.ENSP00000221543,7,1
9606.ENSP00000221561,122.9,1
9606.ENSP00000221566,70.2,1
9606.ENSP00000221573,7.7,1
9606.ENSP00000221665,10.3,1
9606.ENSP00000221671,3.9,1
9606.ENSP00000221700,0,0
9606.ENSP00000221730,0,0
9606.ENSP00000221742,7.4,1
9606.ENSP00000221797,0,0
9606.ENSP00000221801,308.2,1
9606.ENSP00000221804,0,0
9606.ENSP00000221847,0,0
9606.ENSP00000221855,99.8,1
9606.ENSP00000221856,17,1
9606.ENSP00000221859,60.4,1
9606.ENSP00000221891,26.1,1
9606.ENSP00000221922,19.7,1
9606.ENSP00000221930,17.8,1
9606.ENSP00000221954,0,0
9606.ENSP00000221957,25.1,1
9606.ENSP00000221972,0.2,1
9606.ENSP00000221973,0,0
9606.ENSP00000221978,0,0
9606.ENSP00000221980,0.2,1
9606.ENSP00000221992,0,0
9606.ENSP00000221996,0,0
9606.ENSP00000222002,0,0
9606.ENSP00000222005,130.6,1
9606.ENSP00000222008,21.9,1
9606.ENSP00000222032,1.5,1
9606.ENSP00000222033,0,0
9606.ENSP00000222115,0.1,1
9606.ENSP00000222120,7.5,1
9606.ENSP00000222122,12.6,1
9606.ENSP00000222139,2.8,1
9606.ENSP00000222145,0.2,1
9606.ENSP00000222214,20.8,1
9606.ENSP00000222219,30.7,1
9606.ENSP00000222224,0.1,1
9606.ENSP00000222247,1555.9,1
9606.ENSP00000222248,0,0
9606.ENSP00000222250,8.4,1
9606.ENSP00000222254,15.6,1
9606.ENSP00000222256,16.6,1
9606.ENSP00000222271,1.2,1
9606.ENSP00000222284,119.9,1
9606.ENSP00000222286,0,0
9606.ENSP00000222305,88.6,1
9606.ENSP00000222329,42.1,1
9606.ENSP00000222330,49.5,1
9606.ENSP00000222345,6.7,1
9606.ENSP00000222374,15.1,1
9606.ENSP00000222381,0,0
9606.ENSP00000222382,0,0
9606.ENSP00000222388,58.4,1
9606.ENSP00000222390,0,0
9606.ENSP00000222399,24.8,1
9606.ENSP00000222402,3.1,1
9606.ENSP00000222462,0,0
9606.ENSP00000222481,0.7,1
9606.ENSP00000222482,0,0
9606.ENSP00000222511,32.4,1
9606.ENSP00000222543,1.1,1
9606.ENSP00000222547,18.9,1
9606.ENSP00000222553,38.8,1
9606.ENSP00000222567,30.9,1
9606.ENSP00000222572,46.2,1
9606.ENSP00000222573,1.9,1
9606.ENSP00000222574,7.7,1
9606.ENSP00000222584,10,1
9606.ENSP00000222598,27.2,1
9606.ENSP00000222644,26.7,1
9606.ENSP00000222673,85.7,1
9606.ENSP00000222674,0,0
9606.ENSP00000222693,2.9,1
9606.ENSP00000222718,0.2,1
9606.ENSP00000222725,2.9,1
9606.ENSP00000222726,5.3,1
9606.ENSP00000222728,1.5,1
9606.ENSP00000222747,7.7,1
9606.ENSP00000222753,26.9,1
9606.ENSP00000222792,10.1,1
9606.ENSP00000222800,3.2,1
9606.ENSP00000222803,8.1,1
9606.ENSP00000222812,5,1
9606.ENSP00000222823,3.5,1
9606.ENSP00000222968,66.3,1
9606.ENSP00000222982,0,0
9606.ENSP00000222990,13.6,1
9606.ENSP00000223023,50.1,1
9606.ENSP00000223026,0,0
9606.ENSP00000223029,113.6,1
9606.ENSP00000223061,0,0
9606.ENSP00000223073,53.2,1
9606.ENSP00000223095,0.4,1
9606.ENSP00000223114,0.1,1
9606.ENSP00000223127,50,1
9606.ENSP00000223129,64.5,1
9606.ENSP00000223136,65.8,1
9606.ENSP00000223145,7.7,1
9606.ENSP00000223167,0.1,1
9606.ENSP00000223208,17.6,1
9606.ENSP00000223210,2.3,1
9606.ENSP00000223215,2.9,1
9606.ENSP00000223273,35.2,1
9606.ENSP00000223293,0,0
9606.ENSP00000223321,254.3,1
9606.ENSP00000223324,98.6,1
9606.ENSP00000223357,2.4,1
9606.ENSP00000223364,0,0
9606.ENSP00000223366,0.2,1
9606.ENSP00000223369,83.1,1
9606.ENSP00000223398,3.6,1
9606.ENSP00000223459,2.2,1
9606.ENSP00000223500,70.5,1
9606.ENSP00000223528,7.9,1
9606.ENSP00000223641,171.9,1
9606.ENSP00000223642,0.3,1
9606.ENSP00000223795,0,0
9606.ENSP00000223862,0,0
9606.ENSP00000223864,21.9,1
9606.ENSP00000224073,277,1
9606.ENSP00000224140,22.8,1
9606.ENSP00000224181,0,0
9606.ENSP00000224337,0.1,1
9606.ENSP00000224356,0.2,1
9606.ENSP00000224652,14.5,1
9606.ENSP00000224807,7.9,1
9606.ENSP00000224862,1.8,1
9606.ENSP00000225171,0.9,1
9606.ENSP00000225174,195.3,1
9606.ENSP00000225235,4.9,1
9606.ENSP00000225275,0,0
9606.ENSP00000225276,0.3,1
9606.ENSP00000225296,35.4,1
9606.ENSP00000225298,89.7,1
9606.ENSP00000225328,18.8,1
9606.ENSP00000225371,0,0
9606.ENSP00000225387,0,0
9606.ENSP00000225388,31.4,1
9606.ENSP00000225430,2807.4,1
9606.ENSP00000225474,0,0
9606.ENSP00000225504,99.8,1
9606.ENSP00000225512,0.4,1
9606.ENSP00000225519,18.8,1
9606.ENSP00000225525,39.1,1
9606.ENSP00000225538,0,0
9606.ENSP00000225550,0,0
9606.ENSP00000225567,43.4,1
9606.ENSP00000225573,19.4,1
9606.ENSP00000225576,8.4,1
9606.ENSP00000225577,36,1
9606.ENSP00000225609,14.7,1
9606.ENSP00000225655,1383.6,1
9606.ENSP00000225665,88.1,1
9606.ENSP00000225688,0.3,1
9606.ENSP00000225698,756.7,1
9606.ENSP00000225719,32.7,1
9606.ENSP00000225724,43.1,1
9606.ENSP00000225726,99.3,1
9606.ENSP00000225728,29.2,1
9606.ENSP00000225729,28.5,1
9606.ENSP00000225737,18.1,1
9606.ENSP00000225777,39.9,1
9606.ENSP00000225792,361.6,1
9606.ENSP00000225823,0,0
9606.ENSP00000225831,4.3,1
9606.ENSP00000225842,0,0
9606.ENSP00000225844,0,0
9606.ENSP00000225899,0,0
9606.ENSP00000225916,27.9,1
9606.ENSP00000225927,9.7,1
9606.ENSP00000225941,0,0
9606.ENSP00000225964,8.3,1
9606.ENSP00000225969,160.9,1
9606.ENSP00000225972,205.2,1
9606.ENSP00000225983,17.6,1
9606.ENSP00000226004,33.7,1
9606.ENSP00000226021,0,0
9606.ENSP00000226067,0.4,1
9606.ENSP00000226091,13.9,1
9606.ENSP00000226105,77.7,1
9606.ENSP00000226193,0,0
9606.ENSP00000226207,0,0
9606.ENSP00000226218,0,0
9606.ENSP00000226225,22.3,1
9606.ENSP00000226230,137.1,1
9606.ENSP00000226247,0,0
9606.ENSP00000226253,10.3,1
9606.ENSP00000226279,0.2,1
9606.ENSP00000226284,0,0
9606.ENSP00000226299,157.7,1
9606.ENSP00000226317,0,0
9606.ENSP00000226319,29.8,1
9606.ENSP00000226355,0,0
9606.ENSP00000226382,1.4,1
9606.ENSP00000226413,0,0
9606.ENSP00000226432,0,0
9606.ENSP00000226444,0,0
9606.ENSP00000226460,0,0
9606.ENSP00000226524,0,0
9606.ENSP00000226574,22,1
9606.ENSP00000226578,3,1
9606.ENSP00000226730,0,0
9606.ENSP00000226760,6.8,1
9606.ENSP00000226796,68.8,1
9606.ENSP00000226798,20.3,1
9606.ENSP00000226951,0,0
9606.ENSP00000227065,5.3,1
9606.ENSP00000227155,4.6,1
9606.ENSP00000227163,0,0
9606.ENSP00000227266,50.4,1
9606.ENSP00000227322,53.9,1
9606.ENSP00000227348,0,0
9606.ENSP00000227349,2.7,1
9606.ENSP00000227451,9.5,1
9606.ENSP00000227471,1,1
9606.ENSP00000227474,37.6,1
9606.ENSP00000227507,6.5,1
9606.ENSP00000227520,94.2,1
9606.ENSP00000227524,229.2,1
9606.ENSP00000227525,73.2,1
9606.ENSP00000227638,20.9,1
9606.ENSP00000227667,0,0
9606.ENSP00000227752,0.5,1
9606.ENSP00000227756,9.9,1
9606.ENSP00000227868,58.9,1
9606.ENSP00000227880,0,0
9606.ENSP00000227918,0,0
9606.ENSP00000228027,1.8,1
9606.ENSP00000228136,275,1
9606.ENSP00000228251,173.3,1
9606.ENSP00000228280,11.5,1
9606.ENSP00000228284,68.2,1
9606.ENSP00000228318,616.9,1
9606.ENSP00000228347,19.5,1
9606.ENSP00000228434,1.5,1
9606.ENSP00000228437,23.5,1
9606.ENSP00000228438,8,1
9606.ENSP00000228463,0.1,1
9606.ENSP00000228468,8.7,1
9606.ENSP00000228476,0,0
9606.ENSP00000228495,30.7,1
9606.ENSP00000228506,140.4,1
9606.ENSP00000228515,14.9,1
9606.ENSP00000228534,0,0
9606.ENSP00000228567,0,0
9606.ENSP00000228606,0.5,1
9606.ENSP00000228641,0,0
9606.ENSP00000228644,0,0
9606.ENSP00000228682,1.8,1
9606.ENSP00000228705,8.7,1
9606.ENSP00000228740,103.4,1
9606.ENSP00000228741,3.3,1
9606.ENSP00000228799,18.5,1
9606.ENSP00000228811,0.3,1
9606.ENSP00000228820,4.8,1
9606.ENSP00000228825,343.9,1
9606.ENSP00000228837,0,0
9606.ENSP00000228841,0,0
9606.ENSP00000228843,31.8,1
9606.ENSP00000228850,1.5,1
9606.ENSP00000228865,20.7,1
9606.ENSP00000228872,44.9,1
9606.ENSP00000228887,0,0
9606.ENSP00000228918,0.5,1
9606.ENSP00000228928,3.3,1
9606.ENSP00000228936,0,0
9606.ENSP00000228938,0.2,1
9606.ENSP00000228945,0,0
9606.ENSP00000229002,0,0
9606.ENSP00000229030,1,1
9606.ENSP00000229134,0,0
9606.ENSP00000229135,0,0
9606.ENSP00000229179,88.4,1
9606.ENSP00000229195,50.2,1
9606.ENSP00000229214,39.1,1
9606.ENSP00000229238,272.4,1
9606.ENSP00000229239,3372.7,1
9606.ENSP00000229243,0.4,1
9606.ENSP00000229264,9.2,1
9606.ENSP00000229266,83.8,1
9606.ENSP00000229268,98.6,1
9606.ENSP00000229270,1671,1
9606.ENSP00000229281,111.2,1
9606.ENSP00000229304,0,0
9606.ENSP00000229307,0,0
9606.ENSP00000229314,23.4,1
9606.ENSP00000229328,22.6,1
9606.ENSP00000229329,35.8,1
9606.ENSP00000229330,2.9,1
9606.ENSP00000229332,0.9,1
9606.ENSP00000229335,0,0
9606.ENSP00000229340,45.9,1
9606.ENSP00000229379,624.6,1
9606.ENSP00000229390,312,1
9606.ENSP00000229395,21.3,1
9606.ENSP00000229402,0.4,1
9606.ENSP00000229416,50.7,1
9606.ENSP00000229447,0,0
9606.ENSP00000229554,0.1,1
9606.ENSP00000229583,0,0
9606.ENSP00000229595,27.2,1
9606.ENSP00000229633,18.2,1
9606.ENSP00000229708,29.3,1
9606.ENSP00000229729,0,0
9606.ENSP00000229758,56.4,1
9606.ENSP00000229769,13.7,1
9606.ENSP00000229771,0,0
9606.ENSP00000229795,47.2,1
9606.ENSP00000229812,26.9,1
9606.ENSP00000229829,0,0
9606.ENSP00000229903,7.3,1
9606.ENSP00000229922,21.3,1
9606.ENSP00000229955,5.4,1
9606.ENSP00000230036,1.2,1
9606.ENSP00000230048,6.7,1
9606.ENSP00000230050,2613.1,1
9606.ENSP00000230053,0.1,1
9606.ENSP00000230056,139.4,1
9606.ENSP00000230085,212.5,1
9606.ENSP00000230122,10.9,1
9606.ENSP00000230124,12.6,1
9606.ENSP00000230256,0,0
9606.ENSP00000230301,0,0
9606.ENSP00000230321,13.8,1
9606.ENSP00000230340,91.6,1
9606.ENSP00000230361,1.4,1
9606.ENSP00000230381,0,0
9606.ENSP00000230431,16.2,1
9606.ENSP00000230449,29.2,1
9606.ENSP00000230461,41.5,1
9606.ENSP00000230538,4,1
9606.ENSP00000230582,2.7,1
9606.ENSP00000230588,0,0
9606.ENSP00000230640,76.8,1
9606.ENSP00000230658,4.6,1
9606.ENSP00000230671,0,0
9606.ENSP00000230732,0,0
9606.ENSP00000230771,27.3,1
9606.ENSP00000230792,13.8,1
9606.ENSP00000230859,20.7,1
9606.ENSP00000230895,58.3,1
9606.ENSP00000230990,4.2,1
9606.ENSP00000231004,4.5,1
9606.ENSP00000231009,0,0
9606.ENSP00000231021,0.1,1
9606.ENSP00000231061,153.4,1
9606.ENSP00000231121,0.4,1
9606.ENSP00000231130,3.5,1
9606.ENSP00000231134,9.8,1
9606.ENSP00000231136,0.1,1
9606.ENSP00000231137,0,0
9606.ENSP00000231173,0.2,1
9606.ENSP00000231188,0,0
9606.ENSP00000231198,9,1
9606.ENSP00000231228,0,0
9606.ENSP00000231238,83.5,1
9606.ENSP00000231368,6.8,1
9606.ENSP00000231420,0,0
9606.ENSP00000231449,0,0
9606.ENSP00000231454,0,0
9606.ENSP00000231461,1,1
9606.ENSP00000231484,0,0
9606.ENSP00000231487,738.2,1
9606.ENSP00000231498,57.5,1
9606.ENSP00000231509,0.3,1
9606.ENSP00000231512,57.7,1
9606.ENSP00000231524,11.7,1
9606.ENSP00000231572,111,1
9606.ENSP00000231656,0,0
9606.ENSP00000231668,24.4,1
9606.ENSP00000231706,0,0
9606.ENSP00000231721,0.1,1
9606.ENSP00000231749,1.5,1
9606.ENSP00000231751,0,0
9606.ENSP00000231790,65.2,1
9606.ENSP00000231887,0,0
9606.ENSP00000231948,19.9,1
9606.ENSP00000232003,0,0
9606.ENSP00000232165,106.8,1
9606.ENSP00000232217,0.3,1
9606.ENSP00000232219,38.2,1
9606.ENSP00000232375,3.6,1
9606.ENSP00000232424,3.9,1
9606.ENSP00000232461,0,0
9606.ENSP00000232496,33.9,1
9606.ENSP00000232501,18.1,1
9606.ENSP00000232564,36.4,1
9606.ENSP00000232603,0,0
9606.ENSP00000232607,7.1,1
9606.ENSP00000232744,0.2,1
9606.ENSP00000232766,33.7,1
9606.ENSP00000232888,81.9,1
9606.ENSP00000232892,0,0
9606.ENSP00000232905,75.9,1
9606.ENSP00000232974,0.9,1
9606.ENSP00000232975,0.1,1
9606.ENSP00000232978,16.1,1
9606.ENSP00000233027,25.2,1
9606.ENSP00000233047,11.7,1
9606.ENSP00000233055,18.7,1
9606.ENSP00000233057,24.2,1
9606.ENSP00000233078,84.9,1
9606.ENSP00000233099,11.6,1
9606.ENSP00000233121,7.6,1
9606.ENSP00000233143,1269.9,1
9606.ENSP00000233146,78.6,1
9606.ENSP00000233154,21.9,1
9606.ENSP00000233156,15.9,1
9606.ENSP00000233202,0,0
9606.ENSP00000233242,0,0
9606.ENSP00000233331,9.1,1
9606.ENSP00000233336,4.8,1
9606.ENSP00000233379,22.8,1
9606.ENSP00000233468,245.2,1
9606.ENSP00000233535,11.2,1
9606.ENSP00000233557,98.4,1
9606.ENSP00000233575,42.4,1
9606.ENSP00000233596,9.8,1
9606.ENSP00000233615,24.8,1
9606.ENSP00000233616,40.2,1
9606.ENSP00000233623,9.5,1
9606.ENSP00000233627,17.3,1
9606.ENSP00000233630,20.7,1
9606.ENSP00000233638,0,0
9606.ENSP00000233668,6.1,1
9606.ENSP00000233710,0.8,1
9606.ENSP00000233712,1.7,1
9606.ENSP00000233735,0,0
9606.ENSP00000233809,145.4,1
9606.ENSP00000233813,26.2,1
9606.ENSP00000233826,0,0
9606.ENSP00000233838,13.7,1
9606.ENSP00000233840,0,0
9606.ENSP00000233893,1895,1
9606.ENSP00000233948,0,0
9606.ENSP00000233954,0.2,1
9606.ENSP00000233969,0,0
9606.ENSP00000233997,0,0
9606.ENSP00000234038,127.9,1
9606.ENSP00000234071,0,0
9606.ENSP00000234091,36,1
9606.ENSP00000234111,549.1,1
9606.ENSP00000234160,82.3,1
9606.ENSP00000234170,122.8,1
9606.ENSP00000234195,0.8,1
9606.ENSP00000234198,2.6,1
9606.ENSP00000234256,13.7,1
9606.ENSP00000234296,30.6,1
9606.ENSP00000234310,74.4,1
9606.ENSP00000234313,0,0
9606.ENSP00000234347,0.1,1
9606.ENSP00000234371,1,1
9606.ENSP00000234389,0,0
9606.ENSP00000234392,1.8,1
9606.ENSP00000234396,0.7,1
9606.ENSP00000234420,130.3,1
9606.ENSP00000234453,2.9,1
9606.ENSP00000234454,58.1,1
9606.ENSP00000234488,9,1
9606.ENSP00000234590,2511.5,1
9606.ENSP00000234677,241.1,1
9606.ENSP00000234701,0,0
9606.ENSP00000234739,23.3,1
9606.ENSP00000234798,0,0
9606.ENSP00000234816,0,0
9606.ENSP00000234827,6.6,1
9606.ENSP00000234831,166.2,1
9606.ENSP00000234961,0,0
9606.ENSP00000235090,101.2,1
9606.ENSP00000235307,1.6,1
9606.ENSP00000235310,115.1,1
9606.ENSP00000235329,101.7,1
9606.ENSP00000235332,7.9,1
9606.ENSP00000235345,9.9,1
9606.ENSP00000235347,0,0
9606.ENSP00000235349,0,0
9606.ENSP00000235372,22.8,1
9606.ENSP00000235382,16.7,1
9606.ENSP00000235521,13.9,1
9606.ENSP00000235532,0.2,1
9606.ENSP00000235628,0.5,1
9606.ENSP00000235835,48.7,1
9606.ENSP00000235933,0,0
9606.ENSP00000236040,20.9,1
9606.ENSP00000236137,13.9,1
9606.ENSP00000236147,0,0
9606.ENSP00000236192,3.3,1
9606.ENSP00000236273,47.6,1
9606.ENSP00000236495,0,0
9606.ENSP00000236671,63.7,1
9606.ENSP00000236709,0,0
9606.ENSP00000236826,0,0
9606.ENSP00000236850,0,0
9606.ENSP00000236877,0,0
9606.ENSP00000236918,0,0
9606.ENSP00000236925,31.1,1
9606.ENSP00000236959,187.8,1
9606.ENSP00000236979,0,0
9606.ENSP00000236980,30.7,1
9606.ENSP00000237014,0,0
9606.ENSP00000237163,10,1
9606.ENSP00000237172,0.1,1
9606.ENSP00000237201,0,0
9606.ENSP00000237264,28,1
9606.ENSP00000237275,0,0
9606.ENSP00000237281,8.4,1
9606.ENSP00000237283,4.3,1
9606.ENSP00000237353,1,1
9606.ENSP00000237380,14.1,1
9606.ENSP00000237455,8.7,1
9606.ENSP00000237530,318.8,1
9606.ENSP00000237536,17.3,1
9606.ENSP00000237596,8.1,1
9606.ENSP00000237612,0.4,1
9606.ENSP00000237642,9.6,1
9606.ENSP00000237654,211.7,1
9606.ENSP00000237696,0,0
9606.ENSP00000237822,34.8,1
9606.ENSP00000237837,0.2,1
9606.ENSP00000237853,10,1
9606.ENSP00000237889,209.6,1
9606.ENSP00000237937,305.1,1
9606.ENSP00000238018,0.2,1
9606.ENSP00000238044,0,0
9606.ENSP00000238112,96,1
9606.ENSP00000238146,32.8,1
9606.ENSP00000238156,3,1
9606.ENSP00000238256,10.4,1
9606.ENSP00000238379,7,1
9606.ENSP00000238497,26.8,1
9606.ENSP00000238508,0,0
9606.ENSP00000238558,0.3,1
9606.ENSP00000238561,27,1
9606.ENSP00000238609,8.8,1
9606.ENSP00000238616,45,1
9606.ENSP00000238618,39.9,1
9606.ENSP00000238628,26.7,1
9606.ENSP00000238647,5.6,1
9606.ENSP00000238651,0,0
9606.ENSP00000238667,9.8,1
9606.ENSP00000238682,2.9,1
9606.ENSP00000238714,3.7,1
9606.ENSP00000238721,13.1,1
9606.ENSP00000238738,20.6,1
9606.ENSP00000238788,39.3,1
9606.ENSP00000238789,8.6,1
9606.ENSP00000238823,84.8,1
9606.ENSP00000238831,9.2,1
9606.ENSP00000238855,24.6,1
9606.ENSP00000238875,72.8,1
9606.ENSP00000238892,2.3,1
9606.ENSP00000238936,7.4,1
9606.ENSP00000238994,0.7,1
9606.ENSP00000239032,0,0
9606.ENSP00000239125,0,0
9606.ENSP00000239144,0.1,1
9606.ENSP00000239151,0.3,1
9606.ENSP00000239165,0.1,1
9606.ENSP00000239223,8.1,1
9606.ENSP00000239231,44.2,1
9606.ENSP00000239243,17.6,1
9606.ENSP00000239316,0,0
9606.ENSP00000239347,0,0
9606.ENSP00000239367,19.2,1
9606.ENSP00000239374,0,0
9606.ENSP00000239440,5,1
9606.ENSP00000239444,1.4,1
9606.ENSP00000239446,0.7,1
9606.ENSP00000239449,0.7,1
9606.ENSP00000239450,0,0
9606.ENSP00000239451,0,0
9606.ENSP00000239461,18.5,1
9606.ENSP00000239462,0,0
9606.ENSP00000239587,0,0
9606.ENSP00000239614,4.5,1
9606.ENSP00000239666,92.4,1
9606.ENSP00000239690,36.3,1
9606.ENSP00000239830,20.5,1
9606.ENSP00000239882,2.9,1
9606.ENSP00000239891,41.9,1
9606.ENSP00000239906,46.8,1
9606.ENSP00000239926,0,0
9606.ENSP00000239938,2.6,1
9606.ENSP00000239940,187,1
9606.ENSP00000240055,46.5,1
9606.ENSP00000240079,21.4,1
9606.ENSP00000240100,0.7,1
9606.ENSP00000240123,82.5,1
9606.ENSP00000240185,333.1,1
9606.ENSP00000240189,0,0
9606.ENSP00000240285,19.6,1
9606.ENSP00000240306,11.2,1
9606.ENSP00000240316,25.6,1
9606.ENSP00000240328,2.4,1
9606.ENSP00000240333,87.1,1
9606.ENSP00000240335,0,0
9606.ENSP00000240361,0.2,1
9606.ENSP00000240364,9,1
9606.ENSP00000240423,100.2,1
9606.ENSP00000240488,52.3,1
9606.ENSP00000240499,0,0
9606.ENSP00000240587,2.7,1
9606.ENSP00000240615,0,0
9606.ENSP00000240617,0,0
9606.ENSP00000240618,0,0
9606.ENSP00000240619,0,0
9606.ENSP00000240651,5.8,1
9606.ENSP00000240652,0,0
9606.ENSP00000240662,0,0
9606.ENSP00000240687,0,0
9606.ENSP00000240691,0,0
9606.ENSP00000240851,143.4,1
9606.ENSP00000240874,1.4,1
9606.ENSP00000240922,238,1
9606.ENSP00000241014,10.2,1
9606.ENSP00000241041,6.9,1
9606.ENSP00000241051,10.8,1
9606.ENSP00000241052,42.3,1
9606.ENSP00000241125,2.5,1
9606.ENSP00000241256,0,0
9606.ENSP00000241261,0.3,1
9606.ENSP00000241305,0,0
9606.ENSP00000241337,3.1,1
9606.ENSP00000241416,12,1
9606.ENSP00000241436,3.8,1
9606.ENSP00000241453,0,0
9606.ENSP00000241463,2.5,1
9606.ENSP00000241502,55.5,1
9606.ENSP00000241651,0,0
9606.ENSP00000242057,1.6,1
9606.ENSP00000242067,3.1,1
9606.ENSP00000242104,0,0
9606.ENSP00000242108,2.4,1
9606.ENSP00000242140,18.1,1
9606.ENSP00000242159,36.9,1
9606.ENSP00000242208,0,0
9606.ENSP00000242249,0,0
9606.ENSP00000242257,49.3,1
9606.ENSP00000242261,3.7,1
9606.ENSP00000242285,238.8,1
9606.ENSP00000242315,0,0
9606.ENSP00000242351,33.2,1
9606.ENSP00000242375,0,0
9606.ENSP00000242462,0,0
9606.ENSP00000242465,0,0
9606.ENSP00000242480,0.2,1
9606.ENSP00000242505,12.6,1
9606.ENSP00000242576,81.4,1
9606.ENSP00000242591,19.7,1
9606.ENSP00000242592,6.6,1
9606.ENSP00000242719,36.6,1
9606.ENSP00000242728,0.4,1
9606.ENSP00000242729,0,0
9606.ENSP00000242776,215.7,1
9606.ENSP00000242784,185.5,1
9606.ENSP00000242786,21,1
9606.ENSP00000242804,1.4,1
9606.ENSP00000242819,0,0
9606.ENSP00000242827,38.3,1
9606.ENSP00000242839,4,1
9606.ENSP00000242994,0,0
9606.ENSP00000243045,34.6,1
9606.ENSP00000243052,2.1,1
9606.ENSP00000243056,8,1
9606.ENSP00000243077,5.3,1
9606.ENSP00000243103,0,0
9606.ENSP00000243108,3.8,1
9606.ENSP00000243167,0.7,1
9606.ENSP00000243189,14.7,1
9606.ENSP00000243253,209,1
9606.ENSP00000243298,0.5,1
9606.ENSP00000243314,0,0
9606.ENSP00000243326,41.2,1
9606.ENSP00000243344,8.2,1
9606.ENSP00000243346,5.6,1
9606.ENSP00000243347,0,0
9606.ENSP00000243349,0.1,1
9606.ENSP00000243389,15.1,1
9606.ENSP00000243440,7,1
9606.ENSP00000243457,0.1,1
9606.ENSP00000243501,14.9,1
9606.ENSP00000243563,162,1
9606.ENSP00000243578,3.9,1
9606.ENSP00000243611,0,0
9606.ENSP00000243644,4.9,1
9606.ENSP00000243662,5.7,1
9606.ENSP00000243673,0.1,1
9606.ENSP00000243706,11.9,1
9606.ENSP00000243776,6.3,1
9606.ENSP00000243786,0.2,1
9606.ENSP00000243878,4.5,1
9606.ENSP00000243903,14.6,1
9606.ENSP00000243911,0,0
9606.ENSP00000243918,25.6,1
9606.ENSP00000243924,0,0
9606.ENSP00000243938,0,0
9606.ENSP00000243997,70.3,1
9606.ENSP00000244007,42.7,1
9606.ENSP00000244020,91.7,1
9606.ENSP00000244040,4.5,1
9606.ENSP00000244043,0,0
9606.ENSP00000244050,1.6,1
9606.ENSP00000244051,3.8,1
9606.ENSP00000244061,62.5,1
9606.ENSP00000244096,0,0
9606.ENSP00000244137,39.5,1
9606.ENSP00000244174,0.1,1
9606.ENSP00000244217,12.4,1
9606.ENSP00000244221,6.1,1
9606.ENSP00000244227,34.9,1
9606.ENSP00000244230,54.8,1
9606.ENSP00000244241,0,0
9606.ENSP00000244289,3.7,1
9606.ENSP00000244314,0,0
9606.ENSP00000244333,0.2,1
9606.ENSP00000244336,0,0
9606.ENSP00000244360,0,0
9606.ENSP00000244426,58.2,1
9606.ENSP00000244496,127.7,1
9606.ENSP00000244513,0,0
9606.ENSP00000244519,2.6,1
9606.ENSP00000244520,398.7,1
9606.ENSP00000244527,0,0
9606.ENSP00000244534,0.2,1
9606.ENSP00000244537,0.65,1
9606.ENSP00000244565,0.1,1
9606.ENSP00000244571,14.7,1
9606.ENSP00000244573,0,0
9606.ENSP00000244576,5.8,1
9606.ENSP00000244623,0.3,1
9606.ENSP00000244669,0,0
9606.ENSP00000244709,0,0
9606.ENSP00000244711,128.8,1
9606.ENSP00000244728,0,0
9606.ENSP00000244745,32,1
9606.ENSP00000244751,0.1,1
9606.ENSP00000244763,112,1
9606.ENSP00000244769,0.3,1
9606.ENSP00000244869,0,0
9606.ENSP00000244926,0,0
9606.ENSP00000244930,0.4,1
9606.ENSP00000245046,64.2,1
9606.ENSP00000245105,0,0
9606.ENSP00000245121,6.9,1
9606.ENSP00000245157,11.7,1
9606.ENSP00000245185,394.4,1
9606.ENSP00000245206,203.2,1
9606.ENSP00000245222,7.5,1
9606.ENSP00000245255,0,0
9606.ENSP00000245304,16.6,1
9606.ENSP00000245312,0.4,1
9606.ENSP00000245323,2.9,1
9606.ENSP00000245407,9.4,1
9606.ENSP00000245414,7.4,1
9606.ENSP00000245451,8.6,1
9606.ENSP00000245457,0,0
9606.ENSP00000245479,0,0
9606.ENSP00000245503,0,0
9606.ENSP00000245539,122.3,1
9606.ENSP00000245543,14.6,1
9606.ENSP00000245544,88.8,1
9606.ENSP00000245552,18.1,1
9606.ENSP00000245564,40.2,1
9606.ENSP00000245615,0.3,1
9606.ENSP00000245620,0,0
9606.ENSP00000245680,12.2,1
9606.ENSP00000245787,8,1
9606.ENSP00000245796,0,0
9606.ENSP00000245810,1.5,1
9606.ENSP00000245812,9.6,1
9606.ENSP00000245816,63.5,1
9606.ENSP00000245817,5.4,1
9606.ENSP00000245838,74.6,1
9606.ENSP00000245903,46.5,1
9606.ENSP00000245907,0.2,1
9606.ENSP00000245908,2.3,1
9606.ENSP00000245919,0.5,1
9606.ENSP00000245923,5.6,1
9606.ENSP00000245932,6.2,1
9606.ENSP00000245934,55.1,1
9606.ENSP00000245957,0.1,1
9606.ENSP00000245960,50.6,1
9606.ENSP00000245983,0.5,1
9606.ENSP00000246006,0,0
9606.ENSP00000246012,0,0
9606.ENSP00000246024,10.1,1
9606.ENSP00000246062,27.6,1
9606.ENSP00000246069,149.4,1
9606.ENSP00000246070,0.2,1
9606.ENSP00000246071,74.9,1
9606.ENSP00000246080,1.5,1
9606.ENSP00000246081,0,0
9606.ENSP00000246104,0,0
9606.ENSP00000246105,0,0
9606.ENSP00000246112,2.3,1
9606.ENSP00000246115,0,0
9606.ENSP00000246117,24.7,1
9606.ENSP00000246151,89.4,1
9606.ENSP00000246166,47.5,1
9606.ENSP00000246186,8.5,1
9606.ENSP00000246190,5.3,1
9606.ENSP00000246194,135.8,1
9606.ENSP00000246229,35.7,1
9606.ENSP00000246337,127.2,1
9606.ENSP00000246515,0,0
9606.ENSP00000246532,2,1
9606.ENSP00000246533,291.3,1
9606.ENSP00000246535,17.4,1
9606.ENSP00000246548,188.8,1
9606.ENSP00000246551,0,0
9606.ENSP00000246553,0,0
9606.ENSP00000246554,836.5,1
9606.ENSP00000246635,0,0
9606.ENSP00000246646,0,0
9606.ENSP00000246657,0,0
9606.ENSP00000246662,0,0
9606.ENSP00000246672,4.1,1
9606.ENSP00000246747,82.9,1
9606.ENSP00000246792,7.3,1
9606.ENSP00000246794,0.3,1
9606.ENSP00000246801,0,0
9606.ENSP00000246802,52.9,1
9606.ENSP00000246841,0,0
9606.ENSP00000246868,101.7,1
9606.ENSP00000246891,0,0
9606.ENSP00000246895,0,0
9606.ENSP00000246912,59.4,1
9606.ENSP00000246914,0.2,1
9606.ENSP00000246957,223,1
9606.ENSP00000247001,6.4,1
9606.ENSP00000247003,42.9,1
9606.ENSP00000247005,0,0
9606.ENSP00000247020,24.7,1
9606.ENSP00000247026,41.1,1
9606.ENSP00000247153,0.1,1
9606.ENSP00000247178,5.6,1
9606.ENSP00000247182,10.3,1
9606.ENSP00000247191,91.5,1
9606.ENSP00000247194,11.1,1
9606.ENSP00000247219,0.1,1
9606.ENSP00000247225,4.8,1
9606.ENSP00000247226,20.3,1
9606.ENSP00000247270,0,0
9606.ENSP00000247271,0.7,1
9606.ENSP00000247306,0,0
9606.ENSP00000247461,120.2,1
9606.ENSP00000247470,2.9,1
9606.ENSP00000247665,51.2,1
9606.ENSP00000247668,27.9,1
9606.ENSP00000247706,3.2,1
9606.ENSP00000247815,0.5,1
9606.ENSP00000247843,41.6,1
9606.ENSP00000247879,0.3,1
9606.ENSP00000247881,0.3,1
9606.ENSP00000247883,0.8,1
9606.ENSP00000247930,11.7,1
9606.ENSP00000247933,0.1,1
9606.ENSP00000247956,25.7,1
9606.ENSP00000247970,52.2,1
9606.ENSP00000247977,16,1
9606.ENSP00000247986,0.6,1
9606.ENSP00000247992,0,0
9606.ENSP00000248058,0,0
9606.ENSP00000248071,0.5,1
9606.ENSP00000248072,0,0
9606.ENSP00000248073,0,0
9606.ENSP00000248076,0.2,1
9606.ENSP00000248089,32.7,1
9606.ENSP00000248098,223.5,1
9606.ENSP00000248114,27.3,1
9606.ENSP00000248121,4.1,1
9606.ENSP00000248150,0,0
9606.ENSP00000248211,6.8,1
9606.ENSP00000248244,3.2,1
9606.ENSP00000248248,15.7,1
9606.ENSP00000248306,7.5,1
9606.ENSP00000248342,221.2,1
9606.ENSP00000248384,0,0
9606.ENSP00000248437,49.3,1
9606.ENSP00000248444,0.3,1
9606.ENSP00000248450,150.7,1
9606.ENSP00000248553,359,1
9606.ENSP00000248564,0.5,1
9606.ENSP00000248572,0.1,1
9606.ENSP00000248594,34.2,1
9606.ENSP00000248598,0,0
9606.ENSP00000248600,33.3,1
9606.ENSP00000248633,11,1
9606.ENSP00000248643,21.3,1
9606.ENSP00000248668,2.1,1
9606.ENSP00000248706,0.7,1
9606.ENSP00000248846,6.3,1
9606.ENSP00000248879,19.3,1
9606.ENSP00000248901,0,0
9606.ENSP00000248929,29.2,1
9606.ENSP00000248933,0,0
9606.ENSP00000248948,0.5,1
9606.ENSP00000248958,29.8,1
9606.ENSP00000248975,208.7,1
9606.ENSP00000249007,0,0
9606.ENSP00000249014,17.8,1
9606.ENSP00000249016,0,0
9606.ENSP00000249041,0,0
9606.ENSP00000249044,0,0
9606.ENSP00000249064,47.8,1
9606.ENSP00000249066,18.3,1
9606.ENSP00000249071,1,1
9606.ENSP00000249075,1.1,1
9606.ENSP00000249079,0.4,1
9606.ENSP00000249269,59.7,1
9606.ENSP00000249284,0,0
9606.ENSP00000249299,23.1,1
9606.ENSP00000249330,0.5,1
9606.ENSP00000249344,6.4,1
9606.ENSP00000249356,16,1
9606.ENSP00000249363,0,0
9606.ENSP00000249373,27.4,1
9606.ENSP00000249389,0,0
9606.ENSP00000249396,14.6,1
9606.ENSP00000249442,67.1,1
9606.ENSP00000249499,0.1,1
9606.ENSP00000249501,0,0
9606.ENSP00000249504,0,0
9606.ENSP00000249636,41.5,1
9606.ENSP00000249647,63.2,1
9606.ENSP00000249700,10.2,1
9606.ENSP00000249749,0.8,1
9606.ENSP00000249750,11.8,1
9606.ENSP00000249776,100,1
9606.ENSP00000249806,69.8,1
9606.ENSP00000249842,0,0
9606.ENSP00000249861,3.3,1
9606.ENSP00000249887,0,0
9606.ENSP00000249910,25.2,1
9606.ENSP00000249923,134.6,1
9606.ENSP00000250003,0,0
9606.ENSP00000250018,0.1,1
9606.ENSP00000250056,82.6,1
9606.ENSP00000250076,4.9,1
9606.ENSP00000250092,1.2,1
9606.ENSP00000250101,67.6,1
9606.ENSP00000250111,2.9,1
9606.ENSP00000250113,58.2,1
9606.ENSP00000250124,102.2,1
9606.ENSP00000250160,0,0
9606.ENSP00000250237,13.8,1
9606.ENSP00000250244,0.1,1
9606.ENSP00000250340,0.4,1
9606.ENSP00000250351,0,0
9606.ENSP00000250378,0,0
9606.ENSP00000250405,15.9,1
9606.ENSP00000250416,78.3,1
9606.ENSP00000250448,13.2,1
9606.ENSP00000250454,30.8,1
9606.ENSP00000250457,15,1
9606.ENSP00000250495,230.8,1
9606.ENSP00000250498,291.1,1
9606.ENSP00000250535,17.1,1
9606.ENSP00000250559,146.5,1
9606.ENSP00000250615,0,0
9606.ENSP00000250617,6.1,1
9606.ENSP00000250693,0,0
9606.ENSP00000250699,0.5,1
9606.ENSP00000250863,18.8,1
9606.ENSP00000250894,3.1,1
9606.ENSP00000250896,38.4,1
9606.ENSP00000250916,11.9,1
9606.ENSP00000250974,3,1
9606.ENSP00000251020,18.6,1
9606.ENSP00000251038,46.8,1
9606.ENSP00000251047,79,1
9606.ENSP00000251089,14.6,1
9606.ENSP00000251102,0,0
9606.ENSP00000251108,4.6,1
9606.ENSP00000251119,10.1,1
9606.ENSP00000251127,0,0
9606.ENSP00000251143,27.5,1
9606.ENSP00000251157,23.7,1
9606.ENSP00000251166,6.1,1
9606.ENSP00000251170,0,0
9606.ENSP00000251203,1.4,1
9606.ENSP00000251241,46.5,1
9606.ENSP00000251250,15.6,1
9606.ENSP00000251268,16.2,1
9606.ENSP00000251269,1.4,1
9606.ENSP00000251287,0.6,1
9606.ENSP00000251296,0,0
9606.ENSP00000251303,12.8,1
9606.ENSP00000251337,1.8,1
9606.ENSP00000251343,25.8,1
9606.ENSP00000251363,16.4,1
9606.ENSP00000251372,0,0
9606.ENSP00000251377,0,0
9606.ENSP00000251412,0,0
9606.ENSP00000251413,124.2,1
9606.ENSP00000251453,1562.2,1
9606.ENSP00000251472,6.8,1
9606.ENSP00000251496,54.5,1
9606.ENSP00000251507,5.2,1
9606.ENSP00000251527,27.8,1
9606.ENSP00000251535,0,0
9606.ENSP00000251566,0,0
9606.ENSP00000251582,1.8,1
9606.ENSP00000251588,10,1
9606.ENSP00000251595,0,0
9606.ENSP00000251607,24.6,1
9606.ENSP00000251636,34,1
9606.ENSP00000251642,0.2,1
9606.ENSP00000251643,0,0
9606.ENSP00000251645,0,0
9606.ENSP00000251646,0,0
9606.ENSP00000251691,3.8,1
9606.ENSP00000251768,1,1
9606.ENSP00000251775,32.4,1
9606.ENSP00000251808,0,0
9606.ENSP00000251810,15.1,1
9606.ENSP00000251849,93.4,1
9606.ENSP00000251864,0,0
9606.ENSP00000251871,2.5,1
9606.ENSP00000251900,32.7,1
9606.ENSP00000251921,0,0
9606.ENSP00000251968,74,1
9606.ENSP00000251993,29.5,1
9606.ENSP00000252011,11,1
9606.ENSP00000252015,51.6,1
9606.ENSP00000252032,3.7,1
9606.ENSP00000252037,0,0
9606.ENSP00000252050,2.7,1
9606.ENSP00000252071,0,0
9606.ENSP00000252085,0,0
9606.ENSP00000252087,0,0
9606.ENSP00000252100,4.2,1
9606.ENSP00000252102,88.4,1
9606.ENSP00000252136,4.5,1
9606.ENSP00000252137,5.1,1
9606.ENSP00000252229,1,1
9606.ENSP00000252242,0.2,1
9606.ENSP00000252244,0,0
9606.ENSP00000252245,0,0
9606.ENSP00000252250,0,0
9606.ENSP00000252252,0,0
9606.ENSP00000252318,0.3,1
9606.ENSP00000252321,0,0
9606.ENSP00000252338,16.2,1
9606.ENSP00000252445,78.2,1
9606.ENSP00000252456,0,0
9606.ENSP00000252463,0,0
9606.ENSP00000252483,106.6,1
9606.ENSP00000252486,12.6,1
9606.ENSP00000252490,0,0
9606.ENSP00000252505,0,0
9606.ENSP00000252506,5.3,1
9606.ENSP00000252512,87.9,1
9606.ENSP00000252530,3.7,1
9606.ENSP00000252542,47.2,1
9606.ENSP00000252575,0,0
9606.ENSP00000252590,0,0
9606.ENSP00000252593,212.9,1
9606.ENSP00000252595,0.4,1
9606.ENSP00000252597,0.1,1
9606.ENSP00000252599,58.4,1
9606.ENSP00000252602,57.1,1
9606.ENSP00000252603,21.9,1
9606.ENSP00000252622,161.1,1
9606.ENSP00000252655,1.4,1
9606.ENSP00000252660,0,0
9606.ENSP00000252674,22.9,1
9606.ENSP00000252677,0,0
9606.ENSP00000252699,57.4,1
9606.ENSP00000252711,109.8,1
9606.ENSP00000252723,0,0
9606.ENSP00000252729,0,0
9606.ENSP00000252744,7.9,1
9606.ENSP00000252797,3.6,1
9606.ENSP00000252799,3.3,1
9606.ENSP00000252804,0.3,1
9606.ENSP00000252809,0,0
9606.ENSP00000252818,8.2,1
9606.ENSP00000252825,0,0
9606.ENSP00000252826,1.3,1
9606.ENSP00000252835,0,0
9606.ENSP00000252840,4,1
9606.ENSP00000252891,7.1,1
9606.ENSP00000252934,114.3,1
9606.ENSP00000252939,0,0
9606.ENSP00000252951,0.2,1
9606.ENSP00000252971,3,1
9606.ENSP00000252992,41,1
9606.ENSP00000252996,3.2,1
9606.ENSP00000252997,0.1,1
9606.ENSP00000252998,0,0
9606.ENSP00000252999,3.1,1
9606.ENSP00000253008,0.1,1
9606.ENSP00000253023,130.1,1
9606.ENSP00000253024,590.5,1
9606.ENSP00000253031,11.9,1
9606.ENSP00000253039,344.7,1
9606.ENSP00000253047,5.1,1
9606.ENSP00000253048,5.9,1
9606.ENSP00000253055,0.8,1
9606.ENSP00000253063,8.3,1
9606.ENSP00000253079,0.2,1
9606.ENSP00000253083,9.7,1
9606.ENSP00000253099,71.6,1
9606.ENSP00000253107,42,1
9606.ENSP00000253108,159.7,1
9606.ENSP00000253109,0,0
9606.ENSP00000253110,3.9,1
9606.ENSP00000253122,85.3,1
9606.ENSP00000253144,16.4,1
9606.ENSP00000253159,3,1
9606.ENSP00000253188,0.4,1
9606.ENSP00000253193,12.6,1
9606.ENSP00000253233,25.7,1
9606.ENSP00000253237,62.7,1
9606.ENSP00000253247,112.9,1
9606.ENSP00000253255,0,0
9606.ENSP00000253262,0,0
9606.ENSP00000253270,22.2,1
9606.ENSP00000253329,31.5,1
9606.ENSP00000253354,0,0
9606.ENSP00000253362,0,0
9606.ENSP00000253363,122.3,1
9606.ENSP00000253381,0,0
9606.ENSP00000253382,20.1,1
9606.ENSP00000253401,8.4,1
9606.ENSP00000253407,2.8,1
9606.ENSP00000253410,0,0
9606.ENSP00000253413,152.8,1
9606.ENSP00000253457,32,1
9606.ENSP00000253458,35.1,1
9606.ENSP00000253462,73.7,1
9606.ENSP00000253496,0.5,1
9606.ENSP00000253577,25.6,1
9606.ENSP00000253669,29.2,1
9606.ENSP00000253673,0,0
9606.ENSP00000253686,30.5,1
9606.ENSP00000253693,22.5,1
9606.ENSP00000253697,0.1,1
9606.ENSP00000253699,16.5,1
9606.ENSP00000253719,0.1,1
9606.ENSP00000253727,7.8,1
9606.ENSP00000253754,0,0
9606.ENSP00000253778,11.8,1
9606.ENSP00000253792,253.9,1
9606.ENSP00000253794,142.2,1
9606.ENSP00000253796,4.6,1
9606.ENSP00000253799,2.2,1
9606.ENSP00000253801,0,0
9606.ENSP00000253807,0.1,1
9606.ENSP00000253812,0,0
9606.ENSP00000253814,39.6,1
9606.ENSP00000253861,23.7,1
9606.ENSP00000253925,30.7,1
9606.ENSP00000253968,0.2,1
9606.ENSP00000254029,19.7,1
9606.ENSP00000254037,35.6,1
9606.ENSP00000254043,0,0
9606.ENSP00000254051,0,0
9606.ENSP00000254066,14.2,1
9606.ENSP00000254072,0,0
9606.ENSP00000254079,0,0
9606.ENSP00000254090,0,0
9606.ENSP00000254101,13.1,1
9606.ENSP00000254108,563.6,1
9606.ENSP00000254166,0,0
9606.ENSP00000254181,0,0
9606.ENSP00000254190,24.5,1
9606.ENSP00000254193,170.2,1
9606.ENSP00000254227,0,0
9606.ENSP00000254250,5.9,1
9606.ENSP00000254260,15.9,1
9606.ENSP00000254286,6.2,1
9606.ENSP00000254301,6.1,1
9606.ENSP00000254322,169.1,1
9606.ENSP00000254323,0.8,1
9606.ENSP00000254325,1.2,1
9606.ENSP00000254336,1.3,1
9606.ENSP00000254337,18.9,1
9606.ENSP00000254436,13.6,1
9606.ENSP00000254442,8.8,1
9606.ENSP00000254480,91.2,1
9606.ENSP00000254488,0,0
9606.ENSP00000254508,77.5,1
9606.ENSP00000254521,30.6,1
9606.ENSP00000254528,1,1
9606.ENSP00000254579,1.1,1
9606.ENSP00000254605,13.6,1
9606.ENSP00000254616,23.8,1
9606.ENSP00000254624,23.9,1
9606.ENSP00000254627,0,0
9606.ENSP00000254630,44.7,1
9606.ENSP00000254654,48.1,1
9606.ENSP00000254657,2.4,1
9606.ENSP00000254661,7.6,1
9606.ENSP00000254663,44.1,1
9606.ENSP00000254667,2.1,1
9606.ENSP00000254691,0.3,1
9606.ENSP00000254695,6.4,1
9606.ENSP00000254719,93.4,1
9606.ENSP00000254722,86,1
9606.ENSP00000254730,0.4,1
9606.ENSP00000254759,22.7,1
9606.ENSP00000254765,1.7,1
9606.ENSP00000254770,5.2,1
9606.ENSP00000254799,161.3,1
9606.ENSP00000254801,0,0
9606.ENSP00000254803,62.7,1
9606.ENSP00000254810,596.45,1
9606.ENSP00000254816,3.7,1
9606.ENSP00000254846,5.8,1
9606.ENSP00000254854,0,0
9606.ENSP00000254868,0,0
9606.ENSP00000254878,65.4,1
9606.ENSP00000254898,2.3,1
9606.ENSP00000254900,67.4,1
9606.ENSP00000254928,102,1
9606.ENSP00000254940,63.7,1
9606.ENSP00000254942,37.8,1
9606.ENSP00000254950,23.9,1
9606.ENSP00000254958,9.4,1
9606.ENSP00000254963,0.1,1
9606.ENSP00000254976,0.6,1
9606.ENSP00000254998,35.6,1
9606.ENSP00000255006,0.1,1
9606.ENSP00000255008,0,0
9606.ENSP00000255030,0,0
9606.ENSP00000255039,0,0
9606.ENSP00000255040,0,0
9606.ENSP00000255078,5.8,1
9606.ENSP00000255082,0,0
9606.ENSP00000255084,0,0
9606.ENSP00000255087,1,1
9606.ENSP00000255108,41.7,1
9606.ENSP00000255120,351.9,1
9606.ENSP00000255129,0,0
9606.ENSP00000255136,0.5,1
9606.ENSP00000255152,5.9,1
9606.ENSP00000255189,0,0
9606.ENSP00000255192,0,0
9606.ENSP00000255194,45,1
9606.ENSP00000255198,2.9,1
9606.ENSP00000255224,0,0
9606.ENSP00000255226,0,0
9606.ENSP00000255262,0,0
9606.ENSP00000255266,0,0
9606.ENSP00000255304,16.2,1
9606.ENSP00000255305,28,1
9606.ENSP00000255324,0,0
9606.ENSP00000255380,0.6,1
9606.ENSP00000255381,0,0
9606.ENSP00000255389,24.6,1
9606.ENSP00000255390,38,1
9606.ENSP00000255409,0,0
9606.ENSP00000255416,0,0
9606.ENSP00000255448,17.9,1
9606.ENSP00000255465,12.9,1
9606.ENSP00000255476,10.8,1
9606.ENSP00000255499,0.1,1
9606.ENSP00000255608,31.8,1
9606.ENSP00000255613,2.8,1
9606.ENSP00000255631,33.1,1
9606.ENSP00000255641,27.6,1
9606.ENSP00000255674,6.9,1
9606.ENSP00000255681,1.9,1
9606.ENSP00000255688,5.2,1
9606.ENSP00000255695,0.6,1
9606.ENSP00000255759,39.8,1
9606.ENSP00000255764,40.7,1
9606.ENSP00000255784,7.7,1
9606.ENSP00000255858,0,0
9606.ENSP00000255882,33.4,1
9606.ENSP00000255945,0,0
9606.ENSP00000255977,63.2,1
9606.ENSP00000256001,17,1
9606.ENSP00000256010,0,0
9606.ENSP00000256015,1.6,1
9606.ENSP00000256078,44.9,1
9606.ENSP00000256079,49.7,1
9606.ENSP00000256103,0,0
9606.ENSP00000256104,0.1,1
9606.ENSP00000256151,95.3,1
9606.ENSP00000256178,0,0
9606.ENSP00000256190,12.5,1
9606.ENSP00000256194,4,1
9606.ENSP00000256196,61,1
9606.ENSP00000256246,8.4,1
9606.ENSP00000256255,100.8,1
9606.ENSP00000256257,4.9,1
9606.ENSP00000256261,1,1
9606.ENSP00000256319,38.5,1
9606.ENSP00000256339,0.2,1
9606.ENSP00000256343,0,0
9606.ENSP00000256362,0,0
9606.ENSP00000256366,15.7,1
9606.ENSP00000256367,5,1
9606.ENSP00000256383,139.1,1
9606.ENSP00000256389,0,0
9606.ENSP00000256398,26.3,1
9606.ENSP00000256404,0,0
9606.ENSP00000256412,0,0
9606.ENSP00000256429,20.1,1
9606.ENSP00000256433,21.8,1
9606.ENSP00000256441,32.1,1
9606.ENSP00000256442,432.4,1
9606.ENSP00000256443,10.8,1
9606.ENSP00000256447,0,0
9606.ENSP00000256458,0.8,1
9606.ENSP00000256460,0,0
9606.ENSP00000256474,37.2,1
9606.ENSP00000256495,6.6,1
9606.ENSP00000256496,61.9,1
9606.ENSP00000256497,12.1,1
9606.ENSP00000256509,0.4,1
9606.ENSP00000256538,17.2,1
9606.ENSP00000256544,24.9,1
9606.ENSP00000256545,94.7,1
9606.ENSP00000256578,15.8,1
9606.ENSP00000256592,0,0
9606.ENSP00000256593,0,0
9606.ENSP00000256594,10,1
9606.ENSP00000256637,44.7,1
9606.ENSP00000256644,203.4,1
9606.ENSP00000256646,42.8,1
9606.ENSP00000256649,3.7,1
9606.ENSP00000256682,182.9,1
9606.ENSP00000256689,107.9,1
9606.ENSP00000256707,37.9,1
9606.ENSP00000256722,0,0
9606.ENSP00000256737,0,0
9606.ENSP00000256759,0,0
9606.ENSP00000256785,0,0
9606.ENSP00000256797,0,0
9606.ENSP00000256854,211,1
9606.ENSP00000256857,0,0
9606.ENSP00000256897,32.5,1
9606.ENSP00000256906,0,0
9606.ENSP00000256925,9,1
9606.ENSP00000256935,0.1,1
9606.ENSP00000256951,10.8,1
9606.ENSP00000256953,0.2,1
9606.ENSP00000256958,0,0
9606.ENSP00000256969,0,0
9606.ENSP00000256996,14.6,1
9606.ENSP00000256997,16.9,1
9606.ENSP00000256999,2.3,1
9606.ENSP00000257013,72.1,1
9606.ENSP00000257017,9.4,1
9606.ENSP00000257068,0,0
9606.ENSP00000257118,29.2,1
9606.ENSP00000257177,41.6,1
9606.ENSP00000257181,42.6,1
9606.ENSP00000257189,0,0
9606.ENSP00000257192,0,0
9606.ENSP00000257198,0,0
9606.ENSP00000257215,0.8,1
9606.ENSP00000257245,114,1
9606.ENSP00000257248,0,0
9606.ENSP00000257264,0,0
9606.ENSP00000257287,13.8,1
9606.ENSP00000257290,19.6,1
9606.ENSP00000257312,11.7,1
9606.ENSP00000257336,17.9,1
9606.ENSP00000257347,36.6,1
9606.ENSP00000257359,0.1,1
9606.ENSP00000257408,0,0
9606.ENSP00000257414,52,1
9606.ENSP00000257430,17.4,1
9606.ENSP00000257515,0.7,1
9606.ENSP00000257527,1.8,1
9606.ENSP00000257548,9.4,1
9606.ENSP00000257549,0,0
9606.ENSP00000257552,55.3,1
9606.ENSP00000257555,0,0
9606.ENSP00000257566,8.4,1
9606.ENSP00000257570,0.1,1
9606.ENSP00000257572,2.4,1
9606.ENSP00000257575,7.8,1
9606.ENSP00000257600,0,0
9606.ENSP00000257604,42,1
9606.ENSP00000257626,0.1,1
9606.ENSP00000257627,0,0
9606.ENSP00000257632,0,0
9606.ENSP00000257663,44,1
9606.ENSP00000257696,19.4,1
9606.ENSP00000257700,22.5,1
9606.ENSP00000257749,0.8,1
9606.ENSP00000257770,0.1,1
9606.ENSP00000257776,1.7,1
9606.ENSP00000257787,39.1,1
9606.ENSP00000257789,45.1,1
9606.ENSP00000257818,0,0
9606.ENSP00000257829,110.5,1
9606.ENSP00000257836,1.3,1
9606.ENSP00000257860,0.4,1
9606.ENSP00000257861,0.1,1
9606.ENSP00000257863,0,0
9606.ENSP00000257867,0,0
9606.ENSP00000257868,25,1
9606.ENSP00000257894,0.2,1
9606.ENSP00000257895,0.3,1
9606.ENSP00000257901,0,0
9606.ENSP00000257904,396.3,1
9606.ENSP00000257905,5.4,1
9606.ENSP00000257909,70.4,1
9606.ENSP00000257910,5.7,1
9606.ENSP00000257915,56,1
9606.ENSP00000257934,32.6,1
9606.ENSP00000257940,2.4,1
9606.ENSP00000257951,0,0
9606.ENSP00000257974,0,0
9606.ENSP00000257979,0,0
9606.ENSP00000257981,0.6,1
9606.ENSP00000258034,0,0
9606.ENSP00000258042,0,0
9606.ENSP00000258052,7.8,1
9606.ENSP00000258080,12,1
9606.ENSP00000258083,25.8,1
9606.ENSP00000258091,816.6,1
9606.ENSP00000258098,4.1,1
9606.ENSP00000258105,32.5,1
9606.ENSP00000258106,0.1,1
9606.ENSP00000258111,5.3,1
9606.ENSP00000258145,49.1,1
9606.ENSP00000258149,31.4,1
9606.ENSP00000258168,3.3,1
9606.ENSP00000258169,76.2,1
9606.ENSP00000258173,0.8,1
9606.ENSP00000258198,61.2,1
9606.ENSP00000258200,2.9,1
9606.ENSP00000258201,13.5,1
9606.ENSP00000258214,1.5,1
9606.ENSP00000258229,2.9,1
9606.ENSP00000258243,32,1
9606.ENSP00000258281,26.4,1
9606.ENSP00000258301,16.5,1
9606.ENSP00000258302,0,0
9606.ENSP00000258317,1.9,1
9606.ENSP00000258341,51.7,1
9606.ENSP00000258381,9,1
9606.ENSP00000258383,54.5,1
9606.ENSP00000258385,0,0
9606.ENSP00000258390,0,0
9606.ENSP00000258399,15.7,1
9606.ENSP00000258400,0,0
9606.ENSP00000258403,0.6,1
9606.ENSP00000258411,0,0
9606.ENSP00000258415,0,0
9606.ENSP00000258416,128.2,1
9606.ENSP00000258418,44.8,1
9606.ENSP00000258424,117.5,1
9606.ENSP00000258428,9.3,1
9606.ENSP00000258436,4.8,1
9606.ENSP00000258439,23.1,1
9606.ENSP00000258443,0,0
9606.ENSP00000258455,118,1
9606.ENSP00000258456,0,0
9606.ENSP00000258457,23.9,1
9606.ENSP00000258484,20.7,1
9606.ENSP00000258494,0.1,1
9606.ENSP00000258499,0,0
9606.ENSP00000258526,33.3,1
9606.ENSP00000258534,1.9,1
9606.ENSP00000258538,5.7,1
9606.ENSP00000258613,0,0
9606.ENSP00000258648,63.1,1
9606.ENSP00000258654,11.6,1
9606.ENSP00000258662,51.3,1
9606.ENSP00000258704,0,0
9606.ENSP00000258729,45.8,1
9606.ENSP00000258739,169.9,1
9606.ENSP00000258742,37.9,1
9606.ENSP00000258770,82.6,1
9606.ENSP00000258772,70.9,1
9606.ENSP00000258774,11.9,1
9606.ENSP00000258787,0,0
9606.ENSP00000258796,12.7,1
9606.ENSP00000258821,6.4,1
9606.ENSP00000258829,0,0
9606.ENSP00000258873,0,0
9606.ENSP00000258874,31.9,1
9606.ENSP00000258884,44.1,1
9606.ENSP00000258886,124.7,1
9606.ENSP00000258888,0,0
9606.ENSP00000258930,38.6,1
9606.ENSP00000258955,23.2,1
9606.ENSP00000258962,298.4,1
9606.ENSP00000258975,43,1
9606.ENSP00000258991,17,1
9606.ENSP00000259006,20.4,1
9606.ENSP00000259008,12.8,1
9606.ENSP00000259021,23,1
9606.ENSP00000259030,0,0
9606.ENSP00000259037,48.9,1
9606.ENSP00000259050,55.4,1
9606.ENSP00000259053,5.5,1
9606.ENSP00000259056,0.9,1
9606.ENSP00000259089,0,0
9606.ENSP00000259154,44.1,1
9606.ENSP00000259199,10.8,1
9606.ENSP00000259205,0,0
9606.ENSP00000259206,0,0
9606.ENSP00000259211,0,0
9606.ENSP00000259213,0,0
9606.ENSP00000259216,0,0
9606.ENSP00000259229,10.8,1
9606.ENSP00000259239,64.5,1
9606.ENSP00000259241,17.5,1
9606.ENSP00000259253,16.8,1
9606.ENSP00000259254,85.7,1
9606.ENSP00000259324,19.9,1
9606.ENSP00000259335,45.1,1
9606.ENSP00000259339,11.9,1
9606.ENSP00000259351,2.5,1
9606.ENSP00000259357,0,0
9606.ENSP00000259362,0,0
9606.ENSP00000259365,1.6,1
9606.ENSP00000259371,16.3,1
9606.ENSP00000259392,5.1,1
9606.ENSP00000259396,0,0
9606.ENSP00000259400,9.6,1
9606.ENSP00000259407,0,0
9606.ENSP00000259455,0.1,1
9606.ENSP00000259457,346.7,1
9606.ENSP00000259466,0,0
9606.ENSP00000259467,24.1,1
9606.ENSP00000259469,2097.6,1
9606.ENSP00000259486,2.3,1
9606.ENSP00000259512,51.8,1
9606.ENSP00000259526,0.6,1
9606.ENSP00000259569,24.2,1
9606.ENSP00000259605,19.6,1
9606.ENSP00000259607,0,0
9606.ENSP00000259608,0,0
9606.ENSP00000259631,1.4,1
9606.ENSP00000259632,101,1
9606.ENSP00000259667,21.2,1
9606.ENSP00000259708,15.8,1
9606.ENSP00000259711,16.3,1
9606.ENSP00000259727,6.7,1
9606.ENSP00000259746,25.6,1
9606.ENSP00000259750,0.3,1
9606.ENSP00000259782,0,0
9606.ENSP00000259803,0,0
9606.ENSP00000259806,12.2,1
9606.ENSP00000259808,17.9,1
9606.ENSP00000259818,212.8,1
9606.ENSP00000259845,0,0
9606.ENSP00000259870,0,0
9606.ENSP00000259873,115,1
9606.ENSP00000259874,0,0
9606.ENSP00000259881,0,0
9606.ENSP00000259883,11.9,1
9606.ENSP00000259895,10.7,1
9606.ENSP00000259915,0.7,1
9606.ENSP00000259938,0,0
9606.ENSP00000259939,0.1,1
9606.ENSP00000259951,0,0
9606.ENSP00000259953,2.9,1
9606.ENSP00000259963,20.5,1
9606.ENSP00000259983,1.8,1
9606.ENSP00000259989,0,0
9606.ENSP00000260010,0.6,1
9606.ENSP00000260045,14.4,1
9606.ENSP00000260102,206.2,1
9606.ENSP00000260113,1.1,1
9606.ENSP00000260116,1.5,1
9606.ENSP00000260118,97.2,1
9606.ENSP00000260126,5.5,1
9606.ENSP00000260128,0.8,1
9606.ENSP00000260129,24.3,1
9606.ENSP00000260130,106,1
9606.ENSP00000260184,1.2,1
9606.ENSP00000260187,7.9,1
9606.ENSP00000260191,0.1,1
9606.ENSP00000260197,9.1,1
9606.ENSP00000260210,27.2,1
9606.ENSP00000260227,0,0
9606.ENSP00000260228,0,0
9606.ENSP00000260229,0,0
9606.ENSP00000260247,24.3,1
9606.ENSP00000260257,2.6,1
9606.ENSP00000260264,0,0
9606.ENSP00000260270,12.4,1
9606.ENSP00000260276,16.5,1
9606.ENSP00000260283,0,0
9606.ENSP00000260302,0,0
9606.ENSP00000260323,0.3,1
9606.ENSP00000260324,2,1
9606.ENSP00000260327,33.4,1
9606.ENSP00000260356,2.2,1
9606.ENSP00000260361,20.1,1
9606.ENSP00000260363,121.6,1
9606.ENSP00000260372,23.7,1
9606.ENSP00000260383,28.3,1
9606.ENSP00000260385,26.9,1
9606.ENSP00000260386,3.4,1
9606.ENSP00000260402,0,0
9606.ENSP00000260403,14.8,1
9606.ENSP00000260408,16.8,1
9606.ENSP00000260442,0.1,1
9606.ENSP00000260443,165.3,1
9606.ENSP00000260447,16.4,1
9606.ENSP00000260453,4.7,1
9606.ENSP00000260505,5,1
9606.ENSP00000260508,15.6,1
9606.ENSP00000260526,0.2,1
9606.ENSP00000260563,34.3,1
9606.ENSP00000260570,13.4,1
9606.ENSP00000260585,32.4,1
9606.ENSP00000260599,9.4,1
9606.ENSP00000260600,43.1,1
9606.ENSP00000260643,70.3,1
9606.ENSP00000260645,0,0
9606.ENSP00000260649,0,0
9606.ENSP00000260653,11.7,1
9606.ENSP00000260665,118.8,1
9606.ENSP00000260682,0,0
9606.ENSP00000260702,0.1,1
9606.ENSP00000260723,0,0
9606.ENSP00000260731,72.1,1
9606.ENSP00000260743,3.8,1
9606.ENSP00000260746,12.7,1
9606.ENSP00000260762,20.8,1
9606.ENSP00000260803,20.6,1
9606.ENSP00000260810,62.8,1
9606.ENSP00000260818,22.1,1
9606.ENSP00000260843,0,0
9606.ENSP00000260947,16.5,1
9606.ENSP00000260950,0,0
9606.ENSP00000260952,60.2,1
9606.ENSP00000260953,103,1
9606.ENSP00000260970,56.6,1
9606.ENSP00000260983,0.9,1
9606.ENSP00000260988,0,0
9606.ENSP00000261007,0,0
9606.ENSP00000261015,18.2,1
9606.ENSP00000261023,19.3,1
9606.ENSP00000261024,2.4,1
9606.ENSP00000261037,0.4,1
9606.ENSP00000261038,4.3,1
9606.ENSP00000261047,0,0
9606.ENSP00000261058,0,0
9606.ENSP00000261070,138.5,1
9606.ENSP00000261167,82.3,1
9606.ENSP00000261170,0,0
9606.ENSP00000261172,0,0
9606.ENSP00000261177,0.3,1
9606.ENSP00000261180,5.4,1
9606.ENSP00000261183,37.2,1
9606.ENSP00000261187,1,1
9606.ENSP00000261191,56.1,1
9606.ENSP00000261195,0,0
9606.ENSP00000261196,0,0
9606.ENSP00000261200,0,0
9606.ENSP00000261205,0.3,1
9606.ENSP00000261208,0.2,1
9606.ENSP00000261211,19.8,1
9606.ENSP00000261226,10.7,1
9606.ENSP00000261233,3.2,1
9606.ENSP00000261234,17.5,1
9606.ENSP00000261245,53,1
9606.ENSP00000261249,22.9,1
9606.ENSP00000261250,19,1
9606.ENSP00000261254,0.1,1
9606.ENSP00000261263,8.5,1
9606.ENSP00000261267,0,0
9606.ENSP00000261275,0,0
9606.ENSP00000261292,8.1,1
9606.ENSP00000261296,20.1,1
9606.ENSP00000261303,182.2,1
9606.ENSP00000261304,0,0
9606.ENSP00000261308,38.4,1
9606.ENSP00000261313,495,1
9606.ENSP00000261318,21.3,1
9606.ENSP00000261326,2.9,1
9606.ENSP00000261332,44.7,1
9606.ENSP00000261336,0,0
9606.ENSP00000261340,1.2,1
9606.ENSP00000261349,14.6,1
9606.ENSP00000261366,90.9,1
9606.ENSP00000261368,2.1,1
9606.ENSP00000261369,15.2,1
9606.ENSP00000261374,0,0
9606.ENSP00000261377,7.7,1
9606.ENSP00000261381,0,0
9606.ENSP00000261383,0,0
9606.ENSP00000261386,35.2,1
9606.ENSP00000261396,51.8,1
9606.ENSP00000261402,12.6,1
9606.ENSP00000261405,0,0
9606.ENSP00000261407,19.2,1
9606.ENSP00000261416,43.2,1
9606.ENSP00000261427,95.4,1
9606.ENSP00000261434,15.9,1
9606.ENSP00000261435,7.7,1
9606.ENSP00000261438,14.9,1
9606.ENSP00000261439,35.8,1
9606.ENSP00000261441,9.8,1
9606.ENSP00000261448,0,0
9606.ENSP00000261461,18.3,1
9606.ENSP00000261464,15.1,1
9606.ENSP00000261475,20,1
9606.ENSP00000261479,306.6,1
9606.ENSP00000261483,14.5,1
9606.ENSP00000261486,1.1,1
9606.ENSP00000261488,0.7,1
9606.ENSP00000261497,176.7,1
9606.ENSP00000261499,11.2,1
9606.ENSP00000261503,10.7,1
9606.ENSP00000261507,101.6,1
9606.ENSP00000261514,61.2,1
9606.ENSP00000261517,18.8,1
9606.ENSP00000261520,28.3,1
9606.ENSP00000261523,6.1,1
9606.ENSP00000261530,23.4,1
9606.ENSP00000261531,81.8,1
9606.ENSP00000261534,8.8,1
9606.ENSP00000261537,21.4,1
9606.ENSP00000261556,9.7,1
9606.ENSP00000261558,32.1,1
9606.ENSP00000261560,0.3,1
9606.ENSP00000261574,430,1
9606.ENSP00000261584,13.9,1
9606.ENSP00000261588,9.7,1
9606.ENSP00000261590,54.7,1
9606.ENSP00000261592,0,0
9606.ENSP00000261593,35.1,1
9606.ENSP00000261596,13.8,1
9606.ENSP00000261597,98.2,1
9606.ENSP00000261600,43,1
9606.ENSP00000261601,125.1,1
9606.ENSP00000261609,12,1
9606.ENSP00000261622,142.5,1
9606.ENSP00000261623,21.4,1
9606.ENSP00000261636,67.1,1
9606.ENSP00000261637,33,1
9606.ENSP00000261643,16.6,1
9606.ENSP00000261647,9.9,1
9606.ENSP00000261652,0,0
9606.ENSP00000261654,0,0
9606.ENSP00000261655,0,0
9606.ENSP00000261658,65,1
9606.ENSP00000261667,64.1,1
9606.ENSP00000261681,13.9,1
9606.ENSP00000261692,484,1
9606.ENSP00000261693,58,1
9606.ENSP00000261700,226.2,1
9606.ENSP00000261707,0,0
9606.ENSP00000261708,16.7,1
9606.ENSP00000261712,114.5,1
9606.ENSP00000261714,135.5,1
9606.ENSP00000261716,30.4,1
9606.ENSP00000261721,82.7,1
9606.ENSP00000261726,1.3,1
9606.ENSP00000261731,0,0
9606.ENSP00000261733,0.1,1
9606.ENSP00000261735,187.8,1
9606.ENSP00000261739,21.7,1
9606.ENSP00000261745,32.8,1
9606.ENSP00000261749,125.9,1
9606.ENSP00000261751,0.3,1
9606.ENSP00000261758,54.1,1
9606.ENSP00000261769,0,0
9606.ENSP00000261772,160.5,1
9606.ENSP00000261776,27.8,1
9606.ENSP00000261778,10.6,1
9606.ENSP00000261783,58.2,1
9606.ENSP00000261789,14.9,1
9606.ENSP00000261796,0,0
9606.ENSP00000261797,25.1,1
9606.ENSP00000261799,0.1,1
9606.ENSP00000261800,0,0
9606.ENSP00000261811,55.7,1
9606.ENSP00000261813,102,1
9606.ENSP00000261819,131.5,1
9606.ENSP00000261835,0,0
9606.ENSP00000261837,23.1,1
9606.ENSP00000261839,5.3,1
9606.ENSP00000261842,9,1
9606.ENSP00000261845,53.8,1
9606.ENSP00000261854,45.2,1
9606.ENSP00000261858,12.1,1
9606.ENSP00000261866,15.1,1
9606.ENSP00000261867,2,1
9606.ENSP00000261868,137.7,1
9606.ENSP00000261875,344.4,1
9606.ENSP00000261879,15.8,1
9606.ENSP00000261880,129.9,1
9606.ENSP00000261881,94.2,1
9606.ENSP00000261883,0.2,1
9606.ENSP00000261884,38.3,1
9606.ENSP00000261888,30.3,1
9606.ENSP00000261889,102.6,1
9606.ENSP00000261890,525,1
9606.ENSP00000261891,3.8,1
9606.ENSP00000261892,3.9,1
9606.ENSP00000261893,35.6,1
9606.ENSP00000261900,35.6,1
9606.ENSP00000261917,0,0
9606.ENSP00000261918,1.5,1
9606.ENSP00000261921,0.3,1
9606.ENSP00000261937,3.4,1
9606.ENSP00000261942,57.8,1
9606.ENSP00000261965,27.8,1
9606.ENSP00000261973,100.9,1
9606.ENSP00000261978,0.2,1
9606.ENSP00000261980,0.1,1
9606.ENSP00000261994,2.2,1
9606.ENSP00000262013,48.5,1
9606.ENSP00000262018,0,0
9606.ENSP00000262027,226,1
9606.ENSP00000262030,1378.1,1
9606.ENSP00000262031,7.8,1
9606.ENSP00000262032,1.5,1
9606.ENSP00000262039,22.1,1
9606.ENSP00000262041,0,0
9606.ENSP00000262043,27.7,1
9606.ENSP00000262053,24.9,1
9606.ENSP00000262065,18.8,1
9606.ENSP00000262067,56.2,1
9606.ENSP00000262094,0.2,1
9606.ENSP00000262096,32.2,1
9606.ENSP00000262101,0.7,1
9606.ENSP00000262102,30.8,1
9606.ENSP00000262103,0,0
9606.ENSP00000262105,278.7,1
9606.ENSP00000262109,21.7,1
9606.ENSP00000262113,0,0
9606.ENSP00000262120,57.1,1
9606.ENSP00000262126,6.8,1
9606.ENSP00000262127,12.1,1
9606.ENSP00000262133,17.9,1
9606.ENSP00000262134,2.2,1
9606.ENSP00000262138,0.1,1
9606.ENSP00000262139,3.3,1
9606.ENSP00000262144,21.7,1
9606.ENSP00000262146,44.3,1
9606.ENSP00000262150,0,0
9606.ENSP00000262158,6.1,1
9606.ENSP00000262160,77.2,1
9606.ENSP00000262177,87.3,1
9606.ENSP00000262178,0,0
9606.ENSP00000262186,3.1,1
9606.ENSP00000262187,126.3,1
9606.ENSP00000262188,15.7,1
9606.ENSP00000262189,14.3,1
9606.ENSP00000262193,446,1
9606.ENSP00000262198,35.4,1
9606.ENSP00000262207,11.3,1
9606.ENSP00000262209,0,0
9606.ENSP00000262210,11.4,1
9606.ENSP00000262213,67.6,1
9606.ENSP00000262215,23.5,1
9606.ENSP00000262219,0,0
9606.ENSP00000262225,181.8,1
9606.ENSP00000262231,1.9,1
9606.ENSP00000262238,72.6,1
9606.ENSP00000262241,26.2,1
9606.ENSP00000262244,16.7,1
9606.ENSP00000262259,6.8,1
9606.ENSP00000262262,0,0
9606.ENSP00000262265,44.8,1
9606.ENSP00000262288,22,1
9606.ENSP00000262290,0,0
9606.ENSP00000262291,62.4,1
9606.ENSP00000262293,67,1
9606.ENSP00000262294,31.5,1
9606.ENSP00000262300,15.7,1
9606.ENSP00000262301,2.9,1
9606.ENSP00000262302,10.8,1
9606.ENSP00000262304,1.4,1
9606.ENSP00000262305,8.9,1
9606.ENSP00000262306,146.4,1
9606.ENSP00000262315,1.2,1
9606.ENSP00000262316,4.8,1
9606.ENSP00000262319,6.3,1
9606.ENSP00000262320,21.1,1
9606.ENSP00000262340,0,0
9606.ENSP00000262345,1.2,1
9606.ENSP00000262352,3.6,1
9606.ENSP00000262365,0.9,1
9606.ENSP00000262366,1.2,1
9606.ENSP00000262367,45.7,1
9606.ENSP00000262370,26,1
9606.ENSP00000262374,30.1,1
9606.ENSP00000262375,55.7,1
9606.ENSP00000262384,7.5,1
9606.ENSP00000262394,40,1
9606.ENSP00000262395,39.1,1
9606.ENSP00000262406,0,0
9606.ENSP00000262407,1.8,1
9606.ENSP00000262415,65.9,1
9606.ENSP00000262418,0,0
9606.ENSP00000262419,22.6,1
9606.ENSP00000262424,0.1,1
9606.ENSP00000262426,2.2,1
9606.ENSP00000262428,61.3,1
9606.ENSP00000262430,1.4,1
9606.ENSP00000262432,13.2,1
9606.ENSP00000262435,16,1
9606.ENSP00000262441,0,0
9606.ENSP00000262442,0.4,1
9606.ENSP00000262450,0.1,1
9606.ENSP00000262455,25.7,1
9606.ENSP00000262457,8.8,1
9606.ENSP00000262460,40.9,1
9606.ENSP00000262461,12.7,1
9606.ENSP00000262462,1.6,1
9606.ENSP00000262482,103.2,1
9606.ENSP00000262483,0.3,1
9606.ENSP00000262487,0,0
9606.ENSP00000262494,4.9,1
9606.ENSP00000262498,70.7,1
9606.ENSP00000262506,41.6,1
9606.ENSP00000262507,52.8,1
9606.ENSP00000262510,2.4,1
9606.ENSP00000262518,37.7,1
9606.ENSP00000262519,15,1
9606.ENSP00000262525,11.7,1
9606.ENSP00000262545,0,0
9606.ENSP00000262547,5.5,1
9606.ENSP00000262551,0,0
9606.ENSP00000262554,49.7,1
9606.ENSP00000262570,117,1
9606.ENSP00000262577,4.1,1
9606.ENSP00000262584,263.8,1
9606.ENSP00000262585,4.2,1
9606.ENSP00000262593,0,0
9606.ENSP00000262613,69.8,1
9606.ENSP00000262622,0.1,1
9606.ENSP00000262623,0,0
9606.ENSP00000262626,0,0
9606.ENSP00000262629,0,0
9606.ENSP00000262633,44.8,1
9606.ENSP00000262640,47.6,1
9606.ENSP00000262643,28.8,1
9606.ENSP00000262644,31.8,1
9606.ENSP00000262646,55.4,1
9606.ENSP00000262648,0,0
9606.ENSP00000262653,5.4,1
9606.ENSP00000262659,0.1,1
9606.ENSP00000262662,71.4,1
9606.ENSP00000262710,167.4,1
9606.ENSP00000262713,54.9,1
9606.ENSP00000262715,3.5,1
9606.ENSP00000262717,0,0
9606.ENSP00000262719,10.5,1
9606.ENSP00000262726,0,0
9606.ENSP00000262738,7.5,1
9606.ENSP00000262741,16.9,1
9606.ENSP00000262746,1640.2,1
9606.ENSP00000262752,6.4,1
9606.ENSP00000262753,5.1,1
9606.ENSP00000262764,19.8,1
9606.ENSP00000262765,4,1
9606.ENSP00000262768,29.1,1
9606.ENSP00000262776,53.6,1
9606.ENSP00000262794,0,0
9606.ENSP00000262809,4.7,1
9606.ENSP00000262811,3.4,1
9606.ENSP00000262812,82.5,1
9606.ENSP00000262815,15.5,1
9606.ENSP00000262839,0,0
9606.ENSP00000262843,4.1,1
9606.ENSP00000262844,22.7,1
9606.ENSP00000262848,21.1,1
9606.ENSP00000262850,9.1,1
9606.ENSP00000262865,0,0
9606.ENSP00000262866,0,0
9606.ENSP00000262873,0,0
9606.ENSP00000262878,34.7,1
9606.ENSP00000262879,22.6,1
9606.ENSP00000262887,33.2,1
9606.ENSP00000262888,0,0
9606.ENSP00000262891,26.4,1
9606.ENSP00000262894,5,1
9606.ENSP00000262895,0.2,1
9606.ENSP00000262903,2.8,1
9606.ENSP00000262904,37.8,1
9606.ENSP00000262915,2.8,1
9606.ENSP00000262916,1.8,1
9606.ENSP00000262919,15,1
9606.ENSP00000262932,13,1
9606.ENSP00000262940,0.6,1
9606.ENSP00000262942,208,1
9606.ENSP00000262947,88.6,1
9606.ENSP00000262948,74.2,1
9606.ENSP00000262958,0,0
9606.ENSP00000262960,35.9,1
9606.ENSP00000262961,1.3,1
9606.ENSP00000262962,26.1,1
9606.ENSP00000262965,87.9,1
9606.ENSP00000262971,10,1
9606.ENSP00000262982,270.7,1
9606.ENSP00000262990,52.6,1
9606.ENSP00000262995,16.2,1
9606.ENSP00000262999,3.3,1
9606.ENSP00000263025,53.3,1
9606.ENSP00000263026,0.2,1
9606.ENSP00000263035,31.6,1
9606.ENSP00000263038,20.5,1
9606.ENSP00000263054,0,0
9606.ENSP00000263056,8.4,1
9606.ENSP00000263062,12.1,1
9606.ENSP00000263063,31.1,1
9606.ENSP00000263071,0,0
9606.ENSP00000263073,23.5,1
9606.ENSP00000263080,0.3,1
9606.ENSP00000263083,20.7,1
9606.ENSP00000263087,0,0
9606.ENSP00000263088,13.9,1
9606.ENSP00000263092,30.2,1
9606.ENSP00000263093,11,1
9606.ENSP00000263094,1.3,1
9606.ENSP00000263095,0,0
9606.ENSP00000263097,123.9,1
9606.ENSP00000263100,0,0
9606.ENSP00000263102,37.7,1
9606.ENSP00000263116,0.3,1
9606.ENSP00000263121,6.9,1
9606.ENSP00000263125,3.3,1
9606.ENSP00000263160,0,0
9606.ENSP00000263168,199.9,1
9606.ENSP00000263174,0,0
9606.ENSP00000263177,1.7,1
9606.ENSP00000263181,23.4,1
9606.ENSP00000263182,0,0
9606.ENSP00000263187,0,0
9606.ENSP00000263196,24.2,1
9606.ENSP00000263202,131.5,1
9606.ENSP00000263205,22.1,1
9606.ENSP00000263207,0.9,1
9606.ENSP00000263208,46.4,1
9606.ENSP00000263209,18.4,1
9606.ENSP00000263212,8.3,1
9606.ENSP00000263228,41.5,1
9606.ENSP00000263233,3.1,1
9606.ENSP00000263238,262.3,1
9606.ENSP00000263239,120.3,1
9606.ENSP00000263245,18.7,1
9606.ENSP00000263246,42.5,1
9606.ENSP00000263253,48.1,1
9606.ENSP00000263256,45.7,1
9606.ENSP00000263257,1.3,1
9606.ENSP00000263265,3.5,1
9606.ENSP00000263266,0.1,1
9606.ENSP00000263269,0.1,1
9606.ENSP00000263270,144.9,1
9606.ENSP00000263274,24.7,1
9606.ENSP00000263277,1.5,1
9606.ENSP00000263278,1.3,1
9606.ENSP00000263285,0,0
9606.ENSP00000263314,0,0
9606.ENSP00000263317,0,0
9606.ENSP00000263321,0,0
9606.ENSP00000263326,0.1,1
9606.ENSP00000263334,1.6,1
9606.ENSP00000263339,0,0
9606.ENSP00000263341,0,0
9606.ENSP00000263346,45.7,1
9606.ENSP00000263354,77.7,1
9606.ENSP00000263360,48.7,1
9606.ENSP00000263368,30.4,1
9606.ENSP00000263369,0.4,1
9606.ENSP00000263370,7.3,1
9606.ENSP00000263372,4.2,1
9606.ENSP00000263373,0,0
9606.ENSP00000263377,30.8,1
9606.ENSP00000263379,5.1,1
9606.ENSP00000263381,12.5,1
9606.ENSP00000263382,41.8,1
9606.ENSP00000263383,20.9,1
9606.ENSP00000263384,122.4,1
9606.ENSP00000263388,12.1,1
9606.ENSP00000263390,5.9,1
9606.ENSP00000263401,64,1
9606.ENSP00000263408,0,0
9606.ENSP00000263409,5.5,1
9606.ENSP00000263413,0,0
9606.ENSP00000263431,1,1
9606.ENSP00000263433,12.6,1
9606.ENSP00000263461,29.1,1
9606.ENSP00000263464,0.1,1
9606.ENSP00000263468,0.7,1
9606.ENSP00000263512,24.4,1
9606.ENSP00000263519,0,0
9606.ENSP00000263549,5.4,1
9606.ENSP00000263556,38.3,1
9606.ENSP00000263563,11.9,1
9606.ENSP00000263574,229.1,1
9606.ENSP00000263576,1.2,1
9606.ENSP00000263578,51.7,1
9606.ENSP00000263579,14.4,1
9606.ENSP00000263593,12.8,1
9606.ENSP00000263598,0,0
9606.ENSP00000263610,0,0
9606.ENSP00000263620,7,1
9606.ENSP00000263629,55.2,1
9606.ENSP00000263635,5.9,1
9606.ENSP00000263636,0,0
9606.ENSP00000263640,10.5,1
9606.ENSP00000263642,1.1,1
9606.ENSP00000263645,167.3,1
9606.ENSP00000263650,1.3,1
9606.ENSP00000263655,0.7,1
9606.ENSP00000263657,60.6,1
9606.ENSP00000263663,26.9,1
9606.ENSP00000263665,0.4,1
9606.ENSP00000263666,0,0
9606.ENSP00000263671,0,0
9606.ENSP00000263672,187.3,1
9606.ENSP00000263674,8.1,1
9606.ENSP00000263681,36.3,1
9606.ENSP00000263686,0,0
9606.ENSP00000263694,145.7,1
9606.ENSP00000263697,88.4,1
9606.ENSP00000263702,5.4,1
9606.ENSP00000263707,4.4,1
9606.ENSP00000263708,4.4,1
9606.ENSP00000263710,26.1,1
9606.ENSP00000263713,32.4,1
9606.ENSP00000263726,2.1,1
9606.ENSP00000263733,29,1
9606.ENSP00000263734,0.6,1
9606.ENSP00000263735,4.6,1
9606.ENSP00000263736,19,1
9606.ENSP00000263753,28.7,1
9606.ENSP00000263754,9.4,1
9606.ENSP00000263773,15.8,1
9606.ENSP00000263774,81.7,1
9606.ENSP00000263776,2.4,1
9606.ENSP00000263780,31.6,1
9606.ENSP00000263791,41.1,1
9606.ENSP00000263795,42.4,1
9606.ENSP00000263798,23.3,1
9606.ENSP00000263800,2.6,1
9606.ENSP00000263805,28.3,1
9606.ENSP00000263816,0.4,1
9606.ENSP00000263817,0,0
9606.ENSP00000263826,16.3,1
9606.ENSP00000263847,45.4,1
9606.ENSP00000263849,7,1
9606.ENSP00000263851,0.1,1
9606.ENSP00000263857,46.6,1
9606.ENSP00000263863,0,0
9606.ENSP00000263864,2.4,1
9606.ENSP00000263867,0.2,1
9606.ENSP00000263881,39,1
9606.ENSP00000263897,9.7,1
9606.ENSP00000263904,8,1
9606.ENSP00000263915,0.8,1
9606.ENSP00000263918,21.4,1
9606.ENSP00000263921,17.9,1
9606.ENSP00000263923,0,0
9606.ENSP00000263925,0,0
9606.ENSP00000263932,0,0
9606.ENSP00000263934,58.9,1
9606.ENSP00000263946,0,0
9606.ENSP00000263955,4.7,1
9606.ENSP00000263956,24.4,1
9606.ENSP00000263960,15.3,1
9606.ENSP00000263966,21.4,1
9606.ENSP00000263967,8.4,1
9606.ENSP00000263974,45.7,1
9606.ENSP00000263980,9.8,1
9606.ENSP00000263985,34.5,1
9606.ENSP00000263991,35.1,1
9606.ENSP00000263997,15.6,1
9606.ENSP00000264001,70.5,1
9606.ENSP00000264005,3.1,1
9606.ENSP00000264009,0.4,1
9606.ENSP00000264010,65.3,1
9606.ENSP00000264012,2.6,1
9606.ENSP00000264020,26.7,1
9606.ENSP00000264025,32.5,1
9606.ENSP00000264027,59.2,1
9606.ENSP00000264028,160.5,1
9606.ENSP00000264029,0,0
9606.ENSP00000264031,0,0
9606.ENSP00000264033,18.4,1
9606.ENSP00000264036,38.3,1
9606.ENSP00000264039,11.7,1
9606.ENSP00000264042,35,1
9606.ENSP00000264047,0,0
9606.ENSP00000264051,11.6,1
9606.ENSP00000264057,2.4,1
9606.ENSP00000264059,19,1
9606.ENSP00000264065,26.5,1
9606.ENSP00000264071,58.3,1
9606.ENSP00000264072,0,0
9606.ENSP00000264079,9.5,1
9606.ENSP00000264080,24.7,1
9606.ENSP00000264093,85.4,1
9606.ENSP00000264094,2.8,1
9606.ENSP00000264108,116.7,1
9606.ENSP00000264110,26.9,1
9606.ENSP00000264122,1.5,1
9606.ENSP00000264144,0.1,1
9606.ENSP00000264151,15,1
9606.ENSP00000264156,136.7,1
9606.ENSP00000264157,17,1
9606.ENSP00000264159,2.4,1
9606.ENSP00000264161,94.9,1
9606.ENSP00000264162,0,0
9606.ENSP00000264167,64.4,1
9606.ENSP00000264170,0.1,1
9606.ENSP00000264183,16.4,1
9606.ENSP00000264187,36.3,1
9606.ENSP00000264192,0,0
9606.ENSP00000264193,24.9,1
9606.ENSP00000264198,32.9,1
9606.ENSP00000264218,46.1,1
9606.ENSP00000264220,74,1
9606.ENSP00000264228,5.3,1
9606.ENSP00000264230,24.2,1
9606.ENSP00000264231,0.3,1
9606.ENSP00000264233,12.2,1
9606.ENSP00000264234,0,0
9606.ENSP00000264245,5.9,1
9606.ENSP00000264246,0,0
9606.ENSP00000264249,20.2,1
9606.ENSP00000264254,76,1
9606.ENSP00000264255,55.2,1
9606.ENSP00000264257,0,0
9606.ENSP00000264260,0,0
9606.ENSP00000264265,8.1,1
9606.ENSP00000264276,4.6,1
9606.ENSP00000264279,170.1,1
9606.ENSP00000264313,91.5,1
9606.ENSP00000264316,0,0
9606.ENSP00000264318,0,0
9606.ENSP00000264335,859.2,1
9606.ENSP00000264344,14.5,1
9606.ENSP00000264346,10.9,1
9606.ENSP00000264350,13.7,1
9606.ENSP00000264360,0,0
9606.ENSP00000264363,0,0
9606.ENSP00000264376,0.5,1
9606.ENSP00000264377,14.5,1
9606.ENSP00000264380,16.1,1
9606.ENSP00000264381,5.7,1
9606.ENSP00000264382,0,0
9606.ENSP00000264389,80.6,1
9606.ENSP00000264399,0.3,1
9606.ENSP00000264400,1.1,1
9606.ENSP00000264414,99.8,1
9606.ENSP00000264424,13.6,1
9606.ENSP00000264428,7.2,1
9606.ENSP00000264431,19.1,1
9606.ENSP00000264433,18.4,1
9606.ENSP00000264434,9.4,1
9606.ENSP00000264436,33.9,1
9606.ENSP00000264444,5.8,1
9606.ENSP00000264451,17.3,1
9606.ENSP00000264454,24.1,1
9606.ENSP00000264463,4.6,1
9606.ENSP00000264474,0,0
9606.ENSP00000264497,0,0
9606.ENSP00000264498,8.1,1
9606.ENSP00000264499,15.5,1
9606.ENSP00000264501,13.7,1
9606.ENSP00000264515,26.9,1
9606.ENSP00000264538,11.5,1
9606.ENSP00000264552,243.6,1
9606.ENSP00000264553,0,0
9606.ENSP00000264554,1.1,1
9606.ENSP00000264555,0.2,1
9606.ENSP00000264563,0.3,1
9606.ENSP00000264595,11.3,1
9606.ENSP00000264596,17.4,1
9606.ENSP00000264601,0,0
9606.ENSP00000264605,0.1,1
9606.ENSP00000264606,4,1
9606.ENSP00000264607,21.1,1
9606.ENSP00000264613,0.2,1
9606.ENSP00000264634,10,1
9606.ENSP00000264637,22.6,1
9606.ENSP00000264638,6.4,1
9606.ENSP00000264639,238.6,1
9606.ENSP00000264644,2.7,1
9606.ENSP00000264645,71.8,1
9606.ENSP00000264649,34.5,1
9606.ENSP00000264651,0,0
9606.ENSP00000264657,45.8,1
9606.ENSP00000264658,9.4,1
9606.ENSP00000264661,0,0
9606.ENSP00000264663,120.5,1
9606.ENSP00000264664,0,0
9606.ENSP00000264668,17,1
9606.ENSP00000264669,21.5,1
9606.ENSP00000264670,102.1,1
9606.ENSP00000264674,10.2,1
9606.ENSP00000264689,20.4,1
9606.ENSP00000264690,0,0
9606.ENSP00000264703,13.3,1
9606.ENSP00000264705,85.7,1
9606.ENSP00000264709,3.8,1
9606.ENSP00000264710,77.3,1
9606.ENSP00000264711,1.9,1
9606.ENSP00000264712,15.2,1
9606.ENSP00000264716,2.5,1
9606.ENSP00000264717,0.2,1
9606.ENSP00000264718,67.6,1
9606.ENSP00000264731,0,0
9606.ENSP00000264734,0,0
9606.ENSP00000264735,12.9,1
9606.ENSP00000264741,3.8,1
9606.ENSP00000264758,107.5,1
9606.ENSP00000264771,4.7,1
9606.ENSP00000264775,25.2,1
9606.ENSP00000264779,71.9,1
9606.ENSP00000264784,0,0
9606.ENSP00000264808,0,0
9606.ENSP00000264819,4.5,1
9606.ENSP00000264824,0.4,1
9606.ENSP00000264828,0,0
9606.ENSP00000264832,1.7,1
9606.ENSP00000264833,9.8,1
9606.ENSP00000264834,0,0
9606.ENSP00000264852,0.2,1
9606.ENSP00000264864,37.3,1
9606.ENSP00000264866,4.8,1
9606.ENSP00000264867,0.3,1
9606.ENSP00000264870,0,0
9606.ENSP00000264883,57,1
9606.ENSP00000264893,109.8,1
9606.ENSP00000264896,28.3,1
9606.ENSP00000264908,0.1,1
9606.ENSP00000264914,7,1
9606.ENSP00000264917,0.2,1
9606.ENSP00000264926,13.1,1
9606.ENSP00000264930,4.6,1
9606.ENSP00000264932,102.4,1
9606.ENSP00000264933,137.3,1
9606.ENSP00000264935,7.5,1
9606.ENSP00000264938,6.1,1
9606.ENSP00000264951,8.6,1
9606.ENSP00000264952,0,0
9606.ENSP00000264954,45,1
9606.ENSP00000264956,5.4,1
9606.ENSP00000264968,7.2,1
9606.ENSP00000264972,0,0
9606.ENSP00000264977,4.3,1
9606.ENSP00000264982,23.2,1
9606.ENSP00000264990,8,1
9606.ENSP00000264993,213.5,1
9606.ENSP00000264995,205.9,1
9606.ENSP00000265000,15,1
9606.ENSP00000265007,0,0
9606.ENSP00000265016,3.3,1
9606.ENSP00000265018,0,0
9606.ENSP00000265022,0,0
9606.ENSP00000265023,0,0
9606.ENSP00000265026,0.8,1
9606.ENSP00000265029,0,0
9606.ENSP00000265036,49.2,1
9606.ENSP00000265038,10.6,1
9606.ENSP00000265044,192.5,1
9606.ENSP00000265052,0.4,1
9606.ENSP00000265056,204.8,1
9606.ENSP00000265062,175.2,1
9606.ENSP00000265068,2.3,1
9606.ENSP00000265069,99,1
9606.ENSP00000265070,75.1,1
9606.ENSP00000265071,49.6,1
9606.ENSP00000265073,266.9,1
9606.ENSP00000265074,4.9,1
9606.ENSP00000265077,0.4,1
9606.ENSP00000265080,0,0
9606.ENSP00000265081,15.6,1
9606.ENSP00000265085,7.4,1
9606.ENSP00000265087,33.8,1
9606.ENSP00000265094,37.6,1
9606.ENSP00000265097,71.6,1
9606.ENSP00000265104,0,0
9606.ENSP00000265107,19.4,1
9606.ENSP00000265113,16.9,1
9606.ENSP00000265131,0,0
9606.ENSP00000265132,0,0
9606.ENSP00000265138,13.4,1
9606.ENSP00000265140,7.8,1
9606.ENSP00000265148,30.3,1
9606.ENSP00000265162,0.1,1
9606.ENSP00000265164,19.7,1
9606.ENSP00000265165,7.9,1
9606.ENSP00000265171,0.3,1
9606.ENSP00000265174,46.8,1
9606.ENSP00000265191,0,0
9606.ENSP00000265239,5.4,1
9606.ENSP00000265245,68.2,1
9606.ENSP00000265260,138,1
9606.ENSP00000265271,23.1,1
9606.ENSP00000265276,15.5,1
9606.ENSP00000265295,56.8,1
9606.ENSP00000265299,2.1,1
9606.ENSP00000265310,0,0
9606.ENSP00000265316,0.6,1
9606.ENSP00000265322,7.5,1
9606.ENSP00000265333,403.4,1
9606.ENSP00000265334,1.5,1
9606.ENSP00000265339,45.8,1
9606.ENSP00000265340,6.4,1
9606.ENSP00000265342,1.7,1
9606.ENSP00000265343,36.8,1
9606.ENSP00000265350,39.7,1
9606.ENSP00000265351,78.4,1
9606.ENSP00000265354,35,1
9606.ENSP00000265361,0.7,1
9606.ENSP00000265362,0.3,1
9606.ENSP00000265371,13.8,1
9606.ENSP00000265372,28,1
9606.ENSP00000265379,0,0
9606.ENSP00000265381,17.2,1
9606.ENSP00000265382,0.4,1
9606.ENSP00000265388,101.6,1
9606.ENSP00000265395,34.5,1
9606.ENSP00000265403,0,0
9606.ENSP00000265404,0,0
9606.ENSP00000265421,34.1,1
9606.ENSP00000265431,46,1
9606.ENSP00000265433,35.7,1
9606.ENSP00000265437,24.2,1
9606.ENSP00000265440,0,0
9606.ENSP00000265441,0,0
9606.ENSP00000265459,3.3,1
9606.ENSP00000265462,253.3,1
9606.ENSP00000265465,38.8,1
9606.ENSP00000265471,30.8,1
9606.ENSP00000265512,0,0
9606.ENSP00000265560,28.6,1
9606.ENSP00000265562,14.3,1
9606.ENSP00000265563,61,1
9606.ENSP00000265564,55.9,1
9606.ENSP00000265565,41.1,1
9606.ENSP00000265572,0,0
9606.ENSP00000265593,3.6,1
9606.ENSP00000265594,15.4,1
9606.ENSP00000265598,3.7,1
9606.ENSP00000265605,0.6,1
9606.ENSP00000265627,0,0
9606.ENSP00000265634,0.9,1
9606.ENSP00000265641,63.9,1
9606.ENSP00000265643,0,0
9606.ENSP00000265651,34.8,1
9606.ENSP00000265686,3.7,1
9606.ENSP00000265689,34.4,1
9606.ENSP00000265707,0,0
9606.ENSP00000265708,0,0
9606.ENSP00000265709,0.8,1
9606.ENSP00000265715,0.2,1
9606.ENSP00000265717,7.1,1
9606.ENSP00000265720,1.7,1
9606.ENSP00000265723,0.1,1
9606.ENSP00000265727,7,1
9606.ENSP00000265728,2.2,1
9606.ENSP00000265729,237.6,1
9606.ENSP00000265732,6.6,1
9606.ENSP00000265734,20.8,1
9606.ENSP00000265742,16.5,1
9606.ENSP00000265748,63.4,1
9606.ENSP00000265753,280.5,1
9606.ENSP00000265769,0,0
9606.ENSP00000265773,12.9,1
9606.ENSP00000265806,38.9,1
9606.ENSP00000265807,2.7,1
9606.ENSP00000265825,0,0
9606.ENSP00000265838,142.3,1
9606.ENSP00000265840,2.8,1
9606.ENSP00000265843,5.7,1
9606.ENSP00000265849,19.2,1
9606.ENSP00000265857,29.3,1
9606.ENSP00000265866,280.2,1
9606.ENSP00000265872,78.4,1
9606.ENSP00000265881,74.1,1
9606.ENSP00000265896,127.3,1
9606.ENSP00000265909,3.2,1
9606.ENSP00000265922,0,0
9606.ENSP00000265944,0,0
9606.ENSP00000265960,99.5,1
9606.ENSP00000265963,19.1,1
9606.ENSP00000265965,37.3,1
9606.ENSP00000265967,10.6,1
9606.ENSP00000265969,0.9,1
9606.ENSP00000265970,31.9,1
9606.ENSP00000265978,9.2,1
9606.ENSP00000265981,15.3,1
9606.ENSP00000265983,0,0
9606.ENSP00000265986,14.6,1
9606.ENSP00000265990,21.5,1
9606.ENSP00000266014,42.1,1
9606.ENSP00000266022,61.2,1
9606.ENSP00000266025,24.7,1
9606.ENSP00000266031,0.2,1
9606.ENSP00000266037,4.1,1
9606.ENSP00000266041,0,0
9606.ENSP00000266058,0.3,1
9606.ENSP00000266066,0,0
9606.ENSP00000266068,7.8,1
9606.ENSP00000266069,33.9,1
9606.ENSP00000266070,33.8,1
9606.ENSP00000266077,6.1,1
9606.ENSP00000266079,101.2,1
9606.ENSP00000266085,3.2,1
9606.ENSP00000266086,0,0
9606.ENSP00000266087,103.3,1
9606.ENSP00000266088,0,0
9606.ENSP00000266126,8.8,1
9606.ENSP00000266254,1.5,1
9606.ENSP00000266263,74,1
9606.ENSP00000266269,32,1
9606.ENSP00000266304,2.1,1
9606.ENSP00000266376,0,0
9606.ENSP00000266383,8,1
9606.ENSP00000266395,0,0
9606.ENSP00000266397,0,0
9606.ENSP00000266458,32,1
9606.ENSP00000266483,7.9,1
9606.ENSP00000266503,12.3,1
9606.ENSP00000266505,0,0
9606.ENSP00000266517,27.1,1
9606.ENSP00000266529,46.6,1
9606.ENSP00000266534,2.6,1
9606.ENSP00000266542,2.1,1
9606.ENSP00000266544,37.1,1
9606.ENSP00000266546,6.7,1
9606.ENSP00000266556,0,0
9606.ENSP00000266557,0,0
9606.ENSP00000266560,0.1,1
9606.ENSP00000266581,0,0
9606.ENSP00000266594,0,0
9606.ENSP00000266604,57.2,1
9606.ENSP00000266643,19.1,1
9606.ENSP00000266646,1.8,1
9606.ENSP00000266659,0.2,1
9606.ENSP00000266671,1.5,1
9606.ENSP00000266673,27.1,1
9606.ENSP00000266674,0,0
9606.ENSP00000266679,114.5,1
9606.ENSP00000266682,0,0
9606.ENSP00000266712,13.5,1
9606.ENSP00000266718,0,0
9606.ENSP00000266719,0,0
9606.ENSP00000266732,240.8,1
9606.ENSP00000266735,116.9,1
9606.ENSP00000266736,0.3,1
9606.ENSP00000266744,1.9,1
9606.ENSP00000266771,13.5,1
9606.ENSP00000266970,73.4,1
9606.ENSP00000266980,0,0
9606.ENSP00000266987,32.8,1
9606.ENSP00000266991,0,0
9606.ENSP00000267012,0,0
9606.ENSP00000267017,0.2,1
9606.ENSP00000267064,49.9,1
9606.ENSP00000267082,0,0
9606.ENSP00000267085,7.1,1
9606.ENSP00000267101,5,1
9606.ENSP00000267102,9.8,1
9606.ENSP00000267103,46.8,1
9606.ENSP00000267113,73.7,1
9606.ENSP00000267116,29,1
9606.ENSP00000267119,0,0
9606.ENSP00000267163,53.7,1
9606.ENSP00000267199,31.6,1
9606.ENSP00000267202,29.1,1
9606.ENSP00000267205,23.2,1
9606.ENSP00000267257,21.7,1
9606.ENSP00000267260,0,0
9606.ENSP00000267273,0,0
9606.ENSP00000267287,6.1,1
9606.ENSP00000267291,0,0
9606.ENSP00000267294,4.5,1
9606.ENSP00000267328,3.8,1
9606.ENSP00000267339,29.2,1
9606.ENSP00000267377,0,0
9606.ENSP00000267396,0,0
9606.ENSP00000267406,0.8,1
9606.ENSP00000267415,13.2,1
9606.ENSP00000267425,20.4,1
9606.ENSP00000267426,0.2,1
9606.ENSP00000267430,9.5,1
9606.ENSP00000267436,20.6,1
9606.ENSP00000267460,6.9,1
9606.ENSP00000267484,0.9,1
9606.ENSP00000267485,2.9,1
9606.ENSP00000267512,128.1,1
9606.ENSP00000267549,0,0
9606.ENSP00000267569,16.7,1
9606.ENSP00000267584,4.7,1
9606.ENSP00000267594,0,0
9606.ENSP00000267615,29.6,1
9606.ENSP00000267622,19.1,1
9606.ENSP00000267750,107,1
9606.ENSP00000267803,0,0
9606.ENSP00000267807,6.7,1
9606.ENSP00000267812,62.5,1
9606.ENSP00000267814,19.9,1
9606.ENSP00000267838,11,1
9606.ENSP00000267842,22.8,1
9606.ENSP00000267843,0,0
9606.ENSP00000267845,0,0
9606.ENSP00000267853,0,0
9606.ENSP00000267859,48.9,1
9606.ENSP00000267884,322.8,1
9606.ENSP00000267889,0.2,1
9606.ENSP00000267890,8.1,1
9606.ENSP00000267935,175.2,1
9606.ENSP00000267938,58.5,1
9606.ENSP00000267953,0,0
9606.ENSP00000267970,271.2,1
9606.ENSP00000267973,165.8,1
9606.ENSP00000267984,5.8,1
9606.ENSP00000268035,10.9,1
9606.ENSP00000268042,3.7,1
9606.ENSP00000268053,0,0
9606.ENSP00000268057,9.1,1
9606.ENSP00000268058,16.3,1
9606.ENSP00000268070,1.2,1
9606.ENSP00000268097,74.5,1
9606.ENSP00000268099,72.3,1
9606.ENSP00000268122,0.1,1
9606.ENSP00000268124,14.3,1
9606.ENSP00000268125,0,0
9606.ENSP00000268129,32.4,1
9606.ENSP00000268130,0,0
9606.ENSP00000268138,26.3,1
9606.ENSP00000268150,27.6,1
9606.ENSP00000268154,5.1,1
9606.ENSP00000268164,2.3,1
9606.ENSP00000268182,80.6,1
9606.ENSP00000268184,15.1,1
9606.ENSP00000268206,47.5,1
9606.ENSP00000268231,0,0
9606.ENSP00000268261,25.3,1
9606.ENSP00000268281,0,0
9606.ENSP00000268379,222.3,1
9606.ENSP00000268383,49.2,1
9606.ENSP00000268389,0,0
9606.ENSP00000268459,2.2,1
9606.ENSP00000268482,46.3,1
9606.ENSP00000268483,20.1,1
9606.ENSP00000268489,9.4,1
9606.ENSP00000268533,4.7,1
9606.ENSP00000268595,0,0
9606.ENSP00000268603,0.1,1
9606.ENSP00000268607,95.2,1
9606.ENSP00000268613,1,1
9606.ENSP00000268616,14.4,1
9606.ENSP00000268624,0,0
9606.ENSP00000268638,1.4,1
9606.ENSP00000268655,12.4,1
9606.ENSP00000268661,0.1,1
9606.ENSP00000268668,161.5,1
9606.ENSP00000268676,55.4,1
9606.ENSP00000268679,0,0
9606.ENSP00000268695,9,1
9606.ENSP00000268699,5.9,1
9606.ENSP00000268704,21.5,1
9606.ENSP00000268711,16.3,1
9606.ENSP00000268712,96.4,1
9606.ENSP00000268717,138.9,1
9606.ENSP00000268719,9.8,1
9606.ENSP00000268720,15.4,1
9606.ENSP00000268766,5.2,1
9606.ENSP00000268793,0,0
9606.ENSP00000268797,15.6,1
9606.ENSP00000268802,80.3,1
9606.ENSP00000268835,75,1
9606.ENSP00000268876,0,0
9606.ENSP00000268896,8.2,1
9606.ENSP00000268919,0,0
9606.ENSP00000268933,0,0
9606.ENSP00000268989,17.2,1
9606.ENSP00000269025,0.3,1
9606.ENSP00000269051,1.2,1
9606.ENSP00000269053,0,0
9606.ENSP00000269081,0,0
9606.ENSP00000269097,53.5,1
9606.ENSP00000269127,0,0
9606.ENSP00000269141,50,1
9606.ENSP00000269142,3.7,1
9606.ENSP00000269143,101.4,1
9606.ENSP00000269159,13.2,1
9606.ENSP00000269187,112.4,1
9606.ENSP00000269195,20.2,1
9606.ENSP00000269197,0.1,1
9606.ENSP00000269202,0,0
9606.ENSP00000269209,2.7,1
9606.ENSP00000269214,11.6,1
9606.ENSP00000269216,0.4,1
9606.ENSP00000269221,27.1,1
9606.ENSP00000269228,22.6,1
9606.ENSP00000269289,0.4,1
9606.ENSP00000269298,15.4,1
9606.ENSP00000269299,0.3,1
9606.ENSP00000269305,119.7,1
9606.ENSP00000269321,160.3,1
9606.ENSP00000269346,8.9,1
9606.ENSP00000269349,194.9,1
9606.ENSP00000269373,30.1,1
9606.ENSP00000269383,16.8,1
9606.ENSP00000269385,8.5,1
9606.ENSP00000269389,0,0
9606.ENSP00000269391,26,1
9606.ENSP00000269394,0,0
9606.ENSP00000269397,9.3,1
9606.ENSP00000269439,0.5,1
9606.ENSP00000269445,48.1,1
9606.ENSP00000269466,5,1
9606.ENSP00000269491,0.1,1
9606.ENSP00000269499,18.6,1
9606.ENSP00000269503,0,0
9606.ENSP00000269571,2.8,1
9606.ENSP00000269576,5.4,1
9606.ENSP00000269582,0.1,1
9606.ENSP00000269586,0,0
9606.ENSP00000269593,22.6,1
9606.ENSP00000269601,137.1,1
9606.ENSP00000269701,5.1,1
9606.ENSP00000269703,0.2,1
9606.ENSP00000269720,0.8,1
9606.ENSP00000269740,50.2,1
9606.ENSP00000269829,15.2,1
9606.ENSP00000269834,0,0
9606.ENSP00000269844,3.9,1
9606.ENSP00000269848,30.3,1
9606.ENSP00000269856,10.1,1
9606.ENSP00000269878,0,0
9606.ENSP00000269881,0.2,1
9606.ENSP00000269886,35.6,1
9606.ENSP00000269919,4.4,1
9606.ENSP00000269945,0,0
9606.ENSP00000269967,38.8,1
9606.ENSP00000269973,12.9,1
9606.ENSP00000269980,15,1
9606.ENSP00000270001,2.1,1
9606.ENSP00000270061,7.1,1
9606.ENSP00000270066,22.9,1
9606.ENSP00000270077,0,0
9606.ENSP00000270112,7.7,1
9606.ENSP00000270115,0.1,1
9606.ENSP00000270139,23.3,1
9606.ENSP00000270142,453.3,1
9606.ENSP00000270162,3.5,1
9606.ENSP00000270172,0.5,1
9606.ENSP00000270176,38.7,1
9606.ENSP00000270221,45.5,1
9606.ENSP00000270223,16.1,1
9606.ENSP00000270225,179.6,1
9606.ENSP00000270233,10.4,1
9606.ENSP00000270235,0,0
9606.ENSP00000270238,0.8,1
9606.ENSP00000270257,52.6,1
9606.ENSP00000270279,0,0
9606.ENSP00000270310,1.8,1
9606.ENSP00000270328,0,0
9606.ENSP00000270349,0,0
9606.ENSP00000270357,5.5,1
9606.ENSP00000270458,0,0
9606.ENSP00000270502,3.3,1
9606.ENSP00000270517,51.6,1
9606.ENSP00000270538,75.7,1
9606.ENSP00000270560,0,0
9606.ENSP00000270570,7.4,1
9606.ENSP00000270583,23.1,1
9606.ENSP00000270586,388,1
9606.ENSP00000270590,0,0
9606.ENSP00000270593,0,0
9606.ENSP00000270625,4003.2,1
9606.ENSP00000270631,0,0
9606.ENSP00000270642,0.4,1
9606.ENSP00000270645,6.8,1
9606.ENSP00000270649,13.3,1
9606.ENSP00000270708,50,1
9606.ENSP00000270722,1.3,1
9606.ENSP00000270747,1,1
9606.ENSP00000270776,225.6,1
9606.ENSP00000270792,108.9,1
9606.ENSP00000270800,0.6,1
9606.ENSP00000270824,0.2,1
9606.ENSP00000270861,31.6,1
9606.ENSP00000270879,0,0
9606.ENSP00000271064,0.2,1
9606.ENSP00000271139,2.2,1
9606.ENSP00000271227,3.5,1
9606.ENSP00000271234,20.3,1
9606.ENSP00000271277,16.9,1
9606.ENSP00000271308,13.8,1
9606.ENSP00000271324,0,0
9606.ENSP00000271331,0,0
9606.ENSP00000271332,12.5,1
9606.ENSP00000271375,13.2,1
9606.ENSP00000271417,0,0
9606.ENSP00000271450,0,0
9606.ENSP00000271452,49.6,1
9606.ENSP00000271526,74.7,1
9606.ENSP00000271532,0,0
9606.ENSP00000271555,8.2,1
9606.ENSP00000271588,0.1,1
9606.ENSP00000271620,19.9,1
9606.ENSP00000271628,150.9,1
9606.ENSP00000271636,8.6,1
9606.ENSP00000271638,73.7,1
9606.ENSP00000271640,35,1
9606.ENSP00000271651,0.3,1
9606.ENSP00000271688,195.5,1
9606.ENSP00000271715,40.9,1
9606.ENSP00000271732,20.8,1
9606.ENSP00000271751,0,0
9606.ENSP00000271764,50.3,1
9606.ENSP00000271835,0,0
9606.ENSP00000271843,151,1
9606.ENSP00000271971,0.2,1
9606.ENSP00000272067,169.4,1
9606.ENSP00000272091,18.9,1
9606.ENSP00000272133,0,0
9606.ENSP00000272134,0,0
9606.ENSP00000272139,16,1
9606.ENSP00000272164,0.4,1
9606.ENSP00000272190,0,0
9606.ENSP00000272198,0.6,1
9606.ENSP00000272203,0.3,1
9606.ENSP00000272217,17.6,1
9606.ENSP00000272223,3,1
9606.ENSP00000272224,1.7,1
9606.ENSP00000272233,1.3,1
9606.ENSP00000272238,1.3,1
9606.ENSP00000272252,11.7,1
9606.ENSP00000272286,0,0
9606.ENSP00000272298,878.3,1
9606.ENSP00000272317,2061.7,1
9606.ENSP00000272321,2.3,1
9606.ENSP00000272322,22.1,1
9606.ENSP00000272324,0,0
9606.ENSP00000272342,8.9,1
9606.ENSP00000272348,415.1,1
9606.ENSP00000272367,0.5,1
9606.ENSP00000272369,7.7,1
9606.ENSP00000272371,0,0
9606.ENSP00000272395,0,0
9606.ENSP00000272418,14,1
9606.ENSP00000272424,60.6,1
9606.ENSP00000272425,0,0
9606.ENSP00000272427,12.4,1
9606.ENSP00000272430,7.3,1
9606.ENSP00000272433,10.8,1
9606.ENSP00000272438,75.3,1
9606.ENSP00000272444,22,1
9606.ENSP00000272452,0,0
9606.ENSP00000272462,0,0
9606.ENSP00000272519,22.5,1
9606.ENSP00000272520,0,0
9606.ENSP00000272542,78.8,1
9606.ENSP00000272638,50.7,1
9606.ENSP00000272641,0,0
9606.ENSP00000272643,1.8,1
9606.ENSP00000272645,107,1
9606.ENSP00000272647,17.2,1
9606.ENSP00000272732,19.3,1
9606.ENSP00000272748,26.9,1
9606.ENSP00000272771,2.3,1
9606.ENSP00000272847,0,0
9606.ENSP00000272852,0,0
9606.ENSP00000272895,0,0
9606.ENSP00000272902,5,1
9606.ENSP00000272907,0,0
9606.ENSP00000272928,0.2,1
9606.ENSP00000272937,24.1,1
9606.ENSP00000273047,29,1
9606.ENSP00000273062,32.4,1
9606.ENSP00000273063,1.2,1
9606.ENSP00000273064,88.1,1
9606.ENSP00000273067,0,0
9606.ENSP00000273075,18.6,1
9606.ENSP00000273077,95.4,1
9606.ENSP00000273130,65.4,1
9606.ENSP00000273153,3,1
9606.ENSP00000273158,55.2,1
9606.ENSP00000273173,0,0
9606.ENSP00000273179,19.2,1
9606.ENSP00000273183,2.4,1
9606.ENSP00000273258,59.2,1
9606.ENSP00000273261,5.5,1
9606.ENSP00000273283,0,0
9606.ENSP00000273286,0,0
9606.ENSP00000273308,92.3,1
9606.ENSP00000273317,18.8,1
9606.ENSP00000273320,0,0
9606.ENSP00000273352,0,0
9606.ENSP00000273353,0.1,1
9606.ENSP00000273359,16.3,1
9606.ENSP00000273371,0,0
9606.ENSP00000273375,14,1
9606.ENSP00000273390,0,0
9606.ENSP00000273398,77.5,1
9606.ENSP00000273450,0.6,1
9606.ENSP00000273480,61.5,1
9606.ENSP00000273541,56.3,1
9606.ENSP00000273550,1118.8,1
9606.ENSP00000273588,0.1,1
9606.ENSP00000273590,19.3,1
9606.ENSP00000273596,9,1
9606.ENSP00000273598,6.4,1
9606.ENSP00000273610,0,0
9606.ENSP00000273666,0,0
9606.ENSP00000273668,5,1
9606.ENSP00000273695,0,0
9606.ENSP00000273783,56.6,1
9606.ENSP00000273814,2.2,1
9606.ENSP00000273853,2.2,1
9606.ENSP00000273857,0.1,1
9606.ENSP00000273859,41.6,1
9606.ENSP00000273861,9.2,1
9606.ENSP00000273905,0,0
9606.ENSP00000273920,86.1,1
9606.ENSP00000273936,0,0
9606.ENSP00000273962,10.9,1
9606.ENSP00000273963,16.2,1
9606.ENSP00000273968,35.6,1
9606.ENSP00000273980,5.7,1
9606.ENSP00000273986,28.2,1
9606.ENSP00000274000,24.4,1
9606.ENSP00000274008,5,1
9606.ENSP00000274024,0,0
9606.ENSP00000274026,154.2,1
9606.ENSP00000274031,44.3,1
9606.ENSP00000274054,32.7,1
9606.ENSP00000274063,0,0
9606.ENSP00000274093,0,0
9606.ENSP00000274137,174.3,1
9606.ENSP00000274140,48.2,1
9606.ENSP00000274181,0,0
9606.ENSP00000274192,6.6,1
9606.ENSP00000274217,3.7,1
9606.ENSP00000274242,762.8,1
9606.ENSP00000274255,53.3,1
9606.ENSP00000274276,8.9,1
9606.ENSP00000274278,0,0
9606.ENSP00000274289,1.7,1
9606.ENSP00000274306,0,0
9606.ENSP00000274311,11.9,1
9606.ENSP00000274341,0,0
9606.ENSP00000274353,0,0
9606.ENSP00000274361,0.1,1
9606.ENSP00000274364,12.1,1
9606.ENSP00000274368,0,0
9606.ENSP00000274376,14,1
9606.ENSP00000274382,0.1,1
9606.ENSP00000274432,0,0
9606.ENSP00000274457,8,1
9606.ENSP00000274458,20.8,1
9606.ENSP00000274473,0,0
9606.ENSP00000274487,0,0
9606.ENSP00000274496,34.7,1
9606.ENSP00000274498,4.1,1
9606.ENSP00000274507,0,0
9606.ENSP00000274520,0,0
9606.ENSP00000274532,0,0
9606.ENSP00000274545,0,0
9606.ENSP00000274547,0.1,1
9606.ENSP00000274565,0,0
9606.ENSP00000274569,8.8,1
9606.ENSP00000274605,0.4,1
9606.ENSP00000274606,225.7,1
9606.ENSP00000274625,0,0
9606.ENSP00000274629,0,0
9606.ENSP00000274643,0.1,1
9606.ENSP00000274673,0,0
9606.ENSP00000274695,16.5,1
9606.ENSP00000274710,0,0
9606.ENSP00000274711,0,0
9606.ENSP00000274712,116.7,1
9606.ENSP00000274721,0,0
9606.ENSP00000274764,0,0
9606.ENSP00000274766,0,0
9606.ENSP00000274773,4.8,1
9606.ENSP00000274787,146.2,1
9606.ENSP00000274793,0,0
9606.ENSP00000274811,14.8,1
9606.ENSP00000274813,27.6,1
9606.ENSP00000274849,19,1
9606.ENSP00000274853,21.6,1
9606.ENSP00000274938,5.3,1
9606.ENSP00000274963,0,0
9606.ENSP00000274979,0,0
9606.ENSP00000275015,10.3,1
9606.ENSP00000275016,0.8,1
9606.ENSP00000275034,19.1,1
9606.ENSP00000275053,17.1,1
9606.ENSP00000275072,24.3,1
9606.ENSP00000275162,0,0
9606.ENSP00000275198,0,0
9606.ENSP00000275200,0,0
9606.ENSP00000275216,0,0
9606.ENSP00000275227,13.4,1
9606.ENSP00000275230,0,0
9606.ENSP00000275300,0,0
9606.ENSP00000275358,1.7,1
9606.ENSP00000275364,13.5,1
9606.ENSP00000275428,84.1,1
9606.ENSP00000275461,0,0
9606.ENSP00000275493,0.4,1
9606.ENSP00000275517,110.3,1
9606.ENSP00000275525,0,0
9606.ENSP00000275532,14.4,1
9606.ENSP00000275560,0,0
9606.ENSP00000275603,438.2,1
9606.ENSP00000275730,7.3,1
9606.ENSP00000275732,12.9,1
9606.ENSP00000275764,0,0
9606.ENSP00000275766,12.1,1
9606.ENSP00000275767,0,0
9606.ENSP00000275815,0,0
9606.ENSP00000275820,14.9,1
9606.ENSP00000275884,11,1
9606.ENSP00000275954,14.5,1
9606.ENSP00000276052,134.3,1
9606.ENSP00000276055,3.8,1
9606.ENSP00000276062,267,1
9606.ENSP00000276066,0,0
9606.ENSP00000276077,0,0
9606.ENSP00000276079,949.5,1
9606.ENSP00000276127,0,0
9606.ENSP00000276173,0,0
9606.ENSP00000276185,0.3,1
9606.ENSP00000276198,0,0
9606.ENSP00000276201,45.9,1
9606.ENSP00000276202,8.5,1
9606.ENSP00000276211,0.7,1
9606.ENSP00000276218,0,0
9606.ENSP00000276241,0.1,1
9606.ENSP00000276282,9.1,1
9606.ENSP00000276297,4.3,1
9606.ENSP00000276390,70.1,1
9606.ENSP00000276410,0.1,1
9606.ENSP00000276414,1.2,1
9606.ENSP00000276416,14.9,1
9606.ENSP00000276420,0,0
9606.ENSP00000276431,39.3,1
9606.ENSP00000276440,4.9,1
9606.ENSP00000276449,0.1,1
9606.ENSP00000276461,31.2,1
9606.ENSP00000276480,2.7,1
9606.ENSP00000276533,32.1,1
9606.ENSP00000276569,61.9,1
9606.ENSP00000276570,0,0
9606.ENSP00000276571,0,0
9606.ENSP00000276585,102.1,1
9606.ENSP00000276590,25,1
9606.ENSP00000276594,0,0
9606.ENSP00000276603,19.9,1
9606.ENSP00000276616,0,0
9606.ENSP00000276651,0.2,1
9606.ENSP00000276654,8.6,1
9606.ENSP00000276659,0,0
9606.ENSP00000276689,347.3,1
9606.ENSP00000276692,52,1
9606.ENSP00000276704,22.9,1
9606.ENSP00000276708,0,0
9606.ENSP00000276816,5.4,1
9606.ENSP00000276893,24.6,1
9606.ENSP00000276914,39.1,1
9606.ENSP00000276925,0.8,1
9606.ENSP00000276927,0,0
9606.ENSP00000276943,0,0
9606.ENSP00000277010,94.5,1
9606.ENSP00000277120,0,0
9606.ENSP00000277165,86.5,1
9606.ENSP00000277216,0,0
9606.ENSP00000277225,14.9,1
9606.ENSP00000277309,0,0
9606.ENSP00000277458,17.6,1
9606.ENSP00000277517,0,0
9606.ENSP00000277526,0,0
9606.ENSP00000277540,10.6,1
9606.ENSP00000277541,1,1
9606.ENSP00000277554,7.9,1
9606.ENSP00000277570,8.4,1
9606.ENSP00000277575,11.2,1
9606.ENSP00000277632,18.5,1
9606.ENSP00000277746,20.3,1
9606.ENSP00000277865,101.4,1
9606.ENSP00000277895,41.1,1
9606.ENSP00000277903,0,0
9606.ENSP00000277942,0,0
9606.ENSP00000278025,4.9,1
9606.ENSP00000278060,0,0
9606.ENSP00000278070,55.4,1
9606.ENSP00000278071,6.5,1
9606.ENSP00000278193,12,1
9606.ENSP00000278198,0,0
9606.ENSP00000278200,37.6,1
9606.ENSP00000278222,0,0
9606.ENSP00000278243,27.6,1
9606.ENSP00000278282,0,0
9606.ENSP00000278314,0.3,1
9606.ENSP00000278317,0,0
9606.ENSP00000278319,4.8,1
9606.ENSP00000278353,48.7,1
9606.ENSP00000278379,0,0
9606.ENSP00000278407,0.4,1
9606.ENSP00000278409,0,0
9606.ENSP00000278412,493.7,1
9606.ENSP00000278422,203.5,1
9606.ENSP00000278426,18.1,1
9606.ENSP00000278483,54.2,1
9606.ENSP00000278505,6.9,1
9606.ENSP00000278520,17.5,1
9606.ENSP00000278550,5,1
9606.ENSP00000278559,3.8,1
9606.ENSP00000278568,40.2,1
9606.ENSP00000278572,2085.6,1
9606.ENSP00000278590,2.8,1
9606.ENSP00000278601,0,0
9606.ENSP00000278612,13.4,1
9606.ENSP00000278616,11.6,1
9606.ENSP00000278618,77,1
9606.ENSP00000278671,171.1,1
9606.ENSP00000278715,41.6,1
9606.ENSP00000278742,0,0
9606.ENSP00000278780,1,1
9606.ENSP00000278823,177.2,1
9606.ENSP00000278826,26,1
9606.ENSP00000278829,13.7,1
9606.ENSP00000278833,1.5,1
9606.ENSP00000278836,1.3,1
9606.ENSP00000278840,436.4,1
9606.ENSP00000278853,0,0
9606.ENSP00000278855,0,0
9606.ENSP00000278865,0,0
9606.ENSP00000278886,3.4,1
9606.ENSP00000278888,0,0
9606.ENSP00000278903,199,1
9606.ENSP00000278919,31.2,1
9606.ENSP00000278927,3.7,1
9606.ENSP00000278935,14.6,1
9606.ENSP00000278937,0,0
9606.ENSP00000278947,0,0
9606.ENSP00000278949,1.2,1
9606.ENSP00000278980,38,1
9606.ENSP00000279022,0.2,1
9606.ENSP00000279024,0,0
9606.ENSP00000279027,0.1,1
9606.ENSP00000279028,0,0
9606.ENSP00000279036,43.6,1
9606.ENSP00000279058,0,0
9606.ENSP00000279068,31.5,1
9606.ENSP00000279101,12.6,1
9606.ENSP00000279146,59.2,1
9606.ENSP00000279147,15.5,1
9606.ENSP00000279168,0,0
9606.ENSP00000279178,0,0
9606.ENSP00000279206,3.2,1
9606.ENSP00000279227,1,1
9606.ENSP00000279242,97.7,1
9606.ENSP00000279249,2.5,1
9606.ENSP00000279263,11.6,1
9606.ENSP00000279281,37.9,1
9606.ENSP00000279387,119.3,1
9606.ENSP00000279392,28.8,1
9606.ENSP00000279441,0,0
9606.ENSP00000279488,0.5,1
9606.ENSP00000279575,0,0
9606.ENSP00000279783,0,0
9606.ENSP00000279791,0,0
9606.ENSP00000279804,0,0
9606.ENSP00000279873,20.6,1
9606.ENSP00000279907,20.4,1
9606.ENSP00000280020,4.2,1
9606.ENSP00000280057,18,1
9606.ENSP00000280082,12.7,1
9606.ENSP00000280097,11.9,1
9606.ENSP00000280098,9.5,1
9606.ENSP00000280154,26.1,1
9606.ENSP00000280155,0,0
9606.ENSP00000280187,17.4,1
9606.ENSP00000280190,2.4,1
9606.ENSP00000280191,0,0
9606.ENSP00000280200,0.2,1
9606.ENSP00000280236,0.5,1
9606.ENSP00000280245,0,0
9606.ENSP00000280258,2.6,1
9606.ENSP00000280295,0.2,1
9606.ENSP00000280325,0,0
9606.ENSP00000280326,770.4,1
9606.ENSP00000280333,18.4,1
9606.ENSP00000280346,65.7,1
9606.ENSP00000280350,0.6,1
9606.ENSP00000280357,0,0
9606.ENSP00000280358,0.1,1
9606.ENSP00000280362,47.5,1
9606.ENSP00000280377,18.4,1
9606.ENSP00000280481,10.6,1
9606.ENSP00000280527,11.4,1
9606.ENSP00000280551,19.4,1
9606.ENSP00000280557,93.8,1
9606.ENSP00000280571,10.3,1
9606.ENSP00000280605,0,0
9606.ENSP00000280606,0,0
9606.ENSP00000280612,10,1
9606.ENSP00000280614,15.8,1
9606.ENSP00000280665,4.6,1
9606.ENSP00000280684,0,0
9606.ENSP00000280700,45.5,1
9606.ENSP00000280701,15.7,1
9606.ENSP00000280706,0,0
9606.ENSP00000280734,0.2,1
9606.ENSP00000280756,34.4,1
9606.ENSP00000280758,5.1,1
9606.ENSP00000280772,16.4,1
9606.ENSP00000280800,14.9,1
9606.ENSP00000280871,1.8,1
9606.ENSP00000280886,7.1,1
9606.ENSP00000280904,11.8,1
9606.ENSP00000280979,1.2,1
9606.ENSP00000280987,47.1,1
9606.ENSP00000281017,7.2,1
9606.ENSP00000281030,0,0
9606.ENSP00000281031,136.1,1
9606.ENSP00000281038,39.9,1
9606.ENSP00000281043,1.9,1
9606.ENSP00000281047,0,0
9606.ENSP00000281081,8.6,1
9606.ENSP00000281087,0,0
9606.ENSP00000281092,6.2,1
9606.ENSP00000281141,237,1
9606.ENSP00000281142,12.5,1
9606.ENSP00000281146,11.2,1
9606.ENSP00000281154,0,0
9606.ENSP00000281156,0,0
9606.ENSP00000281171,0,0
9606.ENSP00000281172,11.3,1
9606.ENSP00000281182,14.6,1
9606.ENSP00000281187,30.5,1
9606.ENSP00000281243,40.3,1
9606.ENSP00000281282,6.2,1
9606.ENSP00000281317,2,1
9606.ENSP00000281321,0,0
9606.ENSP00000281382,35.9,1
9606.ENSP00000281419,19.9,1
9606.ENSP00000281437,0,0
9606.ENSP00000281441,0,0
9606.ENSP00000281453,52.4,1
9606.ENSP00000281456,9.8,1
9606.ENSP00000281471,4.3,1
9606.ENSP00000281474,36.2,1
9606.ENSP00000281513,16.5,1
9606.ENSP00000281523,0,0
9606.ENSP00000281537,20.1,1
9606.ENSP00000281543,18.7,1
9606.ENSP00000281589,0,0
9606.ENSP00000281623,3.9,1
9606.ENSP00000281631,2.1,1
9606.ENSP00000281701,37.3,1
9606.ENSP00000281703,0,0
9606.ENSP00000281708,16.9,1
9606.ENSP00000281722,0,0
9606.ENSP00000281741,10.3,1
9606.ENSP00000281772,3.4,1
9606.ENSP00000281806,0,0
9606.ENSP00000281821,12.3,1
9606.ENSP00000281828,39.7,1
9606.ENSP00000281830,0,0
9606.ENSP00000281834,0.1,1
9606.ENSP00000281871,19.7,1
9606.ENSP00000281882,0,0
9606.ENSP00000281924,0,0
9606.ENSP00000281928,20.4,1
9606.ENSP00000281938,0.3,1
9606.ENSP00000281950,33.5,1
9606.ENSP00000281961,4.5,1
9606.ENSP00000282003,31.2,1
9606.ENSP00000282007,32.1,1
9606.ENSP00000282018,0,0
9606.ENSP00000282020,0,0
9606.ENSP00000282026,0,0
9606.ENSP00000282030,1.8,1
9606.ENSP00000282032,24.8,1
9606.ENSP00000282041,5.5,1
9606.ENSP00000282058,94,1
9606.ENSP00000282074,15.9,1
9606.ENSP00000282091,0,0
9606.ENSP00000282096,8.5,1
9606.ENSP00000282111,25.9,1
9606.ENSP00000282141,0,0
9606.ENSP00000282146,0.4,1
9606.ENSP00000282185,5.9,1
9606.ENSP00000282226,1.1,1
9606.ENSP00000282249,0.1,1
9606.ENSP00000282251,14,1
9606.ENSP00000282272,1,1
9606.ENSP00000282276,27.2,1
9606.ENSP00000282282,5.2,1
9606.ENSP00000282292,3.6,1
9606.ENSP00000282296,6.9,1
9606.ENSP00000282308,2.2,1
9606.ENSP00000282326,0,0
9606.ENSP00000282344,18.9,1
9606.ENSP00000282356,6.8,1
9606.ENSP00000282369,7.9,1
9606.ENSP00000282382,1.8,1
9606.ENSP00000282388,18.2,1
9606.ENSP00000282397,6.7,1
9606.ENSP00000282406,0.5,1
9606.ENSP00000282412,47.6,1
9606.ENSP00000282466,0.4,1
9606.ENSP00000282486,32.1,1
9606.ENSP00000282499,0,0
9606.ENSP00000282507,1.3,1
9606.ENSP00000282516,28.9,1
9606.ENSP00000282538,4.7,1
9606.ENSP00000282541,23.4,1
9606.ENSP00000282549,2.7,1
9606.ENSP00000282561,5.1,1
9606.ENSP00000282570,20.3,1
9606.ENSP00000282572,0.1,1
9606.ENSP00000282588,0.1,1
9606.ENSP00000282611,0.9,1
9606.ENSP00000282633,31.2,1
9606.ENSP00000282670,0,0
9606.ENSP00000282701,1.2,1
9606.ENSP00000282728,9.5,1
9606.ENSP00000282841,29.4,1
9606.ENSP00000282849,0,0
9606.ENSP00000282869,2.3,1
9606.ENSP00000282878,0,0
9606.ENSP00000282892,41.1,1
9606.ENSP00000282903,34,1
9606.ENSP00000282908,1.5,1
9606.ENSP00000282928,0.1,1
9606.ENSP00000283006,59,1
9606.ENSP00000283025,0,0
9606.ENSP00000283027,34.9,1
9606.ENSP00000283033,10.2,1
9606.ENSP00000283109,34.2,1
9606.ENSP00000283131,85.9,1
9606.ENSP00000283141,4.5,1
9606.ENSP00000283147,1.1,1
9606.ENSP00000283148,22.6,1
9606.ENSP00000283179,424.4,1
9606.ENSP00000283195,58.9,1
9606.ENSP00000283206,3.8,1
9606.ENSP00000283225,0,0
9606.ENSP00000283228,0,0
9606.ENSP00000283233,0,0
9606.ENSP00000283243,0.1,1
9606.ENSP00000283249,0,0
9606.ENSP00000283254,0,0
9606.ENSP00000283268,0,0
9606.ENSP00000283285,0.1,1
9606.ENSP00000283290,84.9,1
9606.ENSP00000283296,0,0
9606.ENSP00000283303,0,0
9606.ENSP00000283309,0,0
9606.ENSP00000283351,17.2,1
9606.ENSP00000283357,0,0
9606.ENSP00000283415,1.7,1
9606.ENSP00000283426,13.7,1
9606.ENSP00000283441,2.6,1
9606.ENSP00000283474,5.7,1
9606.ENSP00000283547,0,0
9606.ENSP00000283550,0,0
9606.ENSP00000283629,133.3,1
9606.ENSP00000283632,45.1,1
9606.ENSP00000283646,42.4,1
9606.ENSP00000283713,1.8,1
9606.ENSP00000283752,0,0
9606.ENSP00000283871,0.1,1
9606.ENSP00000283875,21.4,1
9606.ENSP00000283882,123.3,1
9606.ENSP00000283916,0,0
9606.ENSP00000283921,15.5,1
9606.ENSP00000283928,6.3,1
9606.ENSP00000283946,1.1,1
9606.ENSP00000284000,54.8,1
9606.ENSP00000284031,79.7,1
9606.ENSP00000284061,7.2,1
9606.ENSP00000284073,50.6,1
9606.ENSP00000284110,0.1,1
9606.ENSP00000284116,6.6,1
9606.ENSP00000284136,3.1,1
9606.ENSP00000284142,0,0
9606.ENSP00000284154,0,0
9606.ENSP00000284202,9.1,1
9606.ENSP00000284240,4.3,1
9606.ENSP00000284245,2,1
9606.ENSP00000284262,1.2,1
9606.ENSP00000284268,4.6,1
9606.ENSP00000284273,0.1,1
9606.ENSP00000284274,14.1,1
9606.ENSP00000284287,0,0
9606.ENSP00000284288,0,0
9606.ENSP00000284292,8.8,1
9606.ENSP00000284311,0,0
9606.ENSP00000284320,73.1,1
9606.ENSP00000284322,0.1,1
9606.ENSP00000284382,0,0
9606.ENSP00000284425,0,0
9606.ENSP00000284437,0.2,1
9606.ENSP00000284440,262.8,1
9606.ENSP00000284476,1.6,1
9606.ENSP00000284486,0.1,1
9606.ENSP00000284503,13.5,1
9606.ENSP00000284509,0.2,1
9606.ENSP00000284523,0,0
9606.ENSP00000284551,16.8,1
9606.ENSP00000284601,0,0
9606.ENSP00000284617,18.6,1
9606.ENSP00000284629,0,0
9606.ENSP00000284637,8.9,1
9606.ENSP00000284669,0.1,1
9606.ENSP00000284674,0,0
9606.ENSP00000284690,11.5,1
9606.ENSP00000284694,0,0
9606.ENSP00000284719,165.3,1
9606.ENSP00000284727,440.2,1
9606.ENSP00000284770,0,0
9606.ENSP00000284818,0.2,1
9606.ENSP00000284878,22.8,1
9606.ENSP00000284881,17.1,1
9606.ENSP00000284885,0,0
9606.ENSP00000284981,326.4,1
9606.ENSP00000284984,4.6,1
9606.ENSP00000284987,0,0
9606.ENSP00000284995,7.8,1
9606.ENSP00000285013,1.4,1
9606.ENSP00000285018,0,0
9606.ENSP00000285021,23.6,1
9606.ENSP00000285039,22.6,1
9606.ENSP00000285046,0,0
9606.ENSP00000285071,14,1
9606.ENSP00000285083,15.9,1
9606.ENSP00000285093,176.8,1
9606.ENSP00000285116,25.6,1
9606.ENSP00000285199,0.6,1
9606.ENSP00000285208,13.8,1
9606.ENSP00000285238,0,0
9606.ENSP00000285243,49.3,1
9606.ENSP00000285279,50.8,1
9606.ENSP00000285298,38.6,1
9606.ENSP00000285311,0,0
9606.ENSP00000285379,37.4,1
9606.ENSP00000285381,0.3,1
9606.ENSP00000285393,0.4,1
9606.ENSP00000285398,57.7,1
9606.ENSP00000285402,0,0
9606.ENSP00000285407,10,1
9606.ENSP00000285419,4.2,1
9606.ENSP00000285420,26.4,1
9606.ENSP00000285518,9.5,1
9606.ENSP00000285599,1,1
9606.ENSP00000285600,0,0
9606.ENSP00000285667,30.8,1
9606.ENSP00000285670,0,0
9606.ENSP00000285697,13.2,1
9606.ENSP00000285735,136.2,1
9606.ENSP00000285737,33.4,1
9606.ENSP00000285805,0,0
9606.ENSP00000285814,149.4,1
9606.ENSP00000285871,0.4,1
9606.ENSP00000285873,47.7,1
9606.ENSP00000285879,0,0
9606.ENSP00000285928,0.1,1
9606.ENSP00000285930,204,1
9606.ENSP00000285947,3.9,1
9606.ENSP00000285949,0,0
9606.ENSP00000285968,88.5,1
9606.ENSP00000285979,0,0
9606.ENSP00000286031,27.6,1
9606.ENSP00000286049,0,0
9606.ENSP00000286063,0,0
9606.ENSP00000286070,13.1,1
9606.ENSP00000286091,170.6,1
9606.ENSP00000286175,19.3,1
9606.ENSP00000286186,0.2,1
9606.ENSP00000286201,6,1
9606.ENSP00000286234,5.4,1
9606.ENSP00000286298,10,1
9606.ENSP00000286301,0,0
9606.ENSP00000286307,8.1,1
9606.ENSP00000286317,11.5,1
9606.ENSP00000286349,0,0
9606.ENSP00000286353,24.7,1
9606.ENSP00000286355,0,0
9606.ENSP00000286364,6.8,1
9606.ENSP00000286371,157,1
9606.ENSP00000286398,72.3,1
9606.ENSP00000286424,20.1,1
9606.ENSP00000286428,179.3,1
9606.ENSP00000286479,0,0
9606.ENSP00000286523,8.3,1
9606.ENSP00000286544,0.9,1
9606.ENSP00000286548,22.5,1
9606.ENSP00000286574,0,0
9606.ENSP00000286614,5.8,1
9606.ENSP00000286621,44.1,1
9606.ENSP00000286628,0,0
9606.ENSP00000286639,0,0
9606.ENSP00000286648,34.6,1
9606.ENSP00000286657,4.8,1
9606.ENSP00000286688,1.5,1
9606.ENSP00000286692,30.5,1
9606.ENSP00000286713,31.7,1
9606.ENSP00000286719,0,0
9606.ENSP00000286732,0,0
9606.ENSP00000286733,34.8,1
9606.ENSP00000286744,0,0
9606.ENSP00000286758,0,0
9606.ENSP00000286760,7.7,1
9606.ENSP00000286788,632.2,1
9606.ENSP00000286794,0,0
9606.ENSP00000286808,0,0
9606.ENSP00000286827,2.5,1
9606.ENSP00000286835,44.3,1
9606.ENSP00000286918,6.5,1
9606.ENSP00000287008,9.9,1
9606.ENSP00000287020,0,0
9606.ENSP00000287025,39.7,1
9606.ENSP00000287042,0,0
9606.ENSP00000287078,1,1
9606.ENSP00000287097,3.5,1
9606.ENSP00000287139,0,0
9606.ENSP00000287143,0,0
9606.ENSP00000287152,0.1,1
9606.ENSP00000287156,38,1
9606.ENSP00000287169,53.6,1
9606.ENSP00000287202,0.2,1
9606.ENSP00000287218,48.3,1
9606.ENSP00000287239,4.2,1
9606.ENSP00000287275,6,1
9606.ENSP00000287295,61.3,1
9606.ENSP00000287322,25,1
9606.ENSP00000287380,14.3,1
9606.ENSP00000287387,25.8,1
9606.ENSP00000287394,74.2,1
9606.ENSP00000287437,33.4,1
9606.ENSP00000287461,14,1
9606.ENSP00000287474,4.3,1
9606.ENSP00000287482,18,1
9606.ENSP00000287490,0,0
9606.ENSP00000287538,0.3,1
9606.ENSP00000287585,0,0
9606.ENSP00000287590,0.2,1
9606.ENSP00000287598,98.8,1
9606.ENSP00000287600,22.3,1
9606.ENSP00000287641,0,0
9606.ENSP00000287647,48.8,1
9606.ENSP00000287652,29.1,1
9606.ENSP00000287667,8.8,1
9606.ENSP00000287675,11,1
9606.ENSP00000287706,0.9,1
9606.ENSP00000287713,0.2,1
9606.ENSP00000287727,20.8,1
9606.ENSP00000287748,0,0
9606.ENSP00000287766,0.6,1
9606.ENSP00000287777,0,0
9606.ENSP00000287814,0,0
9606.ENSP00000287820,14.4,1
9606.ENSP00000287859,11.4,1
9606.ENSP00000287878,5.7,1
9606.ENSP00000287907,0,0
9606.ENSP00000287916,23.4,1
9606.ENSP00000287934,3.9,1
9606.ENSP00000287936,136.4,1
9606.ENSP00000287957,10.7,1
9606.ENSP00000287996,16.4,1
9606.ENSP00000288014,12.1,1
9606.ENSP00000288022,1.8,1
9606.ENSP00000288025,0.2,1
9606.ENSP00000288050,26.4,1
9606.ENSP00000288065,0.6,1
9606.ENSP00000288071,0.2,1
9606.ENSP00000288078,1.8,1
9606.ENSP00000288087,3.4,1
9606.ENSP00000288111,3.2,1
9606.ENSP00000288135,2.6,1
9606.ENSP00000288139,0.3,1
9606.ENSP00000288167,12.2,1
9606.ENSP00000288177,1.4,1
9606.ENSP00000288207,181.4,1
9606.ENSP00000288221,2.4,1
9606.ENSP00000288228,8.3,1
9606.ENSP00000288235,18.9,1
9606.ENSP00000288266,33.7,1
9606.ENSP00000288368,4,1
9606.ENSP00000288462,0.2,1
9606.ENSP00000288466,16.6,1
9606.ENSP00000288490,0,0
9606.ENSP00000288502,7.4,1
9606.ENSP00000288532,44.2,1
9606.ENSP00000288602,6.8,1
9606.ENSP00000288607,75,1
9606.ENSP00000288670,22.4,1
9606.ENSP00000288680,44.8,1
9606.ENSP00000288699,118.7,1
9606.ENSP00000288710,0,0
9606.ENSP00000288774,11.6,1
9606.ENSP00000288828,41.2,1
9606.ENSP00000288840,2.2,1
9606.ENSP00000288861,0,0
9606.ENSP00000288912,0.3,1
9606.ENSP00000288937,17.9,1
9606.ENSP00000288943,7.5,1
9606.ENSP00000288955,0.1,1
9606.ENSP00000288985,12,1
9606.ENSP00000289004,0.2,1
9606.ENSP00000289013,0,0
9606.ENSP00000289081,21.1,1
9606.ENSP00000289104,9,1
9606.ENSP00000289119,32.5,1
9606.ENSP00000289153,15.1,1
9606.ENSP00000289166,1.3,1
9606.ENSP00000289228,21.9,1
9606.ENSP00000289248,0,0
9606.ENSP00000289269,1.3,1
9606.ENSP00000289272,0,0
9606.ENSP00000289316,6.8,1
9606.ENSP00000289359,30,1
9606.ENSP00000289361,3,1
9606.ENSP00000289371,112.6,1
9606.ENSP00000289373,110.2,1
9606.ENSP00000289382,56,1
9606.ENSP00000289388,0,0
9606.ENSP00000289416,0.2,1
9606.ENSP00000289429,0,0
9606.ENSP00000289448,0,0
9606.ENSP00000289451,0.1,1
9606.ENSP00000289473,0,0
9606.ENSP00000289528,15.4,1
9606.ENSP00000289547,0,0
9606.ENSP00000289575,0,0
9606.ENSP00000289619,0,0
9606.ENSP00000289672,0.5,1
9606.ENSP00000289707,0,0
9606.ENSP00000289746,0,0
9606.ENSP00000289749,40.8,1
9606.ENSP00000289753,0.1,1
9606.ENSP00000289788,0.6,1
9606.ENSP00000289805,1.8,1
9606.ENSP00000289877,0,0
9606.ENSP00000289902,0.5,1
9606.ENSP00000289921,3.3,1
9606.ENSP00000289932,0,0
9606.ENSP00000289957,0,0
9606.ENSP00000289968,21.8,1
9606.ENSP00000289989,5.6,1
9606.ENSP00000290015,0,0
9606.ENSP00000290039,23.4,1
9606.ENSP00000290079,14,1
9606.ENSP00000290122,0,0
9606.ENSP00000290130,43.3,1
9606.ENSP00000290155,30.9,1
9606.ENSP00000290158,607.2,1
9606.ENSP00000290167,0,0
9606.ENSP00000290200,13.2,1
9606.ENSP00000290208,48.3,1
9606.ENSP00000290216,3.9,1
9606.ENSP00000290219,10.9,1
9606.ENSP00000290231,39.6,1
9606.ENSP00000290246,29,1
9606.ENSP00000290271,0.8,1
9606.ENSP00000290277,51.8,1
9606.ENSP00000290291,20.2,1
9606.ENSP00000290294,0.5,1
9606.ENSP00000290295,8.7,1
9606.ENSP00000290299,549,1
9606.ENSP00000290310,0.1,1
9606.ENSP00000290332,0,0
9606.ENSP00000290341,91.4,1
9606.ENSP00000290349,46.3,1
9606.ENSP00000290354,5.5,1
9606.ENSP00000290363,0.2,1
9606.ENSP00000290374,0,0
9606.ENSP00000290378,0.4,1
9606.ENSP00000290390,0.2,1
9606.ENSP00000290399,4.8,1
9606.ENSP00000290401,164.4,1
9606.ENSP00000290418,2.8,1
9606.ENSP00000290429,24.1,1
9606.ENSP00000290431,0,0
9606.ENSP00000290438,0,0
9606.ENSP00000290472,0,0
9606.ENSP00000290524,24.9,1
9606.ENSP00000290536,0,0
9606.ENSP00000290541,383.2,1
9606.ENSP00000290551,39.6,1
9606.ENSP00000290552,1.1,1
9606.ENSP00000290573,57,1
9606.ENSP00000290583,0,0
9606.ENSP00000290607,2,1
9606.ENSP00000290649,49.9,1
9606.ENSP00000290650,17.1,1
9606.ENSP00000290663,50.2,1
9606.ENSP00000290691,0,0
9606.ENSP00000290722,0,0
9606.ENSP00000290759,6.4,1
9606.ENSP00000290765,0,0
9606.ENSP00000290776,27.1,1
9606.ENSP00000290846,28.5,1
9606.ENSP00000290866,3.1,1
9606.ENSP00000290871,0,0
9606.ENSP00000290881,5.4,1
9606.ENSP00000290894,9.2,1
9606.ENSP00000290913,13.9,1
9606.ENSP00000290921,72.3,1
9606.ENSP00000290943,5.9,1
9606.ENSP00000290949,99,1
9606.ENSP00000290953,0.1,1
9606.ENSP00000290974,1.4,1
9606.ENSP00000291009,0,0
9606.ENSP00000291041,14.7,1
9606.ENSP00000291182,4.4,1
9606.ENSP00000291231,0,0
9606.ENSP00000291232,0.7,1
9606.ENSP00000291294,0,0
9606.ENSP00000291295,496.9,1
9606.ENSP00000291386,147.4,1
9606.ENSP00000291416,5,1
9606.ENSP00000291442,15.6,1
9606.ENSP00000291458,127.9,1
9606.ENSP00000291481,1,1
9606.ENSP00000291495,0.1,1
9606.ENSP00000291526,0,0
9606.ENSP00000291527,0,0
9606.ENSP00000291532,0,0
9606.ENSP00000291536,0,0
9606.ENSP00000291539,2.7,1
9606.ENSP00000291547,9.1,1
9606.ENSP00000291552,218.2,1
9606.ENSP00000291554,0.1,1
9606.ENSP00000291560,0.6,1
9606.ENSP00000291565,15.8,1
9606.ENSP00000291568,384.4,1
9606.ENSP00000291574,8.5,1
9606.ENSP00000291576,1.5,1
9606.ENSP00000291577,0.4,1
9606.ENSP00000291582,0,0
9606.ENSP00000291592,1.7,1
9606.ENSP00000291634,23.9,1
9606.ENSP00000291670,0,0
9606.ENSP00000291672,0,0
9606.ENSP00000291691,8.1,1
9606.ENSP00000291700,0,0
9606.ENSP00000291707,0,0
9606.ENSP00000291715,0.6,1
9606.ENSP00000291744,0,0
9606.ENSP00000291759,0,0
9606.ENSP00000291823,0,0
9606.ENSP00000291842,27.3,1
9606.ENSP00000291860,0,0
9606.ENSP00000291890,0,0
9606.ENSP00000291900,13.8,1
9606.ENSP00000291906,13.8,1
9606.ENSP00000291934,0,0
9606.ENSP00000291971,0,0
9606.ENSP00000292035,54.5,1
9606.ENSP00000292079,0.2,1
9606.ENSP00000292090,16.6,1
9606.ENSP00000292114,21.8,1
9606.ENSP00000292125,0,0
9606.ENSP00000292140,2.1,1
9606.ENSP00000292147,20.6,1
9606.ENSP00000292169,0.3,1
9606.ENSP00000292174,0,0
9606.ENSP00000292180,63.4,1
9606.ENSP00000292211,54.3,1
9606.ENSP00000292246,20.6,1
9606.ENSP00000292301,0,0
9606.ENSP00000292303,0,0
9606.ENSP00000292314,51.6,1
9606.ENSP00000292330,5.9,1
9606.ENSP00000292363,12.6,1
9606.ENSP00000292377,1.4,1
9606.ENSP00000292385,80.9,1
9606.ENSP00000292401,0,0
9606.ENSP00000292408,9.5,1
9606.ENSP00000292427,0,0
9606.ENSP00000292430,0,0
9606.ENSP00000292431,34.8,1
9606.ENSP00000292432,0,0
9606.ENSP00000292450,14.5,1
9606.ENSP00000292475,1064,1
9606.ENSP00000292476,39.1,1
9606.ENSP00000292478,4,1
9606.ENSP00000292513,0,0
9606.ENSP00000292524,15.3,1
9606.ENSP00000292530,1.2,1
9606.ENSP00000292539,2,1
9606.ENSP00000292562,6.8,1
9606.ENSP00000292566,7.6,1
9606.ENSP00000292574,0,0
9606.ENSP00000292579,5.3,1
9606.ENSP00000292586,4.4,1
9606.ENSP00000292596,0,0
9606.ENSP00000292599,0,0
9606.ENSP00000292614,89.8,1
9606.ENSP00000292616,18.7,1
9606.ENSP00000292641,0,0
9606.ENSP00000292672,0.1,1
9606.ENSP00000292778,5,1
9606.ENSP00000292779,0.1,1
9606.ENSP00000292782,27.6,1
9606.ENSP00000292807,376.3,1
9606.ENSP00000292823,40.5,1
9606.ENSP00000292841,5.1,1
9606.ENSP00000292852,4.2,1
9606.ENSP00000292853,0.6,1
9606.ENSP00000292879,6.7,1
9606.ENSP00000292894,2.5,1
9606.ENSP00000292907,0,0
9606.ENSP00000292928,5.8,1
9606.ENSP00000293190,0,0
9606.ENSP00000293217,28.7,1
9606.ENSP00000293230,0.1,1
9606.ENSP00000293255,0,0
9606.ENSP00000293261,2.3,1
9606.ENSP00000293288,78,1
9606.ENSP00000293303,0.2,1
9606.ENSP00000293328,19.9,1
9606.ENSP00000293330,0,0
9606.ENSP00000293350,3.1,1
9606.ENSP00000293362,186.2,1
9606.ENSP00000293373,0,0
9606.ENSP00000293379,12.5,1
9606.ENSP00000293404,0.1,1
9606.ENSP00000293405,0,0
9606.ENSP00000293414,0,0
9606.ENSP00000293441,0.1,1
9606.ENSP00000293443,2.4,1
9606.ENSP00000293471,6.3,1
9606.ENSP00000293502,0,0
9606.ENSP00000293549,0,0
9606.ENSP00000293599,0,0
9606.ENSP00000293604,0.4,1
9606.ENSP00000293636,0,0
9606.ENSP00000293662,1.3,1
9606.ENSP00000293670,0,0
9606.ENSP00000293677,15.8,1
9606.ENSP00000293695,1,1
9606.ENSP00000293725,2.4,1
9606.ENSP00000293745,0,0
9606.ENSP00000293760,39.4,1
9606.ENSP00000293771,5.5,1
9606.ENSP00000293777,27.1,1
9606.ENSP00000293778,20,1
9606.ENSP00000293780,0,0
9606.ENSP00000293805,0,0
9606.ENSP00000293825,1.4,1
9606.ENSP00000293826,0.5,1
9606.ENSP00000293829,2.1,1
9606.ENSP00000293831,1962.5,1
9606.ENSP00000293845,0,0
9606.ENSP00000293851,0,0
9606.ENSP00000293860,88.5,1
9606.ENSP00000293872,77.5,1
9606.ENSP00000293879,3.8,1
9606.ENSP00000293883,6.1,1
9606.ENSP00000293889,2.8,1
9606.ENSP00000293894,5,1
9606.ENSP00000293897,0,0
9606.ENSP00000293922,0,0
9606.ENSP00000293970,7.1,1
9606.ENSP00000293973,0,0
9606.ENSP00000294008,3.6,1
9606.ENSP00000294016,14.9,1
9606.ENSP00000294053,30.6,1
9606.ENSP00000294064,16.1,1
9606.ENSP00000294066,6.5,1
9606.ENSP00000294117,0,0
9606.ENSP00000294119,81.6,1
9606.ENSP00000294129,23.2,1
9606.ENSP00000294168,11.2,1
9606.ENSP00000294179,29.7,1
9606.ENSP00000294244,60.3,1
9606.ENSP00000294258,15,1
9606.ENSP00000294288,0,0
9606.ENSP00000294304,9.9,1
9606.ENSP00000294309,3.2,1
9606.ENSP00000294312,1.7,1
9606.ENSP00000294338,0,0
9606.ENSP00000294339,10.6,1
9606.ENSP00000294353,14.1,1
9606.ENSP00000294360,27.9,1
9606.ENSP00000294383,28.5,1
9606.ENSP00000294409,12.7,1
9606.ENSP00000294413,0,0
9606.ENSP00000294435,0.1,1
9606.ENSP00000294454,0.2,1
9606.ENSP00000294484,0,0
9606.ENSP00000294485,0.9,1
9606.ENSP00000294489,253.3,1
9606.ENSP00000294507,0,0
9606.ENSP00000294517,0.9,1
9606.ENSP00000294543,1.7,1
9606.ENSP00000294600,0,0
9606.ENSP00000294618,4.3,1
9606.ENSP00000294635,0,0
9606.ENSP00000294638,0,0
9606.ENSP00000294664,0.3,1
9606.ENSP00000294671,0,0
9606.ENSP00000294724,40.5,1
9606.ENSP00000294725,0,0
9606.ENSP00000294728,1.7,1
9606.ENSP00000294740,29.6,1
9606.ENSP00000294742,101.1,1
9606.ENSP00000294753,20.1,1
9606.ENSP00000294785,47.3,1
9606.ENSP00000294811,0.9,1
9606.ENSP00000294818,0,0
9606.ENSP00000294829,0,0
9606.ENSP00000294889,16.9,1
9606.ENSP00000294904,31.1,1
9606.ENSP00000294952,5.8,1
9606.ENSP00000294954,0,0
9606.ENSP00000294964,1.3,1
9606.ENSP00000294973,4.7,1
9606.ENSP00000295006,86.3,1
9606.ENSP00000295025,5.3,1
9606.ENSP00000295030,14.1,1
9606.ENSP00000295049,0,0
9606.ENSP00000295050,15.2,1
9606.ENSP00000295055,0,0
9606.ENSP00000295057,0,0
9606.ENSP00000295065,48.4,1
9606.ENSP00000295079,28.7,1
9606.ENSP00000295082,0.3,1
9606.ENSP00000295083,6.9,1
9606.ENSP00000295087,34.6,1
9606.ENSP00000295092,1,1
9606.ENSP00000295095,0.2,1
9606.ENSP00000295101,0,0
9606.ENSP00000295108,0,0
9606.ENSP00000295113,0,0
9606.ENSP00000295119,45.4,1
9606.ENSP00000295121,13,1
9606.ENSP00000295124,16.3,1
9606.ENSP00000295131,0,0
9606.ENSP00000295148,28.7,1
9606.ENSP00000295150,0,0
9606.ENSP00000295171,2.6,1
9606.ENSP00000295190,5.1,1
9606.ENSP00000295201,0,0
9606.ENSP00000295206,0.6,1
9606.ENSP00000295208,8.6,1
9606.ENSP00000295213,0.1,1
9606.ENSP00000295225,4,1
9606.ENSP00000295228,3.7,1
9606.ENSP00000295240,2.4,1
9606.ENSP00000295256,0,0
9606.ENSP00000295266,0,0
9606.ENSP00000295268,0,0
9606.ENSP00000295269,0,0
9606.ENSP00000295297,0,0
9606.ENSP00000295304,31.1,1
9606.ENSP00000295314,1.5,1
9606.ENSP00000295317,12.5,1
9606.ENSP00000295321,66.7,1
9606.ENSP00000295324,27.1,1
9606.ENSP00000295379,0,0
9606.ENSP00000295400,0.6,1
9606.ENSP00000295408,10.2,1
9606.ENSP00000295448,10.6,1
9606.ENSP00000295452,0,0
9606.ENSP00000295453,0.2,1
9606.ENSP00000295454,0.2,1
9606.ENSP00000295461,2.2,1
9606.ENSP00000295463,0,0
9606.ENSP00000295488,6.9,1
9606.ENSP00000295491,61,1
9606.ENSP00000295522,1.5,1
9606.ENSP00000295542,0,0
9606.ENSP00000295550,0.7,1
9606.ENSP00000295569,1.8,1
9606.ENSP00000295588,15.9,1
9606.ENSP00000295589,0,0
9606.ENSP00000295600,3.7,1
9606.ENSP00000295619,0.5,1
9606.ENSP00000295628,22.7,1
9606.ENSP00000295633,68.6,1
9606.ENSP00000295640,52.5,1
9606.ENSP00000295641,7.7,1
9606.ENSP00000295645,0.3,1
9606.ENSP00000295666,0.7,1
9606.ENSP00000295682,160.2,1
9606.ENSP00000295683,0,0
9606.ENSP00000295685,362.6,1
9606.ENSP00000295688,1045.2,1
9606.ENSP00000295702,230.8,1
9606.ENSP00000295704,22.1,1
9606.ENSP00000295709,12.2,1
9606.ENSP00000295718,0,0
9606.ENSP00000295727,0,0
9606.ENSP00000295728,0,0
9606.ENSP00000295731,0,0
9606.ENSP00000295736,20.2,1
9606.ENSP00000295746,11.7,1
9606.ENSP00000295755,0,0
9606.ENSP00000295756,0,0
9606.ENSP00000295757,4.7,1
9606.ENSP00000295759,1.9,1
9606.ENSP00000295767,41.5,1
9606.ENSP00000295770,108.1,1
9606.ENSP00000295777,3.9,1
9606.ENSP00000295797,37.9,1
9606.ENSP00000295802,22.9,1
9606.ENSP00000295822,13.4,1
9606.ENSP00000295824,0.1,1
9606.ENSP00000295834,0,0
9606.ENSP00000295851,47.1,1
9606.ENSP00000295872,6.3,1
9606.ENSP00000295878,0.9,1
9606.ENSP00000295886,6.2,1
9606.ENSP00000295887,8.5,1
9606.ENSP00000295888,15.4,1
9606.ENSP00000295896,0,0
9606.ENSP00000295897,0,0
9606.ENSP00000295899,107.5,1
9606.ENSP00000295902,0,0
9606.ENSP00000295910,0,0
9606.ENSP00000295926,12.4,1
9606.ENSP00000295927,0.3,1
9606.ENSP00000295934,1.2,1
9606.ENSP00000295951,38.5,1
9606.ENSP00000295958,2,1
9606.ENSP00000295966,4.8,1
9606.ENSP00000295981,2,1
9606.ENSP00000295987,0.5,1
9606.ENSP00000295992,13.7,1
9606.ENSP00000296003,23.4,1
9606.ENSP00000296015,21.3,1
9606.ENSP00000296026,0.3,1
9606.ENSP00000296027,0,0
9606.ENSP00000296028,0,0
9606.ENSP00000296029,0,0
9606.ENSP00000296043,5.1,1
9606.ENSP00000296046,0,0
9606.ENSP00000296051,17.4,1
9606.ENSP00000296059,0,0
9606.ENSP00000296088,10.7,1
9606.ENSP00000296091,0,0
9606.ENSP00000296096,0,0
9606.ENSP00000296097,1,1
9606.ENSP00000296098,7.3,1
9606.ENSP00000296099,0.4,1
9606.ENSP00000296102,171.6,1
9606.ENSP00000296121,17.5,1
9606.ENSP00000296125,0,0
9606.ENSP00000296127,68.4,1
9606.ENSP00000296129,0.3,1
9606.ENSP00000296130,0,0
9606.ENSP00000296135,9.5,1
9606.ENSP00000296137,8.5,1
9606.ENSP00000296140,0,0
9606.ENSP00000296142,0,0
9606.ENSP00000296145,1.8,1
9606.ENSP00000296149,43.6,1
9606.ENSP00000296161,9.2,1
9606.ENSP00000296181,29.5,1
9606.ENSP00000296215,4.9,1
9606.ENSP00000296218,0,0
9606.ENSP00000296220,22.7,1
9606.ENSP00000296233,5.3,1
9606.ENSP00000296238,1.1,1
9606.ENSP00000296252,5.6,1
9606.ENSP00000296255,255.4,1
9606.ENSP00000296257,24.3,1
9606.ENSP00000296266,8.2,1
9606.ENSP00000296271,0,0
9606.ENSP00000296277,56.4,1
9606.ENSP00000296280,0,0
9606.ENSP00000296292,55.4,1
9606.ENSP00000296318,4.8,1
9606.ENSP00000296326,0,0
9606.ENSP00000296327,0,0
9606.ENSP00000296328,22.5,1
9606.ENSP00000296333,19.5,1
9606.ENSP00000296343,15,1
9606.ENSP00000296350,1.8,1
9606.ENSP00000296358,0,0
9606.ENSP00000296370,0.5,1
9606.ENSP00000296387,0,0
9606.ENSP00000296411,84.8,1
9606.ENSP00000296412,135,1
9606.ENSP00000296417,1558.6,1
9606.ENSP00000296420,0,0
9606.ENSP00000296422,0.7,1
9606.ENSP00000296424,17.3,1
9606.ENSP00000296435,0,0
9606.ENSP00000296438,0,0
9606.ENSP00000296443,0.9,1
9606.ENSP00000296444,91.5,1
9606.ENSP00000296452,0.1,1
9606.ENSP00000296456,95.1,1
9606.ENSP00000296464,82.3,1
9606.ENSP00000296468,10.2,1
9606.ENSP00000296473,6.2,1
9606.ENSP00000296474,0,0
9606.ENSP00000296484,38,1
9606.ENSP00000296486,0.1,1
9606.ENSP00000296490,139.3,1
9606.ENSP00000296498,31.1,1
9606.ENSP00000296499,0,0
9606.ENSP00000296503,645,1
9606.ENSP00000296504,37.8,1
9606.ENSP00000296506,0,0
9606.ENSP00000296509,27.1,1
9606.ENSP00000296511,287.3,1
9606.ENSP00000296513,0,0
9606.ENSP00000296518,6.8,1
9606.ENSP00000296522,16,1
9606.ENSP00000296525,0,0
9606.ENSP00000296526,1.2,1
9606.ENSP00000296529,5.1,1
9606.ENSP00000296543,80.5,1
9606.ENSP00000296545,0.1,1
9606.ENSP00000296564,34.4,1
9606.ENSP00000296575,3,1
9606.ENSP00000296577,132.5,1
9606.ENSP00000296582,28.4,1
9606.ENSP00000296585,4.9,1
9606.ENSP00000296589,0,0
9606.ENSP00000296591,0,0
9606.ENSP00000296597,72.6,1
9606.ENSP00000296600,0,0
9606.ENSP00000296603,6.4,1
9606.ENSP00000296632,24.8,1
9606.ENSP00000296641,0,0
9606.ENSP00000296657,2.1,1
9606.ENSP00000296658,19.7,1
9606.ENSP00000296674,3616.3,1
9606.ENSP00000296677,27.1,1
9606.ENSP00000296679,31.6,1
9606.ENSP00000296682,0,0
9606.ENSP00000296684,72,1
9606.ENSP00000296694,2.5,1
9606.ENSP00000296695,2.2,1
9606.ENSP00000296702,70.1,1
9606.ENSP00000296721,0.8,1
9606.ENSP00000296736,3.4,1
9606.ENSP00000296741,0,0
9606.ENSP00000296754,17.8,1
9606.ENSP00000296755,73.2,1
9606.ENSP00000296776,0,0
9606.ENSP00000296777,0,0
9606.ENSP00000296782,6.7,1
9606.ENSP00000296785,3.1,1
9606.ENSP00000296786,36.3,1
9606.ENSP00000296792,25.5,1
9606.ENSP00000296795,0,0
9606.ENSP00000296805,55,1
9606.ENSP00000296824,4.9,1
9606.ENSP00000296839,0,0
9606.ENSP00000296849,0.1,1
9606.ENSP00000296859,13.1,1
9606.ENSP00000296861,7.2,1
9606.ENSP00000296862,0,0
9606.ENSP00000296870,0,0
9606.ENSP00000296871,0,0
9606.ENSP00000296877,1.4,1
9606.ENSP00000296921,0.3,1
9606.ENSP00000296930,2552.2,1
9606.ENSP00000296946,0,0
9606.ENSP00000296953,1.2,1
9606.ENSP00000296955,12.1,1
9606.ENSP00000296980,0,0
9606.ENSP00000297001,0,0
9606.ENSP00000297012,0,0
9606.ENSP00000297029,0.1,1
9606.ENSP00000297044,10.4,1
9606.ENSP00000297056,17.8,1
9606.ENSP00000297063,18.1,1
9606.ENSP00000297071,115.6,1
9606.ENSP00000297107,9.4,1
9606.ENSP00000297109,10.1,1
9606.ENSP00000297130,5.3,1
9606.ENSP00000297135,10.7,1
9606.ENSP00000297142,0,0
9606.ENSP00000297145,6.6,1
9606.ENSP00000297146,0.6,1
9606.ENSP00000297151,22.9,1
9606.ENSP00000297156,29.2,1
9606.ENSP00000297157,36.4,1
9606.ENSP00000297161,0,0
9606.ENSP00000297164,4.1,1
9606.ENSP00000297185,334,1
9606.ENSP00000297203,0,0
9606.ENSP00000297205,22,1
9606.ENSP00000297258,328.9,1
9606.ENSP00000297261,0,0
9606.ENSP00000297265,0.2,1
9606.ENSP00000297267,0,0
9606.ENSP00000297268,2.2,1
9606.ENSP00000297273,8.8,1
9606.ENSP00000297282,0,0
9606.ENSP00000297283,0,0
9606.ENSP00000297290,46.9,1
9606.ENSP00000297293,12.8,1
9606.ENSP00000297307,0,0
9606.ENSP00000297313,0.4,1
9606.ENSP00000297316,0,0
9606.ENSP00000297323,3.8,1
9606.ENSP00000297324,0.2,1
9606.ENSP00000297325,0,0
9606.ENSP00000297338,238.5,1
9606.ENSP00000297347,18.6,1
9606.ENSP00000297350,0,0
9606.ENSP00000297354,0,0
9606.ENSP00000297375,9,1
9606.ENSP00000297405,0.2,1
9606.ENSP00000297423,18.3,1
9606.ENSP00000297431,42.4,1
9606.ENSP00000297435,0,0
9606.ENSP00000297436,0,0
9606.ENSP00000297439,0,0
9606.ENSP00000297440,35,1
9606.ENSP00000297459,0.8,1
9606.ENSP00000297477,0,0
9606.ENSP00000297494,0,0
9606.ENSP00000297504,15,1
9606.ENSP00000297508,0,0
9606.ENSP00000297512,1,1
9606.ENSP00000297524,0,0
9606.ENSP00000297532,13.5,1
9606.ENSP00000297534,11,1
9606.ENSP00000297537,0.5,1
9606.ENSP00000297540,19.1,1
9606.ENSP00000297562,0.7,1
9606.ENSP00000297578,22.5,1
9606.ENSP00000297579,105.8,1
9606.ENSP00000297581,0,0
9606.ENSP00000297591,36.2,1
9606.ENSP00000297596,2.7,1
9606.ENSP00000297613,33.2,1
9606.ENSP00000297623,0.1,1
9606.ENSP00000297625,6.7,1
9606.ENSP00000297632,5.8,1
9606.ENSP00000297661,49.2,1
9606.ENSP00000297668,1.9,1
9606.ENSP00000297679,2.2,1
9606.ENSP00000297689,14.9,1
9606.ENSP00000297737,0.2,1
9606.ENSP00000297767,0,0
9606.ENSP00000297770,0,0
9606.ENSP00000297784,5.2,1
9606.ENSP00000297785,0,0
9606.ENSP00000297788,7.8,1
9606.ENSP00000297792,17.8,1
9606.ENSP00000297814,1.5,1
9606.ENSP00000297819,0,0
9606.ENSP00000297837,8.1,1
9606.ENSP00000297848,0.2,1
9606.ENSP00000297857,51.3,1
9606.ENSP00000297873,0,0
9606.ENSP00000297904,0.2,1
9606.ENSP00000297913,0,0
9606.ENSP00000297954,10.4,1
9606.ENSP00000297977,0.1,1
9606.ENSP00000297988,0.1,1
9606.ENSP00000297990,58.8,1
9606.ENSP00000297991,6.2,1
9606.ENSP00000297994,3.3,1
9606.ENSP00000298032,0,0
9606.ENSP00000298048,71.7,1
9606.ENSP00000298050,0,0
9606.ENSP00000298097,18.3,1
9606.ENSP00000298110,0,0
9606.ENSP00000298119,1.6,1
9606.ENSP00000298124,0,0
9606.ENSP00000298125,6.3,1
9606.ENSP00000298130,34.1,1
9606.ENSP00000298139,6.4,1
9606.ENSP00000298159,107.4,1
9606.ENSP00000298181,0,0
9606.ENSP00000298198,2.9,1
9606.ENSP00000298223,0,0
9606.ENSP00000298229,60.4,1
9606.ENSP00000298231,0,0
9606.ENSP00000298248,5.7,1
9606.ENSP00000298251,0,0
9606.ENSP00000298281,43.2,1
9606.ENSP00000298282,4.8,1
9606.ENSP00000298283,0,0
9606.ENSP00000298288,42.2,1
9606.ENSP00000298292,15,1
9606.ENSP00000298295,1.2,1
9606.ENSP00000298296,0,0
9606.ENSP00000298299,62.1,1
9606.ENSP00000298307,13.9,1
9606.ENSP00000298310,34.1,1
9606.ENSP00000298316,43.7,1
9606.ENSP00000298317,40.3,1
9606.ENSP00000298351,3.8,1
9606.ENSP00000298352,0,0
9606.ENSP00000298355,23,1
9606.ENSP00000298375,0.2,1
9606.ENSP00000298386,0,0
9606.ENSP00000298396,0,0
9606.ENSP00000298428,24.9,1
9606.ENSP00000298440,0,0
9606.ENSP00000298472,0,0
9606.ENSP00000298492,25,1
9606.ENSP00000298510,391.5,1
9606.ENSP00000298527,0,0
9606.ENSP00000298532,12.9,1
9606.ENSP00000298542,0,0
9606.ENSP00000298545,0.3,1
9606.ENSP00000298546,2,1
9606.ENSP00000298552,15.4,1
9606.ENSP00000298556,117.4,1
9606.ENSP00000298569,67.6,1
9606.ENSP00000298573,14.1,1
9606.ENSP00000298585,51.3,1
9606.ENSP00000298596,8.1,1
9606.ENSP00000298622,0.2,1
9606.ENSP00000298630,18.6,1
9606.ENSP00000298642,0,0
9606.ENSP00000298681,0.1,1
9606.ENSP00000298690,0,0
9606.ENSP00000298694,2.6,1
9606.ENSP00000298699,0,0
9606.ENSP00000298705,0,0
9606.ENSP00000298717,66.4,1
9606.ENSP00000298738,0,0
9606.ENSP00000298743,0,0
9606.ENSP00000298746,25.6,1
9606.ENSP00000298767,38.3,1
9606.ENSP00000298784,37.2,1
9606.ENSP00000298815,2.8,1
9606.ENSP00000298832,12.3,1
9606.ENSP00000298854,0,0
9606.ENSP00000298875,65.2,1
9606.ENSP00000298892,5,1
9606.ENSP00000298910,0,0
9606.ENSP00000298912,0.6,1
9606.ENSP00000298925,4,1
9606.ENSP00000298943,0,0
9606.ENSP00000298966,24.1,1
9606.ENSP00000299001,0.9,1
9606.ENSP00000299022,0,0
9606.ENSP00000299045,1,1
9606.ENSP00000299084,6.2,1
9606.ENSP00000299088,5.4,1
9606.ENSP00000299106,70,1
9606.ENSP00000299138,7.5,1
9606.ENSP00000299140,0,0
9606.ENSP00000299155,0,0
9606.ENSP00000299157,17.5,1
9606.ENSP00000299162,0.8,1
9606.ENSP00000299163,16.9,1
9606.ENSP00000299164,0.6,1
9606.ENSP00000299166,162.9,1
9606.ENSP00000299178,0.1,1
9606.ENSP00000299191,0,0
9606.ENSP00000299192,14.1,1
9606.ENSP00000299198,109.9,1
9606.ENSP00000299213,32,1
9606.ENSP00000299237,5.4,1
9606.ENSP00000299238,11.9,1
9606.ENSP00000299259,160.3,1
9606.ENSP00000299290,0,0
9606.ENSP00000299295,0.1,1
9606.ENSP00000299299,138.9,1
9606.ENSP00000299300,538.2,1
9606.ENSP00000299308,0,0
9606.ENSP00000299314,29.8,1
9606.ENSP00000299320,0.9,1
9606.ENSP00000299335,8.4,1
9606.ENSP00000299338,1.8,1
9606.ENSP00000299339,0,0
9606.ENSP00000299340,7.1,1
9606.ENSP00000299367,0.1,1
9606.ENSP00000299413,9.1,1
9606.ENSP00000299415,0,0
9606.ENSP00000299424,66,1
9606.ENSP00000299427,48.3,1
9606.ENSP00000299432,1,1
9606.ENSP00000299440,0,0
9606.ENSP00000299441,2.7,1
9606.ENSP00000299443,0,0
9606.ENSP00000299454,0,0
9606.ENSP00000299459,0,0
9606.ENSP00000299481,0,0
9606.ENSP00000299492,21,1
9606.ENSP00000299505,6.6,1
9606.ENSP00000299518,98.2,1
9606.ENSP00000299529,9.3,1
9606.ENSP00000299563,12.4,1
9606.ENSP00000299565,43.5,1
9606.ENSP00000299575,28.1,1
9606.ENSP00000299578,0.4,1
9606.ENSP00000299601,54.2,1
9606.ENSP00000299608,21.9,1
9606.ENSP00000299626,87,1
9606.ENSP00000299633,19.9,1
9606.ENSP00000299638,26.2,1
9606.ENSP00000299642,0,0
9606.ENSP00000299663,0,0
9606.ENSP00000299665,0,0
9606.ENSP00000299687,4.2,1
9606.ENSP00000299697,5.3,1
9606.ENSP00000299698,0,0
9606.ENSP00000299705,95.7,1
9606.ENSP00000299709,0,0
9606.ENSP00000299721,0,0
9606.ENSP00000299727,0,0
9606.ENSP00000299732,0.6,1
9606.ENSP00000299736,69.3,1
9606.ENSP00000299752,0,0
9606.ENSP00000299759,0.2,1
9606.ENSP00000299766,0,0
9606.ENSP00000299767,934.6,1
9606.ENSP00000299798,0.6,1
9606.ENSP00000299821,49,1
9606.ENSP00000299824,1,1
9606.ENSP00000299847,3.6,1
9606.ENSP00000299853,35.6,1
9606.ENSP00000299855,0.1,1
9606.ENSP00000299866,0,0
9606.ENSP00000299871,6.4,1
9606.ENSP00000299882,0.1,1
9606.ENSP00000299886,16.4,1
9606.ENSP00000299952,1.9,1
9606.ENSP00000299957,34.4,1
9606.ENSP00000299977,1,1
9606.ENSP00000300006,4.1,1
9606.ENSP00000300026,1384.6,1
9606.ENSP00000300030,197.9,1
9606.ENSP00000300035,340.7,1
9606.ENSP00000300051,0,0
9606.ENSP00000300055,0,0
9606.ENSP00000300056,0,0
9606.ENSP00000300057,0.2,1
9606.ENSP00000300060,5.6,1
9606.ENSP00000300061,0,0
9606.ENSP00000300069,28.8,1
9606.ENSP00000300079,0,0
9606.ENSP00000300086,51.1,1
9606.ENSP00000300087,93.4,1
9606.ENSP00000300093,229.5,1
9606.ENSP00000300098,0,0
9606.ENSP00000300101,11.8,1
9606.ENSP00000300105,0,0
9606.ENSP00000300107,43.2,1
9606.ENSP00000300113,0.4,1
9606.ENSP00000300127,0,0
9606.ENSP00000300128,50.4,1
9606.ENSP00000300131,16.9,1
9606.ENSP00000300134,18.7,1
9606.ENSP00000300145,0,0
9606.ENSP00000300146,46.6,1
9606.ENSP00000300151,178,1
9606.ENSP00000300175,0.5,1
9606.ENSP00000300176,2.4,1
9606.ENSP00000300179,0.6,1
9606.ENSP00000300181,12.2,1
9606.ENSP00000300182,0,0
9606.ENSP00000300184,0.1,1
9606.ENSP00000300190,0,0
9606.ENSP00000300209,3.7,1
9606.ENSP00000300213,1.1,1
9606.ENSP00000300215,0,0
9606.ENSP00000300226,0,0
9606.ENSP00000300231,15,1
9606.ENSP00000300249,22.8,1
9606.ENSP00000300255,0.7,1
9606.ENSP00000300258,0,0
9606.ENSP00000300283,28.4,1
9606.ENSP00000300289,31.8,1
9606.ENSP00000300291,190.2,1
9606.ENSP00000300303,0,0
9606.ENSP00000300305,3,1
9606.ENSP00000300403,203.7,1
9606.ENSP00000300404,0.7,1
9606.ENSP00000300413,246,1
9606.ENSP00000300433,0.1,1
9606.ENSP00000300452,27,1
9606.ENSP00000300456,25.5,1
9606.ENSP00000300504,0,0
9606.ENSP00000300527,8.1,1
9606.ENSP00000300557,0,0
9606.ENSP00000300571,21.6,1
9606.ENSP00000300574,68.2,1
9606.ENSP00000300575,0,0
9606.ENSP00000300576,0,0
9606.ENSP00000300584,24.4,1
9606.ENSP00000300589,0.2,1
9606.ENSP00000300591,0,0
9606.ENSP00000300605,19,1
9606.ENSP00000300619,12.9,1
9606.ENSP00000300648,82.1,1
9606.ENSP00000300650,34.8,1
9606.ENSP00000300651,38,1
9606.ENSP00000300658,2.4,1
9606.ENSP00000300659,29,1
9606.ENSP00000300688,204.4,1
9606.ENSP00000300692,0,0
9606.ENSP00000300714,5.3,1
9606.ENSP00000300738,176.9,1
9606.ENSP00000300747,4.5,1
9606.ENSP00000300773,0,0
9606.ENSP00000300778,0,0
9606.ENSP00000300784,34.3,1
9606.ENSP00000300811,21.7,1
9606.ENSP00000300850,8.5,1
9606.ENSP00000300870,14.4,1
9606.ENSP00000300873,0.9,1
9606.ENSP00000300896,33.1,1
9606.ENSP00000300900,0,0
9606.ENSP00000300935,71.2,1
9606.ENSP00000300952,16.3,1
9606.ENSP00000300954,0,0
9606.ENSP00000300961,0,0
9606.ENSP00000300976,2.9,1
9606.ENSP00000301012,25,1
9606.ENSP00000301015,13.9,1
9606.ENSP00000301019,21.6,1
9606.ENSP00000301021,109.5,1
9606.ENSP00000301030,46,1
9606.ENSP00000301037,0.8,1
9606.ENSP00000301039,1.7,1
9606.ENSP00000301046,0,0
9606.ENSP00000301050,21.6,1
9606.ENSP00000301057,10.4,1
9606.ENSP00000301061,4.8,1
9606.ENSP00000301067,38.1,1
9606.ENSP00000301068,1.5,1
9606.ENSP00000301071,388,1
9606.ENSP00000301072,1246,1
9606.ENSP00000301141,0,0
9606.ENSP00000301146,0,0
9606.ENSP00000301149,0.2,1
9606.ENSP00000301159,8.2,1
9606.ENSP00000301175,0,0
9606.ENSP00000301178,0.4,1
9606.ENSP00000301180,28.8,1
9606.ENSP00000301190,0,0
9606.ENSP00000301200,0,0
9606.ENSP00000301202,0,0
9606.ENSP00000301204,1.7,1
9606.ENSP00000301215,7.7,1
9606.ENSP00000301242,13.6,1
9606.ENSP00000301244,42.7,1
9606.ENSP00000301246,0,0
9606.ENSP00000301258,0,0
9606.ENSP00000301263,0,0
9606.ENSP00000301272,0,0
9606.ENSP00000301280,61.6,1
9606.ENSP00000301281,18.2,1
9606.ENSP00000301286,0,0
9606.ENSP00000301295,0,0
9606.ENSP00000301305,0,0
9606.ENSP00000301310,0.9,1
9606.ENSP00000301318,3.9,1
9606.ENSP00000301327,2.5,1
9606.ENSP00000301329,106.6,1
9606.ENSP00000301332,6.1,1
9606.ENSP00000301336,0.2,1
9606.ENSP00000301364,86.5,1
9606.ENSP00000301365,0,0
9606.ENSP00000301391,4.9,1
9606.ENSP00000301396,65.1,1
9606.ENSP00000301399,3.1,1
9606.ENSP00000301407,0.1,1
9606.ENSP00000301408,0.05,1
9606.ENSP00000301420,0.2,1
9606.ENSP00000301452,0,0
9606.ENSP00000301454,66.3,1
9606.ENSP00000301455,0,0
9606.ENSP00000301457,29,1
9606.ENSP00000301458,0.1,1
9606.ENSP00000301459,15.8,1
9606.ENSP00000301463,7.6,1
9606.ENSP00000301464,3,1
9606.ENSP00000301466,0,0
9606.ENSP00000301480,0,0
9606.ENSP00000301488,59.5,1
9606.ENSP00000301522,354.7,1
9606.ENSP00000301529,0,0
9606.ENSP00000301532,0,0
9606.ENSP00000301547,3.6,1
9606.ENSP00000301585,75.6,1
9606.ENSP00000301587,409,1
9606.ENSP00000301599,0.6,1
9606.ENSP00000301607,0.1,1
9606.ENSP00000301633,113.6,1
9606.ENSP00000301634,63.4,1
9606.ENSP00000301645,0,0
9606.ENSP00000301653,0,0
9606.ENSP00000301656,0,0
9606.ENSP00000301659,0,0
9606.ENSP00000301671,5.8,1
9606.ENSP00000301691,0,0
9606.ENSP00000301712,3.6,1
9606.ENSP00000301727,6.8,1
9606.ENSP00000301729,29.6,1
9606.ENSP00000301732,19.2,1
9606.ENSP00000301738,32.5,1
9606.ENSP00000301740,170.2,1
9606.ENSP00000301744,3.5,1
9606.ENSP00000301761,45.4,1
9606.ENSP00000301764,245.5,1
9606.ENSP00000301765,15.2,1
9606.ENSP00000301785,51.2,1
9606.ENSP00000301788,103.6,1
9606.ENSP00000301790,11.4,1
9606.ENSP00000301825,0,0
9606.ENSP00000301831,3.7,1
9606.ENSP00000301838,26.3,1
9606.ENSP00000301873,11.8,1
9606.ENSP00000301887,0,0
9606.ENSP00000301891,0,0
9606.ENSP00000301896,0,0
9606.ENSP00000301904,0.1,1
9606.ENSP00000301908,0,0
9606.ENSP00000301917,0,0
9606.ENSP00000301921,3.4,1
9606.ENSP00000301924,10.1,1
9606.ENSP00000301939,29.9,1
9606.ENSP00000301945,30.7,1
9606.ENSP00000301956,0,0
9606.ENSP00000301962,11.1,1
9606.ENSP00000301972,4.1,1
9606.ENSP00000302037,121,1
9606.ENSP00000302046,0,0
9606.ENSP00000302051,0.6,1
9606.ENSP00000302057,0,0
9606.ENSP00000302079,0,0
9606.ENSP00000302100,0,0
9606.ENSP00000302105,0,0
9606.ENSP00000302108,12.9,1
9606.ENSP00000302111,4.5,1
9606.ENSP00000302114,212.5,1
9606.ENSP00000302120,12.2,1
9606.ENSP00000302144,0,0
9606.ENSP00000302150,0,0
9606.ENSP00000302160,34.5,1
9606.ENSP00000302177,11.4,1
9606.ENSP00000302189,0.4,1
9606.ENSP00000302194,0,0
9606.ENSP00000302199,0,0
9606.ENSP00000302202,1.4,1
9606.ENSP00000302216,0.7,1
9606.ENSP00000302222,0.9,1
9606.ENSP00000302232,14.6,1
9606.ENSP00000302234,0,0
9606.ENSP00000302251,0.4,1
9606.ENSP00000302260,0,0
9606.ENSP00000302274,0,0
9606.ENSP00000302276,6.8,1
9606.ENSP00000302289,15.3,1
9606.ENSP00000302297,0.2,1
9606.ENSP00000302310,1,1
9606.ENSP00000302324,0,0
9606.ENSP00000302327,12.4,1
9606.ENSP00000302393,0,0
9606.ENSP00000302400,0,0
9606.ENSP00000302413,16.2,1
9606.ENSP00000302422,0.2,1
9606.ENSP00000302437,0.1,1
9606.ENSP00000302441,10.6,1
9606.ENSP00000302456,4.1,1
9606.ENSP00000302476,0,0
9606.ENSP00000302478,200.4,1
9606.ENSP00000302485,0,0
9606.ENSP00000302486,88.8,1
9606.ENSP00000302530,93.9,1
9606.ENSP00000302537,9,1
9606.ENSP00000302543,6.7,1
9606.ENSP00000302548,2.6,1
9606.ENSP00000302552,0,0
9606.ENSP00000302562,9,1
9606.ENSP00000302564,42.9,1
9606.ENSP00000302569,0,0
9606.ENSP00000302578,3.1,1
9606.ENSP00000302579,0,0
9606.ENSP00000302586,24.5,1
9606.ENSP00000302599,0.1,1
9606.ENSP00000302603,0,0
9606.ENSP00000302606,0,0
9606.ENSP00000302620,0,0
9606.ENSP00000302621,0,0
9606.ENSP00000302625,5.7,1
9606.ENSP00000302629,0,0
9606.ENSP00000302630,0,0
9606.ENSP00000302640,99.1,1
9606.ENSP00000302647,13.4,1
9606.ENSP00000302648,3.2,1
9606.ENSP00000302657,9.7,1
9606.ENSP00000302665,0,0
9606.ENSP00000302676,0,0
9606.ENSP00000302716,0,0
9606.ENSP00000302719,1.3,1
9606.ENSP00000302724,0,0
9606.ENSP00000302728,16.5,1
9606.ENSP00000302756,0.1,1
9606.ENSP00000302768,249.3,1
9606.ENSP00000302770,1.2,1
9606.ENSP00000302783,173.8,1
9606.ENSP00000302790,131.6,1
9606.ENSP00000302801,23.5,1
9606.ENSP00000302805,0,0
9606.ENSP00000302811,0,0
9606.ENSP00000302814,0,0
9606.ENSP00000302830,46.1,1
9606.ENSP00000302833,0,0
9606.ENSP00000302836,0.5,1
9606.ENSP00000302843,4.5,1
9606.ENSP00000302846,0.2,1
9606.ENSP00000302851,0,0
9606.ENSP00000302855,0,0
9606.ENSP00000302863,0,0
9606.ENSP00000302867,0,0
9606.ENSP00000302886,574.2,1
9606.ENSP00000302895,1.3,1
9606.ENSP00000302896,922.7,1
9606.ENSP00000302898,0,0
9606.ENSP00000302913,12.8,1
9606.ENSP00000302924,1.5,1
9606.ENSP00000302935,0,0
9606.ENSP00000302936,0,0
9606.ENSP00000302938,0,0
9606.ENSP00000302961,259.4,1
9606.ENSP00000302967,72.9,1
9606.ENSP00000302978,0.8,1
9606.ENSP00000303015,15.6,1
9606.ENSP00000303028,0,0
9606.ENSP00000303042,0.2,1
9606.ENSP00000303057,18.9,1
9606.ENSP00000303058,9.2,1
9606.ENSP00000303061,0,0
9606.ENSP00000303070,0,0
9606.ENSP00000303076,0,0
9606.ENSP00000303077,0,0
9606.ENSP00000303096,0,0
9606.ENSP00000303111,0,0
9606.ENSP00000303129,0,0
9606.ENSP00000303145,80.4,1
9606.ENSP00000303147,369.6,1
9606.ENSP00000303148,3,1
9606.ENSP00000303149,4.3,1
9606.ENSP00000303151,0,0
9606.ENSP00000303153,0,0
9606.ENSP00000303158,0.1,1
9606.ENSP00000303174,0.1,1
9606.ENSP00000303192,1.8,1
9606.ENSP00000303206,0,0
9606.ENSP00000303208,3.5,1
9606.ENSP00000303211,2,1
9606.ENSP00000303212,3.4,1
9606.ENSP00000303222,77.7,1
9606.ENSP00000303231,0.8,1
9606.ENSP00000303246,0,0
9606.ENSP00000303252,0.4,1
9606.ENSP00000303276,0,0
9606.ENSP00000303315,2.5,1
9606.ENSP00000303325,0,0
9606.ENSP00000303356,59.6,1
9606.ENSP00000303366,69.6,1
9606.ENSP00000303373,0.8,1
9606.ENSP00000303394,0,0
9606.ENSP00000303398,13.9,1
9606.ENSP00000303423,63.1,1
9606.ENSP00000303424,0,0
9606.ENSP00000303427,86.9,1
9606.ENSP00000303434,15.9,1
9606.ENSP00000303437,1.9,1
9606.ENSP00000303452,0,0
9606.ENSP00000303468,8.9,1
9606.ENSP00000303469,0,0
9606.ENSP00000303482,29.6,1
9606.ENSP00000303490,11.3,1
9606.ENSP00000303507,3.6,1
9606.ENSP00000303508,0.2,1
9606.ENSP00000303511,28.7,1
9606.ENSP00000303522,0,0
9606.ENSP00000303525,18.8,1
9606.ENSP00000303532,0,0
9606.ENSP00000303533,12.9,1
9606.ENSP00000303540,0,0
9606.ENSP00000303549,0,0
9606.ENSP00000303550,0,0
9606.ENSP00000303570,15.4,1
9606.ENSP00000303575,32.1,1
9606.ENSP00000303580,47.3,1
9606.ENSP00000303584,5.4,1
9606.ENSP00000303634,13.3,1
9606.ENSP00000303686,0,0
9606.ENSP00000303696,7.5,1
9606.ENSP00000303706,86.6,1
9606.ENSP00000303709,232.5,1
9606.ENSP00000303754,127.9,1
9606.ENSP00000303758,24.5,1
9606.ENSP00000303766,1.2,1
9606.ENSP00000303769,3.7,1
9606.ENSP00000303775,0,0
9606.ENSP00000303777,0,0
9606.ENSP00000303822,0,0
9606.ENSP00000303830,8.9,1
9606.ENSP00000303834,0.4,1
9606.ENSP00000303862,0,0
9606.ENSP00000303864,0,0
9606.ENSP00000303887,3.5,1
9606.ENSP00000303908,11.9,1
9606.ENSP00000303909,4,1
9606.ENSP00000303915,21.6,1
9606.ENSP00000303920,0,0
9606.ENSP00000303928,13.7,1
9606.ENSP00000303939,0,0
9606.ENSP00000303942,0,0
9606.ENSP00000303960,0,0
9606.ENSP00000303963,0,0
9606.ENSP00000303987,17.3,1
9606.ENSP00000303992,47.1,1
9606.ENSP00000303997,9.8,1
9606.ENSP00000304004,0.4,1
9606.ENSP00000304032,1.1,1
9606.ENSP00000304051,18.3,1
9606.ENSP00000304060,0,0
9606.ENSP00000304071,0,0
9606.ENSP00000304077,0,0
9606.ENSP00000304078,0,0
9606.ENSP00000304102,155.1,1
9606.ENSP00000304108,9.9,1
9606.ENSP00000304127,4.7,1
9606.ENSP00000304133,0.2,1
9606.ENSP00000304139,0,0
9606.ENSP00000304169,0.1,1
9606.ENSP00000304188,0,0
9606.ENSP00000304192,18.8,1
9606.ENSP00000304226,10.2,1
9606.ENSP00000304229,315.4,1
9606.ENSP00000304234,0,0
9606.ENSP00000304235,0,0
9606.ENSP00000304236,0,0
9606.ENSP00000304250,0.1,1
9606.ENSP00000304268,19.3,1
9606.ENSP00000304277,1.9,1
9606.ENSP00000304283,43,1
9606.ENSP00000304286,0,0
9606.ENSP00000304290,1.4,1
9606.ENSP00000304292,29.6,1
9606.ENSP00000304327,116,1
9606.ENSP00000304331,0,0
9606.ENSP00000304336,0,0
9606.ENSP00000304353,70.1,1
9606.ENSP00000304355,3.9,1
9606.ENSP00000304360,12.9,1
9606.ENSP00000304364,16.2,1
9606.ENSP00000304376,17.7,1
9606.ENSP00000304408,1.1,1
9606.ENSP00000304410,7.9,1
9606.ENSP00000304419,0,0
9606.ENSP00000304422,1.3,1
9606.ENSP00000304429,16.8,1
9606.ENSP00000304437,0,0
9606.ENSP00000304440,2.9,1
9606.ENSP00000304467,37.8,1
9606.ENSP00000304501,7.9,1
9606.ENSP00000304502,4.7,1
9606.ENSP00000304553,3,1
9606.ENSP00000304586,8.2,1
9606.ENSP00000304592,79.2,1
9606.ENSP00000304593,56.5,1
9606.ENSP00000304604,9.1,1
9606.ENSP00000304642,7.8,1
9606.ENSP00000304643,0,0
9606.ENSP00000304669,165.9,1
9606.ENSP00000304670,11.7,1
9606.ENSP00000304676,0,0
9606.ENSP00000304689,14.6,1
9606.ENSP00000304697,0.8,1
9606.ENSP00000304713,30.1,1
9606.ENSP00000304762,0,0
9606.ENSP00000304767,3.9,1
9606.ENSP00000304769,2.2,1
9606.ENSP00000304782,1.1,1
9606.ENSP00000304783,0,0
9606.ENSP00000304802,87.8,1
9606.ENSP00000304807,0.1,1
9606.ENSP00000304811,0,0
9606.ENSP00000304822,0,0
9606.ENSP00000304845,0,0
9606.ENSP00000304846,0.2,1
9606.ENSP00000304854,12.6,1
9606.ENSP00000304891,4.2,1
9606.ENSP00000304895,1.2,1
9606.ENSP00000304903,57,1
9606.ENSP00000304908,0.1,1
9606.ENSP00000304915,0,0
9606.ENSP00000304923,7,1
9606.ENSP00000304926,0,0
9606.ENSP00000304930,0.4,1
9606.ENSP00000304941,6.2,1
9606.ENSP00000304945,0,0
9606.ENSP00000304956,1.5,1
9606.ENSP00000304987,0,0
9606.ENSP00000305005,0,0
9606.ENSP00000305011,0,0
9606.ENSP00000305055,0,0
9606.ENSP00000305069,26.8,1
9606.ENSP00000305071,21.9,1
9606.ENSP00000305077,0,0
9606.ENSP00000305107,0,0
9606.ENSP00000305133,9.9,1
9606.ENSP00000305138,2.4,1
9606.ENSP00000305151,14.1,1
9606.ENSP00000305161,3.5,1
9606.ENSP00000305193,23.1,1
9606.ENSP00000305204,20.4,1
9606.ENSP00000305207,0,0
9606.ENSP00000305221,0,0
9606.ENSP00000305230,450.8,1
9606.ENSP00000305244,0,0
9606.ENSP00000305255,35.5,1
9606.ENSP00000305260,177.7,1
9606.ENSP00000305263,0,0
9606.ENSP00000305288,7.9,1
9606.ENSP00000305302,0,0
9606.ENSP00000305334,0,0
9606.ENSP00000305343,0,0
9606.ENSP00000305355,0.5,1
9606.ENSP00000305372,0,0
9606.ENSP00000305373,3.8,1
9606.ENSP00000305403,0,0
9606.ENSP00000305416,1.8,1
9606.ENSP00000305422,3.7,1
9606.ENSP00000305424,0.5,1
9606.ENSP00000305426,26.8,1
9606.ENSP00000305442,10.8,1
9606.ENSP00000305449,12.6,1
9606.ENSP00000305459,29.5,1
9606.ENSP00000305465,0,0
9606.ENSP00000305469,0,0
9606.ENSP00000305480,214.3,1
9606.ENSP00000305494,14.8,1
9606.ENSP00000305529,0,0
9606.ENSP00000305533,4.6,1
9606.ENSP00000305556,388.4,1
9606.ENSP00000305595,13.3,1
9606.ENSP00000305596,0,0
9606.ENSP00000305603,0,0
9606.ENSP00000305613,0.4,1
9606.ENSP00000305631,0.2,1
9606.ENSP00000305632,52.7,1
9606.ENSP00000305640,0,0
9606.ENSP00000305647,0,0
9606.ENSP00000305651,0,0
9606.ENSP00000305653,29.8,1
9606.ENSP00000305654,19.2,1
9606.ENSP00000305664,18.8,1
9606.ENSP00000305675,0,0
9606.ENSP00000305682,128.5,1
9606.ENSP00000305692,4.1,1
9606.ENSP00000305696,21.8,1
9606.ENSP00000305699,22.1,1
9606.ENSP00000305702,0.6,1
9606.ENSP00000305714,5.1,1
9606.ENSP00000305721,9.8,1
9606.ENSP00000305725,4.9,1
9606.ENSP00000305731,0,0
9606.ENSP00000305742,6.3,1
9606.ENSP00000305766,0,0
9606.ENSP00000305777,26.7,1
9606.ENSP00000305790,98,1
9606.ENSP00000305810,34.6,1
9606.ENSP00000305839,6.3,1
9606.ENSP00000305847,0.1,1
9606.ENSP00000305852,0,0
9606.ENSP00000305875,2.8,1
9606.ENSP00000305877,0.5,1
9606.ENSP00000305892,64.4,1
9606.ENSP00000305899,26.2,1
9606.ENSP00000305906,0,0
9606.ENSP00000305918,29.4,1
9606.ENSP00000305919,0.2,1
9606.ENSP00000305924,4.5,1
9606.ENSP00000305926,1,1
9606.ENSP00000305941,0,0
9606.ENSP00000305970,0,0
9606.ENSP00000305974,0.3,1
9606.ENSP00000305975,0,0
9606.ENSP00000305976,8.2,1
9606.ENSP00000305988,10.6,1
9606.ENSP00000305995,0,0
9606.ENSP00000306003,668.9,1
9606.ENSP00000306010,234,1
9606.ENSP00000306015,0.4,1
9606.ENSP00000306070,5.1,1
9606.ENSP00000306080,33,1
9606.ENSP00000306095,0,0
9606.ENSP00000306099,0,0
9606.ENSP00000306100,11,1
9606.ENSP00000306105,16.9,1
9606.ENSP00000306106,63.1,1
9606.ENSP00000306117,75.3,1
9606.ENSP00000306123,37.9,1
9606.ENSP00000306124,2.5,1
9606.ENSP00000306129,0,0
9606.ENSP00000306138,0,0
9606.ENSP00000306157,0.2,1
9606.ENSP00000306163,0,0
9606.ENSP00000306185,4.4,1
9606.ENSP00000306190,0,0
9606.ENSP00000306220,45,1
9606.ENSP00000306245,3.6,1
9606.ENSP00000306253,2.2,1
9606.ENSP00000306261,0,0
9606.ENSP00000306275,0,0
9606.ENSP00000306320,18.3,1
9606.ENSP00000306324,2.3,1
9606.ENSP00000306328,22.2,1
9606.ENSP00000306330,254.3,1
9606.ENSP00000306335,1.6,1
9606.ENSP00000306344,13.3,1
9606.ENSP00000306361,0,0
9606.ENSP00000306362,328.1,1
9606.ENSP00000306372,29.3,1
9606.ENSP00000306390,0,0
9606.ENSP00000306396,19.1,1
9606.ENSP00000306397,83.4,1
9606.ENSP00000306410,1.2,1
9606.ENSP00000306425,40.7,1
9606.ENSP00000306449,2.2,1
9606.ENSP00000306459,12.7,1
9606.ENSP00000306461,0,0
9606.ENSP00000306473,29.3,1
9606.ENSP00000306490,0,0
9606.ENSP00000306496,6.1,1
9606.ENSP00000306497,0.5,1
9606.ENSP00000306512,0,0
9606.ENSP00000306522,53.6,1
9606.ENSP00000306523,0,0
9606.ENSP00000306528,58.1,1
9606.ENSP00000306548,82.1,1
9606.ENSP00000306561,12.1,1
9606.ENSP00000306564,0.4,1
9606.ENSP00000306565,1.1,1
9606.ENSP00000306606,0.5,1
9606.ENSP00000306607,0,0
9606.ENSP00000306614,150.8,1
9606.ENSP00000306625,12,1
9606.ENSP00000306627,0,0
9606.ENSP00000306637,12.3,1
9606.ENSP00000306651,0,0
9606.ENSP00000306657,0,0
9606.ENSP00000306662,0,0
9606.ENSP00000306670,23.1,1
9606.ENSP00000306678,0,0
9606.ENSP00000306682,4.9,1
9606.ENSP00000306688,0,0
9606.ENSP00000306752,129.9,1
9606.ENSP00000306754,0,0
9606.ENSP00000306756,12.1,1
9606.ENSP00000306760,6,1
9606.ENSP00000306772,34.4,1
9606.ENSP00000306776,1.7,1
9606.ENSP00000306788,303.7,1
9606.ENSP00000306817,0.6,1
9606.ENSP00000306822,12.2,1
9606.ENSP00000306844,10.2,1
9606.ENSP00000306864,0,0
9606.ENSP00000306866,428.1,1
9606.ENSP00000306869,2.4,1
9606.ENSP00000306881,99.6,1
9606.ENSP00000306884,0,0
9606.ENSP00000306887,53.8,1
9606.ENSP00000306888,0,0
9606.ENSP00000306894,0.8,1
9606.ENSP00000306900,0,0
9606.ENSP00000306906,83.5,1
9606.ENSP00000306918,0,0
9606.ENSP00000306920,38.1,1
9606.ENSP00000306968,122.4,1
9606.ENSP00000306974,0,0
9606.ENSP00000306983,31.8,1
9606.ENSP00000306991,0,0
9606.ENSP00000306997,0,0
9606.ENSP00000306999,22,1
9606.ENSP00000307004,0.3,1
9606.ENSP00000307014,0,0
9606.ENSP00000307023,6.8,1
9606.ENSP00000307041,2.7,1
9606.ENSP00000307046,114.3,1
9606.ENSP00000307078,117.6,1
9606.ENSP00000307093,3.4,1
9606.ENSP00000307126,0,0
9606.ENSP00000307129,0,0
9606.ENSP00000307130,0,0
9606.ENSP00000307132,0,0
9606.ENSP00000307134,0,0
9606.ENSP00000307142,0,0
9606.ENSP00000307143,43.6,1
9606.ENSP00000307159,0,0
9606.ENSP00000307164,0,0
9606.ENSP00000307181,77.1,1
9606.ENSP00000307183,10.4,1
9606.ENSP00000307188,7.1,1
9606.ENSP00000307197,0,0
9606.ENSP00000307199,0,0
9606.ENSP00000307208,74.4,1
9606.ENSP00000307214,0,0
9606.ENSP00000307234,0,0
9606.ENSP00000307235,1.6,1
9606.ENSP00000307240,0,0
9606.ENSP00000307241,113.2,1
9606.ENSP00000307259,0,0
9606.ENSP00000307260,18.2,1
9606.ENSP00000307264,39.1,1
9606.ENSP00000307265,4.7,1
9606.ENSP00000307272,10.5,1
9606.ENSP00000307275,9,1
9606.ENSP00000307280,0,0
9606.ENSP00000307288,439.3,1
9606.ENSP00000307292,0,0
9606.ENSP00000307297,23.7,1
9606.ENSP00000307298,66.5,1
9606.ENSP00000307305,28.9,1
9606.ENSP00000307321,4.1,1
9606.ENSP00000307342,0,0
9606.ENSP00000307369,0.4,1
9606.ENSP00000307411,43.3,1
9606.ENSP00000307423,32.9,1
9606.ENSP00000307443,0,0
9606.ENSP00000307449,1.9,1
9606.ENSP00000307461,0.9,1
9606.ENSP00000307479,10.5,1
9606.ENSP00000307491,30.3,1
9606.ENSP00000307508,0,0
9606.ENSP00000307513,4,1
9606.ENSP00000307515,0,0
9606.ENSP00000307519,0,0
9606.ENSP00000307540,0,0
9606.ENSP00000307549,32,1
9606.ENSP00000307552,0.2,1
9606.ENSP00000307567,166.3,1
9606.ENSP00000307598,0,0
9606.ENSP00000307599,0,0
9606.ENSP00000307604,17.5,1
9606.ENSP00000307607,0,0
9606.ENSP00000307634,15.8,1
9606.ENSP00000307636,0,0
9606.ENSP00000307640,0.1,1
9606.ENSP00000307666,10.4,1
9606.ENSP00000307674,27.1,1
9606.ENSP00000307684,43.9,1
9606.ENSP00000307694,0,0
9606.ENSP00000307697,0,0
9606.ENSP00000307701,9.6,1
9606.ENSP00000307705,0.3,1
9606.ENSP00000307706,241.2,1
9606.ENSP00000307722,0,0
9606.ENSP00000307726,0,0
9606.ENSP00000307741,17.2,1
9606.ENSP00000307746,4.2,1
9606.ENSP00000307766,0,0
9606.ENSP00000307774,0,0
9606.ENSP00000307786,396.5,1
9606.ENSP00000307801,0,0
9606.ENSP00000307822,0,0
9606.ENSP00000307831,0,0
9606.ENSP00000307833,45.2,1
9606.ENSP00000307850,42.7,1
9606.ENSP00000307853,19.9,1
9606.ENSP00000307854,17.6,1
9606.ENSP00000307858,3.6,1
9606.ENSP00000307863,299.3,1
9606.ENSP00000307879,2.4,1
9606.ENSP00000307889,1279.4,1
9606.ENSP00000307900,51.8,1
9606.ENSP00000307911,2.3,1
9606.ENSP00000307939,10,1
9606.ENSP00000307940,919.4,1
9606.ENSP00000307951,0,0
9606.ENSP00000307954,3.6,1
9606.ENSP00000307958,0,0
9606.ENSP00000307959,34.4,1
9606.ENSP00000307971,3.9,1
9606.ENSP00000307975,11.5,1
9606.ENSP00000308000,19.8,1
9606.ENSP00000308012,0,0
9606.ENSP00000308022,16.3,1
9606.ENSP00000308024,0,0
9606.ENSP00000308032,16.6,1
9606.ENSP00000308057,2.7,1
9606.ENSP00000308082,0,0
9606.ENSP00000308117,0.2,1
9606.ENSP00000308122,0,0
9606.ENSP00000308149,0,0
9606.ENSP00000308179,55,1
9606.ENSP00000308193,14,1
9606.ENSP00000308208,0.3,1
9606.ENSP00000308219,10.4,1
9606.ENSP00000308236,18,1
9606.ENSP00000308258,15.7,1
9606.ENSP00000308270,0,0
9606.ENSP00000308275,79.2,1
9606.ENSP00000308279,0,0
9606.ENSP00000308292,0,0
9606.ENSP00000308315,0,0
9606.ENSP00000308318,1.3,1
9606.ENSP00000308330,0,0
9606.ENSP00000308332,18.2,1
9606.ENSP00000308334,2.3,1
9606.ENSP00000308339,0.4,1
9606.ENSP00000308351,4.3,1
9606.ENSP00000308354,1.3,1
9606.ENSP00000308361,0,0
9606.ENSP00000308368,4.2,1
9606.ENSP00000308369,18.5,1
9606.ENSP00000308405,286.9,1
9606.ENSP00000308413,25.9,1
9606.ENSP00000308430,224.4,1
9606.ENSP00000308452,0.1,1
9606.ENSP00000308461,3.1,1
9606.ENSP00000308472,0.7,1
9606.ENSP00000308479,0,0
9606.ENSP00000308496,0.1,1
9606.ENSP00000308515,21.8,1
9606.ENSP00000308533,45.6,1
9606.ENSP00000308535,0,0
9606.ENSP00000308541,0.1,1
9606.ENSP00000308546,43,1
9606.ENSP00000308548,0.9,1
9606.ENSP00000308576,1.6,1
9606.ENSP00000308578,8.5,1
9606.ENSP00000308583,16.1,1
9606.ENSP00000308591,0,0
9606.ENSP00000308597,0.1,1
9606.ENSP00000308606,0,0
9606.ENSP00000308610,28.9,1
9606.ENSP00000308622,45.9,1
9606.ENSP00000308689,0,0
9606.ENSP00000308695,27.2,1
9606.ENSP00000308708,0,0
9606.ENSP00000308714,0,0
9606.ENSP00000308716,0.1,1
9606.ENSP00000308717,37.3,1
9606.ENSP00000308720,0,0
9606.ENSP00000308725,27.9,1
9606.ENSP00000308727,13.7,1
9606.ENSP00000308733,0,0
9606.ENSP00000308741,9.5,1
9606.ENSP00000308750,43,1
9606.ENSP00000308753,20.7,1
9606.ENSP00000308759,14.1,1
9606.ENSP00000308764,0,0
9606.ENSP00000308770,0.1,1
9606.ENSP00000308772,0,0
9606.ENSP00000308782,0.1,1
9606.ENSP00000308815,0,0
9606.ENSP00000308820,0,0
9606.ENSP00000308873,0.2,1
9606.ENSP00000308893,0.4,1
9606.ENSP00000308895,9,1
9606.ENSP00000308897,66.5,1
9606.ENSP00000308908,0,0
9606.ENSP00000308921,3.9,1
9606.ENSP00000308925,0,0
9606.ENSP00000308926,1.1,1
9606.ENSP00000308938,0,0
9606.ENSP00000308944,60.1,1
9606.ENSP00000308970,0,0
9606.ENSP00000308976,0,0
9606.ENSP00000309007,12.4,1
9606.ENSP00000309012,0,0
9606.ENSP00000309031,6.2,1
9606.ENSP00000309036,15.9,1
9606.ENSP00000309052,0,0
9606.ENSP00000309087,1.3,1
9606.ENSP00000309092,18.6,1
9606.ENSP00000309096,32,1
9606.ENSP00000309116,0,0
9606.ENSP00000309117,0,0
9606.ENSP00000309124,0,0
9606.ENSP00000309126,23.7,1
9606.ENSP00000309132,0.1,1
9606.ENSP00000309141,4.9,1
9606.ENSP00000309142,24.8,1
9606.ENSP00000309161,0.6,1
9606.ENSP00000309163,17.1,1
9606.ENSP00000309175,42.2,1
9606.ENSP00000309186,0.2,1
9606.ENSP00000309189,0,0
9606.ENSP00000309198,52.6,1
9606.ENSP00000309233,4.1,1
9606.ENSP00000309262,59,1
9606.ENSP00000309270,0,0
9606.ENSP00000309285,0.5,1
9606.ENSP00000309330,10.5,1
9606.ENSP00000309334,2257.1,1
9606.ENSP00000309336,0.1,1
9606.ENSP00000309338,0.4,1
9606.ENSP00000309376,136.9,1
9606.ENSP00000309402,2,1
9606.ENSP00000309415,51.4,1
9606.ENSP00000309429,1.9,1
9606.ENSP00000309430,32.4,1
9606.ENSP00000309431,0,0
9606.ENSP00000309432,20.5,1
9606.ENSP00000309439,5.5,1
9606.ENSP00000309457,61.7,1
9606.ENSP00000309463,2.8,1
9606.ENSP00000309474,169.4,1
9606.ENSP00000309477,51.3,1
9606.ENSP00000309493,0,0
9606.ENSP00000309501,0,0
9606.ENSP00000309504,0.6,1
9606.ENSP00000309515,0.4,1
9606.ENSP00000309521,0,0
9606.ENSP00000309524,0,0
9606.ENSP00000309538,0,0
9606.ENSP00000309539,106.6,1
9606.ENSP00000309542,0,0
9606.ENSP00000309548,20.8,1
9606.ENSP00000309555,41.8,1
9606.ENSP00000309561,25.8,1
9606.ENSP00000309565,742.2,1
9606.ENSP00000309570,13.9,1
9606.ENSP00000309572,1,1
9606.ENSP00000309591,26.7,1
9606.ENSP00000309595,52.2,1
9606.ENSP00000309597,12.2,1
9606.ENSP00000309606,6.7,1
9606.ENSP00000309610,9.2,1
9606.ENSP00000309640,16.8,1
9606.ENSP00000309644,91.1,1
9606.ENSP00000309649,0,0
9606.ENSP00000309653,0,0
9606.ENSP00000309673,0,0
9606.ENSP00000309689,5.5,1
9606.ENSP00000309714,18.7,1
9606.ENSP00000309741,1.4,1
9606.ENSP00000309749,1.7,1
9606.ENSP00000309751,4.1,1
9606.ENSP00000309757,0.8,1
9606.ENSP00000309767,0,0
9606.ENSP00000309772,0.4,1
9606.ENSP00000309782,0.1,1
9606.ENSP00000309790,23.9,1
9606.ENSP00000309792,5.4,1
9606.ENSP00000309794,45.8,1
9606.ENSP00000309830,1888.2,1
9606.ENSP00000309836,0,0
9606.ENSP00000309899,23.8,1
9606.ENSP00000309913,16.3,1
9606.ENSP00000309945,36.4,1
9606.ENSP00000309953,0,0
9606.ENSP00000309968,16.4,1
9606.ENSP00000310003,3.6,1
9606.ENSP00000310006,14.6,1
9606.ENSP00000310008,3.4,1
9606.ENSP00000310015,16.4,1
9606.ENSP00000310036,0,0
9606.ENSP00000310042,27.5,1
9606.ENSP00000310057,0,0
9606.ENSP00000310094,20.4,1
9606.ENSP00000310110,1.9,1
9606.ENSP00000310111,0,0
9606.ENSP00000310117,112.2,1
9606.ENSP00000310120,5.7,1
9606.ENSP00000310129,290.3,1
9606.ENSP00000310149,0,0
9606.ENSP00000310170,19.6,1
9606.ENSP00000310182,3.9,1
9606.ENSP00000310205,5.5,1
9606.ENSP00000310208,108.3,1
9606.ENSP00000310216,0,0
9606.ENSP00000310219,0.5,1
9606.ENSP00000310226,140.7,1
9606.ENSP00000310241,0,0
9606.ENSP00000310244,2.4,1
9606.ENSP00000310255,0,0
9606.ENSP00000310260,45.2,1
9606.ENSP00000310263,13.7,1
9606.ENSP00000310275,641.7,1
9606.ENSP00000310301,57.8,1
9606.ENSP00000310303,0,0
9606.ENSP00000310305,0.9,1
9606.ENSP00000310332,33.9,1
9606.ENSP00000310335,1,1
9606.ENSP00000310337,0,0
9606.ENSP00000310338,31.3,1
9606.ENSP00000310356,32.4,1
9606.ENSP00000310375,0,0
9606.ENSP00000310405,0,0
9606.ENSP00000310406,0,0
9606.ENSP00000310431,0,0
9606.ENSP00000310435,0.1,1
9606.ENSP00000310447,0,0
9606.ENSP00000310448,34.6,1
9606.ENSP00000310459,15.6,1
9606.ENSP00000310472,1.5,1
9606.ENSP00000310488,0,0
9606.ENSP00000310490,0,0
9606.ENSP00000310491,22.4,1
9606.ENSP00000310515,0,0
9606.ENSP00000310520,8,1
9606.ENSP00000310521,16,1
9606.ENSP00000310547,0.1,1
9606.ENSP00000310551,38.8,1
9606.ENSP00000310557,1.8,1
9606.ENSP00000310561,9,1
9606.ENSP00000310565,1.7,1
9606.ENSP00000310572,239.1,1
9606.ENSP00000310573,0,0
9606.ENSP00000310585,0,0
9606.ENSP00000310593,11.7,1
9606.ENSP00000310594,0,0
9606.ENSP00000310596,61.2,1
9606.ENSP00000310620,0,0
9606.ENSP00000310622,0,0
9606.ENSP00000310623,76.2,1
9606.ENSP00000310631,0,0
9606.ENSP00000310632,0,0
9606.ENSP00000310649,7,1
9606.ENSP00000310657,8.1,1
9606.ENSP00000310661,0,0
9606.ENSP00000310668,143.3,1
9606.ENSP00000310670,214.5,1
9606.ENSP00000310686,10.1,1
9606.ENSP00000310688,0,0
9606.ENSP00000310696,36.8,1
9606.ENSP00000310704,0.1,1
9606.ENSP00000310721,0.2,1
9606.ENSP00000310722,0,0
9606.ENSP00000310723,168.1,1
9606.ENSP00000310726,18.3,1
9606.ENSP00000310770,0,0
9606.ENSP00000310773,0,0
9606.ENSP00000310788,0,0
9606.ENSP00000310796,10.9,1
9606.ENSP00000310801,0,0
9606.ENSP00000310803,3.5,1
9606.ENSP00000310829,0.8,1
9606.ENSP00000310832,6.8,1
9606.ENSP00000310841,8.3,1
9606.ENSP00000310842,196.8,1
9606.ENSP00000310856,0,0
9606.ENSP00000310861,0,0
9606.ENSP00000310873,23.9,1
9606.ENSP00000310880,0.2,1
9606.ENSP00000310901,75.3,1
9606.ENSP00000310928,13,1
9606.ENSP00000310933,25.2,1
9606.ENSP00000310978,7.7,1
9606.ENSP00000310998,4.4,1
9606.ENSP00000311005,10.4,1
9606.ENSP00000311010,0,0
9606.ENSP00000311030,0,0
9606.ENSP00000311032,52.1,1
9606.ENSP00000311035,0,0
9606.ENSP00000311038,0,0
9606.ENSP00000311083,468,1
9606.ENSP00000311095,0,0
9606.ENSP00000311121,0,0
9606.ENSP00000311122,5.5,1
9606.ENSP00000311127,15.8,1
9606.ENSP00000311135,19.8,1
9606.ENSP00000311165,0,0
9606.ENSP00000311183,0.7,1
9606.ENSP00000311184,0,0
9606.ENSP00000311196,0.1,1
9606.ENSP00000311218,0,0
9606.ENSP00000311219,0,0
9606.ENSP00000311221,4.6,1
9606.ENSP00000311224,0,0
9606.ENSP00000311257,7.4,1
9606.ENSP00000311273,0,0
9606.ENSP00000311280,20.5,1
9606.ENSP00000311290,0,0
9606.ENSP00000311291,0.1,1
9606.ENSP00000311300,0,0
9606.ENSP00000311313,0,0
9606.ENSP00000311318,7.3,1
9606.ENSP00000311319,10.9,1
9606.ENSP00000311336,0.5,1
9606.ENSP00000311343,0,0
9606.ENSP00000311344,53.4,1
9606.ENSP00000311360,6,1
9606.ENSP00000311364,0,0
9606.ENSP00000311368,0.4,1
9606.ENSP00000311398,0,0
9606.ENSP00000311399,32.6,1
9606.ENSP00000311401,14.4,1
9606.ENSP00000311405,9.2,1
9606.ENSP00000311427,15.7,1
9606.ENSP00000311429,156.4,1
9606.ENSP00000311430,7026.5,1
9606.ENSP00000311436,0,0
9606.ENSP00000311447,2,1
9606.ENSP00000311449,68.4,1
9606.ENSP00000311453,33.8,1
9606.ENSP00000311469,0.1,1
9606.ENSP00000311477,0,0
9606.ENSP00000311479,0,0
9606.ENSP00000311486,6.9,1
9606.ENSP00000311492,0,0
9606.ENSP00000311500,7.2,1
9606.ENSP00000311502,7.4,1
9606.ENSP00000311505,30.5,1
9606.ENSP00000311513,36.8,1
9606.ENSP00000311521,1.7,1
9606.ENSP00000311528,2.8,1
9606.ENSP00000311538,0,0
9606.ENSP00000311545,0,0
9606.ENSP00000311579,16.5,1
9606.ENSP00000311605,0,0
9606.ENSP00000311609,0.7,1
9606.ENSP00000311648,0,0
9606.ENSP00000311657,0,0
9606.ENSP00000311665,33.5,1
9606.ENSP00000311677,101.3,1
9606.ENSP00000311679,1.1,1
9606.ENSP00000311684,2.5,1
9606.ENSP00000311687,0.3,1
9606.ENSP00000311688,0,0
9606.ENSP00000311695,2.4,1
9606.ENSP00000311697,0.1,1
9606.ENSP00000311712,0,0
9606.ENSP00000311713,57.8,1
9606.ENSP00000311733,0,0
9606.ENSP00000311746,0,0
9606.ENSP00000311747,63.4,1
9606.ENSP00000311760,0,0
9606.ENSP00000311766,28.1,1
9606.ENSP00000311778,10.6,1
9606.ENSP00000311816,13.2,1
9606.ENSP00000311825,83.8,1
9606.ENSP00000311827,24.6,1
9606.ENSP00000311833,0.4,1
9606.ENSP00000311837,1.7,1
9606.ENSP00000311857,39,1
9606.ENSP00000311862,0,0
9606.ENSP00000311899,0,0
9606.ENSP00000311905,10.6,1
9606.ENSP00000311957,17.8,1
9606.ENSP00000311962,49.1,1
9606.ENSP00000311977,7.3,1
9606.ENSP00000311984,16.3,1
9606.ENSP00000311997,0,0
9606.ENSP00000312002,0,0
9606.ENSP00000312017,57.3,1
9606.ENSP00000312021,1.9,1
9606.ENSP00000312027,0,0
9606.ENSP00000312029,13.3,1
9606.ENSP00000312066,98.2,1
9606.ENSP00000312070,6.1,1
9606.ENSP00000312081,6,1
9606.ENSP00000312082,0,0
9606.ENSP00000312107,12.7,1
9606.ENSP00000312126,0,0
9606.ENSP00000312129,0,0
9606.ENSP00000312134,0,0
9606.ENSP00000312141,5.3,1
9606.ENSP00000312143,25.9,1
9606.ENSP00000312150,7,1
9606.ENSP00000312158,22.1,1
9606.ENSP00000312185,0,0
9606.ENSP00000312208,0,0
9606.ENSP00000312222,7.9,1
9606.ENSP00000312224,13,1
9606.ENSP00000312244,29.7,1
9606.ENSP00000312250,56.6,1
9606.ENSP00000312262,41.3,1
9606.ENSP00000312272,1.5,1
9606.ENSP00000312273,0,0
9606.ENSP00000312277,19.4,1
9606.ENSP00000312284,0,0
9606.ENSP00000312286,0.1,1
9606.ENSP00000312293,18.6,1
9606.ENSP00000312299,0,0
9606.ENSP00000312304,11.3,1
9606.ENSP00000312311,107.4,1
9606.ENSP00000312318,29.5,1
9606.ENSP00000312326,0.8,1
9606.ENSP00000312356,71.5,1
9606.ENSP00000312367,0,0
9606.ENSP00000312368,0.1,1
9606.ENSP00000312379,27.1,1
9606.ENSP00000312385,0,0
9606.ENSP00000312397,0.3,1
9606.ENSP00000312399,0,0
9606.ENSP00000312403,0,0
9606.ENSP00000312411,19.9,1
9606.ENSP00000312415,0,0
9606.ENSP00000312439,61.9,1
9606.ENSP00000312442,16.2,1
9606.ENSP00000312455,9.8,1
9606.ENSP00000312457,0.9,1
9606.ENSP00000312458,40.6,1
9606.ENSP00000312470,0,0
9606.ENSP00000312506,0.1,1
9606.ENSP00000312535,5.2,1
9606.ENSP00000312554,0,0
9606.ENSP00000312587,16.8,1
9606.ENSP00000312599,24.9,1
9606.ENSP00000312615,2.9,1
9606.ENSP00000312618,33.8,1
9606.ENSP00000312624,0.3,1
9606.ENSP00000312625,136.7,1
9606.ENSP00000312631,1.2,1
9606.ENSP00000312634,20.5,1
9606.ENSP00000312649,6.9,1
9606.ENSP00000312652,0,0
9606.ENSP00000312663,0,0
9606.ENSP00000312664,29.4,1
9606.ENSP00000312671,7.6,1
9606.ENSP00000312672,10.1,1
9606.ENSP00000312673,0,0
9606.ENSP00000312675,0.1,1
9606.ENSP00000312678,11,1
9606.ENSP00000312700,0,0
9606.ENSP00000312702,0,0
9606.ENSP00000312706,0,0
9606.ENSP00000312709,95.9,1
9606.ENSP00000312734,37.5,1
9606.ENSP00000312741,20,1
9606.ENSP00000312753,0.1,1
9606.ENSP00000312767,0,0
9606.ENSP00000312770,14.1,1
9606.ENSP00000312774,0,0
9606.ENSP00000312778,13.1,1
9606.ENSP00000312811,0,0
9606.ENSP00000312814,0,0
9606.ENSP00000312834,24,1
9606.ENSP00000312942,0,0
9606.ENSP00000312946,0,0
9606.ENSP00000312981,135.7,1
9606.ENSP00000312987,0,0
9606.ENSP00000312988,6.2,1
9606.ENSP00000312995,37.1,1
9606.ENSP00000312999,132.8,1
9606.ENSP00000313007,554.6,1
9606.ENSP00000313034,13.6,1
9606.ENSP00000313050,51.4,1
9606.ENSP00000313079,0.8,1
9606.ENSP00000313088,0,0
9606.ENSP00000313110,0,0
9606.ENSP00000313121,30.5,1
9606.ENSP00000313140,11.5,1
9606.ENSP00000313158,0,0
9606.ENSP00000313159,17.5,1
9606.ENSP00000313169,2.8,1
9606.ENSP00000313171,9.1,1
9606.ENSP00000313172,3.3,1
9606.ENSP00000313199,863.8,1
9606.ENSP00000313226,4.7,1
9606.ENSP00000313243,0,0
9606.ENSP00000313309,2.7,1
9606.ENSP00000313318,13.4,1
9606.ENSP00000313324,0.3,1
9606.ENSP00000313350,32.6,1
9606.ENSP00000313377,34.7,1
9606.ENSP00000313384,0,0
9606.ENSP00000313391,2,1
9606.ENSP00000313398,0,0
9606.ENSP00000313420,131.3,1
9606.ENSP00000313422,129.1,1
9606.ENSP00000313423,0,0
9606.ENSP00000313432,51.7,1
9606.ENSP00000313437,0,0
9606.ENSP00000313443,0,0
9606.ENSP00000313454,31.9,1
9606.ENSP00000313490,78.5,1
9606.ENSP00000313500,10.9,1
9606.ENSP00000313504,57,1
9606.ENSP00000313571,0,0
9606.ENSP00000313581,0.1,1
9606.ENSP00000313582,15,1
9606.ENSP00000313600,0,0
9606.ENSP00000313601,5.3,1
9606.ENSP00000313603,61.7,1
9606.ENSP00000313670,0,0
9606.ENSP00000313681,11.7,1
9606.ENSP00000313691,0,0
9606.ENSP00000313699,0,0
9606.ENSP00000313752,65.6,1
9606.ENSP00000313756,19.6,1
9606.ENSP00000313759,7,1
9606.ENSP00000313803,0,0
9606.ENSP00000313809,0.5,1
9606.ENSP00000313811,6,1
9606.ENSP00000313816,11.3,1
9606.ENSP00000313829,221.9,1
9606.ENSP00000313833,0.1,1
9606.ENSP00000313851,23.9,1
9606.ENSP00000313854,53.7,1
9606.ENSP00000313869,20.7,1
9606.ENSP00000313875,50,1
9606.ENSP00000313877,60.1,1
9606.ENSP00000313881,2.4,1
9606.ENSP00000313885,15.8,1
9606.ENSP00000313921,0.4,1
9606.ENSP00000313922,1,1
9606.ENSP00000313933,4.2,1
9606.ENSP00000313936,0,0
9606.ENSP00000313950,140.1,1
9606.ENSP00000313953,22.4,1
9606.ENSP00000313967,0,0
9606.ENSP00000313983,47,1
9606.ENSP00000313995,126.1,1
9606.ENSP00000314004,12.9,1
9606.ENSP00000314023,10.2,1
9606.ENSP00000314029,114.4,1
9606.ENSP00000314030,43,1
9606.ENSP00000314036,4.8,1
9606.ENSP00000314042,0,0
9606.ENSP00000314067,72.5,1
9606.ENSP00000314080,0.7,1
9606.ENSP00000314099,10.3,1
9606.ENSP00000314116,8.3,1
9606.ENSP00000314129,25.4,1
9606.ENSP00000314132,1.7,1
9606.ENSP00000314151,0,0
9606.ENSP00000314153,31.9,1
9606.ENSP00000314157,33.6,1
9606.ENSP00000314173,2,1
9606.ENSP00000314193,81.9,1
9606.ENSP00000314196,0,0
9606.ENSP00000314214,34.8,1
9606.ENSP00000314223,0.2,1
9606.ENSP00000314299,0,0
9606.ENSP00000314324,0,0
9606.ENSP00000314343,20.3,1
9606.ENSP00000314348,55.4,1
9606.ENSP00000314380,136.8,1
9606.ENSP00000314396,5.1,1
9606.ENSP00000314407,1.1,1
9606.ENSP00000314420,9.4,1
9606.ENSP00000314441,27.4,1
9606.ENSP00000314444,10.6,1
9606.ENSP00000314480,0,0
9606.ENSP00000314499,17.7,1
9606.ENSP00000314500,1,1
9606.ENSP00000314505,7.1,1
9606.ENSP00000314508,35.9,1
9606.ENSP00000314518,22.5,1
9606.ENSP00000314543,0,0
9606.ENSP00000314544,87.9,1
9606.ENSP00000314556,34.4,1
9606.ENSP00000314560,6.9,1
9606.ENSP00000314606,6.2,1
9606.ENSP00000314608,10.1,1
9606.ENSP00000314615,23.5,1
9606.ENSP00000314619,10.2,1
9606.ENSP00000314649,10.5,1
9606.ENSP00000314709,10.1,1
9606.ENSP00000314724,16.3,1
9606.ENSP00000314733,14.7,1
9606.ENSP00000314776,6,1
9606.ENSP00000314792,0,0
9606.ENSP00000314806,0,0
9606.ENSP00000314807,3,1
9606.ENSP00000314810,0,0
9606.ENSP00000314879,0.8,1
9606.ENSP00000314897,0,0
9606.ENSP00000314901,32.3,1
9606.ENSP00000314946,1.1,1
9606.ENSP00000314976,1.2,1
9606.ENSP00000314992,0.5,1
9606.ENSP00000315006,0,0
9606.ENSP00000315011,0.4,1
9606.ENSP00000315013,2.2,1
9606.ENSP00000315017,71.1,1
9606.ENSP00000315035,0,0
9606.ENSP00000315064,46.2,1
9606.ENSP00000315070,0,0
9606.ENSP00000315081,0,0
9606.ENSP00000315098,0,0
9606.ENSP00000315106,2.5,1
9606.ENSP00000315112,5.4,1
9606.ENSP00000315118,7,1
9606.ENSP00000315130,318.4,1
9606.ENSP00000315136,1.4,1
9606.ENSP00000315137,0.2,1
9606.ENSP00000315152,9.1,1
9606.ENSP00000315167,0.3,1
9606.ENSP00000315182,24.9,1
9606.ENSP00000315203,0,0
9606.ENSP00000315247,0,0
9606.ENSP00000315263,24.2,1
9606.ENSP00000315265,0.9,1
9606.ENSP00000315295,0.9,1
9606.ENSP00000315299,0,0
9606.ENSP00000315351,5.9,1
9606.ENSP00000315357,8.1,1
9606.ENSP00000315370,0,0
9606.ENSP00000315371,5,1
9606.ENSP00000315379,86.1,1
9606.ENSP00000315383,0.8,1
9606.ENSP00000315386,35.6,1
9606.ENSP00000315387,0.9,1
9606.ENSP00000315397,37.4,1
9606.ENSP00000315410,23.6,1
9606.ENSP00000315417,10.4,1
9606.ENSP00000315465,0.1,1
9606.ENSP00000315474,0,0
9606.ENSP00000315476,33.8,1
9606.ENSP00000315477,0,0
9606.ENSP00000315505,16.5,1
9606.ENSP00000315554,0,0
9606.ENSP00000315557,0,0
9606.ENSP00000315564,0,0
9606.ENSP00000315568,16.7,1
9606.ENSP00000315569,11.7,1
9606.ENSP00000315602,8.8,1
9606.ENSP00000315614,8,1
9606.ENSP00000315630,37.9,1
9606.ENSP00000315635,0,0
9606.ENSP00000315644,225.3,1
9606.ENSP00000315654,0,0
9606.ENSP00000315659,21.6,1
9606.ENSP00000315664,5.4,1
9606.ENSP00000315680,3.3,1
9606.ENSP00000315693,12,1
9606.ENSP00000315700,26.3,1
9606.ENSP00000315702,56,1
9606.ENSP00000315713,4.9,1
9606.ENSP00000315731,1.9,1
9606.ENSP00000315743,17.6,1
9606.ENSP00000315768,21,1
9606.ENSP00000315774,108.8,1
9606.ENSP00000315775,60.8,1
9606.ENSP00000315791,73.8,1
9606.ENSP00000315870,0,0
9606.ENSP00000315915,5,1
9606.ENSP00000315931,12.8,1
9606.ENSP00000315949,4.7,1
9606.ENSP00000315988,2.7,1
9606.ENSP00000315997,0,0
9606.ENSP00000316007,24.7,1
9606.ENSP00000316012,0,0
9606.ENSP00000316029,74.2,1
9606.ENSP00000316032,90,1
9606.ENSP00000316042,37.4,1
9606.ENSP00000316054,29.6,1
9606.ENSP00000316109,9.9,1
9606.ENSP00000316114,12.4,1
9606.ENSP00000316130,0.3,1
9606.ENSP00000316137,2.1,1
9606.ENSP00000316152,0,0
9606.ENSP00000316173,24.7,1
9606.ENSP00000316176,245.2,1
9606.ENSP00000316228,0,0
9606.ENSP00000316244,0,0
9606.ENSP00000316284,0,0
9606.ENSP00000316329,10.6,1
9606.ENSP00000316335,18.2,1
9606.ENSP00000316338,26.1,1
9606.ENSP00000316357,67.1,1
9606.ENSP00000316377,3.7,1
9606.ENSP00000316416,0,0
9606.ENSP00000316454,15.6,1
9606.ENSP00000316476,76.5,1
9606.ENSP00000316482,0.6,1
9606.ENSP00000316491,0,0
9606.ENSP00000316496,0,0
9606.ENSP00000316512,45.1,1
9606.ENSP00000316518,0,0
9606.ENSP00000316527,43.1,1
9606.ENSP00000316532,1.1,1
9606.ENSP00000316543,8.2,1
9606.ENSP00000316578,56,1
9606.ENSP00000316589,13.4,1
9606.ENSP00000316598,15,1
9606.ENSP00000316605,0,0
9606.ENSP00000316609,48.1,1
9606.ENSP00000316628,5.9,1
9606.ENSP00000316644,0,0
9606.ENSP00000316649,18.9,1
9606.ENSP00000316674,0,0
9606.ENSP00000316675,0,0
9606.ENSP00000316681,11.8,1
9606.ENSP00000316729,0,0
9606.ENSP00000316737,0,0
9606.ENSP00000316775,0,0
9606.ENSP00000316779,14.6,1
9606.ENSP00000316782,2.2,1
9606.ENSP00000316786,5.1,1
9606.ENSP00000316794,0,0
9606.ENSP00000316809,64.2,1
9606.ENSP00000316842,7.7,1
9606.ENSP00000316845,1.2,1
9606.ENSP00000316861,7.6,1
9606.ENSP00000316881,0.1,1
9606.ENSP00000316891,23.1,1
9606.ENSP00000316898,0,0
9606.ENSP00000316905,119,1
9606.ENSP00000316909,0,0
9606.ENSP00000316924,17.1,1
9606.ENSP00000316940,0.7,1
9606.ENSP00000316948,8.9,1
9606.ENSP00000316950,43.1,1
9606.ENSP00000316955,0,0
9606.ENSP00000317000,3.7,1
9606.ENSP00000317027,1.4,1
9606.ENSP00000317039,22,1
9606.ENSP00000317123,264.4,1
9606.ENSP00000317128,25.9,1
9606.ENSP00000317144,9.1,1
9606.ENSP00000317159,217.9,1
9606.ENSP00000317165,7.2,1
9606.ENSP00000317170,8.2,1
9606.ENSP00000317175,0.3,1
9606.ENSP00000317177,41.2,1
9606.ENSP00000317214,3.4,1
9606.ENSP00000317224,65.3,1
9606.ENSP00000317232,66.7,1
9606.ENSP00000317257,88.1,1
9606.ENSP00000317272,19.7,1
9606.ENSP00000317289,18.2,1
9606.ENSP00000317300,13.8,1
9606.ENSP00000317310,2.5,1
9606.ENSP00000317327,0,0
9606.ENSP00000317331,259.2,1
9606.ENSP00000317332,10.8,1
9606.ENSP00000317333,24.9,1
9606.ENSP00000317334,793.5,1
9606.ENSP00000317357,0,0
9606.ENSP00000317376,17.9,1
9606.ENSP00000317379,58,1
9606.ENSP00000317382,11.4,1
9606.ENSP00000317396,16.6,1
9606.ENSP00000317404,0.1,1
9606.ENSP00000317431,0,0
9606.ENSP00000317439,2.7,1
9606.ENSP00000317445,0,0
9606.ENSP00000317468,7,1
9606.ENSP00000317469,10.1,1
9606.ENSP00000317473,178.3,1
9606.ENSP00000317482,0,0
9606.ENSP00000317564,2.3,1
9606.ENSP00000317578,11.9,1
9606.ENSP00000317579,22.9,1
9606.ENSP00000317580,0,0
9606.ENSP00000317595,0.3,1
9606.ENSP00000317614,4.8,1
9606.ENSP00000317636,14.4,1
9606.ENSP00000317671,0,0
9606.ENSP00000317674,0,0
9606.ENSP00000317686,0.2,1
9606.ENSP00000317691,13.7,1
9606.ENSP00000317714,15.2,1
9606.ENSP00000317721,0.6,1
9606.ENSP00000317743,4.6,1
9606.ENSP00000317780,898.3,1
9606.ENSP00000317790,0,0
9606.ENSP00000317817,0,0
9606.ENSP00000317836,4.9,1
9606.ENSP00000317842,14.2,1
9606.ENSP00000317872,46.2,1
9606.ENSP00000317891,25.2,1
9606.ENSP00000317895,0,0
9606.ENSP00000317902,34.7,1
9606.ENSP00000317903,13.7,1
9606.ENSP00000317904,32,1
9606.ENSP00000317955,16,1
9606.ENSP00000317971,13,1
9606.ENSP00000317985,24.7,1
9606.ENSP00000317992,147.6,1
9606.ENSP00000317997,0,0
9606.ENSP00000318016,40.2,1
9606.ENSP00000318029,0,0
9606.ENSP00000318032,0,0
9606.ENSP00000318057,0.2,1
9606.ENSP00000318066,4.1,1
9606.ENSP00000318077,0,0
9606.ENSP00000318085,18,1
9606.ENSP00000318086,25.6,1
9606.ENSP00000318094,23.3,1
9606.ENSP00000318113,0.1,1
9606.ENSP00000318128,8.6,1
9606.ENSP00000318131,32.9,1
9606.ENSP00000318142,0,0
9606.ENSP00000318147,14.6,1
9606.ENSP00000318154,66,1
9606.ENSP00000318158,115.8,1
9606.ENSP00000318165,81.3,1
9606.ENSP00000318176,42,1
9606.ENSP00000318177,51.5,1
9606.ENSP00000318195,1614.4,1
9606.ENSP00000318197,0,0
9606.ENSP00000318222,0.3,1
9606.ENSP00000318234,10.7,1
9606.ENSP00000318258,0.7,1
9606.ENSP00000318264,9.7,1
9606.ENSP00000318270,0,0
9606.ENSP00000318297,107.2,1
9606.ENSP00000318298,2.4,1
9606.ENSP00000318318,60,1
9606.ENSP00000318351,10.6,1
9606.ENSP00000318352,425.4,1
9606.ENSP00000318355,0,0
9606.ENSP00000318373,6.7,1
9606.ENSP00000318374,21.7,1
9606.ENSP00000318406,29.7,1
9606.ENSP00000318423,7.8,1
9606.ENSP00000318429,0,0
9606.ENSP00000318437,0,0
9606.ENSP00000318480,152.8,1
9606.ENSP00000318486,3.8,1
9606.ENSP00000318585,24.3,1
9606.ENSP00000318602,34.7,1
9606.ENSP00000318604,117.4,1
9606.ENSP00000318607,10,1
9606.ENSP00000318615,0.3,1
9606.ENSP00000318629,27.2,1
9606.ENSP00000318635,0,0
9606.ENSP00000318641,28,1
9606.ENSP00000318646,2367.9,1
9606.ENSP00000318650,1.7,1
9606.ENSP00000318684,0,0
9606.ENSP00000318687,411.7,1
9606.ENSP00000318690,11.9,1
9606.ENSP00000318697,84.7,1
9606.ENSP00000318716,0,0
9606.ENSP00000318770,0.6,1
9606.ENSP00000318799,3.3,1
9606.ENSP00000318803,0.8,1
9606.ENSP00000318804,12.8,1
9606.ENSP00000318820,0,0
9606.ENSP00000318821,13.1,1
9606.ENSP00000318822,14.5,1
9606.ENSP00000318834,0,0
9606.ENSP00000318861,263.2,1
9606.ENSP00000318867,0,0
9606.ENSP00000318868,32.4,1
9606.ENSP00000318878,0,0
9606.ENSP00000318884,1.3,1
9606.ENSP00000318900,7,1
9606.ENSP00000318912,2.2,1
9606.ENSP00000318914,56,1
9606.ENSP00000318916,0,0
9606.ENSP00000318944,38.1,1
9606.ENSP00000318956,0,0
9606.ENSP00000318960,9.3,1
9606.ENSP00000318966,0.1,1
9606.ENSP00000318974,0.1,1
9606.ENSP00000318977,16.4,1
9606.ENSP00000318982,0.2,1
9606.ENSP00000318986,3.9,1
9606.ENSP00000318997,0,0
9606.ENSP00000318999,0,0
9606.ENSP00000319006,19.3,1
9606.ENSP00000319009,2.4,1
9606.ENSP00000319052,0,0
9606.ENSP00000319053,6.1,1
9606.ENSP00000319060,17.5,1
9606.ENSP00000319071,0,0
9606.ENSP00000319096,3.9,1
9606.ENSP00000319104,73.6,1
9606.ENSP00000319118,0.5,1
9606.ENSP00000319126,0,0
9606.ENSP00000319140,0,0
9606.ENSP00000319141,8.4,1
9606.ENSP00000319169,246.4,1
9606.ENSP00000319179,0,0
9606.ENSP00000319192,3.6,1
9606.ENSP00000319197,0,0
9606.ENSP00000319217,0,0
9606.ENSP00000319222,12.7,1
9606.ENSP00000319231,0.1,1
9606.ENSP00000319240,50.2,1
9606.ENSP00000319250,0,0
9606.ENSP00000319254,4.4,1
9606.ENSP00000319255,76.7,1
9606.ENSP00000319279,10.8,1
9606.ENSP00000319281,98.2,1
9606.ENSP00000319305,0.6,1
9606.ENSP00000319322,0,0
9606.ENSP00000319341,51.2,1
9606.ENSP00000319370,0,0
9606.ENSP00000319388,0.3,1
9606.ENSP00000319412,20.9,1
9606.ENSP00000319417,34.4,1
9606.ENSP00000319464,0.1,1
9606.ENSP00000319476,0,0
9606.ENSP00000319482,4.8,1
9606.ENSP00000319486,0,0
9606.ENSP00000319501,56,1
9606.ENSP00000319511,0,0
9606.ENSP00000319531,64.5,1
9606.ENSP00000319546,0,0
9606.ENSP00000319590,0,0
9606.ENSP00000319591,0.4,1
9606.ENSP00000319597,62.6,1
9606.ENSP00000319601,0,0
9606.ENSP00000319622,0,0
9606.ENSP00000319623,2.3,1
9606.ENSP00000319635,0,0
9606.ENSP00000319636,1.7,1
9606.ENSP00000319651,1.2,1
9606.ENSP00000319654,0,0
9606.ENSP00000319664,229.5,1
9606.ENSP00000319673,19.9,1
9606.ENSP00000319705,0,0
9606.ENSP00000319713,27.9,1
9606.ENSP00000319726,11.3,1
9606.ENSP00000319730,0.1,1
9606.ENSP00000319739,217.4,1
9606.ENSP00000319744,0,0
9606.ENSP00000319756,0.1,1
9606.ENSP00000319781,0.5,1
9606.ENSP00000319788,79.1,1
9606.ENSP00000319796,0,0
9606.ENSP00000319799,0,0
9606.ENSP00000319814,0,0
9606.ENSP00000319817,12.5,1
9606.ENSP00000319829,18.1,1
9606.ENSP00000319831,0,0
9606.ENSP00000319851,7.4,1
9606.ENSP00000319883,0.3,1
9606.ENSP00000319914,0,0
9606.ENSP00000319918,21.6,1
9606.ENSP00000319974,34.4,1
9606.ENSP00000319979,1.9,1
9606.ENSP00000319991,2.5,1
9606.ENSP00000319992,30,1
9606.ENSP00000320025,6.4,1
9606.ENSP00000320038,1.9,1
9606.ENSP00000320043,122.8,1
9606.ENSP00000320077,0,0
9606.ENSP00000320081,37.2,1
9606.ENSP00000320084,31.7,1
9606.ENSP00000320089,0,0
9606.ENSP00000320092,35.8,1
9606.ENSP00000320096,1.7,1
9606.ENSP00000320117,38.8,1
9606.ENSP00000320130,4.9,1
9606.ENSP00000320147,52.1,1
9606.ENSP00000320171,2480.9,1
9606.ENSP00000320176,6.9,1
9606.ENSP00000320180,0,0
9606.ENSP00000320184,113.8,1
9606.ENSP00000320188,5.2,1
9606.ENSP00000320209,0,0
9606.ENSP00000320219,0.2,1
9606.ENSP00000320232,0,0
9606.ENSP00000320236,26,1
9606.ENSP00000320239,23.3,1
9606.ENSP00000320246,0.9,1
9606.ENSP00000320251,12.7,1
9606.ENSP00000320291,10.4,1
9606.ENSP00000320295,148.9,1
9606.ENSP00000320302,0,0
9606.ENSP00000320309,121,1
9606.ENSP00000320318,0,0
9606.ENSP00000320324,83.7,1
9606.ENSP00000320337,127.4,1
9606.ENSP00000320346,1.3,1
9606.ENSP00000320347,0,0
9606.ENSP00000320359,12.2,1
9606.ENSP00000320376,0,0
9606.ENSP00000320378,8.5,1
9606.ENSP00000320401,0,0
9606.ENSP00000320416,1.9,1
9606.ENSP00000320430,0,0
9606.ENSP00000320431,0,0
9606.ENSP00000320434,78.7,1
9606.ENSP00000320485,60.3,1
9606.ENSP00000320488,22.2,1
9606.ENSP00000320503,99,1
9606.ENSP00000320508,25.3,1
9606.ENSP00000320509,0.1,1
9606.ENSP00000320520,0.2,1
9606.ENSP00000320521,16.2,1
9606.ENSP00000320532,0,0
9606.ENSP00000320543,19.8,1
9606.ENSP00000320560,0,0
9606.ENSP00000320563,0,0
9606.ENSP00000320566,24.1,1
9606.ENSP00000320604,0.1,1
9606.ENSP00000320634,2.7,1
9606.ENSP00000320648,0,0
9606.ENSP00000320649,0,0
9606.ENSP00000320650,1.5,1
9606.ENSP00000320658,26.7,1
9606.ENSP00000320663,38,1
9606.ENSP00000320679,0,0
9606.ENSP00000320688,40.1,1
9606.ENSP00000320757,0,0
9606.ENSP00000320794,4.5,1
9606.ENSP00000320797,17.4,1
9606.ENSP00000320813,0,0
9606.ENSP00000320815,0,0
9606.ENSP00000320821,58.4,1
9606.ENSP00000320849,0.6,1
9606.ENSP00000320866,906.1,1
9606.ENSP00000320869,9.1,1
9606.ENSP00000320886,0,0
9606.ENSP00000320893,28.3,1
9606.ENSP00000320898,21,1
9606.ENSP00000320917,30.3,1
9606.ENSP00000320924,13.1,1
9606.ENSP00000320935,0,0
9606.ENSP00000320936,5.6,1
9606.ENSP00000320949,177.9,1
9606.ENSP00000320951,0,0
9606.ENSP00000320957,0,0
9606.ENSP00000321005,0,0
9606.ENSP00000321021,0,0
9606.ENSP00000321026,0,0
9606.ENSP00000321038,0.1,1
9606.ENSP00000321070,78.1,1
9606.ENSP00000321077,0,0
9606.ENSP00000321106,0,0
9606.ENSP00000321132,0.2,1
9606.ENSP00000321179,0.1,1
9606.ENSP00000321195,24.6,1
9606.ENSP00000321196,0,0
9606.ENSP00000321203,18.3,1
9606.ENSP00000321221,21.3,1
9606.ENSP00000321239,37.6,1
9606.ENSP00000321246,0,0
9606.ENSP00000321249,0,0
9606.ENSP00000321259,185.6,1
9606.ENSP00000321260,395.7,1
9606.ENSP00000321266,103,1
9606.ENSP00000321271,49.1,1
9606.ENSP00000321309,0,0
9606.ENSP00000321320,3.8,1
9606.ENSP00000321326,23.1,1
9606.ENSP00000321330,10,1
9606.ENSP00000321334,0,0
9606.ENSP00000321338,0,0
9606.ENSP00000321343,0.3,1
9606.ENSP00000321345,0,0
9606.ENSP00000321346,6.8,1
9606.ENSP00000321348,16.6,1
9606.ENSP00000321370,0,0
9606.ENSP00000321386,0,0
9606.ENSP00000321388,0,0
9606.ENSP00000321419,0,0
9606.ENSP00000321424,0,0
9606.ENSP00000321426,0,0
9606.ENSP00000321427,0.8,1
9606.ENSP00000321445,0,0
9606.ENSP00000321447,0,0
9606.ENSP00000321449,25.4,1
9606.ENSP00000321455,2.7,1
9606.ENSP00000321464,0.1,1
9606.ENSP00000321475,0,0
9606.ENSP00000321498,18.5,1
9606.ENSP00000321506,0,0
9606.ENSP00000321519,0,0
9606.ENSP00000321537,8.6,1
9606.ENSP00000321544,0,0
9606.ENSP00000321546,5,1
9606.ENSP00000321573,24.1,1
9606.ENSP00000321584,433.6,1
9606.ENSP00000321606,117.2,1
9606.ENSP00000321617,10.5,1
9606.ENSP00000321627,0,0
9606.ENSP00000321656,31.7,1
9606.ENSP00000321679,0.3,1
9606.ENSP00000321684,0.1,1
9606.ENSP00000321691,16.7,1
9606.ENSP00000321703,32,1
9606.ENSP00000321706,48.3,1
9606.ENSP00000321711,25.7,1
9606.ENSP00000321729,0,0
9606.ENSP00000321735,0,0
9606.ENSP00000321744,1.16,1
9606.ENSP00000321797,0.3,1
9606.ENSP00000321804,36.1,1
9606.ENSP00000321805,0,0
9606.ENSP00000321810,29.4,1
9606.ENSP00000321812,8.8,1
9606.ENSP00000321826,14.1,1
9606.ENSP00000321835,2.7,1
9606.ENSP00000321848,1.9,1
9606.ENSP00000321853,0,0
9606.ENSP00000321856,10.4,1
9606.ENSP00000321874,0,0
9606.ENSP00000321927,0,0
9606.ENSP00000321951,1.5,1
9606.ENSP00000321962,0,0
9606.ENSP00000321963,0,0
9606.ENSP00000321971,17.7,1
9606.ENSP00000321976,0,0
9606.ENSP00000321987,0,0
9606.ENSP00000321997,32.7,1
9606.ENSP00000321999,1.8,1
9606.ENSP00000322020,22.4,1
9606.ENSP00000322061,0,0
9606.ENSP00000322088,0,0
9606.ENSP00000322142,22.9,1
9606.ENSP00000322156,0,0
9606.ENSP00000322159,16.1,1
9606.ENSP00000322170,0,0
9606.ENSP00000322180,36.7,1
9606.ENSP00000322181,47.3,1
9606.ENSP00000322191,0,0
9606.ENSP00000322192,0,0
9606.ENSP00000322218,2.3,1
9606.ENSP00000322229,130.8,1
9606.ENSP00000322238,74.6,1
9606.ENSP00000322242,126.6,1
9606.ENSP00000322249,1.4,1
9606.ENSP00000322251,0,0
9606.ENSP00000322265,13.3,1
9606.ENSP00000322270,20.3,1
9606.ENSP00000322273,3.2,1
9606.ENSP00000322276,0,0
9606.ENSP00000322300,9.7,1
9606.ENSP00000322304,5.5,1
9606.ENSP00000322316,29.6,1
9606.ENSP00000322323,1.1,1
9606.ENSP00000322339,0.1,1
9606.ENSP00000322343,0,0
9606.ENSP00000322373,10.9,1
9606.ENSP00000322390,39.8,1
9606.ENSP00000322396,41.7,1
9606.ENSP00000322419,1786.2,1
9606.ENSP00000322421,3.5,1
9606.ENSP00000322435,0,0
9606.ENSP00000322439,244.2,1
9606.ENSP00000322450,146.1,1
9606.ENSP00000322457,28.6,1
9606.ENSP00000322460,0.1,1
9606.ENSP00000322469,23.7,1
9606.ENSP00000322524,141.4,1
9606.ENSP00000322532,4,1
9606.ENSP00000322545,2.4,1
9606.ENSP00000322546,0,0
9606.ENSP00000322568,0,0
9606.ENSP00000322570,35.4,1
9606.ENSP00000322579,81.1,1
9606.ENSP00000322582,0,0
9606.ENSP00000322593,0,0
9606.ENSP00000322594,7.4,1
9606.ENSP00000322609,0,0
9606.ENSP00000322617,0,0
9606.ENSP00000322628,4.5,1
9606.ENSP00000322640,0,0
9606.ENSP00000322649,0.6,1
9606.ENSP00000322706,199.7,1
9606.ENSP00000322716,96.4,1
9606.ENSP00000322730,127.2,1
9606.ENSP00000322754,0,0
9606.ENSP00000322775,7.3,1
9606.ENSP00000322784,0,0
9606.ENSP00000322788,0,0
9606.ENSP00000322801,0,0
9606.ENSP00000322802,0,0
9606.ENSP00000322804,0.4,1
9606.ENSP00000322823,0,0
9606.ENSP00000322832,9.9,1
9606.ENSP00000322837,0,0
9606.ENSP00000322845,57.1,1
9606.ENSP00000322866,0,0
9606.ENSP00000322885,5.3,1
9606.ENSP00000322898,0.5,1
9606.ENSP00000322899,0.1,1
9606.ENSP00000322915,47.3,1
9606.ENSP00000322924,0,0
9606.ENSP00000322937,7.8,1
9606.ENSP00000322939,0,0
9606.ENSP00000322956,32.5,1
9606.ENSP00000322991,29.8,1
9606.ENSP00000323036,0,0
9606.ENSP00000323046,28.3,1
9606.ENSP00000323047,30.6,1
9606.ENSP00000323065,28.9,1
9606.ENSP00000323068,12.5,1
9606.ENSP00000323071,0,0
9606.ENSP00000323074,8.5,1
9606.ENSP00000323076,43.3,1
9606.ENSP00000323096,0,0
9606.ENSP00000323099,10.9,1
9606.ENSP00000323148,18.4,1
9606.ENSP00000323155,0,0
9606.ENSP00000323183,26.5,1
9606.ENSP00000323184,0.1,1
9606.ENSP00000323191,0,0
9606.ENSP00000323217,0,0
9606.ENSP00000323224,0,0
9606.ENSP00000323246,15.5,1
9606.ENSP00000323264,0,0
9606.ENSP00000323275,1.9,1
9606.ENSP00000323280,0,0
9606.ENSP00000323288,22.3,1
9606.ENSP00000323300,114.5,1
9606.ENSP00000323302,10.6,1
9606.ENSP00000323304,0.2,1
9606.ENSP00000323313,7.8,1
9606.ENSP00000323328,0,0
9606.ENSP00000323348,0,0
9606.ENSP00000323354,0,0
9606.ENSP00000323355,0,0
9606.ENSP00000323421,162.9,1
9606.ENSP00000323423,0,0
9606.ENSP00000323424,47,1
9606.ENSP00000323435,1.6,1
9606.ENSP00000323455,0,0
9606.ENSP00000323511,6.1,1
9606.ENSP00000323516,0,0
9606.ENSP00000323527,14.4,1
9606.ENSP00000323549,0,0
9606.ENSP00000323555,0,0
9606.ENSP00000323568,0,0
9606.ENSP00000323580,11.1,1
9606.ENSP00000323584,2.9,1
9606.ENSP00000323587,0,0
9606.ENSP00000323588,118.6,1
9606.ENSP00000323595,0,0
9606.ENSP00000323606,0,0
9606.ENSP00000323612,0,0
9606.ENSP00000323635,18.2,1
9606.ENSP00000323645,12.3,1
9606.ENSP00000323663,5,1
9606.ENSP00000323670,2.7,1
9606.ENSP00000323678,18.5,1
9606.ENSP00000323687,34.2,1
9606.ENSP00000323688,0.1,1
9606.ENSP00000323696,68,1
9606.ENSP00000323714,0,0
9606.ENSP00000323720,57.8,1
9606.ENSP00000323740,0.7,1
9606.ENSP00000323782,45.3,1
9606.ENSP00000323795,0.2,1
9606.ENSP00000323811,18.7,1
9606.ENSP00000323816,0.9,1
9606.ENSP00000323821,1.9,1
9606.ENSP00000323847,0,0
9606.ENSP00000323853,0,0
9606.ENSP00000323856,10.3,1
9606.ENSP00000323858,55,1
9606.ENSP00000323867,42.5,1
9606.ENSP00000323872,1.7,1
9606.ENSP00000323879,12.7,1
9606.ENSP00000323880,0,0
9606.ENSP00000323889,44.5,1
9606.ENSP00000323895,0,0
9606.ENSP00000323901,3.6,1
9606.ENSP00000323913,0,0
9606.ENSP00000323926,0,0
9606.ENSP00000323927,0.2,1
9606.ENSP00000323928,0,0
9606.ENSP00000323929,0.1,1
9606.ENSP00000323945,6.9,1
9606.ENSP00000323952,0,0
9606.ENSP00000323967,106.1,1
9606.ENSP00000323982,0,0
9606.ENSP00000324020,10.1,1
9606.ENSP00000324064,0,0
9606.ENSP00000324105,3.8,1
9606.ENSP00000324111,0.2,1
9606.ENSP00000324122,64.6,1
9606.ENSP00000324124,79.7,1
9606.ENSP00000324127,7.3,1
9606.ENSP00000324173,403.3,1
9606.ENSP00000324175,0.1,1
9606.ENSP00000324191,0.8,1
9606.ENSP00000324196,0.6,1
9606.ENSP00000324203,33.8,1
9606.ENSP00000324204,16.4,1
9606.ENSP00000324205,47.5,1
9606.ENSP00000324248,0,0
9606.ENSP00000324251,0,0
9606.ENSP00000324270,2,1
9606.ENSP00000324277,1.4,1
9606.ENSP00000324287,16.5,1
9606.ENSP00000324292,2.5,1
9606.ENSP00000324302,0,0
9606.ENSP00000324318,10.5,1
9606.ENSP00000324343,0,0
9606.ENSP00000324369,0,0
9606.ENSP00000324403,2.1,1
9606.ENSP00000324404,14,1
9606.ENSP00000324419,0,0
9606.ENSP00000324422,31.7,1
9606.ENSP00000324463,28.6,1
9606.ENSP00000324464,37.4,1
9606.ENSP00000324510,0,0
9606.ENSP00000324511,0,0
9606.ENSP00000324527,3.8,1
9606.ENSP00000324532,0.2,1
9606.ENSP00000324534,0,0
9606.ENSP00000324557,0,0
9606.ENSP00000324560,3,1
9606.ENSP00000324573,26.2,1
9606.ENSP00000324583,0,0
9606.ENSP00000324587,14,1
9606.ENSP00000324605,1.1,1
9606.ENSP00000324628,12.7,1
9606.ENSP00000324633,0,0
9606.ENSP00000324648,0.1,1
9606.ENSP00000324651,0.2,1
9606.ENSP00000324672,0,0
9606.ENSP00000324687,0,0
9606.ENSP00000324693,13,1
9606.ENSP00000324701,0,0
9606.ENSP00000324729,25.7,1
9606.ENSP00000324741,5.3,1
9606.ENSP00000324763,0,0
9606.ENSP00000324769,0,0
9606.ENSP00000324775,0.1,1
9606.ENSP00000324792,44.3,1
9606.ENSP00000324804,228,1
9606.ENSP00000324806,22.2,1
9606.ENSP00000324810,19.5,1
9606.ENSP00000324827,14.3,1
9606.ENSP00000324831,0,0
9606.ENSP00000324842,21,1
9606.ENSP00000324856,20.1,1
9606.ENSP00000324857,3.4,1
9606.ENSP00000324870,0,0
9606.ENSP00000324890,0,0
9606.ENSP00000324901,1.9,1
9606.ENSP00000324913,0,0
9606.ENSP00000324920,1.2,1
9606.ENSP00000324944,7.6,1
9606.ENSP00000324958,0,0
9606.ENSP00000324960,0.2,1
9606.ENSP00000325002,99.5,1
9606.ENSP00000325017,188,1
9606.ENSP00000325018,8.4,1
9606.ENSP00000325065,0,0
9606.ENSP00000325074,56.9,1
9606.ENSP00000325076,0,0
9606.ENSP00000325078,0,0
9606.ENSP00000325091,21.4,1
9606.ENSP00000325120,0.4,1
9606.ENSP00000325128,0,0
9606.ENSP00000325136,95.2,1
9606.ENSP00000325146,0.5,1
9606.ENSP00000325203,0,0
9606.ENSP00000325239,0.1,1
9606.ENSP00000325240,58.5,1
9606.ENSP00000325266,49.8,1
9606.ENSP00000325285,37.2,1
9606.ENSP00000325290,20.1,1
9606.ENSP00000325296,0,0
9606.ENSP00000325301,3.8,1
9606.ENSP00000325312,187.4,1
9606.ENSP00000325313,10.5,1
9606.ENSP00000325326,10.7,1
9606.ENSP00000325355,8.2,1
9606.ENSP00000325369,58.8,1
9606.ENSP00000325376,603.3,1
9606.ENSP00000325377,43.6,1
9606.ENSP00000325381,0,0
9606.ENSP00000325402,2.7,1
9606.ENSP00000325414,23,1
9606.ENSP00000325421,64.1,1
9606.ENSP00000325425,84.8,1
9606.ENSP00000325448,272,1
9606.ENSP00000325485,6.1,1
9606.ENSP00000325508,2.8,1
9606.ENSP00000325525,0,0
9606.ENSP00000325526,1.1,1
9606.ENSP00000325527,3.9,1
9606.ENSP00000325546,3.4,1
9606.ENSP00000325548,92.7,1
9606.ENSP00000325561,0,0
9606.ENSP00000325562,12.8,1
9606.ENSP00000325564,0,0
9606.ENSP00000325589,0,0
9606.ENSP00000325594,21.9,1
9606.ENSP00000325612,9.3,1
9606.ENSP00000325618,0.4,1
9606.ENSP00000325634,55.2,1
9606.ENSP00000325638,0,0
9606.ENSP00000325655,8.9,1
9606.ENSP00000325663,2.5,1
9606.ENSP00000325674,0,0
9606.ENSP00000325677,99.2,1
9606.ENSP00000325681,16.6,1
9606.ENSP00000325682,0,0
9606.ENSP00000325690,65.4,1
9606.ENSP00000325708,0,0
9606.ENSP00000325738,0,0
9606.ENSP00000325748,130.2,1
9606.ENSP00000325775,0.2,1
9606.ENSP00000325776,1.2,1
9606.ENSP00000325785,39.2,1
9606.ENSP00000325808,0.1,1
9606.ENSP00000325819,5.7,1
9606.ENSP00000325822,0,0
9606.ENSP00000325827,31.8,1
9606.ENSP00000325836,10.1,1
9606.ENSP00000325863,33.7,1
9606.ENSP00000325868,0,0
9606.ENSP00000325895,3.7,1
9606.ENSP00000325905,385.7,1
9606.ENSP00000325917,25.2,1
9606.ENSP00000325919,93.7,1
9606.ENSP00000325929,11.8,1
9606.ENSP00000325941,76.4,1
9606.ENSP00000325954,1.4,1
9606.ENSP00000325958,16.9,1
9606.ENSP00000325978,1.4,1
9606.ENSP00000326003,5.7,1
9606.ENSP00000326018,1,1
9606.ENSP00000326022,0,0
9606.ENSP00000326031,213.9,1
9606.ENSP00000326042,0,0
9606.ENSP00000326063,29.3,1
9606.ENSP00000326070,10.8,1
9606.ENSP00000326095,7.2,1
9606.ENSP00000326110,12.6,1
9606.ENSP00000326119,21,1
9606.ENSP00000326159,0,0
9606.ENSP00000326170,18.4,1
9606.ENSP00000326200,16.3,1
9606.ENSP00000326219,8.6,1
9606.ENSP00000326225,0.1,1
9606.ENSP00000326227,12.6,1
9606.ENSP00000326232,0,0
9606.ENSP00000326238,0,0
9606.ENSP00000326240,12.5,1
9606.ENSP00000326244,0.2,1
9606.ENSP00000326247,0,0
9606.ENSP00000326249,0,0
9606.ENSP00000326253,0.3,1
9606.ENSP00000326259,0,0
9606.ENSP00000326261,82.1,1
9606.ENSP00000326267,9.3,1
9606.ENSP00000326272,0,0
9606.ENSP00000326301,0,0
9606.ENSP00000326305,24.5,1
9606.ENSP00000326309,0,0
9606.ENSP00000326324,0,0
9606.ENSP00000326330,3.8,1
9606.ENSP00000326340,0.9,1
9606.ENSP00000326342,23.8,1
9606.ENSP00000326349,0,0
9606.ENSP00000326366,43.2,1
9606.ENSP00000326371,0.2,1
9606.ENSP00000326381,255.2,1
9606.ENSP00000326407,0,0
9606.ENSP00000326411,42.2,1
9606.ENSP00000326424,15.9,1
9606.ENSP00000326432,0,0
9606.ENSP00000326445,23.3,1
9606.ENSP00000326491,0.1,1
9606.ENSP00000326519,15.2,1
9606.ENSP00000326531,46.3,1
9606.ENSP00000326550,142.5,1
9606.ENSP00000326563,53.2,1
9606.ENSP00000326570,6.6,1
9606.ENSP00000326579,63.2,1
9606.ENSP00000326581,0,0
9606.ENSP00000326603,29.1,1
9606.ENSP00000326604,28.4,1
9606.ENSP00000326627,0,0
9606.ENSP00000326630,0.1,1
9606.ENSP00000326649,7.7,1
9606.ENSP00000326652,0.1,1
9606.ENSP00000326671,0,0
9606.ENSP00000326693,3.7,1
9606.ENSP00000326699,7.5,1
9606.ENSP00000326706,9,1
9606.ENSP00000326708,0,0
9606.ENSP00000326718,0,0
9606.ENSP00000326737,4.2,1
9606.ENSP00000326759,5.1,1
9606.ENSP00000326767,32.8,1
9606.ENSP00000326804,87,1
9606.ENSP00000326806,136.1,1
9606.ENSP00000326813,0.1,1
9606.ENSP00000326817,13.2,1
9606.ENSP00000326846,0.6,1
9606.ENSP00000326858,12.1,1
9606.ENSP00000326869,43.4,1
9606.ENSP00000326879,22.2,1
9606.ENSP00000326888,0.3,1
9606.ENSP00000326933,10.9,1
9606.ENSP00000326948,38.3,1
9606.ENSP00000326967,18.8,1
9606.ENSP00000326981,131.1,1
9606.ENSP00000327009,3.6,1
9606.ENSP00000327025,0,0
9606.ENSP00000327048,0.7,1
9606.ENSP00000327054,72.4,1
9606.ENSP00000327070,256.3,1
9606.ENSP00000327077,64.8,1
9606.ENSP00000327104,15.8,1
9606.ENSP00000327116,0.2,1
9606.ENSP00000327124,37.6,1
9606.ENSP00000327143,9.4,1
9606.ENSP00000327145,23.7,1
9606.ENSP00000327168,0.7,1
9606.ENSP00000327179,130.8,1
9606.ENSP00000327191,0.1,1
9606.ENSP00000327197,18.9,1
9606.ENSP00000327214,32.1,1
9606.ENSP00000327234,0,0
9606.ENSP00000327246,0,0
9606.ENSP00000327251,0.6,1
9606.ENSP00000327255,25.5,1
9606.ENSP00000327268,157.5,1
9606.ENSP00000327290,0,0
9606.ENSP00000327323,0,0
9606.ENSP00000327336,0,0
9606.ENSP00000327344,1.1,1
9606.ENSP00000327368,0,0
9606.ENSP00000327417,0,0
9606.ENSP00000327427,4.9,1
9606.ENSP00000327431,0,0
9606.ENSP00000327436,40.8,1
9606.ENSP00000327440,0,0
9606.ENSP00000327453,0,0
9606.ENSP00000327459,1.3,1
9606.ENSP00000327465,2.4,1
9606.ENSP00000327467,9.8,1
9606.ENSP00000327468,5.6,1
9606.ENSP00000327487,14.3,1
9606.ENSP00000327506,0,0
9606.ENSP00000327509,3.9,1
9606.ENSP00000327513,5.7,1
9606.ENSP00000327525,0,0
9606.ENSP00000327533,0,0
9606.ENSP00000327538,0,0
9606.ENSP00000327540,0,0
9606.ENSP00000327545,1.7,1
9606.ENSP00000327557,0,0
9606.ENSP00000327569,0,0
9606.ENSP00000327585,0.2,1
9606.ENSP00000327589,3.7,1
9606.ENSP00000327599,0,0
9606.ENSP00000327604,0,0
9606.ENSP00000327608,3.5,1
9606.ENSP00000327611,0,0
9606.ENSP00000327650,4.7,1
9606.ENSP00000327675,0,0
9606.ENSP00000327694,8.9,1
9606.ENSP00000327716,47.5,1
9606.ENSP00000327724,0,0
9606.ENSP00000327732,0.3,1
9606.ENSP00000327738,0,0
9606.ENSP00000327758,0,0
9606.ENSP00000327763,0,0
9606.ENSP00000327786,0,0
9606.ENSP00000327796,0.6,1
9606.ENSP00000327801,248.8,1
9606.ENSP00000327821,99.1,1
9606.ENSP00000327824,6.6,1
9606.ENSP00000327832,2.5,1
9606.ENSP00000327846,0,0
9606.ENSP00000327875,0,0
9606.ENSP00000327889,24.6,1
9606.ENSP00000327890,0,0
9606.ENSP00000327916,0,0
9606.ENSP00000327943,0,0
9606.ENSP00000327950,0.1,1
9606.ENSP00000327959,35,1
9606.ENSP00000327968,0.3,1
9606.ENSP00000327975,0,0
9606.ENSP00000327994,0,0
9606.ENSP00000328004,15,1
9606.ENSP00000328016,1.2,1
9606.ENSP00000328017,1.6,1
9606.ENSP00000328023,91.1,1
9606.ENSP00000328036,0,0
9606.ENSP00000328059,45.9,1
9606.ENSP00000328061,0,0
9606.ENSP00000328069,0,0
9606.ENSP00000328070,0,0
9606.ENSP00000328079,18.9,1
9606.ENSP00000328083,0.4,1
9606.ENSP00000328088,31,1
9606.ENSP00000328090,0,0
9606.ENSP00000328111,0,0
9606.ENSP00000328118,0.2,1
9606.ENSP00000328133,0,0
9606.ENSP00000328144,0.2,1
9606.ENSP00000328169,4,1
9606.ENSP00000328174,21.8,1
9606.ENSP00000328181,2.2,1
9606.ENSP00000328182,4.9,1
9606.ENSP00000328187,34.7,1
9606.ENSP00000328203,18.5,1
9606.ENSP00000328207,0,0
9606.ENSP00000328215,0,0
9606.ENSP00000328228,42.9,1
9606.ENSP00000328230,0,0
9606.ENSP00000328236,34.1,1
9606.ENSP00000328245,2,1
9606.ENSP00000328251,28.9,1
9606.ENSP00000328269,20.3,1
9606.ENSP00000328270,0,0
9606.ENSP00000328277,4.8,1
9606.ENSP00000328287,11.6,1
9606.ENSP00000328307,0,0
9606.ENSP00000328325,73,1
9606.ENSP00000328326,0,0
9606.ENSP00000328327,9.2,1
9606.ENSP00000328335,16.6,1
9606.ENSP00000328336,0,0
9606.ENSP00000328340,13.2,1
9606.ENSP00000328347,0,0
9606.ENSP00000328352,0.7,1
9606.ENSP00000328358,0,0
9606.ENSP00000328359,0,0
9606.ENSP00000328364,0.4,1
9606.ENSP00000328397,0,0
9606.ENSP00000328402,0,0
9606.ENSP00000328405,10.3,1
9606.ENSP00000328412,0.2,1
9606.ENSP00000328423,0,0
9606.ENSP00000328426,57.5,1
9606.ENSP00000328444,0,0
9606.ENSP00000328472,1.8,1
9606.ENSP00000328478,0,0
9606.ENSP00000328484,0,0
9606.ENSP00000328487,0.2,1
9606.ENSP00000328511,0,0
9606.ENSP00000328515,8.5,1
9606.ENSP00000328524,64.3,1
9606.ENSP00000328547,17.6,1
9606.ENSP00000328551,31.4,1
9606.ENSP00000328563,0.1,1
9606.ENSP00000328570,116.5,1
9606.ENSP00000328596,0,0
9606.ENSP00000328598,0,0
9606.ENSP00000328625,1.1,1
9606.ENSP00000328677,2.4,1
9606.ENSP00000328694,28.1,1
9606.ENSP00000328698,0,0
9606.ENSP00000328708,0,0
9606.ENSP00000328720,10.2,1
9606.ENSP00000328729,135.2,1
9606.ENSP00000328768,0,0
9606.ENSP00000328773,13.8,1
9606.ENSP00000328777,19.4,1
9606.ENSP00000328813,1,1
9606.ENSP00000328818,0,0
9606.ENSP00000328835,33.8,1
9606.ENSP00000328848,64.9,1
9606.ENSP00000328854,10.2,1
9606.ENSP00000328875,20,1
9606.ENSP00000328878,0,0
9606.ENSP00000328901,0.6,1
9606.ENSP00000328923,0.5,1
9606.ENSP00000328928,11.8,1
9606.ENSP00000328934,0,0
9606.ENSP00000328938,43.5,1
9606.ENSP00000328940,3,1
9606.ENSP00000328977,0.8,1
9606.ENSP00000328983,0.9,1
9606.ENSP00000328992,23.7,1
9606.ENSP00000328998,26.5,1
9606.ENSP00000329002,190.7,1
9606.ENSP00000329033,0,0
9606.ENSP00000329040,13.9,1
9606.ENSP00000329056,0,0
9606.ENSP00000329093,0,0
9606.ENSP00000329097,69.4,1
9606.ENSP00000329102,15.9,1
9606.ENSP00000329117,12.5,1
9606.ENSP00000329127,0.6,1
9606.ENSP00000329137,0,0
9606.ENSP00000329140,21.9,1
9606.ENSP00000329153,0,0
9606.ENSP00000329158,0,0
9606.ENSP00000329165,0,0
9606.ENSP00000329170,5.6,1
9606.ENSP00000329200,0.9,1
9606.ENSP00000329210,0,0
9606.ENSP00000329213,23.2,1
9606.ENSP00000329214,0,0
9606.ENSP00000329219,0,0
9606.ENSP00000329243,0.2,1
9606.ENSP00000329264,0,0
9606.ENSP00000329287,22.7,1
9606.ENSP00000329292,0,0
9606.ENSP00000329295,0.4,1
9606.ENSP00000329312,0,0
9606.ENSP00000329318,0.7,1
9606.ENSP00000329357,43.6,1
9606.ENSP00000329360,34.5,1
9606.ENSP00000329374,0,0
9606.ENSP00000329380,0,0
9606.ENSP00000329403,0,0
9606.ENSP00000329418,0.4,1
9606.ENSP00000329419,136.2,1
9606.ENSP00000329452,0,0
9606.ENSP00000329466,10.5,1
9606.ENSP00000329468,17.6,1
9606.ENSP00000329471,211.1,1
9606.ENSP00000329507,0,0
9606.ENSP00000329522,0,0
9606.ENSP00000329548,0,0
9606.ENSP00000329557,0.1,1
9606.ENSP00000329558,20.3,1
9606.ENSP00000329565,0,0
9606.ENSP00000329584,0,0
9606.ENSP00000329614,7.7,1
9606.ENSP00000329638,0,0
9606.ENSP00000329647,0,0
9606.ENSP00000329662,57.3,1
9606.ENSP00000329668,0.2,1
9606.ENSP00000329684,0,0
9606.ENSP00000329689,0,0
9606.ENSP00000329697,0,0
9606.ENSP00000329715,128.5,1
9606.ENSP00000329735,0.5,1
9606.ENSP00000329748,10.8,1
9606.ENSP00000329757,90.7,1
9606.ENSP00000329793,0.2,1
9606.ENSP00000329794,0,0
9606.ENSP00000329797,4.8,1
9606.ENSP00000329803,0.2,1
9606.ENSP00000329825,0,0
9606.ENSP00000329858,14.7,1
9606.ENSP00000329860,0,0
9606.ENSP00000329880,0,0
9606.ENSP00000329890,0,0
9606.ENSP00000329904,0,0
9606.ENSP00000329915,40.3,1
9606.ENSP00000329918,8.2,1
9606.ENSP00000329920,0,0
9606.ENSP00000329926,0,0
9606.ENSP00000329932,0,0
9606.ENSP00000329933,21.5,1
9606.ENSP00000329943,0.1,1
9606.ENSP00000329967,19.4,1
9606.ENSP00000329982,0,0
9606.ENSP00000329991,0,0
9606.ENSP00000329995,0,0
9606.ENSP00000330031,0,0
9606.ENSP00000330032,5.2,1
9606.ENSP00000330049,0,0
9606.ENSP00000330051,0,0
9606.ENSP00000330070,1.1,1
9606.ENSP00000330074,0,0
9606.ENSP00000330075,8.1,1
9606.ENSP00000330098,2.4,1
9606.ENSP00000330101,0,0
9606.ENSP00000330148,0.3,1
9606.ENSP00000330188,25.9,1
9606.ENSP00000330199,0,0
9606.ENSP00000330200,0.7,1
9606.ENSP00000330218,0,0
9606.ENSP00000330221,4.8,1
9606.ENSP00000330237,10.5,1
9606.ENSP00000330240,41.9,1
9606.ENSP00000330247,0,0
9606.ENSP00000330264,0,0
9606.ENSP00000330269,0,0
9606.ENSP00000330278,3.6,1
9606.ENSP00000330280,0,0
9606.ENSP00000330284,0,0
9606.ENSP00000330289,19.2,1
9606.ENSP00000330338,0,0
9606.ENSP00000330341,1.5,1
9606.ENSP00000330361,67.5,1
9606.ENSP00000330381,3.9,1
9606.ENSP00000330382,0.5,1
9606.ENSP00000330384,0,0
9606.ENSP00000330389,10.4,1
9606.ENSP00000330391,0,0
9606.ENSP00000330393,2.2,1
9606.ENSP00000330426,0,0
9606.ENSP00000330432,0,0
9606.ENSP00000330433,40.3,1
9606.ENSP00000330442,0,0
9606.ENSP00000330460,13,1
9606.ENSP00000330475,0,0
9606.ENSP00000330484,0,0
9606.ENSP00000330485,13,1
9606.ENSP00000330488,7.6,1
9606.ENSP00000330509,16.2,1
9606.ENSP00000330523,0.1,1
9606.ENSP00000330572,6.6,1
9606.ENSP00000330587,0,0
9606.ENSP00000330601,0,0
9606.ENSP00000330606,0,0
9606.ENSP00000330612,0,0
9606.ENSP00000330631,4.6,1
9606.ENSP00000330633,0,0
9606.ENSP00000330658,0,0
9606.ENSP00000330694,0.1,1
9606.ENSP00000330696,0,0
9606.ENSP00000330720,0,0
9606.ENSP00000330730,21.2,1
9606.ENSP00000330737,236.1,1
9606.ENSP00000330746,0,0
9606.ENSP00000330753,17.5,1
9606.ENSP00000330787,198.4,1
9606.ENSP00000330808,0,0
9606.ENSP00000330838,1.5,1
9606.ENSP00000330842,0.2,1
9606.ENSP00000330862,0,0
9606.ENSP00000330875,7.2,1
9606.ENSP00000330878,0,0
9606.ENSP00000330898,1.1,1
9606.ENSP00000330904,0,0
9606.ENSP00000330918,12.7,1
9606.ENSP00000330945,49.6,1
9606.ENSP00000330959,0,0
9606.ENSP00000331012,0,0
9606.ENSP00000331019,116.5,1
9606.ENSP00000331040,6.5,1
9606.ENSP00000331044,0,0
9606.ENSP00000331062,0.2,1
9606.ENSP00000331065,0,0
9606.ENSP00000331086,0,0
9606.ENSP00000331087,21.5,1
9606.ENSP00000331103,50.6,1
9606.ENSP00000331106,15.9,1
9606.ENSP00000331111,37.4,1
9606.ENSP00000331127,0.4,1
9606.ENSP00000331152,23.5,1
9606.ENSP00000331167,0.7,1
9606.ENSP00000331172,0.1,1
9606.ENSP00000331201,43.7,1
9606.ENSP00000331209,37.5,1
9606.ENSP00000331210,0.3,1
9606.ENSP00000331211,1.1,1
9606.ENSP00000331214,0,0
9606.ENSP00000331242,24.6,1
9606.ENSP00000331258,13.5,1
9606.ENSP00000331268,0,0
9606.ENSP00000331288,0.4,1
9606.ENSP00000331298,12.1,1
9606.ENSP00000331302,0,0
9606.ENSP00000331305,26.7,1
9606.ENSP00000331310,1054.3,1
9606.ENSP00000331313,2,1
9606.ENSP00000331327,8.1,1
9606.ENSP00000331342,14.5,1
9606.ENSP00000331358,0,0
9606.ENSP00000331369,107.9,1
9606.ENSP00000331376,1.5,1
9606.ENSP00000331385,0.3,1
9606.ENSP00000331397,0.5,1
9606.ENSP00000331411,0,0
9606.ENSP00000331435,0,0
9606.ENSP00000331462,1.1,1
9606.ENSP00000331465,15.4,1
9606.ENSP00000331466,0,0
9606.ENSP00000331470,0,0
9606.ENSP00000331474,0,0
9606.ENSP00000331479,18.9,1
9606.ENSP00000331487,46,1
9606.ENSP00000331500,1.9,1
9606.ENSP00000331504,1.7,1
9606.ENSP00000331532,0,0
9606.ENSP00000331544,78,1
9606.ENSP00000331545,0,0
9606.ENSP00000331556,0,0
9606.ENSP00000331572,0,0
9606.ENSP00000331577,12.2,1
9606.ENSP00000331581,0,0
9606.ENSP00000331600,9.5,1
9606.ENSP00000331608,12.6,1
9606.ENSP00000331614,0,0
9606.ENSP00000331626,5.8,1
9606.ENSP00000331636,0,0
9606.ENSP00000331640,21.2,1
9606.ENSP00000331643,4.7,1
9606.ENSP00000331662,0,0
9606.ENSP00000331678,0,0
9606.ENSP00000331681,2.9,1
9606.ENSP00000331682,25.6,1
9606.ENSP00000331691,2.1,1
9606.ENSP00000331698,0,0
9606.ENSP00000331704,0,0
9606.ENSP00000331720,27.5,1
9606.ENSP00000331727,0,0
9606.ENSP00000331734,0,0
9606.ENSP00000331736,0,0
9606.ENSP00000331741,8.2,1
9606.ENSP00000331745,0.3,1
9606.ENSP00000331746,0,0
9606.ENSP00000331748,25.7,1
9606.ENSP00000331774,0,0
9606.ENSP00000331791,12,1
9606.ENSP00000331823,0,0
9606.ENSP00000331831,2.4,1
9606.ENSP00000331843,26.4,1
9606.ENSP00000331845,22.9,1
9606.ENSP00000331849,77.6,1
9606.ENSP00000331857,0,0
9606.ENSP00000331867,0.1,1
9606.ENSP00000331879,27.2,1
9606.ENSP00000331897,25.1,1
9606.ENSP00000331901,2229.8,1
9606.ENSP00000331902,13.2,1
9606.ENSP00000331907,9.3,1
9606.ENSP00000331915,11.2,1
9606.ENSP00000331927,3.2,1
9606.ENSP00000331933,0,0
9606.ENSP00000331944,148,1
9606.ENSP00000331965,1.5,1
9606.ENSP00000331983,13.6,1
9606.ENSP00000332013,5,1
9606.ENSP00000332034,40.5,1
9606.ENSP00000332049,0,0
9606.ENSP00000332062,0,0
9606.ENSP00000332068,0,0
9606.ENSP00000332103,69.8,1
9606.ENSP00000332110,0,0
9606.ENSP00000332111,0,0
9606.ENSP00000332116,0.3,1
9606.ENSP00000332118,5.4,1
9606.ENSP00000332134,0,0
9606.ENSP00000332139,1.8,1
9606.ENSP00000332148,4.5,1
9606.ENSP00000332151,3.3,1
9606.ENSP00000332162,0,0
9606.ENSP00000332163,0,0
9606.ENSP00000332164,2.9,1
9606.ENSP00000332185,0,0
9606.ENSP00000332194,0.3,1
9606.ENSP00000332198,599.1,1
9606.ENSP00000332208,0,0
9606.ENSP00000332215,0,0
9606.ENSP00000332225,0,0
9606.ENSP00000332247,16.1,1
9606.ENSP00000332256,8.8,1
9606.ENSP00000332274,0.1,1
9606.ENSP00000332287,11.8,1
9606.ENSP00000332288,1.4,1
9606.ENSP00000332293,0,0
9606.ENSP00000332296,0,0
9606.ENSP00000332325,3,1
9606.ENSP00000332340,10.1,1
9606.ENSP00000332353,11.7,1
9606.ENSP00000332369,0,0
9606.ENSP00000332371,0,0
9606.ENSP00000332389,1.1,1
9606.ENSP00000332404,0,0
9606.ENSP00000332407,0,0
9606.ENSP00000332413,0,0
9606.ENSP00000332433,3.3,1
9606.ENSP00000332444,21.2,1
9606.ENSP00000332448,0.2,1
9606.ENSP00000332449,0.1,1
9606.ENSP00000332454,0.7,1
9606.ENSP00000332488,0,0
9606.ENSP00000332500,0,0
9606.ENSP00000332504,0,0
9606.ENSP00000332511,0,0
9606.ENSP00000332513,1.2,1
9606.ENSP00000332528,0,0
9606.ENSP00000332530,0,0
9606.ENSP00000332565,0,0
9606.ENSP00000332576,6.2,1
9606.ENSP00000332591,0,0
9606.ENSP00000332592,13.4,1
9606.ENSP00000332595,17.2,1
9606.ENSP00000332602,0,0
9606.ENSP00000332604,361.4,1
9606.ENSP00000332613,8.9,1
9606.ENSP00000332643,0,0
9606.ENSP00000332646,12.1,1
9606.ENSP00000332656,0,0
9606.ENSP00000332659,0,0
9606.ENSP00000332663,0,0
9606.ENSP00000332674,35.6,1
9606.ENSP00000332679,0,0
9606.ENSP00000332681,0.3,1
9606.ENSP00000332690,0,0
9606.ENSP00000332706,8.9,1
9606.ENSP00000332723,0,0
9606.ENSP00000332737,0.1,1
9606.ENSP00000332744,4.7,1
9606.ENSP00000332750,16.7,1
9606.ENSP00000332756,34.6,1
9606.ENSP00000332757,10.4,1
9606.ENSP00000332766,0.3,1
9606.ENSP00000332771,0,0
9606.ENSP00000332772,0,0
9606.ENSP00000332773,7.2,1
9606.ENSP00000332788,0,0
9606.ENSP00000332790,0.3,1
9606.ENSP00000332791,8.4,1
9606.ENSP00000332805,0,0
9606.ENSP00000332806,11.1,1
9606.ENSP00000332809,0,0
9606.ENSP00000332812,0,0
9606.ENSP00000332861,3.6,1
9606.ENSP00000332875,0,0
9606.ENSP00000332879,13.6,1
9606.ENSP00000332886,0,0
9606.ENSP00000332887,200.6,1
9606.ENSP00000332900,0,0
9606.ENSP00000332915,38.5,1
9606.ENSP00000332963,0,0
9606.ENSP00000332969,0,0
9606.ENSP00000332973,31.2,1
9606.ENSP00000332979,0,0
9606.ENSP00000332983,0,0
9606.ENSP00000333003,0,0
9606.ENSP00000333012,10.5,1
9606.ENSP00000333018,5.6,1
9606.ENSP00000333019,0.2,1
9606.ENSP00000333024,1.2,1
9606.ENSP00000333037,1.5,1
9606.ENSP00000333041,0,0
9606.ENSP00000333097,0,0
9606.ENSP00000333142,2.2,1
9606.ENSP00000333157,0,0
9606.ENSP00000333181,0,0
9606.ENSP00000333183,0,0
9606.ENSP00000333184,0,0
9606.ENSP00000333188,0,0
9606.ENSP00000333196,0,0
9606.ENSP00000333203,0,0
9606.ENSP00000333212,8.1,1
9606.ENSP00000333223,2.3,1
9606.ENSP00000333234,0,0
9606.ENSP00000333255,37.5,1
9606.ENSP00000333262,2.5,1
9606.ENSP00000333266,0.1,1
9606.ENSP00000333275,10.7,1
9606.ENSP00000333277,0,0
9606.ENSP00000333283,4.9,1
9606.ENSP00000333292,0,0
9606.ENSP00000333298,92.9,1
9606.ENSP00000333300,0,0
9606.ENSP00000333310,0,0
9606.ENSP00000333326,2.2,1
9606.ENSP00000333329,0,0
9606.ENSP00000333350,5.9,1
9606.ENSP00000333358,0,0
9606.ENSP00000333363,0,0
9606.ENSP00000333374,0,0
9606.ENSP00000333376,12.1,1
9606.ENSP00000333395,0.2,1
9606.ENSP00000333401,118.8,1
9606.ENSP00000333433,162.9,1
9606.ENSP00000333441,0.9,1
9606.ENSP00000333487,0,0
9606.ENSP00000333490,0,0
9606.ENSP00000333496,2,1
9606.ENSP00000333519,0,0
9606.ENSP00000333534,0,0
9606.ENSP00000333539,0,0
9606.ENSP00000333547,29.4,1
9606.ENSP00000333551,65.4,1
9606.ENSP00000333568,7.9,1
9606.ENSP00000333591,0.2,1
9606.ENSP00000333593,10.3,1
9606.ENSP00000333633,35.1,1
9606.ENSP00000333639,0,0
9606.ENSP00000333640,0.3,1
9606.ENSP00000333657,0,0
9606.ENSP00000333660,2.8,1
9606.ENSP00000333664,34.9,1
9606.ENSP00000333666,62.9,1
9606.ENSP00000333667,229.4,1
9606.ENSP00000333680,0,0
9606.ENSP00000333685,4.9,1
9606.ENSP00000333697,33.4,1
9606.ENSP00000333724,0,0
9606.ENSP00000333725,0.4,1
9606.ENSP00000333735,0,0
9606.ENSP00000333769,341,1
9606.ENSP00000333776,0,0
9606.ENSP00000333779,0,0
9606.ENSP00000333800,0,0
9606.ENSP00000333802,3.4,1
9606.ENSP00000333813,10.7,1
9606.ENSP00000333821,0,0
9606.ENSP00000333833,19.7,1
9606.ENSP00000333836,6.2,1
9606.ENSP00000333837,87.6,1
9606.ENSP00000333887,0,0
9606.ENSP00000333896,7.1,1
9606.ENSP00000333900,0,0
9606.ENSP00000333915,0,0
9606.ENSP00000333917,1.3,1
9606.ENSP00000333919,0.2,1
9606.ENSP00000333920,18.5,1
9606.ENSP00000333926,32.1,1
9606.ENSP00000333934,26.1,1
9606.ENSP00000333938,3.3,1
9606.ENSP00000333942,22.6,1
9606.ENSP00000333946,16.6,1
9606.ENSP00000333948,87.8,1
9606.ENSP00000333952,0,0
9606.ENSP00000333956,0,0
9606.ENSP00000333980,4.9,1
9606.ENSP00000333982,30.9,1
9606.ENSP00000333993,0,0
9606.ENSP00000333994,0,0
9606.ENSP00000334002,0.5,1
9606.ENSP00000334003,7,1
9606.ENSP00000334008,0.4,1
9606.ENSP00000334037,3.7,1
9606.ENSP00000334040,26.8,1
9606.ENSP00000334042,0,0
9606.ENSP00000334044,0,0
9606.ENSP00000334050,0,0
9606.ENSP00000334051,9.7,1
9606.ENSP00000334061,30.6,1
9606.ENSP00000334068,0,0
9606.ENSP00000334072,1,1
9606.ENSP00000334100,43.9,1
9606.ENSP00000334113,16.4,1
9606.ENSP00000334115,0,0
9606.ENSP00000334122,0,0
9606.ENSP00000334128,2.7,1
9606.ENSP00000334134,1,1
9606.ENSP00000334140,24.6,1
9606.ENSP00000334145,13.2,1
9606.ENSP00000334148,4,1
9606.ENSP00000334153,0.1,1
9606.ENSP00000334163,23.7,1
9606.ENSP00000334181,2.1,1
9606.ENSP00000334186,2.3,1
9606.ENSP00000334187,0,0
9606.ENSP00000334197,0,0
9606.ENSP00000334198,0.8,1
9606.ENSP00000334216,0,0
9606.ENSP00000334223,0,0
9606.ENSP00000334246,0,0
9606.ENSP00000334276,0,0
9606.ENSP00000334287,0,0
9606.ENSP00000334289,13.4,1
9606.ENSP00000334294,15.1,1
9606.ENSP00000334300,0,0
9606.ENSP00000334308,1.1,1
9606.ENSP00000334314,26.7,1
9606.ENSP00000334319,5.7,1
9606.ENSP00000334329,1.4,1
9606.ENSP00000334330,0,0
9606.ENSP00000334364,0,0
9606.ENSP00000334373,27.4,1
9606.ENSP00000334375,25.7,1
9606.ENSP00000334379,14.7,1
9606.ENSP00000334382,18.2,1
9606.ENSP00000334393,0,0
9606.ENSP00000334410,0,0
9606.ENSP00000334415,0,0
9606.ENSP00000334418,0,0
9606.ENSP00000334430,0,0
9606.ENSP00000334437,1.8,1
9606.ENSP00000334441,0,0
9606.ENSP00000334448,10.4,1
9606.ENSP00000334452,0,0
9606.ENSP00000334456,0,0
9606.ENSP00000334458,0,0
9606.ENSP00000334463,5.3,1
9606.ENSP00000334472,0,0
9606.ENSP00000334474,9.2,1
9606.ENSP00000334501,0,0
9606.ENSP00000334538,4.3,1
9606.ENSP00000334547,2.9,1
9606.ENSP00000334553,28.6,1
9606.ENSP00000334560,0,0
9606.ENSP00000334563,0,0
9606.ENSP00000334564,30.6,1
9606.ENSP00000334592,1.2,1
9606.ENSP00000334611,0,0
9606.ENSP00000334642,13.4,1
9606.ENSP00000334644,0,0
9606.ENSP00000334650,0,0
9606.ENSP00000334657,0,0
9606.ENSP00000334665,0,0
9606.ENSP00000334675,27.8,1
9606.ENSP00000334681,0,0
9606.ENSP00000334696,0,0
9606.ENSP00000334714,0,0
9606.ENSP00000334721,0,0
9606.ENSP00000334767,1.3,1
9606.ENSP00000334785,8.1,1
9606.ENSP00000334798,0,0
9606.ENSP00000334801,22.3,1
9606.ENSP00000334805,0,0
9606.ENSP00000334808,45.6,1
9606.ENSP00000334813,0.4,1
9606.ENSP00000334834,0,0
9606.ENSP00000334836,6.7,1
9606.ENSP00000334840,121.6,1
9606.ENSP00000334849,13.8,1
9606.ENSP00000334851,0,0
9606.ENSP00000334853,4.9,1
9606.ENSP00000334854,0,0
9606.ENSP00000334866,0,0
9606.ENSP00000334869,0,0
9606.ENSP00000334872,51.5,1
9606.ENSP00000334876,0,0
9606.ENSP00000334879,0.3,1
9606.ENSP00000334910,0.9,1
9606.ENSP00000334922,0,0
9606.ENSP00000334928,0.2,1
9606.ENSP00000334934,0,0
9606.ENSP00000334940,0,0
9606.ENSP00000334941,38.5,1
9606.ENSP00000334952,23.2,1
9606.ENSP00000334958,6,1
9606.ENSP00000334974,0.9,1
9606.ENSP00000334985,0,0
9606.ENSP00000334996,0,0
9606.ENSP00000334998,0,0
9606.ENSP00000335006,0,0
9606.ENSP00000335008,16.7,1
9606.ENSP00000335017,0,0
9606.ENSP00000335024,0,0
9606.ENSP00000335025,0,0
9606.ENSP00000335029,3,1
9606.ENSP00000335038,0.2,1
9606.ENSP00000335040,0,0
9606.ENSP00000335042,0,0
9606.ENSP00000335044,20.6,1
9606.ENSP00000335055,10.7,1
9606.ENSP00000335060,0,0
9606.ENSP00000335062,0,0
9606.ENSP00000335074,0,0
9606.ENSP00000335076,6.5,1
9606.ENSP00000335082,30.8,1
9606.ENSP00000335083,20,1
9606.ENSP00000335091,13,1
9606.ENSP00000335094,2.1,1
9606.ENSP00000335147,6.5,1
9606.ENSP00000335153,3319,1
9606.ENSP00000335156,0,0
9606.ENSP00000335158,0,0
9606.ENSP00000335191,0,0
9606.ENSP00000335193,24.1,1
9606.ENSP00000335196,0,0
9606.ENSP00000335201,3.9,1
9606.ENSP00000335203,91.2,1
9606.ENSP00000335246,8.5,1
9606.ENSP00000335247,23.4,1
9606.ENSP00000335255,0,0
9606.ENSP00000335261,21.2,1
9606.ENSP00000335281,0,0
9606.ENSP00000335285,5.5,1
9606.ENSP00000335292,0,0
9606.ENSP00000335304,109,1
9606.ENSP00000335306,89.7,1
9606.ENSP00000335307,0,0
9606.ENSP00000335320,5,1
9606.ENSP00000335321,273.4,1
9606.ENSP00000335325,0,0
9606.ENSP00000335357,114.6,1
9606.ENSP00000335358,0,0
9606.ENSP00000335371,21.2,1
9606.ENSP00000335382,0,0
9606.ENSP00000335384,0.2,1
9606.ENSP00000335392,0,0
9606.ENSP00000335397,11.9,1
9606.ENSP00000335437,1.6,1
9606.ENSP00000335463,17.6,1
9606.ENSP00000335481,2.5,1
9606.ENSP00000335493,0.6,1
9606.ENSP00000335500,0,0
9606.ENSP00000335503,0,0
9606.ENSP00000335529,0,0
9606.ENSP00000335535,0,0
9606.ENSP00000335538,0,0
9606.ENSP00000335544,8.4,1
9606.ENSP00000335557,4.6,1
9606.ENSP00000335560,16.2,1
9606.ENSP00000335565,0,0
9606.ENSP00000335566,0,0
9606.ENSP00000335567,0,0
9606.ENSP00000335575,0,0
9606.ENSP00000335578,0.1,1
9606.ENSP00000335592,12,1
9606.ENSP00000335595,14.5,1
9606.ENSP00000335596,0.1,1
9606.ENSP00000335605,40.6,1
9606.ENSP00000335612,0,0
9606.ENSP00000335614,5,1
9606.ENSP00000335615,4.6,1
9606.ENSP00000335620,0,0
9606.ENSP00000335623,0,0
9606.ENSP00000335628,0.1,1
9606.ENSP00000335632,56,1
9606.ENSP00000335636,85.8,1
9606.ENSP00000335651,0,0
9606.ENSP00000335655,9.5,1
9606.ENSP00000335660,0,0
9606.ENSP00000335675,3.9,1
9606.ENSP00000335677,49.7,1
9606.ENSP00000335808,114.4,1
9606.ENSP00000336127,13.1,1
9606.ENSP00000336524,14.5,1
9606.ENSP00000336528,0,0
9606.ENSP00000336587,11,1
9606.ENSP00000336606,18.7,1
9606.ENSP00000336630,2.4,1
9606.ENSP00000336655,21.4,1
9606.ENSP00000336661,0,0
9606.ENSP00000336666,35.3,1
9606.ENSP00000336687,275.7,1
9606.ENSP00000336693,0,0
9606.ENSP00000336701,59.5,1
9606.ENSP00000336702,610,1
9606.ENSP00000336712,126.3,1
9606.ENSP00000336721,196.1,1
9606.ENSP00000336724,7,1
9606.ENSP00000336729,3,1
9606.ENSP00000336733,8.2,1
9606.ENSP00000336740,10.1,1
9606.ENSP00000336741,272.1,1
9606.ENSP00000336747,38.1,1
9606.ENSP00000336750,37.3,1
9606.ENSP00000336752,55.6,1
9606.ENSP00000336762,2.8,1
9606.ENSP00000336764,0.1,1
9606.ENSP00000336769,0,0
9606.ENSP00000336775,5.5,1
9606.ENSP00000336783,5.2,1
9606.ENSP00000336790,676.3,1
9606.ENSP00000336799,3993.2,1
9606.ENSP00000336800,12.5,1
9606.ENSP00000336817,4.4,1
9606.ENSP00000336829,0,0
9606.ENSP00000336831,18.8,1
9606.ENSP00000336842,21,1
9606.ENSP00000336861,2.6,1
9606.ENSP00000336866,10.2,1
9606.ENSP00000336868,28.9,1
9606.ENSP00000336887,30.9,1
9606.ENSP00000336888,10.7,1
9606.ENSP00000336894,37.4,1
9606.ENSP00000336923,16.4,1
9606.ENSP00000336931,13.3,1
9606.ENSP00000336984,0,0
9606.ENSP00000336994,87.2,1
9606.ENSP00000337008,31.6,1
9606.ENSP00000337014,0,0
9606.ENSP00000337040,25.6,1
9606.ENSP00000337053,19.2,1
9606.ENSP00000337060,542.5,1
9606.ENSP00000337065,61.6,1
9606.ENSP00000337081,4.5,1
9606.ENSP00000337088,36.4,1
9606.ENSP00000337103,0,0
9606.ENSP00000337122,4.5,1
9606.ENSP00000337128,0,0
9606.ENSP00000337133,0,0
9606.ENSP00000337146,11.4,1
9606.ENSP00000337159,17.2,1
9606.ENSP00000337168,26.7,1
9606.ENSP00000337180,113.8,1
9606.ENSP00000337194,10.1,1
9606.ENSP00000337224,0,0
9606.ENSP00000337226,32.9,1
9606.ENSP00000337255,0,0
9606.ENSP00000337261,20.3,1
9606.ENSP00000337289,15.8,1
9606.ENSP00000337332,4.6,1
9606.ENSP00000337335,0,0
9606.ENSP00000337340,17.1,1
9606.ENSP00000337353,18.2,1
9606.ENSP00000337354,13.8,1
9606.ENSP00000337358,38.7,1
9606.ENSP00000337363,9.2,1
9606.ENSP00000337368,8.1,1
9606.ENSP00000337383,0,0
9606.ENSP00000337393,123.5,1
9606.ENSP00000337425,7,1
9606.ENSP00000337432,0,0
9606.ENSP00000337439,11.5,1
9606.ENSP00000337443,52.9,1
9606.ENSP00000337445,133.6,1
9606.ENSP00000337446,11.3,1
9606.ENSP00000337451,6.6,1
9606.ENSP00000337452,16,1
9606.ENSP00000337466,0,0
9606.ENSP00000337473,6.9,1
9606.ENSP00000337477,105.4,1
9606.ENSP00000337478,5.1,1
9606.ENSP00000337501,0,0
9606.ENSP00000337510,0,0
9606.ENSP00000337512,11.1,1
9606.ENSP00000337513,2.1,1
9606.ENSP00000337555,5.1,1
9606.ENSP00000337572,3.8,1
9606.ENSP00000337587,0,0
9606.ENSP00000337618,99.9,1
9606.ENSP00000337623,55.8,1
9606.ENSP00000337632,223.7,1
9606.ENSP00000337641,48.1,1
9606.ENSP00000337675,24.4,1
9606.ENSP00000337688,92.3,1
9606.ENSP00000337691,0.1,1
9606.ENSP00000337697,0.1,1
9606.ENSP00000337701,8.1,1
9606.ENSP00000337722,6.1,1
9606.ENSP00000337724,15.9,1
9606.ENSP00000337731,0,0
9606.ENSP00000337732,0.6,1
9606.ENSP00000337733,0,0
9606.ENSP00000337746,3,1
9606.ENSP00000337797,2.1,1
9606.ENSP00000337804,0,0
9606.ENSP00000337816,0.7,1
9606.ENSP00000337825,0,0
9606.ENSP00000337838,181.5,1
9606.ENSP00000337850,11,1
9606.ENSP00000337852,13,1
9606.ENSP00000337854,2,1
9606.ENSP00000337862,0,0
9606.ENSP00000337889,3.7,1
9606.ENSP00000337907,3.9,1
9606.ENSP00000337915,0,0
9606.ENSP00000337946,0.8,1
9606.ENSP00000337949,1.3,1
9606.ENSP00000337972,4,1
9606.ENSP00000337976,33,1
9606.ENSP00000337991,15.3,1
9606.ENSP00000337998,6.4,1
9606.ENSP00000338010,0,0
9606.ENSP00000338013,0.2,1
9606.ENSP00000338019,27.9,1
9606.ENSP00000338030,183.3,1
9606.ENSP00000338034,2,1
9606.ENSP00000338039,78.9,1
9606.ENSP00000338057,25.9,1
9606.ENSP00000338093,13.8,1
9606.ENSP00000338157,0,0
9606.ENSP00000338164,0.7,1
9606.ENSP00000338165,3.4,1
9606.ENSP00000338171,0,0
9606.ENSP00000338173,61.4,1
9606.ENSP00000338185,3.7,1
9606.ENSP00000338191,10,1
9606.ENSP00000338207,0.5,1
9606.ENSP00000338217,1,1
9606.ENSP00000338235,150.3,1
9606.ENSP00000338258,17.2,1
9606.ENSP00000338260,0,0
9606.ENSP00000338272,4.9,1
9606.ENSP00000338276,0,0
9606.ENSP00000338283,10.8,1
9606.ENSP00000338290,10.3,1
9606.ENSP00000338330,0,0
9606.ENSP00000338343,3.3,1
9606.ENSP00000338345,53.6,1
9606.ENSP00000338348,49.4,1
9606.ENSP00000338352,54.6,1
9606.ENSP00000338369,0,0
9606.ENSP00000338389,109.3,1
9606.ENSP00000338413,392.9,1
9606.ENSP00000338475,1.4,1
9606.ENSP00000338481,30.6,1
9606.ENSP00000338487,57.9,1
9606.ENSP00000338512,13,1
9606.ENSP00000338523,12.4,1
9606.ENSP00000338532,12.7,1
9606.ENSP00000338533,5.2,1
9606.ENSP00000338562,63.5,1
9606.ENSP00000338572,9.3,1
9606.ENSP00000338573,34.6,1
9606.ENSP00000338607,10.2,1
9606.ENSP00000338613,0,0
9606.ENSP00000338624,4.9,1
9606.ENSP00000338627,2,1
9606.ENSP00000338629,16.3,1
9606.ENSP00000338641,0,0
9606.ENSP00000338648,0.5,1
9606.ENSP00000338671,5.3,1
9606.ENSP00000338673,5.8,1
9606.ENSP00000338703,73.4,1
9606.ENSP00000338727,25.8,1
9606.ENSP00000338728,28.9,1
9606.ENSP00000338766,5.1,1
9606.ENSP00000338769,12.2,1
9606.ENSP00000338770,6.6,1
9606.ENSP00000338774,15.4,1
9606.ENSP00000338777,57.4,1
9606.ENSP00000338783,0,0
9606.ENSP00000338785,1.5,1
9606.ENSP00000338788,155.8,1
9606.ENSP00000338796,0,0
9606.ENSP00000338807,4.8,1
9606.ENSP00000338812,0.4,1
9606.ENSP00000338814,24.2,1
9606.ENSP00000338844,88.5,1
9606.ENSP00000338860,11.8,1
9606.ENSP00000338862,108.5,1
9606.ENSP00000338864,5.4,1
9606.ENSP00000338885,7.6,1
9606.ENSP00000338887,43.6,1
9606.ENSP00000338927,6.1,1
9606.ENSP00000338964,16.8,1
9606.ENSP00000338967,0.9,1
9606.ENSP00000338990,44.6,1
9606.ENSP00000339001,2160.6,1
9606.ENSP00000339004,3.4,1
9606.ENSP00000339017,18.9,1
9606.ENSP00000339030,43.2,1
9606.ENSP00000339063,11729,1
9606.ENSP00000339067,2.2,1
9606.ENSP00000339086,12.9,1
9606.ENSP00000339090,37.2,1
9606.ENSP00000339095,2038.5,1
9606.ENSP00000339109,51,1
9606.ENSP00000339115,0,0
9606.ENSP00000339136,0.1,1
9606.ENSP00000339145,78.9,1
9606.ENSP00000339155,0,0
9606.ENSP00000339161,81.4,1
9606.ENSP00000339179,0,0
9606.ENSP00000339182,0,0
9606.ENSP00000339186,0,0
9606.ENSP00000339191,2.2,1
9606.ENSP00000339208,30.6,1
9606.ENSP00000339238,0,0
9606.ENSP00000339245,35.1,1
9606.ENSP00000339250,0,0
9606.ENSP00000339251,0,0
9606.ENSP00000339256,0.7,1
9606.ENSP00000339260,0,0
9606.ENSP00000339280,1,1
9606.ENSP00000339299,6.5,1
9606.ENSP00000339314,2,1
9606.ENSP00000339324,0,0
9606.ENSP00000339328,7,1
9606.ENSP00000339340,6.5,1
9606.ENSP00000339356,15.7,1
9606.ENSP00000339374,0,0
9606.ENSP00000339381,2.3,1
9606.ENSP00000339384,0,0
9606.ENSP00000339389,0,0
9606.ENSP00000339390,0,0
9606.ENSP00000339398,0,0
9606.ENSP00000339404,21.1,1
9606.ENSP00000339405,0,0
9606.ENSP00000339435,12.2,1
9606.ENSP00000339449,0,0
9606.ENSP00000339467,31.2,1
9606.ENSP00000339477,2.7,1
9606.ENSP00000339479,23.4,1
9606.ENSP00000339484,1.1,1
9606.ENSP00000339495,41,1
9606.ENSP00000339511,0,0
9606.ENSP00000339524,0.7,1
9606.ENSP00000339532,66.4,1
9606.ENSP00000339566,6.4,1
9606.ENSP00000339577,0,0
9606.ENSP00000339585,5.4,1
9606.ENSP00000339587,5.8,1
9606.ENSP00000339613,13.1,1
9606.ENSP00000339621,0,0
9606.ENSP00000339626,2.8,1
9606.ENSP00000339634,0,0
9606.ENSP00000339637,8.8,1
9606.ENSP00000339659,24.7,1
9606.ENSP00000339681,0.3,1
9606.ENSP00000339692,2.6,1
9606.ENSP00000339720,102.1,1
9606.ENSP00000339723,22.1,1
9606.ENSP00000339726,0,0
9606.ENSP00000339730,0.1,1
9606.ENSP00000339740,42.6,1
9606.ENSP00000339754,12,1
9606.ENSP00000339764,0.1,1
9606.ENSP00000339767,0,0
9606.ENSP00000339787,22.4,1
9606.ENSP00000339795,2888.8,1
9606.ENSP00000339801,21.3,1
9606.ENSP00000339802,1.2,1
9606.ENSP00000339804,1.5,1
9606.ENSP00000339813,8.8,1
9606.ENSP00000339820,6.6,1
9606.ENSP00000339823,0.4,1
9606.ENSP00000339824,5.5,1
9606.ENSP00000339826,17.7,1
9606.ENSP00000339830,2.8,1
9606.ENSP00000339834,20.2,1
9606.ENSP00000339835,0,0
9606.ENSP00000339844,8.5,1
9606.ENSP00000339850,10.4,1
9606.ENSP00000339867,0,0
9606.ENSP00000339881,23.1,1
9606.ENSP00000339883,114.2,1
9606.ENSP00000339906,0,0
9606.ENSP00000339916,20.9,1
9606.ENSP00000339917,79.5,1
9606.ENSP00000339918,6.1,1
9606.ENSP00000339933,0,0
9606.ENSP00000339958,26.1,1
9606.ENSP00000339971,0.5,1
9606.ENSP00000339973,0,0
9606.ENSP00000339976,13.1,1
9606.ENSP00000339992,5.6,1
9606.ENSP00000340004,2.5,1
9606.ENSP00000340017,7.1,1
9606.ENSP00000340083,6.3,1
9606.ENSP00000340088,0,0
9606.ENSP00000340125,0,0
9606.ENSP00000340132,3.6,1
9606.ENSP00000340176,68,1
9606.ENSP00000340212,0,0
9606.ENSP00000340220,16.2,1
9606.ENSP00000340226,0,0
9606.ENSP00000340243,41.9,1
9606.ENSP00000340271,8.9,1
9606.ENSP00000340274,23,1
9606.ENSP00000340279,27,1
9606.ENSP00000340292,0.7,1
9606.ENSP00000340296,0,0
9606.ENSP00000340297,8.4,1
9606.ENSP00000340299,0.4,1
9606.ENSP00000340305,129.5,1
9606.ENSP00000340328,0,0
9606.ENSP00000340329,311.9,1
9606.ENSP00000340330,50.8,1
9606.ENSP00000340347,13.1,1
9606.ENSP00000340361,8.1,1
9606.ENSP00000340402,0,0
9606.ENSP00000340409,8.4,1
9606.ENSP00000340427,9.6,1
9606.ENSP00000340434,16.3,1
9606.ENSP00000340445,1.8,1
9606.ENSP00000340454,47,1
9606.ENSP00000340465,11.4,1
9606.ENSP00000340466,375.2,1
9606.ENSP00000340467,0.1,1
9606.ENSP00000340474,1,1
9606.ENSP00000340494,16.1,1
9606.ENSP00000340505,7.4,1
9606.ENSP00000340507,71.9,1
9606.ENSP00000340510,1.3,1
9606.ENSP00000340514,4.9,1
9606.ENSP00000340519,9.3,1
9606.ENSP00000340523,3,1
9606.ENSP00000340526,0.4,1
9606.ENSP00000340546,0,0
9606.ENSP00000340568,0,0
9606.ENSP00000340578,0,0
9606.ENSP00000340590,0,0
9606.ENSP00000340594,7.3,1
9606.ENSP00000340596,20.9,1
9606.ENSP00000340608,0,0
9606.ENSP00000340609,0,0
9606.ENSP00000340610,0,0
9606.ENSP00000340644,0,0
9606.ENSP00000340648,145.6,1
9606.ENSP00000340660,0,0
9606.ENSP00000340668,38.3,1
9606.ENSP00000340672,34.9,1
9606.ENSP00000340677,0,0
9606.ENSP00000340683,5.4,1
9606.ENSP00000340684,6.1,1
9606.ENSP00000340688,12.1,1
9606.ENSP00000340691,109.1,1
9606.ENSP00000340736,76.7,1
9606.ENSP00000340748,0,0
9606.ENSP00000340761,30.7,1
9606.ENSP00000340776,0,0
9606.ENSP00000340796,10.8,1
9606.ENSP00000340811,0,0
9606.ENSP00000340820,2.3,1
9606.ENSP00000340823,44.3,1
9606.ENSP00000340836,12.9,1
9606.ENSP00000340839,0.5,1
9606.ENSP00000340841,12.2,1
9606.ENSP00000340864,1,1
9606.ENSP00000340874,9.6,1
9606.ENSP00000340887,0,0
9606.ENSP00000340896,49,1
9606.ENSP00000340900,28.5,1
9606.ENSP00000340913,0,0
9606.ENSP00000340914,0.3,1
9606.ENSP00000340935,0,0
9606.ENSP00000340937,0.7,1
9606.ENSP00000340943,0,0
9606.ENSP00000340944,100.1,1
9606.ENSP00000340954,3.4,1
9606.ENSP00000340975,0,0
9606.ENSP00000340979,0,0
9606.ENSP00000340982,0.1,1
9606.ENSP00000340983,0.1,1
9606.ENSP00000340988,0,0
9606.ENSP00000340989,0.3,1
9606.ENSP00000340998,0.6,1
9606.ENSP00000341013,0,0
9606.ENSP00000341021,0,0
9606.ENSP00000341030,0,0
9606.ENSP00000341031,0,0
9606.ENSP00000341032,0.9,1
9606.ENSP00000341044,3,1
9606.ENSP00000341045,0,0
9606.ENSP00000341051,0.4,1
9606.ENSP00000341071,7.2,1
9606.ENSP00000341082,247.6,1
9606.ENSP00000341083,3.6,1
9606.ENSP00000341094,0,0
9606.ENSP00000341108,2.2,1
9606.ENSP00000341139,2.9,1
9606.ENSP00000341141,0,0
9606.ENSP00000341159,0.4,1
9606.ENSP00000341165,2.5,1
9606.ENSP00000341170,0,0
9606.ENSP00000341171,42.5,1
9606.ENSP00000341178,0.7,1
9606.ENSP00000341189,66.1,1
9606.ENSP00000341198,35.3,1
9606.ENSP00000341206,0,0
9606.ENSP00000341208,0.8,1
9606.ENSP00000341213,123.3,1
9606.ENSP00000341214,0,0
9606.ENSP00000341219,14.4,1
9606.ENSP00000341236,12.2,1
9606.ENSP00000341243,0,0
9606.ENSP00000341247,0,0
9606.ENSP00000341268,2,1
9606.ENSP00000341280,8,1
9606.ENSP00000341282,0,0
9606.ENSP00000341289,539.5,1
9606.ENSP00000341291,0,0
9606.ENSP00000341292,93.8,1
9606.ENSP00000341324,15.7,1
9606.ENSP00000341342,0,0
9606.ENSP00000341344,29.4,1
9606.ENSP00000341346,0,0
9606.ENSP00000341351,24.7,1
9606.ENSP00000341360,26.2,1
9606.ENSP00000341361,37.5,1
9606.ENSP00000341364,104.5,1
9606.ENSP00000341368,0.1,1
9606.ENSP00000341412,0,0
9606.ENSP00000341422,12.5,1
9606.ENSP00000341442,0,0
9606.ENSP00000341483,38.2,1
9606.ENSP00000341489,7,1
9606.ENSP00000341490,2.5,1
9606.ENSP00000341524,60.2,1
9606.ENSP00000341528,3.4,1
9606.ENSP00000341539,8,1
9606.ENSP00000341549,0,0
9606.ENSP00000341550,0,0
9606.ENSP00000341551,33.6,1
9606.ENSP00000341562,15.3,1
9606.ENSP00000341564,0.2,1
9606.ENSP00000341565,39.5,1
9606.ENSP00000341581,0,0
9606.ENSP00000341584,0,0
9606.ENSP00000341597,18.8,1
9606.ENSP00000341610,2.3,1
9606.ENSP00000341625,0.1,1
9606.ENSP00000341637,14.4,1
9606.ENSP00000341640,0.2,1
9606.ENSP00000341657,106.8,1
9606.ENSP00000341658,0.3,1
9606.ENSP00000341662,0,0
9606.ENSP00000341677,0,0
9606.ENSP00000341680,21.8,1
9606.ENSP00000341684,2.9,1
9606.ENSP00000341737,35.2,1
9606.ENSP00000341743,198.5,1
9606.ENSP00000341762,0,0
9606.ENSP00000341765,0,0
9606.ENSP00000341779,295.3,1
9606.ENSP00000341785,81.3,1
9606.ENSP00000341787,0,0
9606.ENSP00000341803,0,0
9606.ENSP00000341805,92.5,1
9606.ENSP00000341815,0.3,1
9606.ENSP00000341819,0,0
9606.ENSP00000341821,0,0
9606.ENSP00000341826,1486.5,1
9606.ENSP00000341838,1.2,1
9606.ENSP00000341843,0.4,1
9606.ENSP00000341867,0,0
9606.ENSP00000341874,25.9,1
9606.ENSP00000341885,2553.6,1
9606.ENSP00000341905,0,0
9606.ENSP00000341911,8,1
9606.ENSP00000341914,0,0
9606.ENSP00000341938,27.4,1
9606.ENSP00000341940,0,0
9606.ENSP00000341942,0,0
9606.ENSP00000341944,0.1,1
9606.ENSP00000341947,20.8,1
9606.ENSP00000341957,33.9,1
9606.ENSP00000341961,0.1,1
9606.ENSP00000341963,14.9,1
9606.ENSP00000341987,0,0
9606.ENSP00000341988,0,0
9606.ENSP00000341992,0,0
9606.ENSP00000342002,0,0
9606.ENSP00000342007,0,0
9606.ENSP00000342008,0,0
9606.ENSP00000342012,44.5,1
9606.ENSP00000342015,4.3,1
9606.ENSP00000342019,9.6,1
9606.ENSP00000342026,272,1
9606.ENSP00000342056,396.8,1
9606.ENSP00000342075,24.2,1
9606.ENSP00000342082,0,0
9606.ENSP00000342098,30.8,1
9606.ENSP00000342105,16,1
9606.ENSP00000342109,0,0
9606.ENSP00000342114,0.1,1
9606.ENSP00000342118,0.1,1
9606.ENSP00000342136,25,1
9606.ENSP00000342137,1.7,1
9606.ENSP00000342144,0,0
9606.ENSP00000342148,15.1,1
9606.ENSP00000342156,0,0
9606.ENSP00000342162,1.3,1
9606.ENSP00000342169,6.6,1
9606.ENSP00000342181,126.9,1
9606.ENSP00000342188,0.2,1
9606.ENSP00000342197,0,0
9606.ENSP00000342215,0,0
9606.ENSP00000342216,0.4,1
9606.ENSP00000342222,0.2,1
9606.ENSP00000342235,0.2,1
9606.ENSP00000342240,0,0
9606.ENSP00000342254,4.4,1
9606.ENSP00000342262,54.6,1
9606.ENSP00000342267,26.6,1
9606.ENSP00000342278,0.8,1
9606.ENSP00000342295,0,0
9606.ENSP00000342307,153.1,1
9606.ENSP00000342313,8.8,1
9606.ENSP00000342322,85.9,1
9606.ENSP00000342331,7.9,1
9606.ENSP00000342336,0,0
9606.ENSP00000342344,17.7,1
9606.ENSP00000342356,0,0
9606.ENSP00000342374,1180.4,1
9606.ENSP00000342385,0.7,1
9606.ENSP00000342392,0.3,1
9606.ENSP00000342411,0.1,1
9606.ENSP00000342434,126.1,1
9606.ENSP00000342448,0,0
9606.ENSP00000342481,22.9,1
9606.ENSP00000342499,15.3,1
9606.ENSP00000342502,50.5,1
9606.ENSP00000342510,8.8,1
9606.ENSP00000342513,5.5,1
9606.ENSP00000342518,0,0
9606.ENSP00000342538,0,0
9606.ENSP00000342560,0.1,1
9606.ENSP00000342570,0,0
9606.ENSP00000342576,0,0
9606.ENSP00000342604,3.4,1
9606.ENSP00000342609,0.8,1
9606.ENSP00000342626,0.9,1
9606.ENSP00000342676,86.5,1
9606.ENSP00000342680,0,0
9606.ENSP00000342681,0,0
9606.ENSP00000342697,0,0
9606.ENSP00000342699,39.3,1
9606.ENSP00000342710,0,0
9606.ENSP00000342755,47.4,1
9606.ENSP00000342778,296.4,1
9606.ENSP00000342790,0,0
9606.ENSP00000342793,0.6,1
9606.ENSP00000342805,66.8,1
9606.ENSP00000342818,9.2,1
9606.ENSP00000342828,0.7,1
9606.ENSP00000342832,1.1,1
9606.ENSP00000342836,0,0
9606.ENSP00000342840,5.1,1
9606.ENSP00000342848,0.2,1
9606.ENSP00000342850,0,0
9606.ENSP00000342858,80.1,1
9606.ENSP00000342889,103.4,1
9606.ENSP00000342924,8.9,1
9606.ENSP00000342931,0,0
9606.ENSP00000342938,0.8,1
9606.ENSP00000342952,0,0
9606.ENSP00000342962,72.6,1
9606.ENSP00000342974,7.1,1
9606.ENSP00000342981,0,0
9606.ENSP00000343000,0,0
9606.ENSP00000343001,37.2,1
9606.ENSP00000343002,6.1,1
9606.ENSP00000343023,0.8,1
9606.ENSP00000343027,7,1
9606.ENSP00000343054,90.4,1
9606.ENSP00000343062,0,0
9606.ENSP00000343064,0.9,1
9606.ENSP00000343103,20.4,1
9606.ENSP00000343118,124,1
9606.ENSP00000343126,49.8,1
9606.ENSP00000343129,0,0
9606.ENSP00000343140,0,0
9606.ENSP00000343144,6.4,1
9606.ENSP00000343158,38.6,1
9606.ENSP00000343171,0,0
9606.ENSP00000343172,0,0
9606.ENSP00000343190,19.2,1
9606.ENSP00000343200,0,0
9606.ENSP00000343204,19.4,1
9606.ENSP00000343223,0,0
9606.ENSP00000343242,0,0
9606.ENSP00000343244,0,0
9606.ENSP00000343246,4.6,1
9606.ENSP00000343248,8.8,1
9606.ENSP00000343273,21.5,1
9606.ENSP00000343288,33.5,1
9606.ENSP00000343290,0.2,1
9606.ENSP00000343325,52.1,1
9606.ENSP00000343331,0,0
9606.ENSP00000343339,0,0
9606.ENSP00000343348,0.3,1
9606.ENSP00000343366,0,0
9606.ENSP00000343398,1.7,1
9606.ENSP00000343405,78.3,1
9606.ENSP00000343412,27.7,1
9606.ENSP00000343428,0,0
9606.ENSP00000343435,85.9,1
9606.ENSP00000343445,0,0
9606.ENSP00000343490,0,0
9606.ENSP00000343493,0,0
9606.ENSP00000343505,0.1,1
9606.ENSP00000343507,2,1
9606.ENSP00000343515,12.3,1
9606.ENSP00000343521,0,0
9606.ENSP00000343526,80.3,1
9606.ENSP00000343535,95.2,1
9606.ENSP00000343552,50.5,1
9606.ENSP00000343577,0,0
9606.ENSP00000343581,12.9,1
9606.ENSP00000343617,1.7,1
9606.ENSP00000343619,23.5,1
9606.ENSP00000343629,96.5,1
9606.ENSP00000343633,13.7,1
9606.ENSP00000343635,4.9,1
9606.ENSP00000343636,0,0
9606.ENSP00000343656,2.8,1
9606.ENSP00000343657,37.8,1
9606.ENSP00000343658,56,1
9606.ENSP00000343674,0.2,1
9606.ENSP00000343676,0,0
9606.ENSP00000343686,0.5,1
9606.ENSP00000343690,13.1,1
9606.ENSP00000343701,58.2,1
9606.ENSP00000343706,12.5,1
9606.ENSP00000343741,10.9,1
9606.ENSP00000343742,22.9,1
9606.ENSP00000343746,7.7,1
9606.ENSP00000343782,0,0
9606.ENSP00000343818,36.5,1
9606.ENSP00000343819,249.6,1
9606.ENSP00000343838,0,0
9606.ENSP00000343847,0.4,1
9606.ENSP00000343867,74.1,1
9606.ENSP00000343871,13.5,1
9606.ENSP00000343885,39.2,1
9606.ENSP00000343890,4.8,1
9606.ENSP00000343891,0,0
9606.ENSP00000343899,5.7,1
9606.ENSP00000343900,0.2,1
9606.ENSP00000343924,0.2,1
9606.ENSP00000343925,0.8,1
9606.ENSP00000343930,8.5,1
9606.ENSP00000343952,0.2,1
9606.ENSP00000343957,15.2,1
9606.ENSP00000343966,54.7,1
9606.ENSP00000344041,0,0
9606.ENSP00000344071,0,0
9606.ENSP00000344087,10,1
9606.ENSP00000344095,0,0
9606.ENSP00000344101,0,0
9606.ENSP00000344115,0,0
9606.ENSP00000344125,14,1
9606.ENSP00000344129,0,0
9606.ENSP00000344140,1.2,1
9606.ENSP00000344155,2.9,1
9606.ENSP00000344162,4.3,1
9606.ENSP00000344166,3.6,1
9606.ENSP00000344173,2.9,1
9606.ENSP00000344192,0,0
9606.ENSP00000344206,0.1,1
9606.ENSP00000344208,24.9,1
9606.ENSP00000344215,0,0
9606.ENSP00000344218,0.8,1
9606.ENSP00000344219,0.2,1
9606.ENSP00000344220,24.3,1
9606.ENSP00000344223,50.2,1
9606.ENSP00000344233,0,0
9606.ENSP00000344241,16.5,1
9606.ENSP00000344242,0,0
9606.ENSP00000344254,132.5,1
9606.ENSP00000344260,0.5,1
9606.ENSP00000344277,9.2,1
9606.ENSP00000344285,0,0
9606.ENSP00000344299,39.4,1
9606.ENSP00000344314,7.5,1
9606.ENSP00000344331,0,0
9606.ENSP00000344352,24.6,1
9606.ENSP00000344393,94.1,1
9606.ENSP00000344401,31.2,1
9606.ENSP00000344403,0,0
9606.ENSP00000344411,0,0
9606.ENSP00000344420,0,0
9606.ENSP00000344424,4,1
9606.ENSP00000344430,0,0
9606.ENSP00000344431,0.1,1
9606.ENSP00000344432,0,0
9606.ENSP00000344446,3.3,1
9606.ENSP00000344456,315.8,1
9606.ENSP00000344458,0,0
9606.ENSP00000344465,0,0
9606.ENSP00000344468,8.7,1
9606.ENSP00000344479,2.6,1
9606.ENSP00000344488,5.6,1
9606.ENSP00000344489,0,0
9606.ENSP00000344503,12.4,1
9606.ENSP00000344504,0,0
9606.ENSP00000344544,0.1,1
9606.ENSP00000344545,0,0
9606.ENSP00000344546,25.2,1
9606.ENSP00000344547,2830.6,1
9606.ENSP00000344562,2.9,1
9606.ENSP00000344563,0,0
9606.ENSP00000344572,48.5,1
9606.ENSP00000344577,0,0
9606.ENSP00000344579,0,0
9606.ENSP00000344609,42.5,1
9606.ENSP00000344635,137.2,1
9606.ENSP00000344648,2.7,1
9606.ENSP00000344666,25.1,1
9606.ENSP00000344674,0.7,1
9606.ENSP00000344724,3.2,1
9606.ENSP00000344729,0,0
9606.ENSP00000344741,53.1,1
9606.ENSP00000344749,0,0
9606.ENSP00000344758,0.9,1
9606.ENSP00000344782,0,0
9606.ENSP00000344786,0.6,1
9606.ENSP00000344791,0,0
9606.ENSP00000344801,0,0
9606.ENSP00000344816,23.4,1
9606.ENSP00000344819,0,0
9606.ENSP00000344820,0,0
9606.ENSP00000344828,8.3,1
9606.ENSP00000344829,2.7,1
9606.ENSP00000344831,8,1
9606.ENSP00000344844,0,0
9606.ENSP00000344855,3.9,1
9606.ENSP00000344860,0,0
9606.ENSP00000344865,0,0
9606.ENSP00000344866,21.9,1
9606.ENSP00000344871,0,0
9606.ENSP00000344903,2.9,1
9606.ENSP00000344907,0,0
9606.ENSP00000344909,172.2,1
9606.ENSP00000344929,0,0
9606.ENSP00000344937,13.8,1
9606.ENSP00000344942,55.9,1
9606.ENSP00000344961,0,0
9606.ENSP00000344967,0,0
9606.ENSP00000344989,13.4,1
9606.ENSP00000344996,15.8,1
9606.ENSP00000345001,2.1,1
9606.ENSP00000345008,9.8,1
9606.ENSP00000345023,0.5,1
9606.ENSP00000345024,3.4,1
9606.ENSP00000345029,0,0
9606.ENSP00000345055,0.1,1
9606.ENSP00000345064,12.5,1
9606.ENSP00000345083,31,1
9606.ENSP00000345096,78.6,1
9606.ENSP00000345102,0,0
9606.ENSP00000345107,3,1
9606.ENSP00000345133,1.3,1
9606.ENSP00000345147,2.5,1
9606.ENSP00000345151,0,0
9606.ENSP00000345163,0,0
9606.ENSP00000345175,0.1,1
9606.ENSP00000345179,0.4,1
9606.ENSP00000345192,3.9,1
9606.ENSP00000345195,50,1
9606.ENSP00000345206,51.9,1
9606.ENSP00000345216,10.7,1
9606.ENSP00000345229,0.3,1
9606.ENSP00000345230,72.9,1
9606.ENSP00000345243,0,0
9606.ENSP00000345259,78.7,1
9606.ENSP00000345270,5.4,1
9606.ENSP00000345282,43.3,1
9606.ENSP00000345292,45.5,1
9606.ENSP00000345295,0,0
9606.ENSP00000345333,0.1,1
9606.ENSP00000345341,22.5,1
9606.ENSP00000345344,49.8,1
9606.ENSP00000345347,1484.7,1
9606.ENSP00000345359,30.9,1
9606.ENSP00000345361,60.4,1
9606.ENSP00000345374,0,0
9606.ENSP00000345393,1.1,1
9606.ENSP00000345395,2.7,1
9606.ENSP00000345405,0.7,1
9606.ENSP00000345412,94.7,1
9606.ENSP00000345420,0,0
9606.ENSP00000345436,1,1
9606.ENSP00000345445,85.4,1
9606.ENSP00000345464,0,0
9606.ENSP00000345468,0,0
9606.ENSP00000345470,0.1,1
9606.ENSP00000345479,10.1,1
9606.ENSP00000345491,1.7,1
9606.ENSP00000345492,5.5,1
9606.ENSP00000345494,21.2,1
9606.ENSP00000345502,0,0
9606.ENSP00000345528,18.1,1
9606.ENSP00000345555,0,0
9606.ENSP00000345563,0,0
9606.ENSP00000345571,25.3,1
9606.ENSP00000345575,22.2,1
9606.ENSP00000345629,4.9,1
9606.ENSP00000345633,0,0
9606.ENSP00000345656,39.8,1
9606.ENSP00000345659,0.6,1
9606.ENSP00000345667,0,0
9606.ENSP00000345672,65.3,1
9606.ENSP00000345681,14.7,1
9606.ENSP00000345702,30.1,1
9606.ENSP00000345708,4.1,1
9606.ENSP00000345716,0,0
9606.ENSP00000345719,34.7,1
9606.ENSP00000345728,7.1,1
9606.ENSP00000345731,39.3,1
9606.ENSP00000345751,0,0
9606.ENSP00000345752,47.7,1
9606.ENSP00000345771,90.1,1
9606.ENSP00000345772,5.3,1
9606.ENSP00000345773,9.8,1
9606.ENSP00000345774,59.8,1
9606.ENSP00000345785,0.7,1
9606.ENSP00000345793,35.7,1
9606.ENSP00000345797,25.1,1
9606.ENSP00000345808,9.1,1
9606.ENSP00000345824,0,0
9606.ENSP00000345826,1.6,1
9606.ENSP00000345837,93.1,1
9606.ENSP00000345848,516.1,1
9606.ENSP00000345849,0,0
9606.ENSP00000345853,39.9,1
9606.ENSP00000345868,0,0
9606.ENSP00000345873,0,0
9606.ENSP00000345895,83.4,1
9606.ENSP00000345917,100.6,1
9606.ENSP00000345957,1343.1,1
9606.ENSP00000345968,0,0
9606.ENSP00000345972,0,0
9606.ENSP00000345974,8,1
9606.ENSP00000345985,0,0
9606.ENSP00000345988,7,1
9606.ENSP00000345997,3,1
9606.ENSP00000346001,2275.3,1
9606.ENSP00000346012,287.6,1
9606.ENSP00000346015,1914.2,1
9606.ENSP00000346027,1552.8,1
9606.ENSP00000346032,992.9,1
9606.ENSP00000346037,1296.6,1
9606.ENSP00000346046,6162.5,1
9606.ENSP00000346050,2877.1,1
9606.ENSP00000346065,0.1,1
9606.ENSP00000346067,2983.8,1
9606.ENSP00000346080,136.4,1
9606.ENSP00000346088,636.9,1
9606.ENSP00000346103,239.7,1
9606.ENSP00000346112,7.9,1
9606.ENSP00000346120,250.4,1
9606.ENSP00000346127,2.6,1
9606.ENSP00000346130,14.6,1
9606.ENSP00000346139,18.8,1
9606.ENSP00000346148,21.3,1
9606.ENSP00000346151,1.1,1
9606.ENSP00000346155,20,1
9606.ENSP00000346158,0,0
9606.ENSP00000346160,3.8,1
9606.ENSP00000346173,83.3,1
9606.ENSP00000346175,6.4,1
9606.ENSP00000346196,8.8,1
9606.ENSP00000346206,4.5,1
9606.ENSP00000346240,3.6,1
9606.ENSP00000346251,0,0
9606.ENSP00000346255,23.1,1
9606.ENSP00000346265,0,0
9606.ENSP00000346275,0,0
9606.ENSP00000346280,46.1,1
9606.ENSP00000346283,0,0
9606.ENSP00000346298,0,0
9606.ENSP00000346300,67.2,1
9606.ENSP00000346335,1.1,1
9606.ENSP00000346340,102.4,1
9606.ENSP00000346342,0,0
9606.ENSP00000346348,2.2,1
9606.ENSP00000346359,19.1,1
9606.ENSP00000346378,0,0
9606.ENSP00000346389,17.1,1
9606.ENSP00000346414,2.1,1
9606.ENSP00000346437,18.3,1
9606.ENSP00000346442,0,0
9606.ENSP00000346453,20.4,1
9606.ENSP00000346464,69.1,1
9606.ENSP00000346466,4.6,1
9606.ENSP00000346478,0,0
9606.ENSP00000346483,33.5,1
9606.ENSP00000346484,0.1,1
9606.ENSP00000346508,1.5,1
9606.ENSP00000346509,0,0
9606.ENSP00000346534,2.3,1
9606.ENSP00000346536,0,0
9606.ENSP00000346537,0,0
9606.ENSP00000346550,165.9,1
9606.ENSP00000346560,0,0
9606.ENSP00000346575,0,0
9606.ENSP00000346577,0.2,1
9606.ENSP00000346599,13.1,1
9606.ENSP00000346611,0,0
9606.ENSP00000346627,3.1,1
9606.ENSP00000346634,125.2,1
9606.ENSP00000346635,1.8,1
9606.ENSP00000346643,0,0
9606.ENSP00000346644,1.9,1
9606.ENSP00000346659,0.6,1
9606.ENSP00000346667,5.2,1
9606.ENSP00000346671,25.8,1
9606.ENSP00000346693,21.3,1
9606.ENSP00000346694,196.3,1
9606.ENSP00000346697,5.7,1
9606.ENSP00000346725,163.9,1
9606.ENSP00000346729,44.1,1
9606.ENSP00000346733,4.7,1
9606.ENSP00000346762,150.7,1
9606.ENSP00000346768,0,0
9606.ENSP00000346802,0.2,1
9606.ENSP00000346805,0,0
9606.ENSP00000346809,4,1
9606.ENSP00000346827,40,1
9606.ENSP00000346829,89.3,1
9606.ENSP00000346839,17.4,1
9606.ENSP00000346874,73.2,1
9606.ENSP00000346879,1.2,1
9606.ENSP00000346886,28.5,1
9606.ENSP00000346890,136.5,1
9606.ENSP00000346892,0.8,1
9606.ENSP00000346916,0,0
9606.ENSP00000346921,312.5,1
9606.ENSP00000346927,5.3,1
9606.ENSP00000346931,17.2,1
9606.ENSP00000346954,40.5,1
9606.ENSP00000346955,7.3,1
9606.ENSP00000346959,6.8,1
9606.ENSP00000346964,0,0
9606.ENSP00000346981,0,0
9606.ENSP00000346986,51.5,1
9606.ENSP00000346990,0.1,1
9606.ENSP00000346997,27.7,1
9606.ENSP00000347003,0,0
9606.ENSP00000347032,24.2,1
9606.ENSP00000347038,2.4,1
9606.ENSP00000347041,0,0
9606.ENSP00000347043,9.4,1
9606.ENSP00000347046,3.5,1
9606.ENSP00000347055,0.1,1
9606.ENSP00000347088,11.6,1
9606.ENSP00000347119,0.2,1
9606.ENSP00000347134,54.9,1
9606.ENSP00000347140,0,0
9606.ENSP00000347152,1.6,1
9606.ENSP00000347170,1.4,1
9606.ENSP00000347184,20.6,1
9606.ENSP00000347188,22.8,1
9606.ENSP00000347195,15.1,1
9606.ENSP00000347197,0.2,1
9606.ENSP00000347198,1.5,1
9606.ENSP00000347206,17.9,1
9606.ENSP00000347213,0.5,1
9606.ENSP00000347224,46.6,1
9606.ENSP00000347232,25.7,1
9606.ENSP00000347244,21.9,1
9606.ENSP00000347277,79.8,1
9606.ENSP00000347322,38.3,1
9606.ENSP00000347324,7.7,1
9606.ENSP00000347338,7.9,1
9606.ENSP00000347345,39.8,1
9606.ENSP00000347358,0,0
9606.ENSP00000347379,7.2,1
9606.ENSP00000347408,76.7,1
9606.ENSP00000347409,0,0
9606.ENSP00000347416,99.2,1
9606.ENSP00000347418,0,0
9606.ENSP00000347427,15.5,1
9606.ENSP00000347428,0,0
9606.ENSP00000347433,0.3,1
9606.ENSP00000347444,9.8,1
9606.ENSP00000347451,30.2,1
9606.ENSP00000347454,0,0
9606.ENSP00000347464,14.5,1
9606.ENSP00000347484,1.8,1
9606.ENSP00000347486,0.1,1
9606.ENSP00000347495,158.8,1
9606.ENSP00000347498,12.7,1
9606.ENSP00000347507,0,0
9606.ENSP00000347532,10.6,1
9606.ENSP00000347538,0.7,1
9606.ENSP00000347548,25.8,1
9606.ENSP00000347581,41.6,1
9606.ENSP00000347583,24.3,1
9606.ENSP00000347586,3,1
9606.ENSP00000347591,0.1,1
9606.ENSP00000347602,8.6,1
9606.ENSP00000347626,4.8,1
9606.ENSP00000347635,0,0
9606.ENSP00000347646,18.9,1
9606.ENSP00000347648,41.3,1
9606.ENSP00000347649,23.6,1
9606.ENSP00000347665,4.6,1
9606.ENSP00000347672,11.2,1
9606.ENSP00000347684,3.5,1
9606.ENSP00000347689,0,0
9606.ENSP00000347710,3.1,1
9606.ENSP00000347712,1.1,1
9606.ENSP00000347714,0,0
9606.ENSP00000347716,19.7,1
9606.ENSP00000347717,128.8,1
9606.ENSP00000347719,144.6,1
9606.ENSP00000347721,0,0
9606.ENSP00000347730,11,1
9606.ENSP00000347742,0,0
9606.ENSP00000347748,22.6,1
9606.ENSP00000347754,0,0
9606.ENSP00000347755,8.4,1
9606.ENSP00000347767,0,0
9606.ENSP00000347792,10.1,1
9606.ENSP00000347802,0,0
9606.ENSP00000347810,0,0
9606.ENSP00000347821,39.8,1
9606.ENSP00000347823,0,0
9606.ENSP00000347834,21.4,1
9606.ENSP00000347836,46.2,1
9606.ENSP00000347839,10.1,1
9606.ENSP00000347847,12.7,1
9606.ENSP00000347852,0,0
9606.ENSP00000347872,94.1,1
9606.ENSP00000347883,16.9,1
9606.ENSP00000347896,22.3,1
9606.ENSP00000347915,1.9,1
9606.ENSP00000347916,0,0
9606.ENSP00000347919,124.2,1
9606.ENSP00000347924,57.5,1
9606.ENSP00000347931,11,1
9606.ENSP00000347933,1.2,1
9606.ENSP00000347942,5,1
9606.ENSP00000347948,0,0
9606.ENSP00000347965,0,0
9606.ENSP00000347978,14.3,1
9606.ENSP00000347979,1,1
9606.ENSP00000347997,0,0
9606.ENSP00000348010,9,1
9606.ENSP00000348019,13.7,1
9606.ENSP00000348020,0.2,1
9606.ENSP00000348033,0,0
9606.ENSP00000348043,14.3,1
9606.ENSP00000348050,92.5,1
9606.ENSP00000348054,56.1,1
9606.ENSP00000348056,193.2,1
9606.ENSP00000348064,0,0
9606.ENSP00000348069,16.7,1
9606.ENSP00000348074,0,0
9606.ENSP00000348086,0.5,1
9606.ENSP00000348089,6.3,1
9606.ENSP00000348099,19.7,1
9606.ENSP00000348107,24.7,1
9606.ENSP00000348108,19.5,1
9606.ENSP00000348128,8.6,1
9606.ENSP00000348129,0,0
9606.ENSP00000348132,0.2,1
9606.ENSP00000348161,8.8,1
9606.ENSP00000348163,190.5,1
9606.ENSP00000348168,49.1,1
9606.ENSP00000348170,0,0
9606.ENSP00000348206,106.2,1
9606.ENSP00000348211,41,1
9606.ENSP00000348215,0.8,1
9606.ENSP00000348216,19,1
9606.ENSP00000348234,0,0
9606.ENSP00000348278,26.7,1
9606.ENSP00000348299,18.4,1
9606.ENSP00000348300,0,0
9606.ENSP00000348308,0,0
9606.ENSP00000348314,1.3,1
9606.ENSP00000348316,344.3,1
9606.ENSP00000348349,19.2,1
9606.ENSP00000348368,0,0
9606.ENSP00000348380,1.9,1
9606.ENSP00000348381,37.3,1
9606.ENSP00000348385,6.2,1
9606.ENSP00000348395,7.5,1
9606.ENSP00000348419,3,1
9606.ENSP00000348429,0,0
9606.ENSP00000348442,51.1,1
9606.ENSP00000348453,0,0
9606.ENSP00000348455,19.5,1
9606.ENSP00000348459,0,0
9606.ENSP00000348460,0.5,1
9606.ENSP00000348461,251.5,1
9606.ENSP00000348471,3.4,1
9606.ENSP00000348472,18.7,1
9606.ENSP00000348489,16.6,1
9606.ENSP00000348496,0,0
9606.ENSP00000348510,55.4,1
9606.ENSP00000348521,3.5,1
9606.ENSP00000348527,14.6,1
9606.ENSP00000348538,8,1
9606.ENSP00000348564,7.7,1
9606.ENSP00000348565,41.6,1
9606.ENSP00000348573,10.5,1
9606.ENSP00000348596,44.5,1
9606.ENSP00000348602,0,0
9606.ENSP00000348632,29.4,1
9606.ENSP00000348635,0,0
9606.ENSP00000348639,0,0
9606.ENSP00000348645,0,0
9606.ENSP00000348673,37.9,1
9606.ENSP00000348708,27.2,1
9606.ENSP00000348714,26.9,1
9606.ENSP00000348722,33,1
9606.ENSP00000348751,9.4,1
9606.ENSP00000348752,7.6,1
9606.ENSP00000348753,18.2,1
9606.ENSP00000348757,0.5,1
9606.ENSP00000348769,77.9,1
9606.ENSP00000348772,14.5,1
9606.ENSP00000348775,4.6,1
9606.ENSP00000348821,13.5,1
9606.ENSP00000348828,6.7,1
9606.ENSP00000348838,2.2,1
9606.ENSP00000348842,1.4,1
9606.ENSP00000348848,35.3,1
9606.ENSP00000348849,970.5,1
9606.ENSP00000348886,201.3,1
9606.ENSP00000348888,0,0
9606.ENSP00000348911,0,0
9606.ENSP00000348912,0,0
9606.ENSP00000348933,23.6,1
9606.ENSP00000348944,0,0
9606.ENSP00000348959,11,1
9606.ENSP00000348965,8.2,1
9606.ENSP00000348968,0,0
9606.ENSP00000348982,0,0
9606.ENSP00000348984,152.4,1
9606.ENSP00000349003,20.9,1
9606.ENSP00000349016,17.9,1
9606.ENSP00000349022,0.5,1
9606.ENSP00000349041,13.9,1
9606.ENSP00000349076,46.2,1
9606.ENSP00000349078,338.9,1
9606.ENSP00000349085,0,0
9606.ENSP00000349087,54.4,1
9606.ENSP00000349124,63.6,1
9606.ENSP00000349131,0.6,1
9606.ENSP00000349142,318.3,1
9606.ENSP00000349143,10.7,1
9606.ENSP00000349147,8.7,1
9606.ENSP00000349156,20.3,1
9606.ENSP00000349161,5.4,1
9606.ENSP00000349168,517.8,1
9606.ENSP00000349181,3.3,1
9606.ENSP00000349204,0.4,1
9606.ENSP00000349205,30.7,1
9606.ENSP00000349208,0,0
9606.ENSP00000349238,0.1,1
9606.ENSP00000349244,22.6,1
9606.ENSP00000349252,0,0
9606.ENSP00000349259,85.1,1
9606.ENSP00000349270,0,0
9606.ENSP00000349274,8.5,1
9606.ENSP00000349291,28.3,1
9606.ENSP00000349296,0,0
9606.ENSP00000349298,13,1
9606.ENSP00000349305,34.4,1
9606.ENSP00000349313,20.5,1
9606.ENSP00000349320,11.2,1
9606.ENSP00000349324,0.2,1
9606.ENSP00000349325,9.3,1
9606.ENSP00000349336,0,0
9606.ENSP00000349351,21.8,1
9606.ENSP00000349358,15.5,1
9606.ENSP00000349359,0,0
9606.ENSP00000349365,0,0
9606.ENSP00000349396,6,1
9606.ENSP00000349401,4,1
9606.ENSP00000349428,342.7,1
9606.ENSP00000349430,29.8,1
9606.ENSP00000349436,34.5,1
9606.ENSP00000349437,27,1
9606.ENSP00000349446,0,0
9606.ENSP00000349456,23.9,1
9606.ENSP00000349458,17.6,1
9606.ENSP00000349459,0,0
9606.ENSP00000349467,194.6,1
9606.ENSP00000349477,3.3,1
9606.ENSP00000349486,7.9,1
9606.ENSP00000349490,45.1,1
9606.ENSP00000349493,0,0
9606.ENSP00000349494,15.6,1
9606.ENSP00000349503,11.2,1
9606.ENSP00000349508,179.1,1
9606.ENSP00000349541,46.8,1
9606.ENSP00000349543,33.1,1
9606.ENSP00000349547,23.3,1
9606.ENSP00000349560,4,1
9606.ENSP00000349568,0.1,1
9606.ENSP00000349575,12,1
9606.ENSP00000349576,65.5,1
9606.ENSP00000349588,11,1
9606.ENSP00000349594,0,0
9606.ENSP00000349595,3.6,1
9606.ENSP00000349596,3.6,1
9606.ENSP00000349612,0,0
9606.ENSP00000349616,34.7,1
9606.ENSP00000349629,22.1,1
9606.ENSP00000349640,97.8,1
9606.ENSP00000349658,4.7,1
9606.ENSP00000349669,0,0
9606.ENSP00000349677,1,1
9606.ENSP00000349678,0,0
9606.ENSP00000349679,282.2,1
9606.ENSP00000349687,16.7,1
9606.ENSP00000349689,38,1
9606.ENSP00000349708,9.2,1
9606.ENSP00000349709,0,0
9606.ENSP00000349719,0,0
9606.ENSP00000349722,294.7,1
9606.ENSP00000349723,1.7,1
9606.ENSP00000349727,12.2,1
9606.ENSP00000349732,0,0
9606.ENSP00000349748,276.1,1
9606.ENSP00000349770,3.4,1
9606.ENSP00000349781,5.9,1
9606.ENSP00000349785,0.1,1
9606.ENSP00000349790,0,0
9606.ENSP00000349805,2.2,1
9606.ENSP00000349823,19.1,1
9606.ENSP00000349824,1.1,1
9606.ENSP00000349860,47.1,1
9606.ENSP00000349874,0.5,1
9606.ENSP00000349877,37.2,1
9606.ENSP00000349884,0,0
9606.ENSP00000349893,8,1
9606.ENSP00000349923,37.5,1
9606.ENSP00000349929,57.5,1
9606.ENSP00000349930,0,0
9606.ENSP00000349931,0,0
9606.ENSP00000349932,15.1,1
9606.ENSP00000349945,0,0
9606.ENSP00000349957,58.1,1
9606.ENSP00000349960,3279.5,1
9606.ENSP00000349961,183,1
9606.ENSP00000349967,0,0
9606.ENSP00000349970,137.7,1
9606.ENSP00000349971,0,0
9606.ENSP00000350005,0,0
9606.ENSP00000350012,20.4,1
9606.ENSP00000350018,2,1
9606.ENSP00000350022,0,0
9606.ENSP00000350024,11.4,1
9606.ENSP00000350032,0.3,1
9606.ENSP00000350036,0,0
9606.ENSP00000350049,17.3,1
9606.ENSP00000350050,0.2,1
9606.ENSP00000350052,0,0
9606.ENSP00000350071,33.5,1
9606.ENSP00000350075,0.1,1
9606.ENSP00000350078,1.4,1
9606.ENSP00000350085,0.3,1
9606.ENSP00000350090,11,1
9606.ENSP00000350098,8,1
9606.ENSP00000350102,0.1,1
9606.ENSP00000350132,0,0
9606.ENSP00000350136,21.5,1
9606.ENSP00000350162,0.5,1
9606.ENSP00000350170,113.3,1
9606.ENSP00000350198,0,0
9606.ENSP00000350199,71.5,1
9606.ENSP00000350222,0,0
9606.ENSP00000350223,28.7,1
9606.ENSP00000350224,0,0
9606.ENSP00000350248,0,0
9606.ENSP00000350249,14.8,1
9606.ENSP00000350256,0,0
9606.ENSP00000350260,35.9,1
9606.ENSP00000350263,26,1
9606.ENSP00000350266,0.1,1
9606.ENSP00000350267,21.8,1
9606.ENSP00000350295,8.5,1
9606.ENSP00000350310,22.6,1
9606.ENSP00000350314,0,0
9606.ENSP00000350331,12.2,1
9606.ENSP00000350332,0,0
9606.ENSP00000350333,39.3,1
9606.ENSP00000350348,0,0
9606.ENSP00000350353,1,1
9606.ENSP00000350358,0,0
9606.ENSP00000350359,0.2,1
9606.ENSP00000350364,0,0
9606.ENSP00000350369,13.9,1
9606.ENSP00000350377,0.1,1
9606.ENSP00000350378,48,1
9606.ENSP00000350386,23.9,1
9606.ENSP00000350402,0.6,1
9606.ENSP00000350409,45.9,1
9606.ENSP00000350418,0,0
9606.ENSP00000350425,0,0
9606.ENSP00000350447,33.6,1
9606.ENSP00000350467,25.6,1
9606.ENSP00000350474,0,0
9606.ENSP00000350491,60.3,1
9606.ENSP00000350509,26.5,1
9606.ENSP00000350512,109.2,1
9606.ENSP00000350541,0,0
9606.ENSP00000350547,6.7,1
9606.ENSP00000350549,8.1,1
9606.ENSP00000350552,3.4,1
9606.ENSP00000350576,1.6,1
9606.ENSP00000350630,0.2,1
9606.ENSP00000350633,2.4,1
9606.ENSP00000350651,21.8,1
9606.ENSP00000350673,0,0
9606.ENSP00000350676,51.1,1
9606.ENSP00000350681,10.9,1
9606.ENSP00000350686,41.8,1
9606.ENSP00000350698,95.2,1
9606.ENSP00000350704,31.5,1
9606.ENSP00000350708,221,1
9606.ENSP00000350716,5.3,1
9606.ENSP00000350718,1.1,1
9606.ENSP00000350719,6.2,1
9606.ENSP00000350734,10.2,1
9606.ENSP00000350757,73.7,1
9606.ENSP00000350815,1.3,1
9606.ENSP00000350833,12.2,1
9606.ENSP00000350844,0.1,1
9606.ENSP00000350848,158.6,1
9606.ENSP00000350869,17.7,1
9606.ENSP00000350874,61.1,1
9606.ENSP00000350881,0.7,1
9606.ENSP00000350896,14.3,1
9606.ENSP00000350911,0,0
9606.ENSP00000350928,2.3,1
9606.ENSP00000350934,2.2,1
9606.ENSP00000350937,14.4,1
9606.ENSP00000350949,39.7,1
9606.ENSP00000350954,6.1,1
9606.ENSP00000350961,21.2,1
9606.ENSP00000350976,0,0
9606.ENSP00000351008,0.1,1
9606.ENSP00000351015,22.2,1
9606.ENSP00000351022,361.8,1
9606.ENSP00000351035,65.6,1
9606.ENSP00000351040,15.2,1
9606.ENSP00000351042,11,1
9606.ENSP00000351052,40.1,1
9606.ENSP00000351059,0.2,1
9606.ENSP00000351075,0.1,1
9606.ENSP00000351100,11.5,1
9606.ENSP00000351108,373.1,1
9606.ENSP00000351113,17.8,1
9606.ENSP00000351118,0,0
9606.ENSP00000351132,34.3,1
9606.ENSP00000351137,30.2,1
9606.ENSP00000351138,4,1
9606.ENSP00000351141,112.2,1
9606.ENSP00000351147,16,1
9606.ENSP00000351155,8.4,1
9606.ENSP00000351157,33,1
9606.ENSP00000351159,77.3,1
9606.ENSP00000351185,16.8,1
9606.ENSP00000351190,0,0
9606.ENSP00000351206,0.2,1
9606.ENSP00000351207,25.5,1
9606.ENSP00000351209,9.9,1
9606.ENSP00000351211,0,0
9606.ENSP00000351214,672.4,1
9606.ENSP00000351244,0,0
9606.ENSP00000351250,27.6,1
9606.ENSP00000351273,17.2,1
9606.ENSP00000351280,2.1,1
9606.ENSP00000351284,9.4,1
9606.ENSP00000351310,0,0
9606.ENSP00000351314,0,0
9606.ENSP00000351325,0,0
9606.ENSP00000351327,0,0
9606.ENSP00000351333,27.1,1
9606.ENSP00000351338,3.6,1
9606.ENSP00000351342,0,0
9606.ENSP00000351345,0.1,1
9606.ENSP00000351346,5,1
9606.ENSP00000351379,0,0
9606.ENSP00000351380,54.6,1
9606.ENSP00000351391,0,0
9606.ENSP00000351395,0,0
9606.ENSP00000351407,24.2,1
9606.ENSP00000351416,54.4,1
9606.ENSP00000351422,0.9,1
9606.ENSP00000351430,0.2,1
9606.ENSP00000351446,66.9,1
9606.ENSP00000351466,0,0
9606.ENSP00000351475,15.1,1
9606.ENSP00000351484,0,0
9606.ENSP00000351490,63.4,1
9606.ENSP00000351492,562.1,1
9606.ENSP00000351497,0,0
9606.ENSP00000351520,15.8,1
9606.ENSP00000351524,23.3,1
9606.ENSP00000351530,1.9,1
9606.ENSP00000351536,34.2,1
9606.ENSP00000351539,20.1,1
9606.ENSP00000351569,44.5,1
9606.ENSP00000351575,3.2,1
9606.ENSP00000351589,1.12,1
9606.ENSP00000351591,0.2,1
9606.ENSP00000351596,54.5,1
9606.ENSP00000351602,2.9,1
9606.ENSP00000351605,16.8,1
9606.ENSP00000351614,5.4,1
9606.ENSP00000351618,0.8,1
9606.ENSP00000351619,3.3,1
9606.ENSP00000351631,13.1,1
9606.ENSP00000351632,0,0
9606.ENSP00000351642,10.8,1
9606.ENSP00000351644,13.5,1
9606.ENSP00000351646,745.4,1
9606.ENSP00000351664,9.6,1
9606.ENSP00000351669,14.1,1
9606.ENSP00000351671,0.2,1
9606.ENSP00000351682,0,0
9606.ENSP00000351686,6.4,1
9606.ENSP00000351697,17.6,1
9606.ENSP00000351706,0,0
9606.ENSP00000351727,0,0
9606.ENSP00000351732,0,0
9606.ENSP00000351737,53.2,1
9606.ENSP00000351740,0.1,1
9606.ENSP00000351742,2.4,1
9606.ENSP00000351767,0,0
9606.ENSP00000351770,0.2,1
9606.ENSP00000351777,253.1,1
9606.ENSP00000351789,11.1,1
9606.ENSP00000351790,0,0
9606.ENSP00000351805,0,0
9606.ENSP00000351807,0,0
9606.ENSP00000351811,43.1,1
9606.ENSP00000351813,20.3,1
9606.ENSP00000351832,19.8,1
9606.ENSP00000351856,0,0
9606.ENSP00000351875,0,0
9606.ENSP00000351884,0,0
9606.ENSP00000351905,4,1
9606.ENSP00000351908,13.6,1
9606.ENSP00000351926,25.7,1
9606.ENSP00000351933,19.2,1
9606.ENSP00000351937,39.4,1
9606.ENSP00000351947,42.3,1
9606.ENSP00000351957,0,0
9606.ENSP00000351989,0,0
9606.ENSP00000351990,107.7,1
9606.ENSP00000352011,1.1,1
9606.ENSP00000352021,11.6,1
9606.ENSP00000352035,8.3,1
9606.ENSP00000352039,0.1,1
9606.ENSP00000352069,20.8,1
9606.ENSP00000352071,0,0
9606.ENSP00000352097,0,0
9606.ENSP00000352111,9.5,1
9606.ENSP00000352121,0,0
9606.ENSP00000352138,38.9,1
9606.ENSP00000352157,1.8,1
9606.ENSP00000352162,0,0
9606.ENSP00000352163,0,0
9606.ENSP00000352167,12.7,1
9606.ENSP00000352172,33.8,1
9606.ENSP00000352173,0.1,1
9606.ENSP00000352185,17.7,1
9606.ENSP00000352208,1.8,1
9606.ENSP00000352216,0,0
9606.ENSP00000352233,0.6,1
9606.ENSP00000352248,0,0
9606.ENSP00000352252,0.55,1
9606.ENSP00000352257,739.2,1
9606.ENSP00000352264,23,1
9606.ENSP00000352265,0,0
9606.ENSP00000352268,0,0
9606.ENSP00000352271,12.8,1
9606.ENSP00000352272,0,0
9606.ENSP00000352282,0.1,1
9606.ENSP00000352284,0,0
9606.ENSP00000352295,0.2,1
9606.ENSP00000352299,0,0
9606.ENSP00000352305,0,0
9606.ENSP00000352314,0.2,1
9606.ENSP00000352358,0,0
9606.ENSP00000352400,35.2,1
9606.ENSP00000352401,69.7,1
9606.ENSP00000352408,79.7,1
9606.ENSP00000352413,0.1,1
9606.ENSP00000352414,0,0
9606.ENSP00000352420,0,0
9606.ENSP00000352424,0.7,1
9606.ENSP00000352427,0,0
9606.ENSP00000352438,830.1,1
9606.ENSP00000352444,16.5,1
9606.ENSP00000352447,0,0
9606.ENSP00000352455,0.6,1
9606.ENSP00000352458,0.2,1
9606.ENSP00000352463,3.9,1
9606.ENSP00000352510,6.2,1
9606.ENSP00000352513,97.5,1
9606.ENSP00000352516,68.4,1
9606.ENSP00000352522,52.6,1
9606.ENSP00000352527,6,1
9606.ENSP00000352536,93.2,1
9606.ENSP00000352540,41.1,1
9606.ENSP00000352544,0,0
9606.ENSP00000352561,0,0
9606.ENSP00000352565,0.9,1
9606.ENSP00000352572,14.6,1
9606.ENSP00000352584,0,0
9606.ENSP00000352601,13.3,1
9606.ENSP00000352603,6.1,1
9606.ENSP00000352604,0,0
9606.ENSP00000352606,14.7,1
9606.ENSP00000352608,0.2,1
9606.ENSP00000352614,2.2,1
9606.ENSP00000352626,0,0
9606.ENSP00000352639,0,0
9606.ENSP00000352642,0,0
9606.ENSP00000352645,24.9,1
9606.ENSP00000352672,0,0
9606.ENSP00000352673,0,0
9606.ENSP00000352676,22.8,1
9606.ENSP00000352678,42.2,1
9606.ENSP00000352706,33.2,1
9606.ENSP00000352710,0,0
9606.ENSP00000352717,0,0
9606.ENSP00000352738,170.1,1
9606.ENSP00000352779,92.8,1
9606.ENSP00000352785,0,0
9606.ENSP00000352821,2.2,1
9606.ENSP00000352833,0,0
9606.ENSP00000352834,29.2,1
9606.ENSP00000352836,15.2,1
9606.ENSP00000352846,4.2,1
9606.ENSP00000352849,0,0
9606.ENSP00000352882,0,0
9606.ENSP00000352900,0,0
9606.ENSP00000352904,0,0
9606.ENSP00000352925,29.1,1
9606.ENSP00000352926,51.2,1
9606.ENSP00000352927,5.5,1
9606.ENSP00000352928,7.5,1
9606.ENSP00000352936,0,0
9606.ENSP00000352941,4.5,1
9606.ENSP00000352956,98.3,1
9606.ENSP00000352962,2.3,1
9606.ENSP00000352976,68.6,1
9606.ENSP00000352995,12.7,1
9606.ENSP00000353007,27.2,1
9606.ENSP00000353010,8,1
9606.ENSP00000353013,0,0
9606.ENSP00000353025,35.1,1
9606.ENSP00000353030,57.5,1
9606.ENSP00000353032,4.7,1
9606.ENSP00000353044,0,0
9606.ENSP00000353048,0,0
9606.ENSP00000353058,0.2,1
9606.ENSP00000353072,3.1,1
9606.ENSP00000353094,77.5,1
9606.ENSP00000353098,65.1,1
9606.ENSP00000353099,0,0
9606.ENSP00000353104,25.4,1
9606.ENSP00000353114,0.3,1
9606.ENSP00000353128,2.6,1
9606.ENSP00000353129,2.2,1
9606.ENSP00000353132,2.3,1
9606.ENSP00000353142,0.3,1
9606.ENSP00000353151,1.1,1
9606.ENSP00000353165,1.4,1
9606.ENSP00000353198,0.4,1
9606.ENSP00000353203,0,0
9606.ENSP00000353210,0.1,1
9606.ENSP00000353224,243.3,1
9606.ENSP00000353238,0,0
9606.ENSP00000353245,3.8,1
9606.ENSP00000353246,45.6,1
9606.ENSP00000353249,44.8,1
9606.ENSP00000353259,0,0
9606.ENSP00000353270,66,1
9606.ENSP00000353292,0,0
9606.ENSP00000353295,48,1
9606.ENSP00000353331,2.9,1
9606.ENSP00000353332,5.5,1
9606.ENSP00000353343,0,0
9606.ENSP00000353344,28,1
9606.ENSP00000353346,0.2,1
9606.ENSP00000353362,0,0
9606.ENSP00000353375,151.4,1
9606.ENSP00000353377,0.1,1
9606.ENSP00000353379,0,0
9606.ENSP00000353393,1,1
9606.ENSP00000353401,19.4,1
9606.ENSP00000353408,228.5,1
9606.ENSP00000353414,0,0
9606.ENSP00000353422,13.7,1
9606.ENSP00000353444,51.4,1
9606.ENSP00000353452,5.2,1
9606.ENSP00000353458,68.4,1
9606.ENSP00000353462,0.1,1
9606.ENSP00000353463,43.6,1
9606.ENSP00000353470,8.9,1
9606.ENSP00000353475,0.1,1
9606.ENSP00000353491,2,1
9606.ENSP00000353496,2.6,1
9606.ENSP00000353508,23.4,1
9606.ENSP00000353512,6.6,1
9606.ENSP00000353516,3.9,1
9606.ENSP00000353518,17.4,1
9606.ENSP00000353537,0,0
9606.ENSP00000353538,16,1
9606.ENSP00000353549,56.6,1
9606.ENSP00000353557,6.3,1
9606.ENSP00000353575,65.3,1
9606.ENSP00000353582,1.5,1
9606.ENSP00000353590,108.7,1
9606.ENSP00000353600,1.4,1
9606.ENSP00000353608,0,0
9606.ENSP00000353639,0.6,1
9606.ENSP00000353646,8.4,1
9606.ENSP00000353650,0,0
9606.ENSP00000353652,0,0
9606.ENSP00000353654,0.1,1
9606.ENSP00000353670,0,0
9606.ENSP00000353701,52.1,1
9606.ENSP00000353717,4.4,1
9606.ENSP00000353720,0,0
9606.ENSP00000353731,0.4,1
9606.ENSP00000353732,0.6,1
9606.ENSP00000353734,0.8,1
9606.ENSP00000353735,24.2,1
9606.ENSP00000353739,4.7,1
9606.ENSP00000353741,218,1
9606.ENSP00000353742,0,0
9606.ENSP00000353767,1.3,1
9606.ENSP00000353769,28,1
9606.ENSP00000353770,188,1
9606.ENSP00000353785,2.9,1
9606.ENSP00000353791,11,1
9606.ENSP00000353793,72.9,1
9606.ENSP00000353794,0.6,1
9606.ENSP00000353796,0.1,1
9606.ENSP00000353820,0,0
9606.ENSP00000353824,22.3,1
9606.ENSP00000353826,92.1,1
9606.ENSP00000353850,66.3,1
9606.ENSP00000353854,37.6,1
9606.ENSP00000353863,23.2,1
9606.ENSP00000353864,9.9,1
9606.ENSP00000353868,9.3,1
9606.ENSP00000353874,0,0
9606.ENSP00000353893,0,0
9606.ENSP00000353904,31.7,1
9606.ENSP00000353910,29.9,1
9606.ENSP00000353915,0,0
9606.ENSP00000353920,7.8,1
9606.ENSP00000353942,0,0
9606.ENSP00000353988,0,0
9606.ENSP00000354001,0,0
9606.ENSP00000354003,0,0
9606.ENSP00000354006,0.2,1
9606.ENSP00000354020,0,0
9606.ENSP00000354032,5.2,1
9606.ENSP00000354040,77.4,1
9606.ENSP00000354053,0.4,1
9606.ENSP00000354061,36.4,1
9606.ENSP00000354080,0.7,1
9606.ENSP00000354085,67.4,1
9606.ENSP00000354086,168.2,1
9606.ENSP00000354090,0,0
9606.ENSP00000354109,0,0
9606.ENSP00000354111,15.9,1
9606.ENSP00000354125,287.1,1
9606.ENSP00000354152,15.8,1
9606.ENSP00000354163,3.3,1
9606.ENSP00000354201,57.1,1
9606.ENSP00000354204,0,0
9606.ENSP00000354206,10.8,1
9606.ENSP00000354207,0,0
9606.ENSP00000354213,0.5,1
9606.ENSP00000354223,47,1
9606.ENSP00000354227,7.8,1
9606.ENSP00000354238,1.3,1
9606.ENSP00000354251,84.6,1
9606.ENSP00000354255,0,0
9606.ENSP00000354280,0,0
9606.ENSP00000354294,0,0
9606.ENSP00000354305,0,0
9606.ENSP00000354335,0,0
9606.ENSP00000354340,59.1,1
9606.ENSP00000354346,257.9,1
9606.ENSP00000354360,0.3,1
9606.ENSP00000354361,70.3,1
9606.ENSP00000354376,0,0
9606.ENSP00000354377,13.2,1
9606.ENSP00000354387,3.8,1
9606.ENSP00000354394,29.8,1
9606.ENSP00000354398,8.1,1
9606.ENSP00000354414,6,1
9606.ENSP00000354415,57.7,1
9606.ENSP00000354416,0,0
9606.ENSP00000354425,6.4,1
9606.ENSP00000354432,0,0
9606.ENSP00000354451,17.5,1
9606.ENSP00000354453,2.6,1
9606.ENSP00000354458,0,0
9606.ENSP00000354461,3.3,1
9606.ENSP00000354468,85.3,1
9606.ENSP00000354476,68.7,1
9606.ENSP00000354478,7.4,1
9606.ENSP00000354481,0,0
9606.ENSP00000354483,0,0
9606.ENSP00000354487,14.9,1
9606.ENSP00000354488,0.1,1
9606.ENSP00000354490,0,0
9606.ENSP00000354497,4.7,1
9606.ENSP00000354498,6.6,1
9606.ENSP00000354499,1326.6,1
9606.ENSP00000354501,5.7,1
9606.ENSP00000354504,11.5,1
9606.ENSP00000354511,23.6,1
9606.ENSP00000354518,14.5,1
9606.ENSP00000354519,7.9,1
9606.ENSP00000354522,159.1,1
9606.ENSP00000354525,121.8,1
9606.ENSP00000354532,125.2,1
9606.ENSP00000354536,0,0
9606.ENSP00000354543,19.8,1
9606.ENSP00000354553,0.6,1
9606.ENSP00000354554,556.2,1
9606.ENSP00000354558,45.3,1
9606.ENSP00000354560,37.7,1
9606.ENSP00000354566,0,0
9606.ENSP00000354571,22.7,1
9606.ENSP00000354573,12.5,1
9606.ENSP00000354580,143.8,1
9606.ENSP00000354581,0,0
9606.ENSP00000354583,10.9,1
9606.ENSP00000354590,62.5,1
9606.ENSP00000354597,15.5,1
9606.ENSP00000354607,9,1
9606.ENSP00000354608,2.6,1
9606.ENSP00000354610,0.1,1
9606.ENSP00000354612,0.4,1
9606.ENSP00000354621,0,0
9606.ENSP00000354622,11.3,1
9606.ENSP00000354623,0.6,1
9606.ENSP00000354632,653.2,1
9606.ENSP00000354633,61.5,1
9606.ENSP00000354643,0,0
9606.ENSP00000354645,15.8,1
9606.ENSP00000354649,88.4,1
9606.ENSP00000354652,7,1
9606.ENSP00000354660,0,0
9606.ENSP00000354665,25.1,1
9606.ENSP00000354669,6.1,1
9606.ENSP00000354671,30.1,1
9606.ENSP00000354677,29,1
9606.ENSP00000354681,32.7,1
9606.ENSP00000354686,2.9,1
9606.ENSP00000354687,316.3,1
9606.ENSP00000354688,25.7,1
9606.ENSP00000354689,7.1,1
9606.ENSP00000354691,0,0
9606.ENSP00000354694,4.2,1
9606.ENSP00000354707,0.2,1
9606.ENSP00000354718,23.9,1
9606.ENSP00000354720,68.7,1
9606.ENSP00000354721,0.1,1
9606.ENSP00000354723,0,0
9606.ENSP00000354724,16.5,1
9606.ENSP00000354728,1155.8,1
9606.ENSP00000354730,41.8,1
9606.ENSP00000354733,0,0
9606.ENSP00000354739,1887.1,1
9606.ENSP00000354742,43,1
9606.ENSP00000354762,77.3,1
9606.ENSP00000354772,10.7,1
9606.ENSP00000354774,12.1,1
9606.ENSP00000354775,57,1
9606.ENSP00000354777,14.4,1
9606.ENSP00000354778,1.7,1
9606.ENSP00000354782,0,0
9606.ENSP00000354791,84.3,1
9606.ENSP00000354794,0,0
9606.ENSP00000354800,0,0
9606.ENSP00000354812,23.3,1
9606.ENSP00000354813,191.2,1
9606.ENSP00000354822,0,0
9606.ENSP00000354826,106,1
9606.ENSP00000354829,9.5,1
9606.ENSP00000354830,6.2,1
9606.ENSP00000354837,26.7,1
9606.ENSP00000354842,3.9,1
9606.ENSP00000354848,57,1
9606.ENSP00000354850,60.3,1
9606.ENSP00000354855,122.5,1
9606.ENSP00000354859,0,0
9606.ENSP00000354871,0.4,1
9606.ENSP00000354874,1.8,1
9606.ENSP00000354876,1724.1,1
9606.ENSP00000354878,18.5,1
9606.ENSP00000354884,0,0
9606.ENSP00000354886,0,0
9606.ENSP00000354888,0,0
9606.ENSP00000354891,0.1,1
9606.ENSP00000354896,0,0
9606.ENSP00000354901,0,0
9606.ENSP00000354910,0.3,1
9606.ENSP00000354911,10.9,1
9606.ENSP00000354912,5.8,1
9606.ENSP00000354916,5.6,1
9606.ENSP00000354919,0.5,1
9606.ENSP00000354920,51.3,1
9606.ENSP00000354923,10.5,1
9606.ENSP00000354927,13.4,1
9606.ENSP00000354932,0.1,1
9606.ENSP00000354947,20.4,1
9606.ENSP00000354952,21.2,1
9606.ENSP00000354957,28.9,1
9606.ENSP00000354958,12.1,1
9606.ENSP00000354960,5.6,1
9606.ENSP00000354961,496.1,1
9606.ENSP00000354964,20,1
9606.ENSP00000354972,15,1
9606.ENSP00000354982,1769.9,1
9606.ENSP00000354991,0,0
9606.ENSP00000354995,0,0
9606.ENSP00000355001,6.5,1
9606.ENSP00000355011,508.8,1
9606.ENSP00000355013,54,1
9606.ENSP00000355014,99,1
9606.ENSP00000355022,12.9,1
9606.ENSP00000355026,0.1,1
9606.ENSP00000355028,13.7,1
9606.ENSP00000355045,9.8,1
9606.ENSP00000355046,444.4,1
9606.ENSP00000355050,77.1,1
9606.ENSP00000355051,50.9,1
9606.ENSP00000355053,3.3,1
9606.ENSP00000355060,1.6,1
9606.ENSP00000355064,0.1,1
9606.ENSP00000355077,101.9,1
9606.ENSP00000355078,0.7,1
9606.ENSP00000355082,34.2,1
9606.ENSP00000355084,36.3,1
9606.ENSP00000355086,86.6,1
9606.ENSP00000355090,55.3,1
9606.ENSP00000355094,134.4,1
9606.ENSP00000355110,0,0
9606.ENSP00000355114,64.4,1
9606.ENSP00000355121,25.4,1
9606.ENSP00000355124,0.1,1
9606.ENSP00000355133,0.6,1
9606.ENSP00000355140,0,0
9606.ENSP00000355141,42.4,1
9606.ENSP00000355155,0.1,1
9606.ENSP00000355156,0,0
9606.ENSP00000355157,0,0
9606.ENSP00000355162,0.8,1
9606.ENSP00000355166,0,0
9606.ENSP00000355167,0,0
9606.ENSP00000355180,13.5,1
9606.ENSP00000355185,18.6,1
9606.ENSP00000355187,4.1,1
9606.ENSP00000355192,0,0
9606.ENSP00000355195,0.3,1
9606.ENSP00000355198,0,0
9606.ENSP00000355204,3.5,1
9606.ENSP00000355205,19.5,1
9606.ENSP00000355206,1504.4,1
9606.ENSP00000355210,24.9,1
9606.ENSP00000355217,81.1,1
9606.ENSP00000355228,1564.6,1
9606.ENSP00000355231,48.9,1
9606.ENSP00000355237,54.9,1
9606.ENSP00000355241,0,0
9606.ENSP00000355245,2.1,1
9606.ENSP00000355249,12.9,1
9606.ENSP00000355250,17.8,1
9606.ENSP00000355251,41.9,1
9606.ENSP00000355260,6.1,1
9606.ENSP00000355261,97.3,1
9606.ENSP00000355265,706.7,1
9606.ENSP00000355279,147,1
9606.ENSP00000355299,44.2,1
9606.ENSP00000355302,0,0
9606.ENSP00000355304,3.3,1
9606.ENSP00000355306,27.6,1
9606.ENSP00000355308,17.3,1
9606.ENSP00000355315,5379.6,1
9606.ENSP00000355316,0,0
9606.ENSP00000355319,23.7,1
9606.ENSP00000355325,428.4,1
9606.ENSP00000355330,0.1,1
9606.ENSP00000355340,6.5,1
9606.ENSP00000355354,0.1,1
9606.ENSP00000355361,52.2,1
9606.ENSP00000355370,2.3,1
9606.ENSP00000355374,3.2,1
9606.ENSP00000355377,0,0
9606.ENSP00000355384,8,1
9606.ENSP00000355385,15.4,1
9606.ENSP00000355387,15.6,1
9606.ENSP00000355388,44.4,1
9606.ENSP00000355396,2.6,1
9606.ENSP00000355402,0.1,1
9606.ENSP00000355421,0,0
9606.ENSP00000355428,17.9,1
9606.ENSP00000355429,0,0
9606.ENSP00000355430,0,0
9606.ENSP00000355431,0,0
9606.ENSP00000355432,0,0
9606.ENSP00000355434,0,0
9606.ENSP00000355435,0,0
9606.ENSP00000355436,0,0
9606.ENSP00000355437,18.3,1
9606.ENSP00000355441,0,0
9606.ENSP00000355443,0,0
9606.ENSP00000355459,6.3,1
9606.ENSP00000355465,40.3,1
9606.ENSP00000355467,32.4,1
9606.ENSP00000355470,12.3,1
9606.ENSP00000355471,29.3,1
9606.ENSP00000355480,8.2,1
9606.ENSP00000355492,0.1,1
9606.ENSP00000355493,45.9,1
9606.ENSP00000355499,0.6,1
9606.ENSP00000355500,23.1,1
9606.ENSP00000355506,55.5,1
9606.ENSP00000355510,0,0
9606.ENSP00000355511,20.6,1
9606.ENSP00000355512,3.4,1
9606.ENSP00000355517,0,0
9606.ENSP00000355518,151.7,1
9606.ENSP00000355523,0,0
9606.ENSP00000355533,0.3,1
9606.ENSP00000355536,18.4,1
9606.ENSP00000355541,48.7,1
9606.ENSP00000355551,8.4,1
9606.ENSP00000355559,21.3,1
9606.ENSP00000355566,147.8,1
9606.ENSP00000355568,16.2,1
9606.ENSP00000355572,48.6,1
9606.ENSP00000355577,0.1,1
9606.ENSP00000355580,8.9,1
9606.ENSP00000355583,14.4,1
9606.ENSP00000355587,3.7,1
9606.ENSP00000355589,13.8,1
9606.ENSP00000355593,0.3,1
9606.ENSP00000355599,29.3,1
9606.ENSP00000355601,26.8,1
9606.ENSP00000355605,7.9,1
9606.ENSP00000355607,40.6,1
9606.ENSP00000355609,32.7,1
9606.ENSP00000355613,0,0
9606.ENSP00000355614,12,1
9606.ENSP00000355621,8,1
9606.ENSP00000355623,23.5,1
9606.ENSP00000355627,0,0
9606.ENSP00000355629,20.1,1
9606.ENSP00000355632,39.9,1
9606.ENSP00000355637,25.8,1
9606.ENSP00000355645,0,0
9606.ENSP00000355651,15.2,1
9606.ENSP00000355652,2.9,1
9606.ENSP00000355656,2.9,1
9606.ENSP00000355657,0,0
9606.ENSP00000355658,0,0
9606.ENSP00000355672,2,1
9606.ENSP00000355675,0.2,1
9606.ENSP00000355689,45.7,1
9606.ENSP00000355718,1.4,1
9606.ENSP00000355719,0,0
9606.ENSP00000355720,5.8,1
9606.ENSP00000355731,16.3,1
9606.ENSP00000355735,4,1
9606.ENSP00000355741,6.9,1
9606.ENSP00000355747,12.1,1
9606.ENSP00000355751,2.4,1
9606.ENSP00000355752,0.3,1
9606.ENSP00000355759,411.6,1
9606.ENSP00000355760,0,0
9606.ENSP00000355777,34.6,1
9606.ENSP00000355785,0.1,1
9606.ENSP00000355797,0,0
9606.ENSP00000355799,0,0
9606.ENSP00000355800,7.5,1
9606.ENSP00000355809,102.7,1
9606.ENSP00000355812,31.4,1
9606.ENSP00000355827,24.2,1
9606.ENSP00000355837,0,0
9606.ENSP00000355840,0,0
9606.ENSP00000355865,0.1,1
9606.ENSP00000355866,2.2,1
9606.ENSP00000355870,0.5,1
9606.ENSP00000355877,28.3,1
9606.ENSP00000355880,0,0
9606.ENSP00000355889,99,1
9606.ENSP00000355890,140.9,1
9606.ENSP00000355893,0,0
9606.ENSP00000355895,8.6,1
9606.ENSP00000355896,1.2,1
9606.ENSP00000355899,13.5,1
9606.ENSP00000355900,0.2,1
9606.ENSP00000355902,11.2,1
9606.ENSP00000355904,3.3,1
9606.ENSP00000355920,0,0
9606.ENSP00000355922,89.9,1
9606.ENSP00000355923,10,1
9606.ENSP00000355924,21.3,1
9606.ENSP00000355925,2.3,1
9606.ENSP00000355927,18.3,1
9606.ENSP00000355929,17.8,1
9606.ENSP00000355930,0,0
9606.ENSP00000355938,18.2,1
9606.ENSP00000355944,35.6,1
9606.ENSP00000355955,55.1,1
9606.ENSP00000355958,62.5,1
9606.ENSP00000355961,32.2,1
9606.ENSP00000355964,33.2,1
9606.ENSP00000355966,39.9,1
9606.ENSP00000355968,11.5,1
9606.ENSP00000355969,0,0
9606.ENSP00000355979,0.2,1
9606.ENSP00000355986,0,0
9606.ENSP00000355988,0,0
9606.ENSP00000355991,0,0
9606.ENSP00000355995,0,0
9606.ENSP00000355996,0,0
9606.ENSP00000356000,0.1,1
9606.ENSP00000356001,205.1,1
9606.ENSP00000356015,174.8,1
9606.ENSP00000356016,0,0
9606.ENSP00000356024,0,0
9606.ENSP00000356030,65.2,1
9606.ENSP00000356033,0,0
9606.ENSP00000356037,0,0
9606.ENSP00000356042,172.2,1
9606.ENSP00000356047,3.1,1
9606.ENSP00000356056,134.4,1
9606.ENSP00000356057,26.1,1
9606.ENSP00000356058,0,0
9606.ENSP00000356064,4.9,1
9606.ENSP00000356065,0,0
9606.ENSP00000356070,33.8,1
9606.ENSP00000356071,9.1,1
9606.ENSP00000356076,8.6,1
9606.ENSP00000356093,0,0
9606.ENSP00000356094,0,0
9606.ENSP00000356096,20.9,1
9606.ENSP00000356102,0,0
9606.ENSP00000356104,0,0
9606.ENSP00000356105,9.5,1
9606.ENSP00000356107,32.8,1
9606.ENSP00000356110,272.6,1
9606.ENSP00000356113,1.6,1
9606.ENSP00000356115,0.9,1
9606.ENSP00000356121,0,0
9606.ENSP00000356124,8.7,1
9606.ENSP00000356125,3.2,1
9606.ENSP00000356130,7.3,1
9606.ENSP00000356133,0,0
9606.ENSP00000356134,5.6,1
9606.ENSP00000356135,7.5,1
9606.ENSP00000356143,0,0
9606.ENSP00000356150,8.5,1
9606.ENSP00000356155,7.7,1
9606.ENSP00000356156,40.2,1
9606.ENSP00000356162,0,0
9606.ENSP00000356169,19.7,1
9606.ENSP00000356172,12.6,1
9606.ENSP00000356191,0,0
9606.ENSP00000356194,2,1
9606.ENSP00000356198,0,0
9606.ENSP00000356202,21.3,1
9606.ENSP00000356205,0.7,1
9606.ENSP00000356211,53.1,1
9606.ENSP00000356213,0,0
9606.ENSP00000356214,0,0
9606.ENSP00000356218,14.9,1
9606.ENSP00000356224,1.6,1
9606.ENSP00000356230,40.5,1
9606.ENSP00000356231,6.9,1
9606.ENSP00000356234,9,1
9606.ENSP00000356236,1.1,1
9606.ENSP00000356243,154.1,1
9606.ENSP00000356247,0,0
9606.ENSP00000356251,0,0
9606.ENSP00000356256,145.3,1
9606.ENSP00000356257,0.5,1
9606.ENSP00000356263,112.7,1
9606.ENSP00000356265,22,1
9606.ENSP00000356272,29.3,1
9606.ENSP00000356275,32.7,1
9606.ENSP00000356280,1,1
9606.ENSP00000356297,26.4,1
9606.ENSP00000356301,76.5,1
9606.ENSP00000356308,17.7,1
9606.ENSP00000356310,0.3,1
9606.ENSP00000356319,21.6,1
9606.ENSP00000356320,7.6,1
9606.ENSP00000356329,0.9,1
9606.ENSP00000356331,14.9,1
9606.ENSP00000356354,123.9,1
9606.ENSP00000356355,22.7,1
9606.ENSP00000356357,6.7,1
9606.ENSP00000356363,2.2,1
9606.ENSP00000356370,0,0
9606.ENSP00000356375,4.1,1
9606.ENSP00000356379,33.6,1
9606.ENSP00000356381,34.5,1
9606.ENSP00000356382,0,0
9606.ENSP00000356385,0,0
9606.ENSP00000356386,0,0
9606.ENSP00000356389,20.1,1
9606.ENSP00000356395,0,0
9606.ENSP00000356399,0,0
9606.ENSP00000356404,0.1,1
9606.ENSP00000356405,16.8,1
9606.ENSP00000356410,17.5,1
9606.ENSP00000356416,19,1
9606.ENSP00000356425,84.1,1
9606.ENSP00000356426,42.3,1
9606.ENSP00000356429,0,0
9606.ENSP00000356430,0,0
9606.ENSP00000356432,0,0
9606.ENSP00000356433,13,1
9606.ENSP00000356436,24.6,1
9606.ENSP00000356437,7.3,1
9606.ENSP00000356438,0,0
9606.ENSP00000356444,0.3,1
9606.ENSP00000356448,51.9,1
9606.ENSP00000356465,2.4,1
9606.ENSP00000356468,29,1
9606.ENSP00000356470,3.1,1
9606.ENSP00000356475,9.5,1
9606.ENSP00000356476,25.7,1
9606.ENSP00000356480,43.7,1
9606.ENSP00000356481,2.4,1
9606.ENSP00000356489,1.3,1
9606.ENSP00000356505,0.1,1
9606.ENSP00000356515,219.4,1
9606.ENSP00000356518,0,0
9606.ENSP00000356520,342.6,1
9606.ENSP00000356529,11.9,1
9606.ENSP00000356530,3.6,1
9606.ENSP00000356536,0,0
9606.ENSP00000356540,0,0
9606.ENSP00000356541,214,1
9606.ENSP00000356545,0,0
9606.ENSP00000356548,76.3,1
9606.ENSP00000356549,3.8,1
9606.ENSP00000356560,0.3,1
9606.ENSP00000356562,22,1
9606.ENSP00000356563,14.4,1
9606.ENSP00000356567,36.2,1
9606.ENSP00000356574,17.6,1
9606.ENSP00000356575,2.3,1
9606.ENSP00000356579,16.1,1
9606.ENSP00000356581,2.6,1
9606.ENSP00000356584,34.4,1
9606.ENSP00000356587,0,0
9606.ENSP00000356590,0.1,1
9606.ENSP00000356591,88.6,1
9606.ENSP00000356599,53.7,1
9606.ENSP00000356602,81.5,1
9606.ENSP00000356607,17.2,1
9606.ENSP00000356621,10.2,1
9606.ENSP00000356630,5.6,1
9606.ENSP00000356632,90.4,1
9606.ENSP00000356634,0,0
9606.ENSP00000356646,0,0
9606.ENSP00000356652,155,1
9606.ENSP00000356658,0,0
9606.ENSP00000356669,7.5,1
9606.ENSP00000356671,0,0
9606.ENSP00000356674,3.2,1
9606.ENSP00000356687,0,0
9606.ENSP00000356694,0,0
9606.ENSP00000356696,16.3,1
9606.ENSP00000356700,0,0
9606.ENSP00000356702,24.6,1
9606.ENSP00000356705,1.5,1
9606.ENSP00000356708,0.2,1
9606.ENSP00000356713,24.1,1
9606.ENSP00000356723,0.7,1
9606.ENSP00000356729,0,0
9606.ENSP00000356733,0,0
9606.ENSP00000356737,6.4,1
9606.ENSP00000356746,4.7,1
9606.ENSP00000356771,0,0
9606.ENSP00000356774,6.3,1
9606.ENSP00000356780,0.3,1
9606.ENSP00000356782,16.6,1
9606.ENSP00000356785,15.6,1
9606.ENSP00000356790,38.1,1
9606.ENSP00000356791,0,0
9606.ENSP00000356792,0,0
9606.ENSP00000356793,0,0
9606.ENSP00000356795,0.4,1
9606.ENSP00000356807,34.5,1
9606.ENSP00000356811,121.1,1
9606.ENSP00000356814,25.8,1
9606.ENSP00000356820,17,1
9606.ENSP00000356825,0.3,1
9606.ENSP00000356828,0,0
9606.ENSP00000356832,6.8,1
9606.ENSP00000356840,8.8,1
9606.ENSP00000356842,0,0
9606.ENSP00000356846,0,0
9606.ENSP00000356848,22.3,1
9606.ENSP00000356849,37.1,1
9606.ENSP00000356853,88.6,1
9606.ENSP00000356857,0,0
9606.ENSP00000356864,36.2,1
9606.ENSP00000356886,0,0
9606.ENSP00000356899,0.3,1
9606.ENSP00000356903,44.7,1
9606.ENSP00000356905,0,0
9606.ENSP00000356906,0,0
9606.ENSP00000356908,0,0
9606.ENSP00000356912,0,0
9606.ENSP00000356917,0.6,1
9606.ENSP00000356918,25.5,1
9606.ENSP00000356919,15.1,1
9606.ENSP00000356920,26,1
9606.ENSP00000356925,0.2,1
9606.ENSP00000356936,0,0
9606.ENSP00000356940,1.4,1
9606.ENSP00000356946,0,0
9606.ENSP00000356951,0.1,1
9606.ENSP00000356953,244.3,1
9606.ENSP00000356954,4.2,1
9606.ENSP00000356959,0,0
9606.ENSP00000356967,22.6,1
9606.ENSP00000356969,1.5,1
9606.ENSP00000356972,129.1,1
9606.ENSP00000356975,0,0
9606.ENSP00000356978,9.8,1
9606.ENSP00000356981,17.6,1
9606.ENSP00000356982,89.1,1
9606.ENSP00000356985,21.2,1
9606.ENSP00000356988,15.7,1
9606.ENSP00000356989,241.6,1
9606.ENSP00000356990,0,0
9606.ENSP00000356991,0,0
9606.ENSP00000356992,0,0
9606.ENSP00000357000,35.6,1
9606.ENSP00000357005,25.3,1
9606.ENSP00000357008,0,0
9606.ENSP00000357012,0,0
9606.ENSP00000357022,0,0
9606.ENSP00000357036,0,0
9606.ENSP00000357040,17.8,1
9606.ENSP00000357047,9.9,1
9606.ENSP00000357048,92,1
9606.ENSP00000357051,34.2,1
9606.ENSP00000357052,34.6,1
9606.ENSP00000357055,71.5,1
9606.ENSP00000357057,0,0
9606.ENSP00000357060,0,0
9606.ENSP00000357065,8.2,1
9606.ENSP00000357067,0,0
9606.ENSP00000357068,0.1,1
9606.ENSP00000357069,6.9,1
9606.ENSP00000357072,0,0
9606.ENSP00000357073,1.8,1
9606.ENSP00000357076,378.1,1
9606.ENSP00000357079,0.2,1
9606.ENSP00000357080,0,0
9606.ENSP00000357086,0,0
9606.ENSP00000357087,10.8,1
9606.ENSP00000357097,0,0
9606.ENSP00000357103,0,0
9606.ENSP00000357106,0,0
9606.ENSP00000357112,0,0
9606.ENSP00000357113,2.2,1
9606.ENSP00000357122,0,0
9606.ENSP00000357123,0,0
9606.ENSP00000357125,0,0
9606.ENSP00000357126,0,0
9606.ENSP00000357127,0,0
9606.ENSP00000357129,0,0
9606.ENSP00000357131,13.4,1
9606.ENSP00000357132,0,0
9606.ENSP00000357134,0,0
9606.ENSP00000357149,0,0
9606.ENSP00000357150,0,0
9606.ENSP00000357152,0,0
9606.ENSP00000357153,0,0
9606.ENSP00000357156,0,0
9606.ENSP00000357158,0,0
9606.ENSP00000357167,0,0
9606.ENSP00000357175,12.8,1
9606.ENSP00000357177,15,1
9606.ENSP00000357178,0,0
9606.ENSP00000357189,408.9,1
9606.ENSP00000357196,10.2,1
9606.ENSP00000357199,28.9,1
9606.ENSP00000357206,63.9,1
9606.ENSP00000357218,49.4,1
9606.ENSP00000357219,0,0
9606.ENSP00000357231,0,0
9606.ENSP00000357238,3.1,1
9606.ENSP00000357255,0,0
9606.ENSP00000357256,88.1,1
9606.ENSP00000357259,10.8,1
9606.ENSP00000357268,0.9,1
9606.ENSP00000357283,31.4,1
9606.ENSP00000357288,67.7,1
9606.ENSP00000357292,51.8,1
9606.ENSP00000357297,18.1,1
9606.ENSP00000357301,0,0
9606.ENSP00000357304,40,1
9606.ENSP00000357305,32,1
9606.ENSP00000357307,4,1
9606.ENSP00000357308,78,1
9606.ENSP00000357315,15.9,1
9606.ENSP00000357320,110.3,1
9606.ENSP00000357323,61.3,1
9606.ENSP00000357336,38.3,1
9606.ENSP00000357342,0.3,1
9606.ENSP00000357345,16.8,1
9606.ENSP00000357348,0.2,1
9606.ENSP00000357360,40.6,1
9606.ENSP00000357362,0.8,1
9606.ENSP00000357384,12.7,1
9606.ENSP00000357389,16.3,1
9606.ENSP00000357392,6.6,1
9606.ENSP00000357393,18.4,1
9606.ENSP00000357402,0,0
9606.ENSP00000357409,0.1,1
9606.ENSP00000357425,1.7,1
9606.ENSP00000357429,0,0
9606.ENSP00000357440,30.1,1
9606.ENSP00000357442,35.6,1
9606.ENSP00000357448,7.3,1
9606.ENSP00000357452,65.3,1
9606.ENSP00000357453,7.6,1
9606.ENSP00000357459,111.9,1
9606.ENSP00000357461,0,0
9606.ENSP00000357465,0,0
9606.ENSP00000357470,1.1,1
9606.ENSP00000357474,2.9,1
9606.ENSP00000357475,23,1
9606.ENSP00000357480,62.1,1
9606.ENSP00000357484,37.2,1
9606.ENSP00000357494,0,0
9606.ENSP00000357507,218.5,1
9606.ENSP00000357511,0.2,1
9606.ENSP00000357516,320,1
9606.ENSP00000357535,160.2,1
9606.ENSP00000357545,0.3,1
9606.ENSP00000357547,0,0
9606.ENSP00000357552,6.3,1
9606.ENSP00000357555,4624.1,1
9606.ENSP00000357556,0,0
9606.ENSP00000357564,86.9,1
9606.ENSP00000357565,15.8,1
9606.ENSP00000357575,0.9,1
9606.ENSP00000357581,0,0
9606.ENSP00000357583,24.8,1
9606.ENSP00000357588,0,0
9606.ENSP00000357591,0.3,1
9606.ENSP00000357594,0.3,1
9606.ENSP00000357596,14.5,1
9606.ENSP00000357597,21.6,1
9606.ENSP00000357603,2.7,1
9606.ENSP00000357612,114.8,1
9606.ENSP00000357622,20.5,1
9606.ENSP00000357625,46.2,1
9606.ENSP00000357631,0,0
9606.ENSP00000357633,170.8,1
9606.ENSP00000357637,13.6,1
9606.ENSP00000357643,109.3,1
9606.ENSP00000357644,18.1,1
9606.ENSP00000357645,8.4,1
9606.ENSP00000357651,8.7,1
9606.ENSP00000357655,0,0
9606.ENSP00000357660,0,0
9606.ENSP00000357668,0.2,1
9606.ENSP00000357669,0,0
9606.ENSP00000357674,42.5,1
9606.ENSP00000357679,103.4,1
9606.ENSP00000357682,0,0
9606.ENSP00000357688,73.5,1
9606.ENSP00000357691,0,0
9606.ENSP00000357693,1.1,1
9606.ENSP00000357697,1.3,1
9606.ENSP00000357702,0.1,1
9606.ENSP00000357705,8.8,1
9606.ENSP00000357707,0.1,1
9606.ENSP00000357709,80.7,1
9606.ENSP00000357712,0,0
9606.ENSP00000357714,0,0
9606.ENSP00000357718,0,0
9606.ENSP00000357722,0,0
9606.ENSP00000357726,0,0
9606.ENSP00000357727,0,0
9606.ENSP00000357731,0,0
9606.ENSP00000357733,0,0
9606.ENSP00000357736,0,0
9606.ENSP00000357737,0,0
9606.ENSP00000357740,0,0
9606.ENSP00000357744,0,0
9606.ENSP00000357746,0,0
9606.ENSP00000357748,219.3,1
9606.ENSP00000357750,8,1
9606.ENSP00000357751,0,0
9606.ENSP00000357753,0,0
9606.ENSP00000357754,0,0
9606.ENSP00000357759,0,0
9606.ENSP00000357764,0,0
9606.ENSP00000357766,0,0
9606.ENSP00000357768,0,0
9606.ENSP00000357769,0,0
9606.ENSP00000357772,0,0
9606.ENSP00000357773,0,0
9606.ENSP00000357776,0,0
9606.ENSP00000357778,0,0
9606.ENSP00000357779,0,0
9606.ENSP00000357787,18.5,1
9606.ENSP00000357789,0,0
9606.ENSP00000357791,0,0
9606.ENSP00000357796,0,0
9606.ENSP00000357798,0,0
9606.ENSP00000357801,337,1
9606.ENSP00000357804,2.5,1
9606.ENSP00000357807,0,0
9606.ENSP00000357810,0,0
9606.ENSP00000357811,0,0
9606.ENSP00000357812,11.9,1
9606.ENSP00000357823,111.8,1
9606.ENSP00000357829,6.8,1
9606.ENSP00000357835,1.4,1
9606.ENSP00000357836,19.1,1
9606.ENSP00000357838,126.5,1
9606.ENSP00000357840,5.5,1
9606.ENSP00000357842,17.6,1
9606.ENSP00000357844,49.4,1
9606.ENSP00000357858,285.1,1
9606.ENSP00000357863,141.1,1
9606.ENSP00000357869,57.3,1
9606.ENSP00000357873,12.5,1
9606.ENSP00000357879,277.1,1
9606.ENSP00000357880,163.9,1
9606.ENSP00000357881,13,1
9606.ENSP00000357882,0.7,1
9606.ENSP00000357883,75.7,1
9606.ENSP00000357889,0,0
9606.ENSP00000357894,0,0
9606.ENSP00000357900,0,0
9606.ENSP00000357901,41.3,1
9606.ENSP00000357904,8.9,1
9606.ENSP00000357905,0,0
9606.ENSP00000357906,0,0
9606.ENSP00000357907,8,1
9606.ENSP00000357909,1.3,1
9606.ENSP00000357914,4.8,1
9606.ENSP00000357915,0,0
9606.ENSP00000357917,54.3,1
9606.ENSP00000357920,0,0
9606.ENSP00000357922,1.5,1
9606.ENSP00000357927,0.9,1
9606.ENSP00000357928,28.2,1
9606.ENSP00000357943,0,0
9606.ENSP00000357973,4.4,1
9606.ENSP00000357979,0,0
9606.ENSP00000357980,7.6,1
9606.ENSP00000357981,0.2,1
9606.ENSP00000357986,22.3,1
9606.ENSP00000357998,32.3,1
9606.ENSP00000358001,8.5,1
9606.ENSP00000358016,0,0
9606.ENSP00000358019,32.5,1
9606.ENSP00000358022,101.7,1
9606.ENSP00000358033,20.3,1
9606.ENSP00000358035,0.8,1
9606.ENSP00000358042,18.6,1
9606.ENSP00000358045,0.2,1
9606.ENSP00000358059,13,1
9606.ENSP00000358060,44.2,1
9606.ENSP00000358062,0.2,1
9606.ENSP00000358064,34,1
9606.ENSP00000358071,27.9,1
9606.ENSP00000358072,15.2,1
9606.ENSP00000358081,31.5,1
9606.ENSP00000358089,42.3,1
9606.ENSP00000358092,0,0
9606.ENSP00000358098,0.2,1
9606.ENSP00000358099,44.3,1
9606.ENSP00000358105,98.8,1
9606.ENSP00000358106,41.8,1
9606.ENSP00000358107,0.2,1
9606.ENSP00000358120,23.3,1
9606.ENSP00000358126,42.4,1
9606.ENSP00000358140,202.5,1
9606.ENSP00000358142,0.3,1
9606.ENSP00000358147,13,1
9606.ENSP00000358149,0,0
9606.ENSP00000358151,3.6,1
9606.ENSP00000358155,0.8,1
9606.ENSP00000358159,26.2,1
9606.ENSP00000358165,0,0
9606.ENSP00000358183,34,1
9606.ENSP00000358207,0,0
9606.ENSP00000358210,0,0
9606.ENSP00000358211,8.4,1
9606.ENSP00000358212,0,0
9606.ENSP00000358217,0,0
9606.ENSP00000358223,0,0
9606.ENSP00000358232,0,0
9606.ENSP00000358233,7.7,1
9606.ENSP00000358238,0,0
9606.ENSP00000358242,49.3,1
9606.ENSP00000358247,8.8,1
9606.ENSP00000358251,4.7,1
9606.ENSP00000358262,31.2,1
9606.ENSP00000358265,0.3,1
9606.ENSP00000358272,24.7,1
9606.ENSP00000358283,15,1
9606.ENSP00000358293,7.1,1
9606.ENSP00000358301,0.1,1
9606.ENSP00000358307,10.8,1
9606.ENSP00000358309,2,1
9606.ENSP00000358310,0.4,1
9606.ENSP00000358312,18.6,1
9606.ENSP00000358316,0,0
9606.ENSP00000358320,14.1,1
9606.ENSP00000358327,30.4,1
9606.ENSP00000358335,26.3,1
9606.ENSP00000358358,0.2,1
9606.ENSP00000358363,25.7,1
9606.ENSP00000358365,0,0
9606.ENSP00000358374,62.4,1
9606.ENSP00000358391,0,0
9606.ENSP00000358397,23.1,1
9606.ENSP00000358400,10.7,1
9606.ENSP00000358404,14,1
9606.ENSP00000358407,0,0
9606.ENSP00000358413,33.8,1
9606.ENSP00000358414,0,0
9606.ENSP00000358417,216.8,1
9606.ENSP00000358421,0,0
9606.ENSP00000358423,24.5,1
9606.ENSP00000358430,0,0
9606.ENSP00000358451,8.1,1
9606.ENSP00000358458,0.1,1
9606.ENSP00000358460,0.3,1
9606.ENSP00000358464,27.8,1
9606.ENSP00000358466,0,0
9606.ENSP00000358470,0,0
9606.ENSP00000358474,54.4,1
9606.ENSP00000358478,35.2,1
9606.ENSP00000358482,2.1,1
9606.ENSP00000358488,2.6,1
9606.ENSP00000358490,0,0
9606.ENSP00000358495,12.6,1
9606.ENSP00000358496,11.8,1
9606.ENSP00000358497,24.7,1
9606.ENSP00000358501,11,1
9606.ENSP00000358510,5.3,1
9606.ENSP00000358512,0.1,1
9606.ENSP00000358513,6,1
9606.ENSP00000358515,3.6,1
9606.ENSP00000358518,0,0
9606.ENSP00000358519,0.2,1
9606.ENSP00000358525,0,0
9606.ENSP00000358529,1.9,1
9606.ENSP00000358532,0.1,1
9606.ENSP00000358535,0,0
9606.ENSP00000358541,24.3,1
9606.ENSP00000358542,0,0
9606.ENSP00000358547,21.6,1
9606.ENSP00000358548,88.2,1
9606.ENSP00000358549,37.9,1
9606.ENSP00000358554,85.5,1
9606.ENSP00000358563,239.6,1
9606.ENSP00000358565,24.8,1
9606.ENSP00000358571,33.1,1
9606.ENSP00000358575,0,0
9606.ENSP00000358576,13.7,1
9606.ENSP00000358582,11.3,1
9606.ENSP00000358590,10.1,1
9606.ENSP00000358596,2.8,1
9606.ENSP00000358616,57.8,1
9606.ENSP00000358617,15.6,1
9606.ENSP00000358635,331.1,1
9606.ENSP00000358644,0,0
9606.ENSP00000358674,76.9,1
9606.ENSP00000358677,0,0
9606.ENSP00000358695,6.1,1
9606.ENSP00000358696,6.4,1
9606.ENSP00000358698,0.7,1
9606.ENSP00000358703,0,0
9606.ENSP00000358714,12.8,1
9606.ENSP00000358715,0,0
9606.ENSP00000358716,13.5,1
9606.ENSP00000358718,0,0
9606.ENSP00000358719,43.4,1
9606.ENSP00000358723,56.5,1
9606.ENSP00000358727,97,1
9606.ENSP00000358730,0.05,1
9606.ENSP00000358737,69.4,1
9606.ENSP00000358739,3.7,1
9606.ENSP00000358742,6.6,1
9606.ENSP00000358747,0.3,1
9606.ENSP00000358753,0.8,1
9606.ENSP00000358755,0.9,1
9606.ENSP00000358762,7.5,1
9606.ENSP00000358765,10.3,1
9606.ENSP00000358770,18,1
9606.ENSP00000358777,133.8,1
9606.ENSP00000358778,12.9,1
9606.ENSP00000358783,0,0
9606.ENSP00000358784,0,0
9606.ENSP00000358786,0,0
9606.ENSP00000358794,0.1,1
9606.ENSP00000358795,0.4,1
9606.ENSP00000358798,0,0
9606.ENSP00000358799,17.6,1
9606.ENSP00000358802,1.7,1
9606.ENSP00000358807,0,0
9606.ENSP00000358810,18.4,1
9606.ENSP00000358812,70.6,1
9606.ENSP00000358813,60.7,1
9606.ENSP00000358814,69.2,1
9606.ENSP00000358815,0.7,1
9606.ENSP00000358820,0,0
9606.ENSP00000358824,7.6,1
9606.ENSP00000358831,14.1,1
9606.ENSP00000358840,502.2,1
9606.ENSP00000358851,27.1,1
9606.ENSP00000358853,7,1
9606.ENSP00000358854,18.1,1
9606.ENSP00000358857,55.8,1
9606.ENSP00000358862,18.5,1
9606.ENSP00000358865,11,1
9606.ENSP00000358866,224,1
9606.ENSP00000358867,30,1
9606.ENSP00000358880,6.5,1
9606.ENSP00000358884,5.1,1
9606.ENSP00000358886,1.9,1
9606.ENSP00000358888,11.8,1
9606.ENSP00000358894,6.9,1
9606.ENSP00000358896,23.8,1
9606.ENSP00000358902,2.6,1
9606.ENSP00000358903,0,0
9606.ENSP00000358909,0.7,1
9606.ENSP00000358918,17.8,1
9606.ENSP00000358921,109.9,1
9606.ENSP00000358925,61.4,1
9606.ENSP00000358931,0,0
9606.ENSP00000358932,0,0
9606.ENSP00000358945,0,0
9606.ENSP00000358953,65,1
9606.ENSP00000358955,0.1,1
9606.ENSP00000358956,7.1,1
9606.ENSP00000358963,0.5,1
9606.ENSP00000358965,0,0
9606.ENSP00000358966,0,0
9606.ENSP00000358967,0,0
9606.ENSP00000358983,20.5,1
9606.ENSP00000358994,15.3,1
9606.ENSP00000358997,57.6,1
9606.ENSP00000358999,3.9,1
9606.ENSP00000359000,45.9,1
9606.ENSP00000359013,0,0
9606.ENSP00000359018,1.1,1
9606.ENSP00000359019,0,0
9606.ENSP00000359022,5.9,1
9606.ENSP00000359025,20.9,1
9606.ENSP00000359034,0,0
9606.ENSP00000359042,48.5,1
9606.ENSP00000359045,4.6,1
9606.ENSP00000359049,0,0
9606.ENSP00000359050,20.4,1
9606.ENSP00000359052,33.2,1
9606.ENSP00000359070,52.2,1
9606.ENSP00000359073,0.6,1
9606.ENSP00000359077,3.5,1
9606.ENSP00000359085,0,0
9606.ENSP00000359095,23.9,1
9606.ENSP00000359096,0,0
9606.ENSP00000359098,236.1,1
9606.ENSP00000359100,0,0
9606.ENSP00000359114,0,0
9606.ENSP00000359119,0,0
9606.ENSP00000359127,47.5,1
9606.ENSP00000359128,192.6,1
9606.ENSP00000359130,6.5,1
9606.ENSP00000359132,18.3,1
9606.ENSP00000359149,11,1
9606.ENSP00000359151,20.3,1
9606.ENSP00000359160,30.6,1
9606.ENSP00000359170,55.4,1
9606.ENSP00000359171,44,1
9606.ENSP00000359172,12.7,1
9606.ENSP00000359181,18.4,1
9606.ENSP00000359198,29.5,1
9606.ENSP00000359204,0,0
9606.ENSP00000359206,14.1,1
9606.ENSP00000359211,0,0
9606.ENSP00000359212,0.4,1
9606.ENSP00000359215,5.5,1
9606.ENSP00000359216,17.8,1
9606.ENSP00000359219,1.9,1
9606.ENSP00000359221,7.5,1
9606.ENSP00000359222,7.4,1
9606.ENSP00000359224,1.5,1
9606.ENSP00000359225,307.2,1
9606.ENSP00000359230,39.6,1
9606.ENSP00000359233,43.7,1
9606.ENSP00000359240,21.5,1
9606.ENSP00000359245,0,0
9606.ENSP00000359258,9.6,1
9606.ENSP00000359264,1.3,1
9606.ENSP00000359271,10.1,1
9606.ENSP00000359285,0,0
9606.ENSP00000359292,20.4,1
9606.ENSP00000359295,56.7,1
9606.ENSP00000359297,85.5,1
9606.ENSP00000359300,55.3,1
9606.ENSP00000359305,24.3,1
9606.ENSP00000359310,0,0
9606.ENSP00000359319,1.2,1
9606.ENSP00000359321,31.1,1
9606.ENSP00000359333,0.9,1
9606.ENSP00000359337,0,0
9606.ENSP00000359339,9.8,1
9606.ENSP00000359340,0,0
9606.ENSP00000359345,1871.2,1
9606.ENSP00000359353,0,0
9606.ENSP00000359356,8.6,1
9606.ENSP00000359357,1.2,1
9606.ENSP00000359361,0,0
9606.ENSP00000359364,54.6,1
9606.ENSP00000359370,1.1,1
9606.ENSP00000359375,0,0
9606.ENSP00000359376,5,1
9606.ENSP00000359378,0,0
9606.ENSP00000359380,433.7,1
9606.ENSP00000359382,0,0
9606.ENSP00000359384,0,0
9606.ENSP00000359385,14.3,1
9606.ENSP00000359392,0,0
9606.ENSP00000359393,324.4,1
9606.ENSP00000359396,0,0
9606.ENSP00000359398,25,1
9606.ENSP00000359401,0,0
9606.ENSP00000359410,0.5,1
9606.ENSP00000359411,6.4,1
9606.ENSP00000359415,0.2,1
9606.ENSP00000359417,43.9,1
9606.ENSP00000359423,6.1,1
9606.ENSP00000359424,38.7,1
9606.ENSP00000359434,37.8,1
9606.ENSP00000359444,0.6,1
9606.ENSP00000359446,0,0
9606.ENSP00000359454,0,0
9606.ENSP00000359464,7.8,1
9606.ENSP00000359474,1,1
9606.ENSP00000359478,0.3,1
9606.ENSP00000359483,10.1,1
9606.ENSP00000359484,27.4,1
9606.ENSP00000359485,0,0
9606.ENSP00000359488,0,0
9606.ENSP00000359489,9.9,1
9606.ENSP00000359490,0,0
9606.ENSP00000359497,0,0
9606.ENSP00000359498,0,0
9606.ENSP00000359504,0,0
9606.ENSP00000359505,6.2,1
9606.ENSP00000359506,65.8,1
9606.ENSP00000359507,40.8,1
9606.ENSP00000359512,0,0
9606.ENSP00000359518,18.5,1
9606.ENSP00000359520,6,1
9606.ENSP00000359521,20.4,1
9606.ENSP00000359524,0,0
9606.ENSP00000359526,22.1,1
9606.ENSP00000359531,36.8,1
9606.ENSP00000359532,0,0
9606.ENSP00000359534,0,0
9606.ENSP00000359539,107.1,1
9606.ENSP00000359540,24.3,1
9606.ENSP00000359546,0,0
9606.ENSP00000359549,0,0
9606.ENSP00000359550,0,0
9606.ENSP00000359552,44.7,1
9606.ENSP00000359557,3.4,1
9606.ENSP00000359563,0,0
9606.ENSP00000359567,0,0
9606.ENSP00000359571,0,0
9606.ENSP00000359575,13.1,1
9606.ENSP00000359581,27.2,1
9606.ENSP00000359583,0.2,1
9606.ENSP00000359594,0,0
9606.ENSP00000359596,0,0
9606.ENSP00000359600,8.1,1
9606.ENSP00000359603,0.6,1
9606.ENSP00000359606,15.9,1
9606.ENSP00000359607,1.5,1
9606.ENSP00000359609,3.8,1
9606.ENSP00000359612,12.8,1
9606.ENSP00000359621,12.7,1
9606.ENSP00000359629,0,0
9606.ENSP00000359630,0.6,1
9606.ENSP00000359634,0,0
9606.ENSP00000359640,14.7,1
9606.ENSP00000359645,481.9,1
9606.ENSP00000359660,7.6,1
9606.ENSP00000359663,0,0
9606.ENSP00000359664,0,0
9606.ENSP00000359665,19.3,1
9606.ENSP00000359668,0,0
9606.ENSP00000359674,0,0
9606.ENSP00000359675,127.3,1
9606.ENSP00000359680,0,0
9606.ENSP00000359682,0,0
9606.ENSP00000359685,97,1
9606.ENSP00000359688,54.3,1
9606.ENSP00000359691,0.2,1
9606.ENSP00000359693,0,0
9606.ENSP00000359698,4.6,1
9606.ENSP00000359699,0,0
9606.ENSP00000359707,0.4,1
9606.ENSP00000359719,12.6,1
9606.ENSP00000359727,22.5,1
9606.ENSP00000359729,14.3,1
9606.ENSP00000359740,22.6,1
9606.ENSP00000359768,16.7,1
9606.ENSP00000359778,0.1,1
9606.ENSP00000359782,1.8,1
9606.ENSP00000359783,0,0
9606.ENSP00000359787,0,0
9606.ENSP00000359788,8.4,1
9606.ENSP00000359793,0,0
9606.ENSP00000359795,0,0
9606.ENSP00000359799,18.7,1
9606.ENSP00000359802,15.2,1
9606.ENSP00000359804,54.8,1
9606.ENSP00000359819,19.6,1
9606.ENSP00000359820,3.4,1
9606.ENSP00000359829,47.4,1
9606.ENSP00000359837,29.3,1
9606.ENSP00000359848,14.8,1
9606.ENSP00000359859,8.8,1
9606.ENSP00000359864,121.8,1
9606.ENSP00000359866,0,0
9606.ENSP00000359871,54.9,1
9606.ENSP00000359890,19.8,1
9606.ENSP00000359892,0.9,1
9606.ENSP00000359904,31.5,1
9606.ENSP00000359910,371.9,1
9606.ENSP00000359925,47.9,1
9606.ENSP00000359935,13.6,1
9606.ENSP00000359939,52.5,1
9606.ENSP00000359940,1.8,1
9606.ENSP00000359942,0.2,1
9606.ENSP00000359956,168,1
9606.ENSP00000359958,111.1,1
9606.ENSP00000359976,27.3,1
9606.ENSP00000359982,13.8,1
9606.ENSP00000359988,151.5,1
9606.ENSP00000359990,100,1
9606.ENSP00000359991,639.8,1
9606.ENSP00000360002,69.7,1
9606.ENSP00000360017,7.5,1
9606.ENSP00000360020,0.2,1
9606.ENSP00000360021,36.6,1
9606.ENSP00000360025,3,1
9606.ENSP00000360028,0,0
9606.ENSP00000360034,435.2,1
9606.ENSP00000360035,4.3,1
9606.ENSP00000360046,0,0
9606.ENSP00000360054,0.3,1
9606.ENSP00000360058,18.3,1
9606.ENSP00000360060,1.1,1
9606.ENSP00000360065,1.1,1
9606.ENSP00000360069,0,0
9606.ENSP00000360076,0,0
9606.ENSP00000360107,2.7,1
9606.ENSP00000360108,14.6,1
9606.ENSP00000360112,15.7,1
9606.ENSP00000360116,0,0
9606.ENSP00000360120,0.1,1
9606.ENSP00000360124,24,1
9606.ENSP00000360129,6.1,1
9606.ENSP00000360133,28.2,1
9606.ENSP00000360138,16.5,1
9606.ENSP00000360141,1499,1
9606.ENSP00000360147,0,0
9606.ENSP00000360149,2,1
9606.ENSP00000360154,30.5,1
9606.ENSP00000360157,1.2,1
9606.ENSP00000360158,0,0
9606.ENSP00000360162,66.6,1
9606.ENSP00000360165,0,0
9606.ENSP00000360166,0,0
9606.ENSP00000360167,0,0
9606.ENSP00000360170,0,0
9606.ENSP00000360181,0,0
9606.ENSP00000360183,25.5,1
9606.ENSP00000360184,97.6,1
9606.ENSP00000360190,0,0
9606.ENSP00000360191,0,0
9606.ENSP00000360195,0.1,1
9606.ENSP00000360200,5.1,1
9606.ENSP00000360210,0,0
9606.ENSP00000360214,0,0
9606.ENSP00000360215,0,0
9606.ENSP00000360216,0,0
9606.ENSP00000360217,0,0
9606.ENSP00000360231,3.1,1
9606.ENSP00000360240,0,0
9606.ENSP00000360242,15.3,1
9606.ENSP00000360244,0,0
9606.ENSP00000360247,0,0
9606.ENSP00000360250,0,0
9606.ENSP00000360252,3.6,1
9606.ENSP00000360255,0,0
9606.ENSP00000360262,1.6,1
9606.ENSP00000360266,2,1
9606.ENSP00000360268,117.1,1
9606.ENSP00000360269,0,0
9606.ENSP00000360270,31.1,1
9606.ENSP00000360280,0,0
9606.ENSP00000360281,0,0
9606.ENSP00000360290,8,1
9606.ENSP00000360293,2.4,1
9606.ENSP00000360296,2.1,1
9606.ENSP00000360299,0,0
9606.ENSP00000360305,91.5,1
9606.ENSP00000360310,0,0
9606.ENSP00000360312,0,0
9606.ENSP00000360315,0,0
9606.ENSP00000360316,250.5,1
9606.ENSP00000360317,0,0
9606.ENSP00000360320,0,0
9606.ENSP00000360323,0,0
9606.ENSP00000360327,8.3,1
9606.ENSP00000360329,43.7,1
9606.ENSP00000360360,0,0
9606.ENSP00000360365,18,1
9606.ENSP00000360366,0.8,1
9606.ENSP00000360371,49.1,1
9606.ENSP00000360372,0,0
9606.ENSP00000360376,0.5,1
9606.ENSP00000360379,0.2,1
9606.ENSP00000360381,0,0
9606.ENSP00000360398,1.8,1
9606.ENSP00000360411,0,0
9606.ENSP00000360412,39.2,1
9606.ENSP00000360421,57,1
9606.ENSP00000360423,0.1,1
9606.ENSP00000360425,0,0
9606.ENSP00000360431,2.2,1
9606.ENSP00000360436,0.6,1
9606.ENSP00000360437,15.9,1
9606.ENSP00000360441,0,0
9606.ENSP00000360455,0,0
9606.ENSP00000360464,33.7,1
9606.ENSP00000360472,0,0
9606.ENSP00000360473,13.3,1
9606.ENSP00000360475,2.8,1
9606.ENSP00000360483,73.2,1
9606.ENSP00000360485,0,0
9606.ENSP00000360488,13,1
9606.ENSP00000360492,555.7,1
9606.ENSP00000360493,0,0
9606.ENSP00000360497,24.4,1
9606.ENSP00000360498,37.4,1
9606.ENSP00000360500,0,0
9606.ENSP00000360502,0,0
9606.ENSP00000360515,9,1
9606.ENSP00000360522,0,0
9606.ENSP00000360525,228.3,1
9606.ENSP00000360526,22.3,1
9606.ENSP00000360530,50,1
9606.ENSP00000360532,41.8,1
9606.ENSP00000360538,0,0
9606.ENSP00000360540,64.8,1
9606.ENSP00000360541,35.1,1
9606.ENSP00000360552,0,0
9606.ENSP00000360560,0,0
9606.ENSP00000360561,0,0
9606.ENSP00000360569,59.6,1
9606.ENSP00000360576,10,1
9606.ENSP00000360577,0,0
9606.ENSP00000360583,3.8,1
9606.ENSP00000360593,31.9,1
9606.ENSP00000360597,0,0
9606.ENSP00000360608,0,0
9606.ENSP00000360609,3197.5,1
9606.ENSP00000360613,86.3,1
9606.ENSP00000360623,48.9,1
9606.ENSP00000360626,1.7,1
9606.ENSP00000360635,30.7,1
9606.ENSP00000360642,10.1,1
9606.ENSP00000360644,68.5,1
9606.ENSP00000360645,11,1
9606.ENSP00000360660,8.6,1
9606.ENSP00000360664,111.1,1
9606.ENSP00000360671,752.1,1
9606.ENSP00000360672,2.6,1
9606.ENSP00000360676,18.7,1
9606.ENSP00000360682,1.7,1
9606.ENSP00000360683,30.8,1
9606.ENSP00000360687,0.6,1
9606.ENSP00000360688,134.5,1
9606.ENSP00000360689,31,1
9606.ENSP00000360690,1.3,1
9606.ENSP00000360696,0,0
9606.ENSP00000360715,10.4,1
9606.ENSP00000360718,15.4,1
9606.ENSP00000360727,76.8,1
9606.ENSP00000360730,19,1
9606.ENSP00000360753,0,0
9606.ENSP00000360757,11.7,1
9606.ENSP00000360761,12.7,1
9606.ENSP00000360762,2.3,1
9606.ENSP00000360764,3.7,1
9606.ENSP00000360776,45.5,1
9606.ENSP00000360777,6.2,1
9606.ENSP00000360782,77.9,1
9606.ENSP00000360793,27.3,1
9606.ENSP00000360797,0.3,1
9606.ENSP00000360798,28.7,1
9606.ENSP00000360803,0.6,1
9606.ENSP00000360806,0,0
9606.ENSP00000360811,0,0
9606.ENSP00000360821,41.9,1
9606.ENSP00000360822,0,0
9606.ENSP00000360824,0,0
9606.ENSP00000360829,0,0
9606.ENSP00000360850,88.9,1
9606.ENSP00000360855,0,0
9606.ENSP00000360858,2.6,1
9606.ENSP00000360860,20.9,1
9606.ENSP00000360869,1,1
9606.ENSP00000360871,0,0
9606.ENSP00000360874,0,0
9606.ENSP00000360882,0,0
9606.ENSP00000360883,0.6,1
9606.ENSP00000360891,0.6,1
9606.ENSP00000360899,0.9,1
9606.ENSP00000360905,0,0
9606.ENSP00000360913,0.9,1
9606.ENSP00000360916,31.6,1
9606.ENSP00000360918,0,0
9606.ENSP00000360922,122.4,1
9606.ENSP00000360938,0,0
9606.ENSP00000360939,64.8,1
9606.ENSP00000360944,29.4,1
9606.ENSP00000360958,0,0
9606.ENSP00000360961,0,0
9606.ENSP00000360966,2,1
9606.ENSP00000360968,0,0
9606.ENSP00000360973,0,0
9606.ENSP00000360985,18.6,1
9606.ENSP00000360988,0,0
9606.ENSP00000360991,0,0
9606.ENSP00000360994,4.1,1
9606.ENSP00000360997,0.1,1
9606.ENSP00000360998,0,0
9606.ENSP00000361001,28.1,1
9606.ENSP00000361004,0,0
9606.ENSP00000361007,0,0
9606.ENSP00000361009,4.1,1
9606.ENSP00000361010,21.5,1
9606.ENSP00000361014,23.8,1
9606.ENSP00000361021,16.6,1
9606.ENSP00000361025,0,0
9606.ENSP00000361027,25.1,1
9606.ENSP00000361032,19.2,1
9606.ENSP00000361036,0,0
9606.ENSP00000361042,20.4,1
9606.ENSP00000361043,44.6,1
9606.ENSP00000361048,2.2,1
9606.ENSP00000361057,75.7,1
9606.ENSP00000361060,34.2,1
9606.ENSP00000361064,29.9,1
9606.ENSP00000361066,12.2,1
9606.ENSP00000361072,0,0
9606.ENSP00000361076,1831.4,1
9606.ENSP00000361083,0,0
9606.ENSP00000361084,71.2,1
9606.ENSP00000361087,0,0
9606.ENSP00000361092,8.4,1
9606.ENSP00000361095,26.5,1
9606.ENSP00000361097,0,0
9606.ENSP00000361107,15.8,1
9606.ENSP00000361110,10.5,1
9606.ENSP00000361112,23,1
9606.ENSP00000361120,22.7,1
9606.ENSP00000361140,94,1
9606.ENSP00000361141,0,0
9606.ENSP00000361143,17.1,1
9606.ENSP00000361151,0.7,1
9606.ENSP00000361158,3.9,1
9606.ENSP00000361160,11.5,1
9606.ENSP00000361162,21,1
9606.ENSP00000361170,8.7,1
9606.ENSP00000361173,0,0
9606.ENSP00000361177,0,0
9606.ENSP00000361180,79.8,1
9606.ENSP00000361186,23.1,1
9606.ENSP00000361199,0,0
9606.ENSP00000361202,0.3,1
9606.ENSP00000361206,64.3,1
9606.ENSP00000361207,208.4,1
9606.ENSP00000361214,0,0
9606.ENSP00000361219,39.8,1
9606.ENSP00000361232,32.8,1
9606.ENSP00000361238,0.1,1
9606.ENSP00000361245,29.7,1
9606.ENSP00000361263,45.1,1
9606.ENSP00000361266,1.1,1
9606.ENSP00000361272,0.1,1
9606.ENSP00000361275,3.7,1
9606.ENSP00000361278,0,0
9606.ENSP00000361281,0.1,1
9606.ENSP00000361285,31.9,1
9606.ENSP00000361287,0,0
9606.ENSP00000361298,102.8,1
9606.ENSP00000361302,17.3,1
9606.ENSP00000361306,11.9,1
9606.ENSP00000361310,13.1,1
9606.ENSP00000361311,3.6,1
9606.ENSP00000361331,62.6,1
9606.ENSP00000361337,0.1,1
9606.ENSP00000361338,0.2,1
9606.ENSP00000361345,16,1
9606.ENSP00000361355,8.9,1
9606.ENSP00000361359,2.3,1
9606.ENSP00000361363,27.4,1
9606.ENSP00000361366,0.1,1
9606.ENSP00000361373,0,0
9606.ENSP00000361383,21.2,1
9606.ENSP00000361392,0.7,1
9606.ENSP00000361397,0,0
9606.ENSP00000361400,0,0
9606.ENSP00000361405,0,0
9606.ENSP00000361411,1.7,1
9606.ENSP00000361413,0,0
9606.ENSP00000361418,31.7,1
9606.ENSP00000361423,23.5,1
9606.ENSP00000361433,75.8,1
9606.ENSP00000361446,30.3,1
9606.ENSP00000361458,19.1,1
9606.ENSP00000361465,64.7,1
9606.ENSP00000361467,2.3,1
9606.ENSP00000361471,59.9,1
9606.ENSP00000361473,45.1,1
9606.ENSP00000361475,42.5,1
9606.ENSP00000361483,30.7,1
9606.ENSP00000361486,15.8,1
9606.ENSP00000361499,71,1
9606.ENSP00000361502,0,0
9606.ENSP00000361512,176,1
9606.ENSP00000361518,0.3,1
9606.ENSP00000361522,22.9,1
9606.ENSP00000361524,52.8,1
9606.ENSP00000361540,225.3,1
9606.ENSP00000361544,13.9,1
9606.ENSP00000361547,0.8,1
9606.ENSP00000361548,0,0
9606.ENSP00000361554,0,0
9606.ENSP00000361556,0,0
9606.ENSP00000361557,12.3,1
9606.ENSP00000361562,55.9,1
9606.ENSP00000361569,0.3,1
9606.ENSP00000361577,0,0
9606.ENSP00000361580,17.6,1
9606.ENSP00000361595,2.4,1
9606.ENSP00000361596,1.6,1
9606.ENSP00000361597,0.8,1
9606.ENSP00000361599,14.3,1
9606.ENSP00000361601,10.1,1
9606.ENSP00000361602,0.7,1
9606.ENSP00000361603,2.8,1
9606.ENSP00000361608,5.8,1
9606.ENSP00000361616,0.9,1
9606.ENSP00000361625,32.6,1
9606.ENSP00000361626,1162.6,1
9606.ENSP00000361628,18.6,1
9606.ENSP00000361634,6.3,1
9606.ENSP00000361635,539.2,1
9606.ENSP00000361636,0,0
9606.ENSP00000361642,11.5,1
9606.ENSP00000361646,0,0
9606.ENSP00000361650,2.8,1
9606.ENSP00000361653,31.1,1
9606.ENSP00000361658,115.2,1
9606.ENSP00000361662,0,0
9606.ENSP00000361663,0,0
9606.ENSP00000361664,0.4,1
9606.ENSP00000361666,0,0
9606.ENSP00000361667,20.3,1
9606.ENSP00000361668,0,0
9606.ENSP00000361669,0.2,1
9606.ENSP00000361672,0,0
9606.ENSP00000361704,91.5,1
9606.ENSP00000361705,37.3,1
9606.ENSP00000361708,19.2,1
9606.ENSP00000361711,15.5,1
9606.ENSP00000361712,107.3,1
9606.ENSP00000361716,0.2,1
9606.ENSP00000361721,2.4,1
9606.ENSP00000361725,12.5,1
9606.ENSP00000361726,0,0
9606.ENSP00000361728,394.1,1
9606.ENSP00000361731,14.2,1
9606.ENSP00000361735,0,0
9606.ENSP00000361745,33.8,1
9606.ENSP00000361746,0.1,1
9606.ENSP00000361748,13,1
9606.ENSP00000361755,0,0
9606.ENSP00000361761,0,0
9606.ENSP00000361765,2.8,1
9606.ENSP00000361769,3.8,1
9606.ENSP00000361770,19.6,1
9606.ENSP00000361777,1358.8,1
9606.ENSP00000361780,39.1,1
9606.ENSP00000361784,3.6,1
9606.ENSP00000361785,0,0
9606.ENSP00000361788,12.3,1
9606.ENSP00000361791,6,1
9606.ENSP00000361795,74.7,1
9606.ENSP00000361800,47.5,1
9606.ENSP00000361803,41.1,1
9606.ENSP00000361811,0,0
9606.ENSP00000361813,0,0
9606.ENSP00000361818,8.2,1
9606.ENSP00000361820,4.7,1
9606.ENSP00000361824,80.7,1
9606.ENSP00000361834,0.1,1
9606.ENSP00000361842,0,0
9606.ENSP00000361845,78.4,1
9606.ENSP00000361850,0.9,1
9606.ENSP00000361852,0,0
9606.ENSP00000361855,0,0
9606.ENSP00000361857,16.9,1
9606.ENSP00000361860,0,0
9606.ENSP00000361866,5.7,1
9606.ENSP00000361867,0,0
9606.ENSP00000361868,0,0
9606.ENSP00000361871,0,0
9606.ENSP00000361875,0,0
9606.ENSP00000361883,265.8,1
9606.ENSP00000361892,24.3,1
9606.ENSP00000361894,0.2,1
9606.ENSP00000361895,12.4,1
9606.ENSP00000361900,98.8,1
9606.ENSP00000361914,1.2,1
9606.ENSP00000361915,4.2,1
9606.ENSP00000361917,0,0
9606.ENSP00000361918,57.1,1
9606.ENSP00000361923,69.8,1
9606.ENSP00000361926,54.7,1
9606.ENSP00000361927,160.6,1
9606.ENSP00000361929,14.7,1
9606.ENSP00000361930,256.1,1
9606.ENSP00000361932,5.2,1
9606.ENSP00000361935,1.4,1
9606.ENSP00000361943,2.8,1
9606.ENSP00000361949,161.2,1
9606.ENSP00000361952,0,0
9606.ENSP00000361959,0,0
9606.ENSP00000361965,13.2,1
9606.ENSP00000361967,22.9,1
9606.ENSP00000361980,9,1
9606.ENSP00000361982,15.4,1
9606.ENSP00000361990,15.1,1
9606.ENSP00000361993,46.2,1
9606.ENSP00000361995,10.5,1
9606.ENSP00000361998,0,0
9606.ENSP00000362010,73.2,1
9606.ENSP00000362014,1.8,1
9606.ENSP00000362018,54.2,1
9606.ENSP00000362021,3.4,1
9606.ENSP00000362027,17.5,1
9606.ENSP00000362036,43.1,1
9606.ENSP00000362041,92.9,1
9606.ENSP00000362047,0,0
9606.ENSP00000362054,0,0
9606.ENSP00000362057,0,0
9606.ENSP00000362060,732.5,1
9606.ENSP00000362061,31.8,1
9606.ENSP00000362063,64.2,1
9606.ENSP00000362068,24.5,1
9606.ENSP00000362071,0,0
9606.ENSP00000362080,29.5,1
9606.ENSP00000362082,65.8,1
9606.ENSP00000362085,7.5,1
9606.ENSP00000362092,40.1,1
9606.ENSP00000362094,0,0
9606.ENSP00000362095,0.2,1
9606.ENSP00000362103,0.3,1
9606.ENSP00000362105,44.2,1
9606.ENSP00000362107,9.5,1
9606.ENSP00000362108,0,0
9606.ENSP00000362109,2.2,1
9606.ENSP00000362110,136.7,1
9606.ENSP00000362111,0.3,1
9606.ENSP00000362115,14.3,1
9606.ENSP00000362116,0,0
9606.ENSP00000362121,21.3,1
9606.ENSP00000362122,6.9,1
9606.ENSP00000362123,0,0
9606.ENSP00000362125,1.2,1
9606.ENSP00000362127,7.6,1
9606.ENSP00000362131,0.7,1
9606.ENSP00000362133,14.4,1
9606.ENSP00000362135,35.6,1
9606.ENSP00000362136,11.1,1
9606.ENSP00000362139,0.1,1
9606.ENSP00000362144,22.2,1
9606.ENSP00000362146,97.8,1
9606.ENSP00000362151,11.4,1
9606.ENSP00000362153,105.1,1
9606.ENSP00000362159,10.8,1
9606.ENSP00000362166,47.6,1
9606.ENSP00000362170,2.8,1
9606.ENSP00000362171,13.2,1
9606.ENSP00000362179,2.2,1
9606.ENSP00000362181,0,0
9606.ENSP00000362183,0,0
9606.ENSP00000362186,0.05,1
9606.ENSP00000362187,6.3,1
9606.ENSP00000362195,0,0
9606.ENSP00000362201,0,0
9606.ENSP00000362205,0,0
9606.ENSP00000362206,0.1,1
9606.ENSP00000362207,7.4,1
9606.ENSP00000362208,139.5,1
9606.ENSP00000362217,6.7,1
9606.ENSP00000362222,33.5,1
9606.ENSP00000362235,25.6,1
9606.ENSP00000362244,38.3,1
9606.ENSP00000362255,0,0
9606.ENSP00000362260,50.3,1
9606.ENSP00000362268,18.3,1
9606.ENSP00000362271,0.3,1
9606.ENSP00000362273,33.4,1
9606.ENSP00000362282,8.2,1
9606.ENSP00000362285,5.7,1
9606.ENSP00000362287,5.9,1
9606.ENSP00000362294,0,0
9606.ENSP00000362296,0,0
9606.ENSP00000362298,28.8,1
9606.ENSP00000362299,0,0
9606.ENSP00000362300,30.4,1
9606.ENSP00000362304,0,0
9606.ENSP00000362306,4.9,1
9606.ENSP00000362308,95.9,1
9606.ENSP00000362314,46.2,1
9606.ENSP00000362328,0,0
9606.ENSP00000362329,470.7,1
9606.ENSP00000362330,12.9,1
9606.ENSP00000362332,0,0
9606.ENSP00000362334,59.3,1
9606.ENSP00000362339,94.5,1
9606.ENSP00000362340,16.6,1
9606.ENSP00000362344,17.7,1
9606.ENSP00000362352,15.3,1
9606.ENSP00000362353,0.3,1
9606.ENSP00000362354,3.6,1
9606.ENSP00000362361,16.5,1
9606.ENSP00000362372,10.7,1
9606.ENSP00000362376,16.6,1
9606.ENSP00000362381,3,1
9606.ENSP00000362386,0,0
9606.ENSP00000362387,7.2,1
9606.ENSP00000362390,0,0
9606.ENSP00000362392,0,0
9606.ENSP00000362395,216.6,1
9606.ENSP00000362399,22.6,1
9606.ENSP00000362403,0,0
9606.ENSP00000362409,25.9,1
9606.ENSP00000362410,0,0
9606.ENSP00000362413,624.8,1
9606.ENSP00000362424,10.5,1
9606.ENSP00000362435,8.1,1
9606.ENSP00000362441,44.6,1
9606.ENSP00000362442,0,0
9606.ENSP00000362444,1.3,1
9606.ENSP00000362446,4.9,1
9606.ENSP00000362456,70.3,1
9606.ENSP00000362457,0,0
9606.ENSP00000362463,222.5,1
9606.ENSP00000362464,0,0
9606.ENSP00000362465,1.6,1
9606.ENSP00000362469,10.1,1
9606.ENSP00000362479,0,0
9606.ENSP00000362480,73.1,1
9606.ENSP00000362481,20.7,1
9606.ENSP00000362485,1.8,1
9606.ENSP00000362507,90.4,1
9606.ENSP00000362508,0,0
9606.ENSP00000362513,0,0
9606.ENSP00000362524,1.7,1
9606.ENSP00000362525,0,0
9606.ENSP00000362532,26.3,1
9606.ENSP00000362547,38.8,1
9606.ENSP00000362549,0,0
9606.ENSP00000362550,39.7,1
9606.ENSP00000362551,12.1,1
9606.ENSP00000362555,14.3,1
9606.ENSP00000362560,0.1,1
9606.ENSP00000362562,28.6,1
9606.ENSP00000362563,7.5,1
9606.ENSP00000362566,0.4,1
9606.ENSP00000362570,4.7,1
9606.ENSP00000362574,31.7,1
9606.ENSP00000362576,269,1
9606.ENSP00000362578,24.4,1
9606.ENSP00000362588,28.3,1
9606.ENSP00000362590,12.7,1
9606.ENSP00000362592,184.7,1
9606.ENSP00000362601,3.3,1
9606.ENSP00000362608,12.7,1
9606.ENSP00000362609,7.2,1
9606.ENSP00000362613,0,0
9606.ENSP00000362616,3.4,1
9606.ENSP00000362618,0.4,1
9606.ENSP00000362621,0.4,1
9606.ENSP00000362634,0,0
9606.ENSP00000362638,333.1,1
9606.ENSP00000362639,54.2,1
9606.ENSP00000362643,24.9,1
9606.ENSP00000362649,178.1,1
9606.ENSP00000362650,4.2,1
9606.ENSP00000362656,7.1,1
9606.ENSP00000362674,37,1
9606.ENSP00000362680,15.1,1
9606.ENSP00000362682,0.4,1
9606.ENSP00000362684,0.3,1
9606.ENSP00000362687,53.4,1
9606.ENSP00000362688,498.6,1
9606.ENSP00000362690,0,0
9606.ENSP00000362702,24.7,1
9606.ENSP00000362707,60.3,1
9606.ENSP00000362710,45.6,1
9606.ENSP00000362711,53,1
9606.ENSP00000362716,0,0
9606.ENSP00000362717,23.5,1
9606.ENSP00000362727,12.6,1
9606.ENSP00000362728,33.5,1
9606.ENSP00000362730,189.2,1
9606.ENSP00000362734,0.2,1
9606.ENSP00000362743,0,0
9606.ENSP00000362744,958.1,1
9606.ENSP00000362746,0,0
9606.ENSP00000362748,20.4,1
9606.ENSP00000362751,25.6,1
9606.ENSP00000362759,3.1,1
9606.ENSP00000362760,6.1,1
9606.ENSP00000362763,9.8,1
9606.ENSP00000362768,17.5,1
9606.ENSP00000362773,38.6,1
9606.ENSP00000362774,35.4,1
9606.ENSP00000362776,0,0
9606.ENSP00000362777,0,0
9606.ENSP00000362778,0,0
9606.ENSP00000362784,0,0
9606.ENSP00000362792,0,0
9606.ENSP00000362795,0,0
9606.ENSP00000362799,2.2,1
9606.ENSP00000362803,135.1,1
9606.ENSP00000362807,103.9,1
9606.ENSP00000362814,2.3,1
9606.ENSP00000362817,2.5,1
9606.ENSP00000362820,533.1,1
9606.ENSP00000362824,52,1
9606.ENSP00000362836,62.3,1
9606.ENSP00000362841,5.3,1
9606.ENSP00000362863,8.7,1
9606.ENSP00000362869,0,0
9606.ENSP00000362870,0,0
9606.ENSP00000362873,191.3,1
9606.ENSP00000362888,21,1
9606.ENSP00000362894,13.1,1
9606.ENSP00000362900,99.7,1
9606.ENSP00000362918,117.3,1
9606.ENSP00000362924,3.2,1
9606.ENSP00000362931,110.3,1
9606.ENSP00000362932,4.1,1
9606.ENSP00000362935,1.9,1
9606.ENSP00000362936,9.4,1
9606.ENSP00000362937,306.6,1
9606.ENSP00000362942,26.3,1
9606.ENSP00000362946,48.1,1
9606.ENSP00000362948,9.7,1
9606.ENSP00000362962,7.6,1
9606.ENSP00000362965,0.5,1
9606.ENSP00000362968,0,0
9606.ENSP00000362978,24.4,1
9606.ENSP00000362981,36.1,1
9606.ENSP00000362987,0,0
9606.ENSP00000362991,19,1
9606.ENSP00000362993,6.1,1
9606.ENSP00000362994,0.5,1
9606.ENSP00000363001,3.8,1
9606.ENSP00000363017,126.5,1
9606.ENSP00000363018,1832.7,1
9606.ENSP00000363019,36.6,1
9606.ENSP00000363023,14.3,1
9606.ENSP00000363031,5.2,1
9606.ENSP00000363040,24.1,1
9606.ENSP00000363041,21.7,1
9606.ENSP00000363043,46.6,1
9606.ENSP00000363046,5,1
9606.ENSP00000363054,19.2,1
9606.ENSP00000363055,153.2,1
9606.ENSP00000363064,17.5,1
9606.ENSP00000363068,0,0
9606.ENSP00000363071,0,0
9606.ENSP00000363079,0,0
9606.ENSP00000363081,0.3,1
9606.ENSP00000363089,0,0
9606.ENSP00000363092,0,0
9606.ENSP00000363103,3.3,1
9606.ENSP00000363117,0,0
9606.ENSP00000363118,4.3,1
9606.ENSP00000363123,1.4,1
9606.ENSP00000363124,22.6,1
9606.ENSP00000363134,0,0
9606.ENSP00000363135,120,1
9606.ENSP00000363136,1.4,1
9606.ENSP00000363139,0,0
9606.ENSP00000363149,0,0
9606.ENSP00000363157,0,0
9606.ENSP00000363162,105.6,1
9606.ENSP00000363191,88.5,1
9606.ENSP00000363193,29.7,1
9606.ENSP00000363205,42.6,1
9606.ENSP00000363207,2.8,1
9606.ENSP00000363211,1.8,1
9606.ENSP00000363216,7.4,1
9606.ENSP00000363226,0,0
9606.ENSP00000363228,144.8,1
9606.ENSP00000363229,0,0
9606.ENSP00000363232,0.2,1
9606.ENSP00000363250,43.7,1
9606.ENSP00000363254,0,0
9606.ENSP00000363255,0.6,1
9606.ENSP00000363257,33.8,1
9606.ENSP00000363259,0,0
9606.ENSP00000363260,4.2,1
9606.ENSP00000363268,0,0
9606.ENSP00000363270,0,0
9606.ENSP00000363286,140.3,1
9606.ENSP00000363298,0.4,1
9606.ENSP00000363308,0.8,1
9606.ENSP00000363313,84.9,1
9606.ENSP00000363314,11.6,1
9606.ENSP00000363317,0,0
9606.ENSP00000363318,0.4,1
9606.ENSP00000363322,53.2,1
9606.ENSP00000363329,35.8,1
9606.ENSP00000363330,0,0
9606.ENSP00000363339,3.5,1
9606.ENSP00000363345,0,0
9606.ENSP00000363349,10.4,1
9606.ENSP00000363360,21,1
9606.ENSP00000363369,0,0
9606.ENSP00000363371,0.5,1
9606.ENSP00000363377,8.8,1
9606.ENSP00000363382,4.7,1
9606.ENSP00000363384,47.2,1
9606.ENSP00000363386,0.1,1
9606.ENSP00000363389,11.2,1
9606.ENSP00000363390,0,0
9606.ENSP00000363391,0.5,1
9606.ENSP00000363394,0.1,1
9606.ENSP00000363397,18.4,1
9606.ENSP00000363398,0,0
9606.ENSP00000363400,10.1,1
9606.ENSP00000363405,0,0
9606.ENSP00000363411,94.4,1
9606.ENSP00000363412,11.7,1
9606.ENSP00000363414,3.2,1
9606.ENSP00000363417,64.2,1
9606.ENSP00000363419,44.1,1
9606.ENSP00000363431,0,0
9606.ENSP00000363435,28.6,1
9606.ENSP00000363436,0.1,1
9606.ENSP00000363441,0,0
9606.ENSP00000363452,3,1
9606.ENSP00000363458,11.9,1
9606.ENSP00000363459,0,0
9606.ENSP00000363463,8.8,1
9606.ENSP00000363478,56.3,1
9606.ENSP00000363480,37.1,1
9606.ENSP00000363482,23.2,1
9606.ENSP00000363492,0,0
9606.ENSP00000363500,155,1
9606.ENSP00000363506,60,1
9606.ENSP00000363512,0.3,1
9606.ENSP00000363513,0.3,1
9606.ENSP00000363516,12,1
9606.ENSP00000363520,12.5,1
9606.ENSP00000363524,66.6,1
9606.ENSP00000363529,0,0
9606.ENSP00000363530,7.3,1
9606.ENSP00000363533,0,0
9606.ENSP00000363545,3,1
9606.ENSP00000363553,0.4,1
9606.ENSP00000363557,0,0
9606.ENSP00000363571,0,0
9606.ENSP00000363574,234.6,1
9606.ENSP00000363583,1.3,1
9606.ENSP00000363590,12.6,1
9606.ENSP00000363591,41,1
9606.ENSP00000363596,0,0
9606.ENSP00000363603,15.3,1
9606.ENSP00000363614,21.3,1
9606.ENSP00000363616,31.5,1
9606.ENSP00000363624,154.5,1
9606.ENSP00000363634,0,0
9606.ENSP00000363638,45.7,1
9606.ENSP00000363640,0.9,1
9606.ENSP00000363641,351,1
9606.ENSP00000363642,42,1
9606.ENSP00000363643,0,0
9606.ENSP00000363645,0,0
9606.ENSP00000363654,9.5,1
9606.ENSP00000363661,73.8,1
9606.ENSP00000363667,3.7,1
9606.ENSP00000363668,0.15,1
9606.ENSP00000363676,1611.2,1
9606.ENSP00000363680,3.8,1
9606.ENSP00000363689,77.7,1
9606.ENSP00000363694,21.5,1
9606.ENSP00000363708,16.8,1
9606.ENSP00000363714,39.1,1
9606.ENSP00000363727,0.8,1
9606.ENSP00000363745,211,1
9606.ENSP00000363746,3.9,1
9606.ENSP00000363748,2.1,1
9606.ENSP00000363753,17.2,1
9606.ENSP00000363763,10.8,1
9606.ENSP00000363770,0,0
9606.ENSP00000363773,0,0
9606.ENSP00000363779,40.7,1
9606.ENSP00000363787,31.6,1
9606.ENSP00000363794,7.2,1
9606.ENSP00000363799,0,0
9606.ENSP00000363804,6.1,1
9606.ENSP00000363809,8.3,1
9606.ENSP00000363817,0,0
9606.ENSP00000363822,14.9,1
9606.ENSP00000363824,28.4,1
9606.ENSP00000363826,0.5,1
9606.ENSP00000363827,3.1,1
9606.ENSP00000363832,0.1,1
9606.ENSP00000363836,26.3,1
9606.ENSP00000363840,0,0
9606.ENSP00000363852,19.3,1
9606.ENSP00000363868,2.5,1
9606.ENSP00000363869,0,0
9606.ENSP00000363873,0,0
9606.ENSP00000363891,13.5,1
9606.ENSP00000363894,0.2,1
9606.ENSP00000363899,30.5,1
9606.ENSP00000363911,0,0
9606.ENSP00000363913,0,0
9606.ENSP00000363921,34.7,1
9606.ENSP00000363929,29.3,1
9606.ENSP00000363939,0,0
9606.ENSP00000363943,20.8,1
9606.ENSP00000363944,63.9,1
9606.ENSP00000363970,0.1,1
9606.ENSP00000363972,10.4,1
9606.ENSP00000363973,31.3,1
9606.ENSP00000363976,0,0
9606.ENSP00000363984,0,0
9606.ENSP00000363985,2.6,1
9606.ENSP00000363988,0,0
9606.ENSP00000363993,0.2,1
9606.ENSP00000363999,23,1
9606.ENSP00000364000,4.1,1
9606.ENSP00000364008,0,0
9606.ENSP00000364013,4.6,1
9606.ENSP00000364016,6.8,1
9606.ENSP00000364023,11.9,1
9606.ENSP00000364028,32.6,1
9606.ENSP00000364034,15.8,1
9606.ENSP00000364035,1.1,1
9606.ENSP00000364037,52.9,1
9606.ENSP00000364043,0.5,1
9606.ENSP00000364054,5.7,1
9606.ENSP00000364076,0,0
9606.ENSP00000364080,0,0
9606.ENSP00000364089,0,0
9606.ENSP00000364107,0,0
9606.ENSP00000364110,0,0
9606.ENSP00000364114,0,0
9606.ENSP00000364119,169.7,1
9606.ENSP00000364126,29.1,1
9606.ENSP00000364133,39.6,1
9606.ENSP00000364140,0,0
9606.ENSP00000364145,0.1,1
9606.ENSP00000364150,2.9,1
9606.ENSP00000364152,0,0
9606.ENSP00000364163,0,0
9606.ENSP00000364164,0,0
9606.ENSP00000364166,0,0
9606.ENSP00000364180,0.1,1
9606.ENSP00000364190,8.1,1
9606.ENSP00000364204,15,1
9606.ENSP00000364209,106.5,1
9606.ENSP00000364210,0.1,1
9606.ENSP00000364212,4.5,1
9606.ENSP00000364219,4.6,1
9606.ENSP00000364220,0,0
9606.ENSP00000364235,80.3,1
9606.ENSP00000364240,0,0
9606.ENSP00000364243,0,0
9606.ENSP00000364246,0,0
9606.ENSP00000364249,0,0
9606.ENSP00000364257,0,0
9606.ENSP00000364260,10.6,1
9606.ENSP00000364261,8.9,1
9606.ENSP00000364263,0,0
9606.ENSP00000364265,0.9,1
9606.ENSP00000364270,9.6,1
9606.ENSP00000364277,14.6,1
9606.ENSP00000364289,72.3,1
9606.ENSP00000364293,47.9,1
9606.ENSP00000364295,13.7,1
9606.ENSP00000364298,11.3,1
9606.ENSP00000364320,142.7,1
9606.ENSP00000364324,10.6,1
9606.ENSP00000364346,2.4,1
9606.ENSP00000364349,23.5,1
9606.ENSP00000364361,33.1,1
9606.ENSP00000364370,0,0
9606.ENSP00000364379,3.2,1
9606.ENSP00000364382,9.5,1
9606.ENSP00000364389,6.1,1
9606.ENSP00000364398,17.4,1
9606.ENSP00000364403,42.3,1
9606.ENSP00000364404,9.1,1
9606.ENSP00000364405,11.6,1
9606.ENSP00000364412,0.1,1
9606.ENSP00000364430,0.3,1
9606.ENSP00000364448,17.2,1
9606.ENSP00000364449,11.6,1
9606.ENSP00000364464,5.7,1
9606.ENSP00000364467,0,0
9606.ENSP00000364476,0.3,1
9606.ENSP00000364482,0,0
9606.ENSP00000364486,0,0
9606.ENSP00000364490,16.7,1
9606.ENSP00000364493,44.6,1
9606.ENSP00000364498,10.1,1
9606.ENSP00000364501,0,0
9606.ENSP00000364502,1.1,1
9606.ENSP00000364512,0,0
9606.ENSP00000364515,0,0
9606.ENSP00000364519,183,1
9606.ENSP00000364520,0,0
9606.ENSP00000364524,0,0
9606.ENSP00000364526,1.6,1
9606.ENSP00000364543,0,0
9606.ENSP00000364550,72.6,1
9606.ENSP00000364555,1.5,1
9606.ENSP00000364561,20.2,1
9606.ENSP00000364567,5.4,1
9606.ENSP00000364578,47.4,1
9606.ENSP00000364579,6.6,1
9606.ENSP00000364585,121,1
9606.ENSP00000364586,0,0
9606.ENSP00000364589,76.9,1
9606.ENSP00000364591,11.6,1
9606.ENSP00000364595,14.7,1
9606.ENSP00000364597,0,0
9606.ENSP00000364603,0,0
9606.ENSP00000364609,0,0
9606.ENSP00000364613,3.3,1
9606.ENSP00000364620,0,0
9606.ENSP00000364621,2.4,1
9606.ENSP00000364627,0,0
9606.ENSP00000364631,0.6,1
9606.ENSP00000364632,0,0
9606.ENSP00000364635,0.4,1
9606.ENSP00000364639,19.7,1
9606.ENSP00000364643,0,0
9606.ENSP00000364649,290.7,1
9606.ENSP00000364650,0,0
9606.ENSP00000364661,0,0
9606.ENSP00000364677,0,0
9606.ENSP00000364678,0,0
9606.ENSP00000364683,10.2,1
9606.ENSP00000364685,7.2,1
9606.ENSP00000364691,0.7,1
9606.ENSP00000364694,0,0
9606.ENSP00000364699,175.4,1
9606.ENSP00000364700,0,0
9606.ENSP00000364709,0,0
9606.ENSP00000364721,213.1,1
9606.ENSP00000364731,0,0
9606.ENSP00000364737,11.6,1
9606.ENSP00000364742,19.8,1
9606.ENSP00000364749,6.6,1
9606.ENSP00000364752,0,0
9606.ENSP00000364765,9.9,1
9606.ENSP00000364766,0,0
9606.ENSP00000364782,2.2,1
9606.ENSP00000364794,254.4,1
9606.ENSP00000364801,0,0
9606.ENSP00000364802,0,0
9606.ENSP00000364805,0.1,1
9606.ENSP00000364813,109.3,1
9606.ENSP00000364814,1,1
9606.ENSP00000364815,33.5,1
9606.ENSP00000364831,0.5,1
9606.ENSP00000364839,45.3,1
9606.ENSP00000364840,0.5,1
9606.ENSP00000364847,215.5,1
9606.ENSP00000364855,0,0
9606.ENSP00000364858,16.9,1
9606.ENSP00000364860,5.2,1
9606.ENSP00000364864,29.3,1
9606.ENSP00000364883,18.1,1
9606.ENSP00000364885,6.6,1
9606.ENSP00000364886,1.9,1
9606.ENSP00000364893,26.5,1
9606.ENSP00000364902,30.5,1
9606.ENSP00000364907,2.7,1
9606.ENSP00000364912,24,1
9606.ENSP00000364919,0,0
9606.ENSP00000364929,8,1
9606.ENSP00000364935,65.8,1
9606.ENSP00000364938,0,0
9606.ENSP00000364945,0.5,1
9606.ENSP00000364946,0.4,1
9606.ENSP00000364956,19,1
9606.ENSP00000364964,0,0
9606.ENSP00000364965,36.4,1
9606.ENSP00000364976,415.5,1
9606.ENSP00000364978,0,0
9606.ENSP00000364979,0,0
9606.ENSP00000364985,0,0
9606.ENSP00000364986,0,0
9606.ENSP00000364992,0,0
9606.ENSP00000364995,0,0
9606.ENSP00000365005,0,0
9606.ENSP00000365006,0.3,1
9606.ENSP00000365007,8.3,1
9606.ENSP00000365014,0.4,1
9606.ENSP00000365016,2.2,1
9606.ENSP00000365019,40.6,1
9606.ENSP00000365024,2.7,1
9606.ENSP00000365042,1,1
9606.ENSP00000365048,0,0
9606.ENSP00000365063,7.9,1
9606.ENSP00000365071,0,0
9606.ENSP00000365075,0,0
9606.ENSP00000365076,0,0
9606.ENSP00000365080,0.3,1
9606.ENSP00000365081,0.4,1
9606.ENSP00000365107,27.9,1
9606.ENSP00000365116,0,0
9606.ENSP00000365130,11.8,1
9606.ENSP00000365131,17.3,1
9606.ENSP00000365145,0,0
9606.ENSP00000365147,24.5,1
9606.ENSP00000365159,42.7,1
9606.ENSP00000365160,69.3,1
9606.ENSP00000365162,0.1,1
9606.ENSP00000365172,26.6,1
9606.ENSP00000365174,14.2,1
9606.ENSP00000365188,4.3,1
9606.ENSP00000365198,4.3,1
9606.ENSP00000365200,35.3,1
9606.ENSP00000365201,0,0
9606.ENSP00000365210,0.2,1
9606.ENSP00000365227,0,0
9606.ENSP00000365233,30.5,1
9606.ENSP00000365243,0,0
9606.ENSP00000365253,0,0
9606.ENSP00000365255,9.6,1
9606.ENSP00000365256,9.9,1
9606.ENSP00000365261,0.3,1
9606.ENSP00000365266,0,0
9606.ENSP00000365269,0,0
9606.ENSP00000365272,2.3,1
9606.ENSP00000365280,40.1,1
9606.ENSP00000365295,0,0
9606.ENSP00000365301,0,0
9606.ENSP00000365312,28,1
9606.ENSP00000365318,0,0
9606.ENSP00000365320,0,0
9606.ENSP00000365322,0,0
9606.ENSP00000365351,0,0
9606.ENSP00000365360,0,0
9606.ENSP00000365362,0,0
9606.ENSP00000365380,0.8,1
9606.ENSP00000365388,28.6,1
9606.ENSP00000365395,0,0
9606.ENSP00000365401,10.6,1
9606.ENSP00000365402,0,0
9606.ENSP00000365407,2.5,1
9606.ENSP00000365411,0,0
9606.ENSP00000365413,0,0
9606.ENSP00000365426,1.8,1
9606.ENSP00000365433,0,0
9606.ENSP00000365435,0.8,1
9606.ENSP00000365437,0,0
9606.ENSP00000365439,1061.5,1
9606.ENSP00000365441,0.2,1
9606.ENSP00000365451,0,0
9606.ENSP00000365462,9.1,1
9606.ENSP00000365465,0,0
9606.ENSP00000365473,0,0
9606.ENSP00000365477,12.8,1
9606.ENSP00000365486,0,0
9606.ENSP00000365492,0,0
9606.ENSP00000365503,0,0
9606.ENSP00000365505,260.5,1
9606.ENSP00000365514,3.9,1
9606.ENSP00000365522,0,0
9606.ENSP00000365528,0,0
9606.ENSP00000365529,0,0
9606.ENSP00000365530,8.6,1
9606.ENSP00000365533,1.5,1
9606.ENSP00000365550,6,1
9606.ENSP00000365567,81.1,1
9606.ENSP00000365569,35,1
9606.ENSP00000365576,141.8,1
9606.ENSP00000365588,63,1
9606.ENSP00000365596,0,0
9606.ENSP00000365601,1.3,1
9606.ENSP00000365606,38.5,1
9606.ENSP00000365619,9.3,1
9606.ENSP00000365625,47,1
9606.ENSP00000365630,0.3,1
9606.ENSP00000365637,4.7,1
9606.ENSP00000365643,27.4,1
9606.ENSP00000365651,0.1,1
9606.ENSP00000365663,0,0
9606.ENSP00000365678,2.5,1
9606.ENSP00000365682,1,1
9606.ENSP00000365686,0,0
9606.ENSP00000365687,0,0
9606.ENSP00000365692,25.1,1
9606.ENSP00000365693,6.3,1
9606.ENSP00000365694,24.3,1
9606.ENSP00000365714,0.8,1
9606.ENSP00000365720,5,1
9606.ENSP00000365725,44.4,1
9606.ENSP00000365730,80.2,1
9606.ENSP00000365744,20.1,1
9606.ENSP00000365745,38.6,1
9606.ENSP00000365756,27.8,1
9606.ENSP00000365757,29.2,1
9606.ENSP00000365773,209.1,1
9606.ENSP00000365777,8.1,1
9606.ENSP00000365782,49.6,1
9606.ENSP00000365806,15.4,1
9606.ENSP00000365807,0,0
9606.ENSP00000365811,0.1,1
9606.ENSP00000365817,12.8,1
9606.ENSP00000365830,2.5,1
9606.ENSP00000365837,44.4,1
9606.ENSP00000365838,0,0
9606.ENSP00000365840,40.1,1
9606.ENSP00000365844,3.1,1
9606.ENSP00000365851,59.1,1
9606.ENSP00000365858,0,0
9606.ENSP00000365883,5.9,1
9606.ENSP00000365884,0,0
9606.ENSP00000365891,0.3,1
9606.ENSP00000365895,2.8,1
9606.ENSP00000365898,0,0
9606.ENSP00000365899,0,0
9606.ENSP00000365908,0.1,1
9606.ENSP00000365919,14.6,1
9606.ENSP00000365924,0,0
9606.ENSP00000365926,19.3,1
9606.ENSP00000365931,17.5,1
9606.ENSP00000365938,7,1
9606.ENSP00000365944,6.8,1
9606.ENSP00000365950,153.2,1
9606.ENSP00000365961,16.5,1
9606.ENSP00000365962,12.8,1
9606.ENSP00000365963,0,0
9606.ENSP00000366006,28.1,1
9606.ENSP00000366015,0,0
9606.ENSP00000366030,20,1
9606.ENSP00000366032,37.8,1
9606.ENSP00000366036,5,1
9606.ENSP00000366047,0,0
9606.ENSP00000366050,12.9,1
9606.ENSP00000366058,0,0
9606.ENSP00000366061,0,0
9606.ENSP00000366070,7.5,1
9606.ENSP00000366084,7.9,1
9606.ENSP00000366093,0,0
9606.ENSP00000366095,0,0
9606.ENSP00000366098,60.7,1
9606.ENSP00000366109,142.6,1
9606.ENSP00000366118,0,0
9606.ENSP00000366135,95,1
9606.ENSP00000366144,12.1,1
9606.ENSP00000366153,6.2,1
9606.ENSP00000366156,222.6,1
9606.ENSP00000366157,7.3,1
9606.ENSP00000366170,0,0
9606.ENSP00000366173,0,0
9606.ENSP00000366178,0,0
9606.ENSP00000366179,12.3,1
9606.ENSP00000366203,0,0
9606.ENSP00000366208,0,0
9606.ENSP00000366221,2.3,1
9606.ENSP00000366223,0,0
9606.ENSP00000366233,0.7,1
9606.ENSP00000366234,0,0
9606.ENSP00000366237,60.5,1
9606.ENSP00000366240,27.5,1
9606.ENSP00000366243,38.6,1
9606.ENSP00000366246,5.7,1
9606.ENSP00000366248,0,0
9606.ENSP00000366249,0,0
9606.ENSP00000366265,12.5,1
9606.ENSP00000366267,0.3,1
9606.ENSP00000366271,34.3,1
9606.ENSP00000366273,0.8,1
9606.ENSP00000366275,14.9,1
9606.ENSP00000366280,36.9,1
9606.ENSP00000366283,1.8,1
9606.ENSP00000366288,0,0
9606.ENSP00000366299,147.2,1
9606.ENSP00000366306,4.8,1
9606.ENSP00000366307,0,0
9606.ENSP00000366314,17.2,1
9606.ENSP00000366326,0.2,1
9606.ENSP00000366330,11.9,1
9606.ENSP00000366331,0,0
9606.ENSP00000366340,0,0
9606.ENSP00000366347,4.1,1
9606.ENSP00000366354,0,0
9606.ENSP00000366359,0,0
9606.ENSP00000366365,0,0
9606.ENSP00000366372,0,0
9606.ENSP00000366374,0,0
9606.ENSP00000366378,0,0
9606.ENSP00000366380,0,0
9606.ENSP00000366384,0,0
9606.ENSP00000366387,0.1,1
9606.ENSP00000366390,0,0
9606.ENSP00000366395,26.4,1
9606.ENSP00000366396,131,1
9606.ENSP00000366402,11.7,1
9606.ENSP00000366404,4,1
9606.ENSP00000366410,9.4,1
9606.ENSP00000366413,5.1,1
9606.ENSP00000366416,0,0
9606.ENSP00000366430,49.7,1
9606.ENSP00000366434,27.9,1
9606.ENSP00000366452,16.8,1
9606.ENSP00000366460,2.2,1
9606.ENSP00000366465,7.6,1
9606.ENSP00000366474,7.7,1
9606.ENSP00000366475,4.5,1
9606.ENSP00000366482,41.8,1
9606.ENSP00000366487,25.5,1
9606.ENSP00000366488,0,0
9606.ENSP00000366506,0.8,1
9606.ENSP00000366509,2.9,1
9606.ENSP00000366513,41.2,1
9606.ENSP00000366519,17.1,1
9606.ENSP00000366522,1.8,1
9606.ENSP00000366525,788.2,1
9606.ENSP00000366527,7.8,1
9606.ENSP00000366528,0,0
9606.ENSP00000366534,0,0
9606.ENSP00000366542,2,1
9606.ENSP00000366549,3.6,1
9606.ENSP00000366557,24.1,1
9606.ENSP00000366563,2,1
9606.ENSP00000366565,0,0
9606.ENSP00000366582,0.1,1
9606.ENSP00000366586,0,0
9606.ENSP00000366604,172.2,1
9606.ENSP00000366608,15.9,1
9606.ENSP00000366612,64.1,1
9606.ENSP00000366617,11.3,1
9606.ENSP00000366618,0,0
9606.ENSP00000366628,4.6,1
9606.ENSP00000366630,0,0
9606.ENSP00000366637,0.5,1
9606.ENSP00000366641,1.7,1
9606.ENSP00000366645,0,0
9606.ENSP00000366654,0.1,1
9606.ENSP00000366672,13.1,1
9606.ENSP00000366673,11.5,1
9606.ENSP00000366682,0,0
9606.ENSP00000366690,0,0
9606.ENSP00000366694,6.6,1
9606.ENSP00000366702,5.8,1
9606.ENSP00000366715,0.1,1
9606.ENSP00000366746,27.6,1
9606.ENSP00000366748,140.4,1
9606.ENSP00000366789,0,0
9606.ENSP00000366797,0,0
9606.ENSP00000366798,100.2,1
9606.ENSP00000366800,82.9,1
9606.ENSP00000366819,64.1,1
9606.ENSP00000366827,0.1,1
9606.ENSP00000366828,20.8,1
9606.ENSP00000366843,45,1
9606.ENSP00000366863,23.4,1
9606.ENSP00000366875,0,0
9606.ENSP00000366876,17.1,1
9606.ENSP00000366886,16.6,1
9606.ENSP00000366897,3.6,1
9606.ENSP00000366898,0,0
9606.ENSP00000366901,38.1,1
9606.ENSP00000366902,18.3,1
9606.ENSP00000366915,39,1
9606.ENSP00000366923,44,1
9606.ENSP00000366926,0,0
9606.ENSP00000366927,66,1
9606.ENSP00000366934,10.2,1
9606.ENSP00000366936,5.8,1
9606.ENSP00000366939,43.1,1
9606.ENSP00000366942,0,0
9606.ENSP00000366945,19.6,1
9606.ENSP00000366950,0,0
9606.ENSP00000366953,6.7,1
9606.ENSP00000366955,0,0
9606.ENSP00000366970,0,0
9606.ENSP00000366976,0,0
9606.ENSP00000366984,0,0
9606.ENSP00000366997,35.7,1
9606.ENSP00000366998,63.8,1
9606.ENSP00000367001,0,0
9606.ENSP00000367013,0.6,1
9606.ENSP00000367022,0,0
9606.ENSP00000367024,18.3,1
9606.ENSP00000367028,93,1
9606.ENSP00000367029,71.5,1
9606.ENSP00000367030,3.7,1
9606.ENSP00000367032,0,0
9606.ENSP00000367038,38.7,1
9606.ENSP00000367049,53.6,1
9606.ENSP00000367050,194,1
9606.ENSP00000367059,2.3,1
9606.ENSP00000367064,0,0
9606.ENSP00000367065,1,1
9606.ENSP00000367069,4.7,1
9606.ENSP00000367075,0,0
9606.ENSP00000367081,0,0
9606.ENSP00000367086,156.9,1
9606.ENSP00000367096,2.1,1
9606.ENSP00000367102,0,0
9606.ENSP00000367104,2.8,1
9606.ENSP00000367123,123.1,1
9606.ENSP00000367125,0.8,1
9606.ENSP00000367130,0,0
9606.ENSP00000367137,0,0
9606.ENSP00000367139,0.9,1
9606.ENSP00000367151,1.7,1
9606.ENSP00000367154,18.3,1
9606.ENSP00000367157,0,0
9606.ENSP00000367163,0,0
9606.ENSP00000367164,0,0
9606.ENSP00000367172,0,0
9606.ENSP00000367173,0.4,1
9606.ENSP00000367177,0,0
9606.ENSP00000367185,0,0
9606.ENSP00000367193,1.2,1
9606.ENSP00000367196,7.9,1
9606.ENSP00000367197,0,0
9606.ENSP00000367198,0,0
9606.ENSP00000367202,1.8,1
9606.ENSP00000367203,6.5,1
9606.ENSP00000367208,90.6,1
9606.ENSP00000367214,0,0
9606.ENSP00000367219,0,0
9606.ENSP00000367220,179.8,1
9606.ENSP00000367227,3.1,1
9606.ENSP00000367229,8.7,1
9606.ENSP00000367239,8.3,1
9606.ENSP00000367263,41.2,1
9606.ENSP00000367265,93.5,1
9606.ENSP00000367276,107.6,1
9606.ENSP00000367284,60.4,1
9606.ENSP00000367292,0,0
9606.ENSP00000367299,16.6,1
9606.ENSP00000367300,0.6,1
9606.ENSP00000367301,0,0
9606.ENSP00000367309,0,0
9606.ENSP00000367312,0,0
9606.ENSP00000367315,0,0
9606.ENSP00000367316,0,0
9606.ENSP00000367318,18.3,1
9606.ENSP00000367319,0,0
9606.ENSP00000367323,2.7,1
9606.ENSP00000367330,19.1,1
9606.ENSP00000367343,38.2,1
9606.ENSP00000367346,13.9,1
9606.ENSP00000367353,0,0
9606.ENSP00000367355,0,0
9606.ENSP00000367356,24,1
9606.ENSP00000367359,103.7,1
9606.ENSP00000367384,0,0
9606.ENSP00000367391,0,0
9606.ENSP00000367398,2.7,1
9606.ENSP00000367406,42.1,1
9606.ENSP00000367407,11.4,1
9606.ENSP00000367408,35.2,1
9606.ENSP00000367428,0,0
9606.ENSP00000367429,0,0
9606.ENSP00000367433,0,0
9606.ENSP00000367440,51.2,1
9606.ENSP00000367446,5,1
9606.ENSP00000367453,6.9,1
9606.ENSP00000367459,0.3,1
9606.ENSP00000367462,0,0
9606.ENSP00000367476,20.3,1
9606.ENSP00000367494,2.2,1
9606.ENSP00000367498,18.1,1
9606.ENSP00000367527,7.6,1
9606.ENSP00000367528,0,0
9606.ENSP00000367542,3.7,1
9606.ENSP00000367545,2.7,1
9606.ENSP00000367552,20.8,1
9606.ENSP00000367564,23,1
9606.ENSP00000367570,10.4,1
9606.ENSP00000367590,26.1,1
9606.ENSP00000367595,16.1,1
9606.ENSP00000367608,0,0
9606.ENSP00000367615,74.8,1
9606.ENSP00000367623,55.3,1
9606.ENSP00000367629,3,1
9606.ENSP00000367631,2.3,1
9606.ENSP00000367638,3.7,1
9606.ENSP00000367649,0,0
9606.ENSP00000367650,0,0
9606.ENSP00000367655,0,0
9606.ENSP00000367658,0,0
9606.ENSP00000367664,0,0
9606.ENSP00000367668,0,0
9606.ENSP00000367686,0.2,1
9606.ENSP00000367691,0.6,1
9606.ENSP00000367697,114,1
9606.ENSP00000367705,70.8,1
9606.ENSP00000367714,0,0
9606.ENSP00000367715,0,0
9606.ENSP00000367721,96.5,1
9606.ENSP00000367727,0.2,1
9606.ENSP00000367739,0.1,1
9606.ENSP00000367743,3.8,1
9606.ENSP00000367747,0,0
9606.ENSP00000367755,10.6,1
9606.ENSP00000367756,35.4,1
9606.ENSP00000367762,2.3,1
9606.ENSP00000367766,4.1,1
9606.ENSP00000367770,29,1
9606.ENSP00000367787,43.9,1
9606.ENSP00000367792,1.1,1
9606.ENSP00000367794,2,1
9606.ENSP00000367797,13.8,1
9606.ENSP00000367815,0,0
9606.ENSP00000367817,34.3,1
9606.ENSP00000367823,2.4,1
9606.ENSP00000367828,61.3,1
9606.ENSP00000367830,20.5,1
9606.ENSP00000367832,0,0
9606.ENSP00000367835,25.1,1
9606.ENSP00000367841,20.1,1
9606.ENSP00000367848,0.7,1
9606.ENSP00000367851,1.2,1
9606.ENSP00000367878,18.8,1
9606.ENSP00000367879,15.4,1
9606.ENSP00000367880,24.2,1
9606.ENSP00000367882,1.5,1
9606.ENSP00000367888,12,1
9606.ENSP00000367890,37.3,1
9606.ENSP00000367891,0,0
9606.ENSP00000367893,195.2,1
9606.ENSP00000367910,25.3,1
9606.ENSP00000367911,0.2,1
9606.ENSP00000367913,0,0
9606.ENSP00000367923,81.9,1
9606.ENSP00000367926,0,0
9606.ENSP00000367930,1,1
9606.ENSP00000367938,65.5,1
9606.ENSP00000367939,229.5,1
9606.ENSP00000367942,0.4,1
9606.ENSP00000367950,3.1,1
9606.ENSP00000367952,0,0
9606.ENSP00000367965,2.6,1
9606.ENSP00000367972,0,0
9606.ENSP00000367991,70.5,1
9606.ENSP00000367992,256.8,1
9606.ENSP00000368007,0,0
9606.ENSP00000368017,15.3,1
9606.ENSP00000368022,17.3,1
9606.ENSP00000368030,27.5,1
9606.ENSP00000368062,1,1
9606.ENSP00000368066,0,0
9606.ENSP00000368079,1.9,1
9606.ENSP00000368080,0.7,1
9606.ENSP00000368100,17.6,1
9606.ENSP00000368102,19.1,1
9606.ENSP00000368104,6.2,1
9606.ENSP00000368109,0,0
9606.ENSP00000368119,1.3,1
9606.ENSP00000368127,0.3,1
9606.ENSP00000368135,0,0
9606.ENSP00000368140,54.6,1
9606.ENSP00000368144,2.1,1
9606.ENSP00000368152,5.1,1
9606.ENSP00000368164,46.1,1
9606.ENSP00000368165,9.5,1
9606.ENSP00000368169,13.2,1
9606.ENSP00000368173,24.8,1
9606.ENSP00000368189,0.2,1
9606.ENSP00000368190,0,0
9606.ENSP00000368199,0,0
9606.ENSP00000368207,0,0
9606.ENSP00000368215,14.8,1
9606.ENSP00000368237,64.7,1
9606.ENSP00000368244,0,0
9606.ENSP00000368245,0,0
9606.ENSP00000368253,0,0
9606.ENSP00000368264,0,0
9606.ENSP00000368265,3.8,1
9606.ENSP00000368266,0,0
9606.ENSP00000368273,0,0
9606.ENSP00000368278,0,0
9606.ENSP00000368296,0.5,1
9606.ENSP00000368304,0,0
9606.ENSP00000368305,10.1,1
9606.ENSP00000368314,2.2,1
9606.ENSP00000368318,10.8,1
9606.ENSP00000368320,0,0
9606.ENSP00000368332,1.9,1
9606.ENSP00000368341,11.5,1
9606.ENSP00000368349,59.7,1
9606.ENSP00000368356,31.1,1
9606.ENSP00000368362,0,0
9606.ENSP00000368389,120.3,1
9606.ENSP00000368397,0.5,1
9606.ENSP00000368402,0,0
9606.ENSP00000368411,0.7,1
9606.ENSP00000368414,8.4,1
9606.ENSP00000368439,4.2,1
9606.ENSP00000368447,6.6,1
9606.ENSP00000368450,4.8,1
9606.ENSP00000368455,28.1,1
9606.ENSP00000368458,350.7,1
9606.ENSP00000368459,17.9,1
9606.ENSP00000368464,7.6,1
9606.ENSP00000368468,21.5,1
9606.ENSP00000368475,19.4,1
9606.ENSP00000368477,0,0
9606.ENSP00000368496,7.4,1
9606.ENSP00000368503,20.6,1
9606.ENSP00000368511,0,0
9606.ENSP00000368516,83.5,1
9606.ENSP00000368517,11.9,1
9606.ENSP00000368523,1.2,1
9606.ENSP00000368528,68.5,1
9606.ENSP00000368538,0,0
9606.ENSP00000368540,43.9,1
9606.ENSP00000368544,6.2,1
9606.ENSP00000368547,42.4,1
9606.ENSP00000368565,57.5,1
9606.ENSP00000368566,0.9,1
9606.ENSP00000368572,16.4,1
9606.ENSP00000368589,3.4,1
9606.ENSP00000368592,0,0
9606.ENSP00000368605,29.6,1
9606.ENSP00000368612,7.1,1
9606.ENSP00000368632,3.2,1
9606.ENSP00000368637,9.1,1
9606.ENSP00000368646,279.8,1
9606.ENSP00000368648,24.7,1
9606.ENSP00000368664,1.2,1
9606.ENSP00000368666,0.7,1
9606.ENSP00000368667,0,0
9606.ENSP00000368678,4.1,1
9606.ENSP00000368682,0,0
9606.ENSP00000368683,0,0
9606.ENSP00000368686,69.2,1
9606.ENSP00000368688,13.5,1
9606.ENSP00000368698,7.4,1
9606.ENSP00000368699,4.5,1
9606.ENSP00000368710,5.1,1
9606.ENSP00000368716,7.7,1
9606.ENSP00000368720,0.2,1
9606.ENSP00000368727,0,0
9606.ENSP00000368737,10,1
9606.ENSP00000368752,45.9,1
9606.ENSP00000368758,0,0
9606.ENSP00000368759,36,1
9606.ENSP00000368761,6.9,1
9606.ENSP00000368766,0,0
9606.ENSP00000368767,56.2,1
9606.ENSP00000368771,0.4,1
9606.ENSP00000368793,21.7,1
9606.ENSP00000368797,6.9,1
9606.ENSP00000368798,22.4,1
9606.ENSP00000368799,20.8,1
9606.ENSP00000368801,10.2,1
9606.ENSP00000368805,0,0
9606.ENSP00000368808,0,0
9606.ENSP00000368813,0,0
9606.ENSP00000368814,2.2,1
9606.ENSP00000368818,6.8,1
9606.ENSP00000368824,0.3,1
9606.ENSP00000368831,24.6,1
9606.ENSP00000368835,9.9,1
9606.ENSP00000368856,38.8,1
9606.ENSP00000368872,0,0
9606.ENSP00000368876,0.1,1
9606.ENSP00000368880,9.8,1
9606.ENSP00000368881,3.5,1
9606.ENSP00000368884,32.8,1
9606.ENSP00000368887,35.8,1
9606.ENSP00000368908,15,1
9606.ENSP00000368917,0.4,1
9606.ENSP00000368920,5.4,1
9606.ENSP00000368924,4.3,1
9606.ENSP00000368927,172.8,1
9606.ENSP00000368931,12.1,1
9606.ENSP00000368952,0,0
9606.ENSP00000368959,66.8,1
9606.ENSP00000368964,0,0
9606.ENSP00000368965,4,1
9606.ENSP00000368966,0.4,1
9606.ENSP00000368970,44.9,1
9606.ENSP00000368976,1.8,1
9606.ENSP00000368981,11.5,1
9606.ENSP00000368982,25.8,1
9606.ENSP00000368984,83.1,1
9606.ENSP00000368986,0,0
9606.ENSP00000368987,0,0
9606.ENSP00000368989,0,0
9606.ENSP00000368990,0,0
9606.ENSP00000368994,2.6,1
9606.ENSP00000369009,4.6,1
9606.ENSP00000369014,0,0
9606.ENSP00000369017,0,0
9606.ENSP00000369027,0.1,1
9606.ENSP00000369038,122.3,1
9606.ENSP00000369042,187.5,1
9606.ENSP00000369045,0,0
9606.ENSP00000369050,0.7,1
9606.ENSP00000369055,13.7,1
9606.ENSP00000369071,0.7,1
9606.ENSP00000369075,21.7,1
9606.ENSP00000369080,0.1,1
9606.ENSP00000369081,195.5,1
9606.ENSP00000369099,1.8,1
9606.ENSP00000369126,0,0
9606.ENSP00000369127,515.7,1
9606.ENSP00000369129,46.1,1
9606.ENSP00000369131,20.4,1
9606.ENSP00000369134,334.2,1
9606.ENSP00000369146,31.7,1
9606.ENSP00000369154,9.3,1
9606.ENSP00000369157,0,0
9606.ENSP00000369162,45.7,1
9606.ENSP00000369176,66.5,1
9606.ENSP00000369198,0,0
9606.ENSP00000369210,0.2,1
9606.ENSP00000369213,2.3,1
9606.ENSP00000369217,18.1,1
9606.ENSP00000369238,0.1,1
9606.ENSP00000369251,1.6,1
9606.ENSP00000369257,9.4,1
9606.ENSP00000369268,0,0
9606.ENSP00000369270,14.7,1
9606.ENSP00000369274,11,1
9606.ENSP00000369286,0,0
9606.ENSP00000369291,5.9,1
9606.ENSP00000369292,0.1,1
9606.ENSP00000369293,0,0
9606.ENSP00000369299,34,1
9606.ENSP00000369314,12.9,1
9606.ENSP00000369317,0,0
9606.ENSP00000369318,27.7,1
9606.ENSP00000369320,0,0
9606.ENSP00000369325,3.2,1
9606.ENSP00000369328,0,0
9606.ENSP00000369335,42.6,1
9606.ENSP00000369344,0,0
9606.ENSP00000369346,5.8,1
9606.ENSP00000369349,0,0
9606.ENSP00000369371,0.2,1
9606.ENSP00000369372,0,0
9606.ENSP00000369373,18.4,1
9606.ENSP00000369375,0,0
9606.ENSP00000369380,25.4,1
9606.ENSP00000369383,64.1,1
9606.ENSP00000369390,1.8,1
9606.ENSP00000369391,13.7,1
9606.ENSP00000369395,0,0
9606.ENSP00000369399,8.3,1
9606.ENSP00000369400,3.5,1
9606.ENSP00000369407,2.8,1
9606.ENSP00000369409,0,0
9606.ENSP00000369411,111.6,1
9606.ENSP00000369419,0.1,1
9606.ENSP00000369424,291.5,1
9606.ENSP00000369431,25.3,1
9606.ENSP00000369436,5.5,1
9606.ENSP00000369438,0,0
9606.ENSP00000369440,7.5,1
9606.ENSP00000369442,0.3,1
9606.ENSP00000369456,62.3,1
9606.ENSP00000369461,83.6,1
9606.ENSP00000369465,54.9,1
9606.ENSP00000369473,3.7,1
9606.ENSP00000369497,5.5,1
9606.ENSP00000369500,21,1
9606.ENSP00000369519,24.4,1
9606.ENSP00000369530,0,0
9606.ENSP00000369531,0,0
9606.ENSP00000369538,368.3,1
9606.ENSP00000369545,66.5,1
9606.ENSP00000369547,0,0
9606.ENSP00000369553,0,0
9606.ENSP00000369554,0,0
9606.ENSP00000369558,0,0
9606.ENSP00000369559,0,0
9606.ENSP00000369564,0,0
9606.ENSP00000369566,0,0
9606.ENSP00000369568,0,0
9606.ENSP00000369571,0,0
9606.ENSP00000369573,0,0
9606.ENSP00000369574,0,0
9606.ENSP00000369578,0,0
9606.ENSP00000369581,0,0
9606.ENSP00000369586,0,0
9606.ENSP00000369592,39.2,1
9606.ENSP00000369599,20.8,1
9606.ENSP00000369604,2.3,1
9606.ENSP00000369609,0,0
9606.ENSP00000369611,0,0
9606.ENSP00000369614,36.8,1
9606.ENSP00000369618,45.3,1
9606.ENSP00000369627,0,0
9606.ENSP00000369636,5.7,1
9606.ENSP00000369643,0,0
9606.ENSP00000369647,0,0
9606.ENSP00000369654,0,0
9606.ENSP00000369666,35.9,1
9606.ENSP00000369674,22.9,1
9606.ENSP00000369677,0.2,1
9606.ENSP00000369681,11.6,1
9606.ENSP00000369682,69.6,1
9606.ENSP00000369689,0,0
9606.ENSP00000369695,8.5,1
9606.ENSP00000369699,0.7,1
9606.ENSP00000369702,10.2,1
9606.ENSP00000369703,86.6,1
9606.ENSP00000369716,117.7,1
9606.ENSP00000369725,0,0
9606.ENSP00000369728,0,0
9606.ENSP00000369729,0,0
9606.ENSP00000369731,0,0
9606.ENSP00000369738,0,0
9606.ENSP00000369739,11.7,1
9606.ENSP00000369753,0,0
9606.ENSP00000369755,0,0
9606.ENSP00000369756,51,1
9606.ENSP00000369757,2274.1,1
9606.ENSP00000369774,0,0
9606.ENSP00000369777,24.8,1
9606.ENSP00000369784,0,0
9606.ENSP00000369786,52.8,1
9606.ENSP00000369798,0,0
9606.ENSP00000369810,25,1
9606.ENSP00000369814,0,0
9606.ENSP00000369816,0.1,1
9606.ENSP00000369820,14.3,1
9606.ENSP00000369822,45.4,1
9606.ENSP00000369840,0,0
9606.ENSP00000369849,0,0
9606.ENSP00000369853,13.9,1
9606.ENSP00000369855,0,0
9606.ENSP00000369857,3.7,1
9606.ENSP00000369860,12.6,1
9606.ENSP00000369862,33.4,1
9606.ENSP00000369863,0.2,1
9606.ENSP00000369871,43.3,1
9606.ENSP00000369887,72.3,1
9606.ENSP00000369889,98.9,1
9606.ENSP00000369895,10.7,1
9606.ENSP00000369897,58.3,1
9606.ENSP00000369899,64.8,1
9606.ENSP00000369907,0,0
9606.ENSP00000369915,21.9,1
9606.ENSP00000369921,6.6,1
9606.ENSP00000369927,1.5,1
9606.ENSP00000369948,0.4,1
9606.ENSP00000369959,0,0
9606.ENSP00000369960,0.2,1
9606.ENSP00000369962,0.8,1
9606.ENSP00000369963,0,0
9606.ENSP00000369965,1176.6,1
9606.ENSP00000369976,0,0
9606.ENSP00000369979,12.1,1
9606.ENSP00000369981,0.6,1
9606.ENSP00000369989,11.8,1
9606.ENSP00000369996,0,0
9606.ENSP00000370003,39.6,1
9606.ENSP00000370010,1411.5,1
9606.ENSP00000370013,9.5,1
9606.ENSP00000370021,14.1,1
9606.ENSP00000370022,1.5,1
9606.ENSP00000370023,103.4,1
9606.ENSP00000370034,0,0
9606.ENSP00000370047,5.1,1
9606.ENSP00000370055,11,1
9606.ENSP00000370057,0,0
9606.ENSP00000370074,27.6,1
9606.ENSP00000370077,0.7,1
9606.ENSP00000370078,3.9,1
9606.ENSP00000370083,5.4,1
9606.ENSP00000370088,0,0
9606.ENSP00000370104,25.4,1
9606.ENSP00000370109,160.1,1
9606.ENSP00000370115,4.8,1
9606.ENSP00000370119,0.9,1
9606.ENSP00000370125,317.4,1
9606.ENSP00000370126,2.6,1
9606.ENSP00000370128,50.4,1
9606.ENSP00000370129,0.2,1
9606.ENSP00000370150,70.2,1
9606.ENSP00000370192,3.5,1
9606.ENSP00000370193,37.2,1
9606.ENSP00000370194,22.9,1
9606.ENSP00000370196,19.9,1
9606.ENSP00000370200,6.6,1
9606.ENSP00000370201,92.4,1
9606.ENSP00000370208,16.8,1
9606.ENSP00000370213,1.4,1
9606.ENSP00000370214,40.6,1
9606.ENSP00000370215,0.1,1
9606.ENSP00000370222,170.7,1
9606.ENSP00000370223,122.9,1
9606.ENSP00000370224,15.1,1
9606.ENSP00000370242,5.3,1
9606.ENSP00000370253,3.5,1
9606.ENSP00000370254,1.6,1
9606.ENSP00000370256,8.8,1
9606.ENSP00000370258,11,1
9606.ENSP00000370288,6.5,1
9606.ENSP00000370293,0.2,1
9606.ENSP00000370297,0,0
9606.ENSP00000370299,5.7,1
9606.ENSP00000370303,4.8,1
9606.ENSP00000370337,13.6,1
9606.ENSP00000370340,7.8,1
9606.ENSP00000370343,0,0
9606.ENSP00000370345,15.1,1
9606.ENSP00000370372,9.5,1
9606.ENSP00000370373,25.7,1
9606.ENSP00000370376,152.4,1
9606.ENSP00000370377,37.8,1
9606.ENSP00000370394,10.3,1
9606.ENSP00000370395,12.9,1
9606.ENSP00000370408,1.5,1
9606.ENSP00000370419,16.8,1
9606.ENSP00000370420,0,0
9606.ENSP00000370421,0,0
9606.ENSP00000370430,0,0
9606.ENSP00000370443,0.1,1
9606.ENSP00000370447,0,0
9606.ENSP00000370460,39.8,1
9606.ENSP00000370473,1.5,1
9606.ENSP00000370479,0,0
9606.ENSP00000370485,0,0
9606.ENSP00000370503,15.3,1
9606.ENSP00000370508,27.2,1
9606.ENSP00000370517,141.7,1
9606.ENSP00000370519,0,0
9606.ENSP00000370521,0,0
9606.ENSP00000370522,0,0
9606.ENSP00000370527,34.4,1
9606.ENSP00000370531,0,0
9606.ENSP00000370532,136.6,1
9606.ENSP00000370542,19,1
9606.ENSP00000370543,23.3,1
9606.ENSP00000370546,0.6,1
9606.ENSP00000370555,22.5,1
9606.ENSP00000370568,5,1
9606.ENSP00000370571,0,0
9606.ENSP00000370588,124.1,1
9606.ENSP00000370589,287.5,1
9606.ENSP00000370593,4.3,1
9606.ENSP00000370596,24.9,1
9606.ENSP00000370607,0,0
9606.ENSP00000370621,19.5,1
9606.ENSP00000370625,140.5,1
9606.ENSP00000370639,0,0
9606.ENSP00000370648,10.8,1
9606.ENSP00000370669,0,0
9606.ENSP00000370671,11.9,1
9606.ENSP00000370673,0,0
9606.ENSP00000370695,18,1
9606.ENSP00000370697,0,0
9606.ENSP00000370698,9.8,1
9606.ENSP00000370710,8.6,1
9606.ENSP00000370713,0,0
9606.ENSP00000370718,7.4,1
9606.ENSP00000370719,42.2,1
9606.ENSP00000370724,1.5,1
9606.ENSP00000370736,50,1
9606.ENSP00000370737,0,0
9606.ENSP00000370741,27.7,1
9606.ENSP00000370744,15.1,1
9606.ENSP00000370745,245.5,1
9606.ENSP00000370748,97.8,1
9606.ENSP00000370750,104,1
9606.ENSP00000370761,14.2,1
9606.ENSP00000370767,0,0
9606.ENSP00000370770,0,0
9606.ENSP00000370781,0,0
9606.ENSP00000370800,0,0
9606.ENSP00000370801,0,0
9606.ENSP00000370803,25.6,1
9606.ENSP00000370808,269.5,1
9606.ENSP00000370812,0,0
9606.ENSP00000370826,0,0
9606.ENSP00000370839,20.9,1
9606.ENSP00000370842,0,0
9606.ENSP00000370849,6,1
9606.ENSP00000370867,0,0
9606.ENSP00000370882,229.4,1
9606.ENSP00000370886,0,0
9606.ENSP00000370889,0.1,1
9606.ENSP00000370891,17.6,1
9606.ENSP00000370896,3.1,1
9606.ENSP00000370908,26,1
9606.ENSP00000370912,1.1,1
9606.ENSP00000370936,7.6,1
9606.ENSP00000370938,18.7,1
9606.ENSP00000370950,1,1
9606.ENSP00000370962,0,0
9606.ENSP00000370966,24.6,1
9606.ENSP00000370968,50.1,1
9606.ENSP00000370981,0.5,1
9606.ENSP00000370984,49.4,1
9606.ENSP00000370989,0,0
9606.ENSP00000370990,0.2,1
9606.ENSP00000370997,0.4,1
9606.ENSP00000371000,30.2,1
9606.ENSP00000371018,0.1,1
9606.ENSP00000371036,0,0
9606.ENSP00000371037,0,0
9606.ENSP00000371040,0,0
9606.ENSP00000371051,14.4,1
9606.ENSP00000371054,0,0
9606.ENSP00000371061,29.8,1
9606.ENSP00000371067,4.4,1
9606.ENSP00000371070,1.5,1
9606.ENSP00000371073,6.3,1
9606.ENSP00000371084,6.5,1
9606.ENSP00000371085,0,0
9606.ENSP00000371101,43.8,1
9606.ENSP00000371110,11.9,1
9606.ENSP00000371117,0,0
9606.ENSP00000371126,0,0
9606.ENSP00000371133,76.6,1
9606.ENSP00000371141,0,0
9606.ENSP00000371152,15,1
9606.ENSP00000371155,61.6,1
9606.ENSP00000371169,48,1
9606.ENSP00000371180,1.1,1
9606.ENSP00000371193,0,0
9606.ENSP00000371194,0,0
9606.ENSP00000371200,0,0
9606.ENSP00000371201,0,0
9606.ENSP00000371211,0,0
9606.ENSP00000371212,0.9,1
9606.ENSP00000371219,0.1,1
9606.ENSP00000371221,13.1,1
9606.ENSP00000371230,40.8,1
9606.ENSP00000371233,0.5,1
9606.ENSP00000371234,0.2,1
9606.ENSP00000371253,189,1
9606.ENSP00000371267,462.8,1
9606.ENSP00000371272,0,0
9606.ENSP00000371278,8.8,1
9606.ENSP00000371294,19.8,1
9606.ENSP00000371297,1,1
9606.ENSP00000371307,6.2,1
9606.ENSP00000371308,11.4,1
9606.ENSP00000371318,3.4,1
9606.ENSP00000371321,49.8,1
9606.ENSP00000371327,0,0
9606.ENSP00000371328,0,0
9606.ENSP00000371331,0,0
9606.ENSP00000371333,0,0
9606.ENSP00000371341,14.9,1
9606.ENSP00000371345,6.1,1
9606.ENSP00000371347,0,0
9606.ENSP00000371348,0,0
9606.ENSP00000371362,20,1
9606.ENSP00000371364,0.2,1
9606.ENSP00000371377,0,0
9606.ENSP00000371388,50.3,1
9606.ENSP00000371393,36,1
9606.ENSP00000371394,0,0
9606.ENSP00000371397,2.3,1
9606.ENSP00000371398,2,1
9606.ENSP00000371419,27.2,1
9606.ENSP00000371420,0.7,1
9606.ENSP00000371434,6.5,1
9606.ENSP00000371451,37.9,1
9606.ENSP00000371469,12.6,1
9606.ENSP00000371471,0,0
9606.ENSP00000371472,34.2,1
9606.ENSP00000371475,46.3,1
9606.ENSP00000371483,0,0
9606.ENSP00000371497,0,0
9606.ENSP00000371503,0,0
9606.ENSP00000371505,0,0
9606.ENSP00000371512,0,0
9606.ENSP00000371514,0,0
9606.ENSP00000371517,2.8,1
9606.ENSP00000371529,0,0
9606.ENSP00000371532,3.4,1
9606.ENSP00000371535,3.5,1
9606.ENSP00000371548,5.2,1
9606.ENSP00000371553,0,0
9606.ENSP00000371554,0,0
9606.ENSP00000371559,20.9,1
9606.ENSP00000371572,0,0
9606.ENSP00000371577,30.2,1
9606.ENSP00000371586,7.9,1
9606.ENSP00000371587,0,0
9606.ENSP00000371594,3.5,1
9606.ENSP00000371595,0,0
9606.ENSP00000371606,0,0
9606.ENSP00000371607,18.1,1
9606.ENSP00000371614,13.3,1
9606.ENSP00000371634,58.4,1
9606.ENSP00000371643,0,0
9606.ENSP00000371644,0.4,1
9606.ENSP00000371661,4.9,1
9606.ENSP00000371682,14.4,1
9606.ENSP00000371686,0.9,1
9606.ENSP00000371689,0,0
9606.ENSP00000371693,3.3,1
9606.ENSP00000371711,0,0
9606.ENSP00000371715,0,0
9606.ENSP00000371728,33.5,1
9606.ENSP00000371735,30.7,1
9606.ENSP00000371770,0,0
9606.ENSP00000371785,0.6,1
9606.ENSP00000371786,0,0
9606.ENSP00000371790,0.3,1
9606.ENSP00000371798,52.2,1
9606.ENSP00000371800,8.9,1
9606.ENSP00000371805,4.9,1
9606.ENSP00000371811,45.9,1
9606.ENSP00000371813,0,0
9606.ENSP00000371825,0,0
9606.ENSP00000371835,0,0
9606.ENSP00000371846,18.1,1
9606.ENSP00000371847,0,0
9606.ENSP00000371858,113.9,1
9606.ENSP00000371872,0,0
9606.ENSP00000371875,4.3,1
9606.ENSP00000371886,0.2,1
9606.ENSP00000371897,46,1
9606.ENSP00000371905,30.5,1
9606.ENSP00000371923,0,0
9606.ENSP00000371927,0,0
9606.ENSP00000371929,0,0
9606.ENSP00000371932,0,0
9606.ENSP00000371936,0,0
9606.ENSP00000371940,0.4,1
9606.ENSP00000371958,92.7,1
9606.ENSP00000371985,0,0
9606.ENSP00000371994,7.5,1
9606.ENSP00000372005,37.8,1
9606.ENSP00000372023,42.7,1
9606.ENSP00000372035,9.5,1
9606.ENSP00000372056,0.1,1
9606.ENSP00000372059,0,0
9606.ENSP00000372067,0.1,1
9606.ENSP00000372088,56.6,1
9606.ENSP00000372112,16.4,1
9606.ENSP00000372136,0,0
9606.ENSP00000372139,0,0
9606.ENSP00000372155,86.8,1
9606.ENSP00000372160,0,0
9606.ENSP00000372169,0,0
9606.ENSP00000372170,10.6,1
9606.ENSP00000372191,8.2,1
9606.ENSP00000372193,18.4,1
9606.ENSP00000372199,19.9,1
9606.ENSP00000372201,21.1,1
9606.ENSP00000372206,9.4,1
9606.ENSP00000372210,25.6,1
9606.ENSP00000372221,0,0
9606.ENSP00000372272,0,0
9606.ENSP00000372274,8.7,1
9606.ENSP00000372276,0,0
9606.ENSP00000372278,0,0
9606.ENSP00000372281,0,0
9606.ENSP00000372286,0,0
9606.ENSP00000372295,5.3,1
9606.ENSP00000372313,0,0
9606.ENSP00000372326,4.2,1
9606.ENSP00000372335,21.3,1
9606.ENSP00000372351,114.4,1
9606.ENSP00000372361,7.1,1
9606.ENSP00000372390,0,0
9606.ENSP00000372394,7.7,1
9606.ENSP00000372410,0,0
9606.ENSP00000372445,57.5,1
9606.ENSP00000372459,3.3,1
9606.ENSP00000372482,111.8,1
9606.ENSP00000372576,0,0
9606.ENSP00000372612,0,0
9606.ENSP00000372649,0,0
9606.ENSP00000372651,0.2,1
9606.ENSP00000372654,0,0
9606.ENSP00000372667,0,0
9606.ENSP00000372689,31.6,1
9606.ENSP00000372720,2.9,1
9606.ENSP00000372724,0,0
9606.ENSP00000372750,0,0
9606.ENSP00000372804,32.7,1
9606.ENSP00000372857,0.4,1
9606.ENSP00000372910,0,0
9606.ENSP00000372955,94.8,1
9606.ENSP00000372959,0,0
9606.ENSP00000373047,0,0
9606.ENSP00000373066,6.3,1
9606.ENSP00000373073,0,0
9606.ENSP00000373136,0,0
9606.ENSP00000373153,52.3,1
9606.ENSP00000373169,0,0
9606.ENSP00000373176,21,1
9606.ENSP00000373191,1.8,1
9606.ENSP00000373193,0,0
9606.ENSP00000373194,0,0
9606.ENSP00000373195,0,0
9606.ENSP00000373196,0,0
9606.ENSP00000373206,8.3,1
9606.ENSP00000373215,0.5,1
9606.ENSP00000373244,2.7,1
9606.ENSP00000373272,8.4,1
9606.ENSP00000373274,1,1
9606.ENSP00000373277,0.5,1
9606.ENSP00000373278,0.2,1
9606.ENSP00000373298,0.2,1
9606.ENSP00000373301,2.9,1
9606.ENSP00000373304,7.3,1
9606.ENSP00000373312,186.4,1
9606.ENSP00000373325,0,0
9606.ENSP00000373328,0.2,1
9606.ENSP00000373331,75.2,1
9606.ENSP00000373340,15.3,1
9606.ENSP00000373343,0,0
9606.ENSP00000373347,0.2,1
9606.ENSP00000373354,8.9,1
9606.ENSP00000373360,0,0
9606.ENSP00000373364,63.7,1
9606.ENSP00000373370,0,0
9606.ENSP00000373399,0,0
9606.ENSP00000373404,50.5,1
9606.ENSP00000373413,1.1,1
9606.ENSP00000373420,3.2,1
9606.ENSP00000373433,0,0
9606.ENSP00000373450,5.9,1
9606.ENSP00000373472,0.4,1
9606.ENSP00000373474,16.2,1
9606.ENSP00000373477,39.6,1
9606.ENSP00000373487,79.1,1
9606.ENSP00000373509,26.6,1
9606.ENSP00000373518,0,0
9606.ENSP00000373539,0,0
9606.ENSP00000373565,3.5,1
9606.ENSP00000373566,0,0
9606.ENSP00000373570,0,0
9606.ENSP00000373572,0,0
9606.ENSP00000373574,0,0
9606.ENSP00000373575,0.4,1
9606.ENSP00000373583,0,0
9606.ENSP00000373586,0,0
9606.ENSP00000373594,0.1,1
9606.ENSP00000373600,5.2,1
9606.ENSP00000373610,0,0
9606.ENSP00000373620,2232.9,1
9606.ENSP00000373627,1.4,1
9606.ENSP00000373647,3.6,1
9606.ENSP00000373648,0,0
9606.ENSP00000373657,10.8,1
9606.ENSP00000373669,3.9,1
9606.ENSP00000373674,0.1,1
9606.ENSP00000373684,19,1
9606.ENSP00000373696,140.5,1
9606.ENSP00000373700,0,0
9606.ENSP00000373702,0,0
9606.ENSP00000373713,50.4,1
9606.ENSP00000373715,27.6,1
9606.ENSP00000373726,0,0
9606.ENSP00000373734,4,1
9606.ENSP00000373752,0,0
9606.ENSP00000373772,42.6,1
9606.ENSP00000373783,2.1,1
9606.ENSP00000373808,10.2,1
9606.ENSP00000373827,1.7,1
9606.ENSP00000373828,0,0
9606.ENSP00000373854,0,0
9606.ENSP00000373860,0,0
9606.ENSP00000373884,0,0
9606.ENSP00000373895,1.2,1
9606.ENSP00000373905,92.6,1
9606.ENSP00000373918,262.6,1
9606.ENSP00000373937,0.6,1
9606.ENSP00000373948,1.1,1
9606.ENSP00000373952,27.7,1
9606.ENSP00000373964,2.7,1
9606.ENSP00000373979,10,1
9606.ENSP00000374013,0,0
9606.ENSP00000374014,0,0
9606.ENSP00000374036,0.3,1
9606.ENSP00000374037,0.9,1
9606.ENSP00000374045,0,0
9606.ENSP00000374049,0,0
9606.ENSP00000374069,1,1
9606.ENSP00000374071,0,0
9606.ENSP00000374125,0,0
9606.ENSP00000374135,0.3,1
9606.ENSP00000374145,0,0
9606.ENSP00000374152,42.2,1
9606.ENSP00000374183,19,1
9606.ENSP00000374205,0.2,1
9606.ENSP00000374213,13.7,1
9606.ENSP00000374218,1.3,1
9606.ENSP00000374234,0,0
9606.ENSP00000374237,0,0
9606.ENSP00000374240,10.1,1
9606.ENSP00000374265,0.6,1
9606.ENSP00000374268,1,1
9606.ENSP00000374273,7,1
9606.ENSP00000374274,0,0
9606.ENSP00000374280,38.9,1
9606.ENSP00000374292,1.6,1
9606.ENSP00000374309,0,0
9606.ENSP00000374323,2.4,1
9606.ENSP00000374328,23.8,1
9606.ENSP00000374332,55,1
9606.ENSP00000374353,0.9,1
9606.ENSP00000374354,92.7,1
9606.ENSP00000374359,12.6,1
9606.ENSP00000374377,2,1
9606.ENSP00000374387,9.3,1
9606.ENSP00000374390,0,0
9606.ENSP00000374399,8,1
9606.ENSP00000374409,35.2,1
9606.ENSP00000374424,8.5,1
9606.ENSP00000374443,1.2,1
9606.ENSP00000374447,7.1,1
9606.ENSP00000374455,79.9,1
9606.ENSP00000374482,0,0
9606.ENSP00000374484,28.3,1
9606.ENSP00000374490,0,0
9606.ENSP00000374501,3.8,1
9606.ENSP00000374507,11.3,1
9606.ENSP00000374529,64.3,1
9606.ENSP00000374552,13.6,1
9606.ENSP00000374562,27.6,1
9606.ENSP00000374566,0,0
9606.ENSP00000374633,0,0
9606.ENSP00000375053,45.3,1
9606.ENSP00000375063,0,0
9606.ENSP00000375066,0,0
9606.ENSP00000375067,4.5,1
9606.ENSP00000375069,0,0
9606.ENSP00000375073,29,1
9606.ENSP00000375076,0,0
9606.ENSP00000375080,0.1,1
9606.ENSP00000375081,0,0
9606.ENSP00000375086,0,0
9606.ENSP00000375091,0,0
9606.ENSP00000375093,0,0
9606.ENSP00000375095,0,0
9606.ENSP00000375107,0,0
9606.ENSP00000375108,0,0
9606.ENSP00000375109,0,0
9606.ENSP00000375147,0,0
9606.ENSP00000375148,0,0
9606.ENSP00000375149,0,0
9606.ENSP00000375150,0,0
9606.ENSP00000375151,0,0
9606.ENSP00000375220,0,0
9606.ENSP00000375232,0,0
9606.ENSP00000375234,0,0
9606.ENSP00000375236,0,0
9606.ENSP00000375237,0,0
9606.ENSP00000375238,0,0
9606.ENSP00000375248,0,0
9606.ENSP00000375267,14.8,1
9606.ENSP00000375268,3.8,1
9606.ENSP00000375311,0,0
9606.ENSP00000375334,0,0
9606.ENSP00000375428,0,0
9606.ENSP00000375429,0,0
9606.ENSP00000375430,0,0
9606.ENSP00000375475,0,0
9606.ENSP00000375476,0,0
9606.ENSP00000375478,0,0
9606.ENSP00000375479,0,0
9606.ENSP00000375482,0,0
9606.ENSP00000375582,7.6,1
9606.ENSP00000375586,4.4,1
9606.ENSP00000375593,9.2,1
9606.ENSP00000375608,0,0
9606.ENSP00000375616,0,0
9606.ENSP00000375622,0,0
9606.ENSP00000375629,0,0
9606.ENSP00000375639,10.8,1
9606.ENSP00000375647,5,1
9606.ENSP00000375649,14.6,1
9606.ENSP00000375653,0,0
9606.ENSP00000375656,0.8,1
9606.ENSP00000375678,0.1,1
9606.ENSP00000375682,0,0
9606.ENSP00000375683,0,0
9606.ENSP00000375711,41.9,1
9606.ENSP00000375717,32.5,1
9606.ENSP00000375727,28.4,1
9606.ENSP00000375730,1978.2,1
9606.ENSP00000375756,0.7,1
9606.ENSP00000375767,16.9,1
9606.ENSP00000375770,0,0
9606.ENSP00000375777,31.9,1
9606.ENSP00000375778,0.1,1
9606.ENSP00000375783,3.6,1
9606.ENSP00000375795,0,0
9606.ENSP00000375809,19.1,1
9606.ENSP00000375810,2.2,1
9606.ENSP00000375820,0,0
9606.ENSP00000375822,5.2,1
9606.ENSP00000375829,0,0
9606.ENSP00000375836,356.9,1
9606.ENSP00000375844,3,1
9606.ENSP00000375849,0,0
9606.ENSP00000375855,0,0
9606.ENSP00000375857,54,1
9606.ENSP00000375859,1.3,1
9606.ENSP00000375863,208.1,1
9606.ENSP00000375872,9.8,1
9606.ENSP00000375881,0,0
9606.ENSP00000375892,66.8,1
9606.ENSP00000375894,0,0
9606.ENSP00000375899,0,0
9606.ENSP00000375904,0,0
9606.ENSP00000375907,0,0
9606.ENSP00000375909,0,0
9606.ENSP00000375914,0.1,1
9606.ENSP00000375919,6.6,1
9606.ENSP00000375921,0,0
9606.ENSP00000375942,31.6,1
9606.ENSP00000375951,34.3,1
9606.ENSP00000375960,59.2,1
9606.ENSP00000375978,425.2,1
9606.ENSP00000375986,17.4,1
9606.ENSP00000376007,0.5,1
9606.ENSP00000376010,9.5,1
9606.ENSP00000376024,22.7,1
9606.ENSP00000376035,0,0
9606.ENSP00000376048,0,0
9606.ENSP00000376056,520.1,1
9606.ENSP00000376071,9,1
9606.ENSP00000376077,242.2,1
9606.ENSP00000376097,84.8,1
9606.ENSP00000376103,15.7,1
9606.ENSP00000376110,5.8,1
9606.ENSP00000376123,0.4,1
9606.ENSP00000376132,27.4,1
9606.ENSP00000376134,0,0
9606.ENSP00000376135,4.2,1
9606.ENSP00000376139,52.8,1
9606.ENSP00000376141,7.4,1
9606.ENSP00000376142,5.4,1
9606.ENSP00000376167,71.6,1
9606.ENSP00000376168,71.3,1
9606.ENSP00000376178,24.4,1
9606.ENSP00000376184,10,1
9606.ENSP00000376188,10.8,1
9606.ENSP00000376204,13.6,1
9606.ENSP00000376213,0,0
9606.ENSP00000376224,1,1
9606.ENSP00000376227,4.5,1
9606.ENSP00000376246,14.6,1
9606.ENSP00000376250,75.6,1
9606.ENSP00000376258,52.6,1
9606.ENSP00000376268,36,1
9606.ENSP00000376269,12.6,1
9606.ENSP00000376272,116.5,1
9606.ENSP00000376276,293.3,1
9606.ENSP00000376278,0.2,1
9606.ENSP00000376287,0.8,1
9606.ENSP00000376293,19.6,1
9606.ENSP00000376297,949.3,1
9606.ENSP00000376303,0,0
9606.ENSP00000376304,0.4,1
9606.ENSP00000376306,14.4,1
9606.ENSP00000376307,3.2,1
9606.ENSP00000376309,944.2,1
9606.ENSP00000376317,11.2,1
9606.ENSP00000376322,18.4,1
9606.ENSP00000376330,2.8,1
9606.ENSP00000376333,10.1,1
9606.ENSP00000376335,1.3,1
9606.ENSP00000376337,41.3,1
9606.ENSP00000376345,84,1
9606.ENSP00000376349,1.1,1
9606.ENSP00000376352,5.8,1
9606.ENSP00000376368,94.7,1
9606.ENSP00000376372,0,0
9606.ENSP00000376384,0,0
9606.ENSP00000376390,0,0
9606.ENSP00000376395,0,0
9606.ENSP00000376397,0,0
9606.ENSP00000376403,7.7,1
9606.ENSP00000376410,9.4,1
9606.ENSP00000376417,5.6,1
9606.ENSP00000376419,67.7,1
9606.ENSP00000376421,0,0
9606.ENSP00000376423,0,0
9606.ENSP00000376432,0,0
9606.ENSP00000376436,7,1
9606.ENSP00000376440,0.2,1
9606.ENSP00000376443,1.2,1
9606.ENSP00000376445,3.9,1
9606.ENSP00000376453,32.2,1
9606.ENSP00000376456,0,0
9606.ENSP00000376457,84.2,1
9606.ENSP00000376458,7.1,1
9606.ENSP00000376465,0,0
9606.ENSP00000376472,173.5,1
9606.ENSP00000376475,168.8,1
9606.ENSP00000376505,19.2,1
9606.ENSP00000376506,73.1,1
9606.ENSP00000376522,2.9,1
9606.ENSP00000376523,0.6,1
9606.ENSP00000376532,0,0
9606.ENSP00000376534,19.4,1
9606.ENSP00000376543,0.2,1
9606.ENSP00000376544,0,0
9606.ENSP00000376553,0.1,1
9606.ENSP00000376565,20,1
9606.ENSP00000376568,0.3,1
9606.ENSP00000376570,5.5,1
9606.ENSP00000376572,4.6,1
9606.ENSP00000376583,7.5,1
9606.ENSP00000376587,14.3,1
9606.ENSP00000376603,7.6,1
9606.ENSP00000376608,4,1
9606.ENSP00000376609,2.3,1
9606.ENSP00000376611,76.8,1
9606.ENSP00000376615,5.2,1
9606.ENSP00000376623,0,0
9606.ENSP00000376652,49,1
9606.ENSP00000376658,0,0
9606.ENSP00000376686,2.9,1
9606.ENSP00000376702,20.3,1
9606.ENSP00000376703,7.2,1
9606.ENSP00000376708,0,0
9606.ENSP00000376732,69.5,1
9606.ENSP00000376753,38.7,1
9606.ENSP00000376765,12.4,1
9606.ENSP00000376767,32.1,1
9606.ENSP00000376776,0,0
9606.ENSP00000376786,0.9,1
9606.ENSP00000376792,8.8,1
9606.ENSP00000376793,0,0
9606.ENSP00000376800,107.1,1
9606.ENSP00000376807,0.2,1
9606.ENSP00000376808,18.4,1
9606.ENSP00000376822,11.1,1
9606.ENSP00000376823,42.2,1
9606.ENSP00000376827,14.8,1
9606.ENSP00000376840,23.3,1
9606.ENSP00000376848,5.2,1
9606.ENSP00000376849,0,0
9606.ENSP00000376855,6.2,1
9606.ENSP00000376865,0,0
9606.ENSP00000376872,2.5,1
9606.ENSP00000376886,25.1,1
9606.ENSP00000376889,947.3,1
9606.ENSP00000376893,0,0
9606.ENSP00000376896,0,0
9606.ENSP00000376899,41.4,1
9606.ENSP00000376902,14.4,1
9606.ENSP00000376910,0.6,1
9606.ENSP00000376911,0,0
9606.ENSP00000376921,0.2,1
9606.ENSP00000376924,19.7,1
9606.ENSP00000376930,5,1
9606.ENSP00000376943,10,1
9606.ENSP00000376945,6.9,1
9606.ENSP00000376946,9.7,1
9606.ENSP00000376952,24.5,1
9606.ENSP00000376955,1.4,1
9606.ENSP00000376989,15.7,1
9606.ENSP00000376992,0,0
9606.ENSP00000377001,49.3,1
9606.ENSP00000377003,0,0
9606.ENSP00000377007,53.1,1
9606.ENSP00000377015,129.4,1
9606.ENSP00000377024,50,1
9606.ENSP00000377027,22.4,1
9606.ENSP00000377033,353.9,1
9606.ENSP00000377036,110.9,1
9606.ENSP00000377037,0.3,1
9606.ENSP00000377040,33.5,1
9606.ENSP00000377043,0,0
9606.ENSP00000377047,0,0
9606.ENSP00000377051,5,1
9606.ENSP00000377055,53.7,1
9606.ENSP00000377059,21.2,1
9606.ENSP00000377060,146.3,1
9606.ENSP00000377061,11.7,1
9606.ENSP00000377075,0,0
9606.ENSP00000377080,8.1,1
9606.ENSP00000377086,5.8,1
9606.ENSP00000377112,0,0
9606.ENSP00000377115,6.6,1
9606.ENSP00000377123,0.2,1
9606.ENSP00000377140,0,0
9606.ENSP00000377148,62.7,1
9606.ENSP00000377170,11.2,1
9606.ENSP00000377171,7.9,1
9606.ENSP00000377176,2.5,1
9606.ENSP00000377192,79.3,1
9606.ENSP00000377197,0.1,1
9606.ENSP00000377218,12,1
9606.ENSP00000377224,5.2,1
9606.ENSP00000377225,113.4,1
9606.ENSP00000377233,23.2,1
9606.ENSP00000377250,15,1
9606.ENSP00000377257,3.2,1
9606.ENSP00000377262,38.3,1
9606.ENSP00000377265,0,0
9606.ENSP00000377275,9.2,1
9606.ENSP00000377280,9.2,1
9606.ENSP00000377282,18.4,1
9606.ENSP00000377284,2.4,1
9606.ENSP00000377298,89.7,1
9606.ENSP00000377303,7.1,1
9606.ENSP00000377311,32.3,1
9606.ENSP00000377344,0.5,1
9606.ENSP00000377353,0,0
9606.ENSP00000377357,48.2,1
9606.ENSP00000377369,0,0
9606.ENSP00000377370,2.7,1
9606.ENSP00000377372,0.4,1
9606.ENSP00000377374,68.5,1
9606.ENSP00000377380,0.4,1
9606.ENSP00000377381,41.7,1
9606.ENSP00000377384,36.9,1
9606.ENSP00000377385,1.7,1
9606.ENSP00000377390,94.6,1
9606.ENSP00000377396,70.7,1
9606.ENSP00000377401,42.5,1
9606.ENSP00000377411,0.7,1
9606.ENSP00000377424,105.2,1
9606.ENSP00000377428,0.9,1
9606.ENSP00000377446,156.7,1
9606.ENSP00000377456,0,0
9606.ENSP00000377470,58.3,1
9606.ENSP00000377471,41.9,1
9606.ENSP00000377478,0,0
9606.ENSP00000377486,83.7,1
9606.ENSP00000377492,112.4,1
9606.ENSP00000377494,0.1,1
9606.ENSP00000377504,1.4,1
9606.ENSP00000377508,31.6,1
9606.ENSP00000377520,0.2,1
9606.ENSP00000377522,7.5,1
9606.ENSP00000377532,7.7,1
9606.ENSP00000377536,243.5,1
9606.ENSP00000377545,0.1,1
9606.ENSP00000377547,2.3,1
9606.ENSP00000377549,0,0
9606.ENSP00000377558,0,0
9606.ENSP00000377566,2.2,1
9606.ENSP00000377570,0,0
9606.ENSP00000377576,0,0
9606.ENSP00000377577,1.8,1
9606.ENSP00000377582,0,0
9606.ENSP00000377583,0,0
9606.ENSP00000377601,40.9,1
9606.ENSP00000377616,0,0
9606.ENSP00000377617,296.7,1
9606.ENSP00000377633,36.6,1
9606.ENSP00000377640,1967.8,1
9606.ENSP00000377655,9.4,1
9606.ENSP00000377664,46.2,1
9606.ENSP00000377668,13.7,1
9606.ENSP00000377681,319.7,1
9606.ENSP00000377686,89.7,1
9606.ENSP00000377690,5,1
9606.ENSP00000377696,5.4,1
9606.ENSP00000377699,0,0
9606.ENSP00000377700,64.5,1
9606.ENSP00000377708,11,1
9606.ENSP00000377710,119.2,1
9606.ENSP00000377721,22.3,1
9606.ENSP00000377724,29.8,1
9606.ENSP00000377725,11.1,1
9606.ENSP00000377747,17.6,1
9606.ENSP00000377768,3.3,1
9606.ENSP00000377769,7.2,1
9606.ENSP00000377771,3.4,1
9606.ENSP00000377778,15.6,1
9606.ENSP00000377779,0,0
9606.ENSP00000377782,41.2,1
9606.ENSP00000377783,1.4,1
9606.ENSP00000377784,0,0
9606.ENSP00000377789,0.1,1
9606.ENSP00000377793,188.8,1
9606.ENSP00000377796,4.1,1
9606.ENSP00000377797,14.7,1
9606.ENSP00000377799,0,0
9606.ENSP00000377801,8.9,1
9606.ENSP00000377806,0,0
9606.ENSP00000377807,5.3,1
9606.ENSP00000377814,11.1,1
9606.ENSP00000377823,1.2,1
9606.ENSP00000377833,23.8,1
9606.ENSP00000377836,514.3,1
9606.ENSP00000377840,3.2,1
9606.ENSP00000377854,1.4,1
9606.ENSP00000377862,2.8,1
9606.ENSP00000377867,80.8,1
9606.ENSP00000377878,914.6,1
9606.ENSP00000377895,21.2,1
9606.ENSP00000377900,0,0
9606.ENSP00000377914,113.2,1
9606.ENSP00000377934,3.8,1
9606.ENSP00000377936,0.5,1
9606.ENSP00000377941,126.8,1
9606.ENSP00000377944,80.6,1
9606.ENSP00000377948,0,0
9606.ENSP00000377954,107.2,1
9606.ENSP00000377958,405.8,1
9606.ENSP00000377969,69.3,1
9606.ENSP00000377971,28.4,1
9606.ENSP00000377995,131.4,1
9606.ENSP00000378015,21.9,1
9606.ENSP00000378028,55.6,1
9606.ENSP00000378040,16.8,1
9606.ENSP00000378046,70.5,1
9606.ENSP00000378050,11.8,1
9606.ENSP00000378053,0,0
9606.ENSP00000378058,1.6,1
9606.ENSP00000378063,0.4,1
9606.ENSP00000378067,78.8,1
9606.ENSP00000378072,0,0
9606.ENSP00000378074,0,0
9606.ENSP00000378077,0,0
9606.ENSP00000378089,34,1
9606.ENSP00000378105,46.8,1
9606.ENSP00000378118,0,0
9606.ENSP00000378119,4.9,1
9606.ENSP00000378130,0,0
9606.ENSP00000378132,3,1
9606.ENSP00000378145,24.1,1
9606.ENSP00000378152,14.9,1
9606.ENSP00000378161,3.3,1
9606.ENSP00000378163,1064.4,1
9606.ENSP00000378165,282.1,1
9606.ENSP00000378167,3.4,1
9606.ENSP00000378176,14.5,1
9606.ENSP00000378177,0,0
9606.ENSP00000378181,107.6,1
9606.ENSP00000378187,22.3,1
9606.ENSP00000378191,69.6,1
9606.ENSP00000378193,40.2,1
9606.ENSP00000378195,2.9,1
9606.ENSP00000378199,0,0
9606.ENSP00000378207,2.8,1
9606.ENSP00000378217,34.1,1
9606.ENSP00000378230,0,0
9606.ENSP00000378235,11,1
9606.ENSP00000378236,0.6,1
9606.ENSP00000378248,0.4,1
9606.ENSP00000378254,12.3,1
9606.ENSP00000378260,26.1,1
9606.ENSP00000378265,12.2,1
9606.ENSP00000378275,173.5,1
9606.ENSP00000378286,2.3,1
9606.ENSP00000378288,0,0
9606.ENSP00000378289,0,0
9606.ENSP00000378292,0,0
9606.ENSP00000378294,12,1
9606.ENSP00000378295,52.2,1
9606.ENSP00000378306,41.6,1
9606.ENSP00000378307,63.1,1
9606.ENSP00000378310,13.5,1
9606.ENSP00000378312,0.1,1
9606.ENSP00000378313,9.6,1
9606.ENSP00000378320,6.4,1
9606.ENSP00000378323,33.3,1
9606.ENSP00000378324,0,0
9606.ENSP00000378326,3.8,1
9606.ENSP00000378328,7.2,1
9606.ENSP00000378332,6,1
9606.ENSP00000378338,41.6,1
9606.ENSP00000378340,10.3,1
9606.ENSP00000378350,67.5,1
9606.ENSP00000378356,121.7,1
9606.ENSP00000378359,0,0
9606.ENSP00000378360,16.3,1
9606.ENSP00000378364,26.6,1
9606.ENSP00000378365,0,0
9606.ENSP00000378367,0.6,1
9606.ENSP00000378368,76.5,1
9606.ENSP00000378394,207.5,1
9606.ENSP00000378399,22.8,1
9606.ENSP00000378400,42.8,1
9606.ENSP00000378401,1.4,1
9606.ENSP00000378402,81.2,1
9606.ENSP00000378405,19.3,1
9606.ENSP00000378408,0,0
9606.ENSP00000378409,0,0
9606.ENSP00000378414,112.9,1
9606.ENSP00000378416,55.1,1
9606.ENSP00000378418,0.2,1
9606.ENSP00000378426,79.4,1
9606.ENSP00000378427,25,1
9606.ENSP00000378431,0,0
9606.ENSP00000378464,0,0
9606.ENSP00000378483,7,1
9606.ENSP00000378485,13.8,1
9606.ENSP00000378492,0,0
9606.ENSP00000378503,4.8,1
9606.ENSP00000378504,0,0
9606.ENSP00000378505,85.4,1
9606.ENSP00000378516,0,0
9606.ENSP00000378517,0,0
9606.ENSP00000378529,13.7,1
9606.ENSP00000378536,0.4,1
9606.ENSP00000378548,0.4,1
9606.ENSP00000378557,11.8,1
9606.ENSP00000378563,69.5,1
9606.ENSP00000378570,38.8,1
9606.ENSP00000378577,0.4,1
9606.ENSP00000378578,18,1
9606.ENSP00000378588,63.9,1
9606.ENSP00000378605,4.1,1
9606.ENSP00000378611,0.2,1
9606.ENSP00000378624,21.1,1
9606.ENSP00000378635,0.3,1
9606.ENSP00000378642,0.1,1
9606.ENSP00000378650,0.3,1
9606.ENSP00000378669,966.8,1
9606.ENSP00000378687,43.5,1
9606.ENSP00000378690,0,0
9606.ENSP00000378699,166.2,1
9606.ENSP00000378704,39.3,1
9606.ENSP00000378710,0,0
9606.ENSP00000378712,0,0
9606.ENSP00000378721,183.3,1
9606.ENSP00000378725,122.5,1
9606.ENSP00000378733,81.1,1
9606.ENSP00000378736,26.7,1
9606.ENSP00000378743,18.8,1
9606.ENSP00000378757,10.8,1
9606.ENSP00000378760,0.8,1
9606.ENSP00000378769,112.6,1
9606.ENSP00000378782,18.5,1
9606.ENSP00000378784,22.5,1
9606.ENSP00000378786,0,0
9606.ENSP00000378792,5.7,1
9606.ENSP00000378803,10.9,1
9606.ENSP00000378812,456.5,1
9606.ENSP00000378830,69,1
9606.ENSP00000378845,2.6,1
9606.ENSP00000378851,79.3,1
9606.ENSP00000378854,52.6,1
9606.ENSP00000378855,21.4,1
9606.ENSP00000378856,0.3,1
9606.ENSP00000378857,107.8,1
9606.ENSP00000378868,0,0
9606.ENSP00000378877,108.5,1
9606.ENSP00000378881,3.5,1
9606.ENSP00000378887,10.6,1
9606.ENSP00000378888,0.4,1
9606.ENSP00000378897,1.4,1
9606.ENSP00000378912,12,1
9606.ENSP00000378914,0,0
9606.ENSP00000378917,93.9,1
9606.ENSP00000378920,12.1,1
9606.ENSP00000378935,66.2,1
9606.ENSP00000378957,0.1,1
9606.ENSP00000378958,15.8,1
9606.ENSP00000378965,2,1
9606.ENSP00000378972,3.1,1
9606.ENSP00000378974,10.2,1
9606.ENSP00000378992,0.5,1
9606.ENSP00000378996,91,1
9606.ENSP00000379003,0.4,1
9606.ENSP00000379008,0,0
9606.ENSP00000379011,12.9,1
9606.ENSP00000379025,0,0
9606.ENSP00000379032,41,1
9606.ENSP00000379034,0,0
9606.ENSP00000379038,0.2,1
9606.ENSP00000379042,27.1,1
9606.ENSP00000379047,39.5,1
9606.ENSP00000379051,15,1
9606.ENSP00000379057,1.8,1
9606.ENSP00000379065,22.9,1
9606.ENSP00000379087,2,1
9606.ENSP00000379092,0,0
9606.ENSP00000379097,0.1,1
9606.ENSP00000379098,0.4,1
9606.ENSP00000379108,3.2,1
9606.ENSP00000379110,0,0
9606.ENSP00000379111,7.3,1
9606.ENSP00000379133,56.1,1
9606.ENSP00000379138,0,0
9606.ENSP00000379140,0.8,1
9606.ENSP00000379143,20.7,1
9606.ENSP00000379144,20.1,1
9606.ENSP00000379156,133.4,1
9606.ENSP00000379157,81.3,1
9606.ENSP00000379168,3.7,1
9606.ENSP00000379174,2.7,1
9606.ENSP00000379176,0.8,1
9606.ENSP00000379182,101.6,1
9606.ENSP00000379183,1.3,1
9606.ENSP00000379191,141,1
9606.ENSP00000379201,4.9,1
9606.ENSP00000379203,42.4,1
9606.ENSP00000379204,5.2,1
9606.ENSP00000379208,9.4,1
9606.ENSP00000379210,0.4,1
9606.ENSP00000379217,88.4,1
9606.ENSP00000379218,88.9,1
9606.ENSP00000379226,0,0
9606.ENSP00000379228,0,0
9606.ENSP00000379241,2.5,1
9606.ENSP00000379242,0.6,1
9606.ENSP00000379256,1,1
9606.ENSP00000379258,8.7,1
9606.ENSP00000379263,0,0
9606.ENSP00000379267,16.5,1
9606.ENSP00000379282,0,0
9606.ENSP00000379287,1025.5,1
9606.ENSP00000379290,0,0
9606.ENSP00000379294,6.3,1
9606.ENSP00000379310,0,0
9606.ENSP00000379326,0.1,1
9606.ENSP00000379330,0.9,1
9606.ENSP00000379339,2373,1
9606.ENSP00000379346,86.6,1
9606.ENSP00000379350,149.1,1
9606.ENSP00000379353,0,0
9606.ENSP00000379364,69.6,1
9606.ENSP00000379365,0,0
9606.ENSP00000379366,15.2,1
9606.ENSP00000379367,14.1,1
9606.ENSP00000379368,0.3,1
9606.ENSP00000379369,0,0
9606.ENSP00000379370,4.8,1
9606.ENSP00000379372,138.7,1
9606.ENSP00000379377,0,0
9606.ENSP00000379383,0,0
9606.ENSP00000379386,2031.4,1
9606.ENSP00000379390,12.7,1
9606.ENSP00000379396,0.6,1
9606.ENSP00000379401,0,0
9606.ENSP00000379412,10.8,1
9606.ENSP00000379430,7.8,1
9606.ENSP00000379434,7.7,1
9606.ENSP00000379438,0,0
9606.ENSP00000379441,9.6,1
9606.ENSP00000379451,0,0
9606.ENSP00000379457,37.3,1
9606.ENSP00000379458,1.6,1
9606.ENSP00000379464,7.2,1
9606.ENSP00000379472,0,0
9606.ENSP00000379475,42.8,1
9606.ENSP00000379496,0,0
9606.ENSP00000379500,8.2,1
9606.ENSP00000379503,11,1
9606.ENSP00000379506,78.1,1
9606.ENSP00000379512,317,1
9606.ENSP00000379531,1.1,1
9606.ENSP00000379563,27.9,1
9606.ENSP00000379566,0.6,1
9606.ENSP00000379568,23.2,1
9606.ENSP00000379571,0,0
9606.ENSP00000379601,15.7,1
9606.ENSP00000379602,7.2,1
9606.ENSP00000379607,0,0
9606.ENSP00000379612,92.8,1
9606.ENSP00000379616,0,0
9606.ENSP00000379619,0,0
9606.ENSP00000379621,5.1,1
9606.ENSP00000379643,25.3,1
9606.ENSP00000379644,4.4,1
9606.ENSP00000379651,0,0
9606.ENSP00000379654,7.7,1
9606.ENSP00000379658,3,1
9606.ENSP00000379669,3,1
9606.ENSP00000379678,9.2,1
9606.ENSP00000379680,16.7,1
9606.ENSP00000379682,0,0
9606.ENSP00000379683,0,0
9606.ENSP00000379684,6.3,1
9606.ENSP00000379689,7.9,1
9606.ENSP00000379691,22.1,1
9606.ENSP00000379696,11.3,1
9606.ENSP00000379701,2,1
9606.ENSP00000379702,0.4,1
9606.ENSP00000379704,14,1
9606.ENSP00000379709,31.6,1
9606.ENSP00000379712,1.7,1
9606.ENSP00000379721,28.8,1
9606.ENSP00000379738,0,0
9606.ENSP00000379739,8.8,1
9606.ENSP00000379754,10.3,1
9606.ENSP00000379762,1.5,1
9606.ENSP00000379773,33.1,1
9606.ENSP00000379784,0,0
9606.ENSP00000379802,0.2,1
9606.ENSP00000379804,8.9,1
9606.ENSP00000379808,6.3,1
9606.ENSP00000379818,0,0
9606.ENSP00000379822,0,0
9606.ENSP00000379823,0.8,1
9606.ENSP00000379826,0,0
9606.ENSP00000379836,38.6,1
9606.ENSP00000379838,79.3,1
9606.ENSP00000379839,15.3,1
9606.ENSP00000379842,7.3,1
9606.ENSP00000379845,2.1,1
9606.ENSP00000379847,23.1,1
9606.ENSP00000379862,22.2,1
9606.ENSP00000379865,0,0
9606.ENSP00000379866,3.1,1
9606.ENSP00000379869,69.6,1
9606.ENSP00000379873,0.2,1
9606.ENSP00000379880,0,0
9606.ENSP00000379888,2474.1,1
9606.ENSP00000379891,6.4,1
9606.ENSP00000379894,38.2,1
9606.ENSP00000379895,17,1
9606.ENSP00000379898,27.3,1
9606.ENSP00000379901,11.9,1
9606.ENSP00000379904,10.8,1
9606.ENSP00000379911,33.3,1
9606.ENSP00000379931,24.5,1
9606.ENSP00000379934,40.8,1
9606.ENSP00000379946,7.7,1
9606.ENSP00000379975,84.4,1
9606.ENSP00000379980,0,0
9606.ENSP00000379997,0,0
9606.ENSP00000379999,125.1,1
9606.ENSP00000380008,1.8,1
9606.ENSP00000380019,59.8,1
9606.ENSP00000380023,0,0
9606.ENSP00000380024,17.8,1
9606.ENSP00000380033,212.5,1
9606.ENSP00000380034,0.4,1
9606.ENSP00000380037,5.7,1
9606.ENSP00000380044,48.3,1
9606.ENSP00000380053,0,0
9606.ENSP00000380054,22.5,1
9606.ENSP00000380057,10.6,1
9606.ENSP00000380071,1.8,1
9606.ENSP00000380073,1.6,1
9606.ENSP00000380074,20.2,1
9606.ENSP00000380081,4.8,1
9606.ENSP00000380087,2.2,1
9606.ENSP00000380093,0,0
9606.ENSP00000380109,2.1,1
9606.ENSP00000380112,0,0
9606.ENSP00000380116,4,1
9606.ENSP00000380120,10.4,1
9606.ENSP00000380131,0,0
9606.ENSP00000380136,27.3,1
9606.ENSP00000380150,0,0
9606.ENSP00000380153,0,0
9606.ENSP00000380155,0,0
9606.ENSP00000380157,91.7,1
9606.ENSP00000380159,10.8,1
9606.ENSP00000380165,9.7,1
9606.ENSP00000380174,21.5,1
9606.ENSP00000380178,66.3,1
9606.ENSP00000380184,58.7,1
9606.ENSP00000380185,0,0
9606.ENSP00000380227,14,1
9606.ENSP00000380241,63.8,1
9606.ENSP00000380247,0,0
9606.ENSP00000380250,0,0
9606.ENSP00000380251,16.7,1
9606.ENSP00000380252,65.1,1
9606.ENSP00000380256,52.2,1
9606.ENSP00000380258,1.5,1
9606.ENSP00000380271,2.8,1
9606.ENSP00000380281,0.1,1
9606.ENSP00000380283,0,0
9606.ENSP00000380286,41.6,1
9606.ENSP00000380307,0,0
9606.ENSP00000380308,132.5,1
9606.ENSP00000380310,0,0
9606.ENSP00000380315,1.2,1
9606.ENSP00000380321,21.1,1
9606.ENSP00000380322,44.5,1
9606.ENSP00000380333,0,0
9606.ENSP00000380334,0,0
9606.ENSP00000380336,31.1,1
9606.ENSP00000380349,0.4,1
9606.ENSP00000380351,5.9,1
9606.ENSP00000380352,33.9,1
9606.ENSP00000380353,7.6,1
9606.ENSP00000380365,0,0
9606.ENSP00000380378,74.4,1
9606.ENSP00000380379,3.3,1
9606.ENSP00000380401,32.1,1
9606.ENSP00000380402,20.9,1
9606.ENSP00000380413,21.8,1
9606.ENSP00000380414,260.7,1
9606.ENSP00000380421,2,1
9606.ENSP00000380427,3.1,1
9606.ENSP00000380432,0,0
9606.ENSP00000380437,0.7,1
9606.ENSP00000380440,0,0
9606.ENSP00000380442,0,0
9606.ENSP00000380450,0,0
9606.ENSP00000380453,25.3,1
9606.ENSP00000380460,45.8,1
9606.ENSP00000380466,64.5,1
9606.ENSP00000380467,4.3,1
9606.ENSP00000380479,9.9,1
9606.ENSP00000380488,0,0
9606.ENSP00000380489,0.2,1
9606.ENSP00000380494,10.4,1
9606.ENSP00000380495,6.7,1
9606.ENSP00000380514,39.1,1
9606.ENSP00000380516,14.4,1
9606.ENSP00000380517,8,1
9606.ENSP00000380524,0.1,1
9606.ENSP00000380530,0,0
9606.ENSP00000380544,5.5,1
9606.ENSP00000380553,14.5,1
9606.ENSP00000380557,51.2,1
9606.ENSP00000380559,18.7,1
9606.ENSP00000380565,71.1,1
9606.ENSP00000380594,0,0
9606.ENSP00000380598,10.8,1
9606.ENSP00000380602,0,0
9606.ENSP00000380605,0,0
9606.ENSP00000380635,32.6,1
9606.ENSP00000380638,1.1,1
9606.ENSP00000380646,16.2,1
9606.ENSP00000380659,26.9,1
9606.ENSP00000380661,20,1
9606.ENSP00000380666,0.1,1
9606.ENSP00000380671,0,0
9606.ENSP00000380675,0,0
9606.ENSP00000380679,1.6,1
9606.ENSP00000380690,1.3,1
9606.ENSP00000380692,3.7,1
9606.ENSP00000380697,0.2,1
9606.ENSP00000380702,29.1,1
9606.ENSP00000380713,7.3,1
9606.ENSP00000380718,24.2,1
9606.ENSP00000380734,47.4,1
9606.ENSP00000380746,1.4,1
9606.ENSP00000380747,34.7,1
9606.ENSP00000380759,59.3,1
9606.ENSP00000380762,7.7,1
9606.ENSP00000380779,4.7,1
9606.ENSP00000380781,12.8,1
9606.ENSP00000380785,12,1
9606.ENSP00000380793,64.1,1
9606.ENSP00000380794,4.3,1
9606.ENSP00000380820,55.9,1
9606.ENSP00000380824,42.8,1
9606.ENSP00000380837,63.2,1
9606.ENSP00000380840,2,1
9606.ENSP00000380855,0.1,1
9606.ENSP00000380861,19.1,1
9606.ENSP00000380869,12.9,1
9606.ENSP00000380872,0.8,1
9606.ENSP00000380876,0,0
9606.ENSP00000380877,36.8,1
9606.ENSP00000380878,17.9,1
9606.ENSP00000380880,16.2,1
9606.ENSP00000380888,28.2,1
9606.ENSP00000380901,0,0
9606.ENSP00000380903,0.3,1
9606.ENSP00000380904,16.9,1
9606.ENSP00000380911,18.3,1
9606.ENSP00000380920,0.3,1
9606.ENSP00000380921,19.8,1
9606.ENSP00000380942,54.1,1
9606.ENSP00000380948,0,0
9606.ENSP00000380958,3.8,1
9606.ENSP00000380959,0.9,1
9606.ENSP00000380982,85.8,1
9606.ENSP00000380996,0.3,1
9606.ENSP00000380998,52.6,1
9606.ENSP00000380999,0.8,1
9606.ENSP00000381003,11.1,1
9606.ENSP00000381005,0,0
9606.ENSP00000381007,7.8,1
9606.ENSP00000381008,0,0
9606.ENSP00000381009,0,0
9606.ENSP00000381023,0,0
9606.ENSP00000381032,0.5,1
9606.ENSP00000381034,12.8,1
9606.ENSP00000381036,0,0
9606.ENSP00000381053,28.9,1
9606.ENSP00000381057,0,0
9606.ENSP00000381058,0,0
9606.ENSP00000381064,39.5,1
9606.ENSP00000381070,10.7,1
9606.ENSP00000381072,0.8,1
9606.ENSP00000381086,0.1,1
9606.ENSP00000381089,0.3,1
9606.ENSP00000381097,5.5,1
9606.ENSP00000381098,4.9,1
9606.ENSP00000381101,0.1,1
9606.ENSP00000381102,26.3,1
9606.ENSP00000381104,52.4,1
9606.ENSP00000381105,0,0
9606.ENSP00000381109,1.3,1
9606.ENSP00000381129,3.6,1
9606.ENSP00000381133,0,0
9606.ENSP00000381140,17.3,1
9606.ENSP00000381148,70,1
9606.ENSP00000381150,0.5,1
9606.ENSP00000381167,5.5,1
9606.ENSP00000381182,0,0
9606.ENSP00000381185,6.7,1
9606.ENSP00000381198,14.9,1
9606.ENSP00000381204,212.3,1
9606.ENSP00000381206,0,0
9606.ENSP00000381213,14.9,1
9606.ENSP00000381214,0,0
9606.ENSP00000381216,203.5,1
9606.ENSP00000381220,53.1,1
9606.ENSP00000381231,86.5,1
9606.ENSP00000381237,74.9,1
9606.ENSP00000381247,0,0
9606.ENSP00000381250,0,0
9606.ENSP00000381266,44.7,1
9606.ENSP00000381270,1.6,1
9606.ENSP00000381272,0,0
9606.ENSP00000381273,0,0
9606.ENSP00000381282,66.6,1
9606.ENSP00000381293,18.9,1
9606.ENSP00000381298,12,1
9606.ENSP00000381302,0.1,1
9606.ENSP00000381333,0,0
9606.ENSP00000381339,0,0
9606.ENSP00000381340,0.1,1
9606.ENSP00000381364,28.4,1
9606.ENSP00000381377,15.9,1
9606.ENSP00000381378,11.3,1
9606.ENSP00000381382,17.9,1
9606.ENSP00000381386,38.3,1
9606.ENSP00000381412,0,0
9606.ENSP00000381425,1.1,1
9606.ENSP00000381429,91.4,1
9606.ENSP00000381436,4.8,1
9606.ENSP00000381448,69.6,1
9606.ENSP00000381461,63.4,1
9606.ENSP00000381473,0,0
9606.ENSP00000381476,0,0
9606.ENSP00000381480,0,0
9606.ENSP00000381486,0,0
9606.ENSP00000381488,0,0
9606.ENSP00000381489,0,0
9606.ENSP00000381490,88.2,1
9606.ENSP00000381494,0,0
9606.ENSP00000381498,21.8,1
9606.ENSP00000381499,0,0
9606.ENSP00000381504,43.1,1
9606.ENSP00000381535,0,0
9606.ENSP00000381541,0,0
9606.ENSP00000381542,0,0
9606.ENSP00000381549,4.9,1
9606.ENSP00000381553,0.3,1
9606.ENSP00000381565,116.9,1
9606.ENSP00000381567,10.2,1
9606.ENSP00000381577,30.9,1
9606.ENSP00000381581,0.1,1
9606.ENSP00000381588,0,0
9606.ENSP00000381589,0.1,1
9606.ENSP00000381594,0.2,1
9606.ENSP00000381601,0.3,1
9606.ENSP00000381605,0,0
9606.ENSP00000381607,2073.9,1
9606.ENSP00000381611,3.5,1
9606.ENSP00000381613,1.2,1
9606.ENSP00000381628,0,0
9606.ENSP00000381631,0,0
9606.ENSP00000381636,0.1,1
9606.ENSP00000381654,0,0
9606.ENSP00000381657,16.1,1
9606.ENSP00000381666,20.6,1
9606.ENSP00000381672,0,0
9606.ENSP00000381693,10.1,1
9606.ENSP00000381698,10.8,1
9606.ENSP00000381699,0,0
9606.ENSP00000381703,0,0
9606.ENSP00000381717,192.6,1
9606.ENSP00000381736,801.1,1
9606.ENSP00000381740,5,1
9606.ENSP00000381758,0,0
9606.ENSP00000381760,0,0
9606.ENSP00000381768,1.3,1
9606.ENSP00000381773,18.6,1
9606.ENSP00000381775,0,0
9606.ENSP00000381782,0.6,1
9606.ENSP00000381785,31.9,1
9606.ENSP00000381793,53.5,1
9606.ENSP00000381795,0,0
9606.ENSP00000381821,5.1,1
9606.ENSP00000381823,28.2,1
9606.ENSP00000381824,14.4,1
9606.ENSP00000381840,93.7,1
9606.ENSP00000381844,21.8,1
9606.ENSP00000381857,0,0
9606.ENSP00000381859,597.3,1
9606.ENSP00000381876,0,0
9606.ENSP00000381895,0,0
9606.ENSP00000381928,4.4,1
9606.ENSP00000381932,27.3,1
9606.ENSP00000381937,8.7,1
9606.ENSP00000381949,0,0
9606.ENSP00000381956,0.3,1
9606.ENSP00000381958,11,1
9606.ENSP00000381968,0,0
9606.ENSP00000381970,5.4,1
9606.ENSP00000381981,35.3,1
9606.ENSP00000381984,64.1,1
9606.ENSP00000381992,166.3,1
9606.ENSP00000382000,0,0
9606.ENSP00000382004,58.8,1
9606.ENSP00000382021,35.9,1
9606.ENSP00000382026,29.6,1
9606.ENSP00000382030,0,0
9606.ENSP00000382058,20.8,1
9606.ENSP00000382071,5.9,1
9606.ENSP00000382083,2.7,1
9606.ENSP00000382086,0,0
9606.ENSP00000382090,0,0
9606.ENSP00000382091,40.9,1
9606.ENSP00000382097,0,0
9606.ENSP00000382101,1.3,1
9606.ENSP00000382104,7.8,1
9606.ENSP00000382120,0.1,1
9606.ENSP00000382140,0.6,1
9606.ENSP00000382163,10.3,1
9606.ENSP00000382177,40.7,1
9606.ENSP00000382178,0,0
9606.ENSP00000382204,7.6,1
9606.ENSP00000382213,0,0
9606.ENSP00000382218,4.1,1
9606.ENSP00000382234,18.8,1
9606.ENSP00000382237,0,0
9606.ENSP00000382239,42.3,1
9606.ENSP00000382241,30.9,1
9606.ENSP00000382250,124.6,1
9606.ENSP00000382269,63.2,1
9606.ENSP00000382274,2.7,1
9606.ENSP00000382323,0,0
9606.ENSP00000382327,22.8,1
9606.ENSP00000382328,36.1,1
9606.ENSP00000382330,0,0
9606.ENSP00000382334,0.1,1
9606.ENSP00000382341,7,1
9606.ENSP00000382342,3.4,1
9606.ENSP00000382349,0,0
9606.ENSP00000382356,0,0
9606.ENSP00000382379,9.6,1
9606.ENSP00000382390,7.8,1
9606.ENSP00000382423,10.1,1
9606.ENSP00000382428,1.1,1
9606.ENSP00000382434,0,0
9606.ENSP00000382474,16.3,1
9606.ENSP00000382476,0,0
9606.ENSP00000382485,0,0
9606.ENSP00000382492,3.2,1
9606.ENSP00000382507,25.1,1
9606.ENSP00000382508,12.8,1
9606.ENSP00000382511,34.5,1
9606.ENSP00000382513,6.8,1
9606.ENSP00000382518,0,0
9606.ENSP00000382544,0,0
9606.ENSP00000382584,0,0
9606.ENSP00000382590,0,0
9606.ENSP00000382592,0,0
9606.ENSP00000382595,565.5,1
9606.ENSP00000382610,3.5,1
9606.ENSP00000382628,41.2,1
9606.ENSP00000382646,0.1,1
9606.ENSP00000382670,0,0
9606.ENSP00000382675,7.6,1
9606.ENSP00000382684,0,0
9606.ENSP00000382688,19.2,1
9606.ENSP00000382697,3.6,1
9606.ENSP00000382707,1.1,1
9606.ENSP00000382708,0,0
9606.ENSP00000382713,0,0
9606.ENSP00000382717,10.9,1
9606.ENSP00000382731,0.2,1
9606.ENSP00000382767,12.4,1
9606.ENSP00000382770,0,0
9606.ENSP00000382777,0,0
9606.ENSP00000382779,72.8,1
9606.ENSP00000382783,0,0
9606.ENSP00000382791,0,0
9606.ENSP00000382794,0.2,1
9606.ENSP00000382800,11.1,1
9606.ENSP00000382804,0,0
9606.ENSP00000382805,15.7,1
9606.ENSP00000382815,4.2,1
9606.ENSP00000382828,0.4,1
9606.ENSP00000382840,292.2,1
9606.ENSP00000382856,0.1,1
9606.ENSP00000382863,54.9,1
9606.ENSP00000382871,0,0
9606.ENSP00000382884,0,0
9606.ENSP00000382895,0.3,1
9606.ENSP00000382941,10,1
9606.ENSP00000382951,0,0
9606.ENSP00000382957,0,0
9606.ENSP00000382972,0,0
9606.ENSP00000382976,0,0
9606.ENSP00000382982,0,0
9606.ENSP00000382987,0,0
9606.ENSP00000383003,255.1,1
9606.ENSP00000383020,0,0
9606.ENSP00000383023,4,1
9606.ENSP00000383042,169.5,1
9606.ENSP00000383044,16.7,1
9606.ENSP00000383059,17.4,1
9606.ENSP00000383063,2.2,1
9606.ENSP00000383089,0,0
9606.ENSP00000383096,0,0
9606.ENSP00000383105,6.3,1
9606.ENSP00000383115,0.3,1
9606.ENSP00000383118,241.1,1
9606.ENSP00000383143,0,0
9606.ENSP00000383145,3.2,1
9606.ENSP00000383168,1.7,1
9606.ENSP00000383178,26,1
9606.ENSP00000383185,0.2,1
9606.ENSP00000383199,19.5,1
9606.ENSP00000383212,0.3,1
9606.ENSP00000383216,0,0
9606.ENSP00000383219,0,0
9606.ENSP00000383223,0,0
9606.ENSP00000383225,0,0
9606.ENSP00000383226,0,0
9606.ENSP00000383232,6.2,1
9606.ENSP00000383234,2.3,1
9606.ENSP00000383256,0,0
9606.ENSP00000383270,0,0
9606.ENSP00000383274,48.4,1
9606.ENSP00000383295,3.7,1
9606.ENSP00000383303,0,0
9606.ENSP00000383333,12.9,1
9606.ENSP00000383364,0,0
9606.ENSP00000383365,17.8,1
9606.ENSP00000383366,0,0
9606.ENSP00000383376,2.2,1
9606.ENSP00000383382,0.1,1
9606.ENSP00000383392,0,0
9606.ENSP00000383396,0,0
9606.ENSP00000383398,0,0
9606.ENSP00000383402,54,1
9606.ENSP00000383421,0.1,1
9606.ENSP00000383431,0,0
9606.ENSP00000383456,0,0
9606.ENSP00000383474,0,0
9606.ENSP00000383505,0,0
9606.ENSP00000383516,0,0
9606.ENSP00000383558,0,0
9606.ENSP00000383563,0,0
9606.ENSP00000383594,8.7,1
9606.ENSP00000383599,12.5,1
9606.ENSP00000383611,26.8,1
9606.ENSP00000383641,0,0
9606.ENSP00000383682,13.6,1
9606.ENSP00000383690,0,0
9606.ENSP00000383692,6.4,1
9606.ENSP00000383698,0,0
9606.ENSP00000383710,4.2,1
9606.ENSP00000383719,42.6,1
9606.ENSP00000383737,13.8,1
9606.ENSP00000383808,8.2,1
9606.ENSP00000383820,24.9,1
9606.ENSP00000383840,12.3,1
9606.ENSP00000383851,10.3,1
9606.ENSP00000383866,115.1,1
9606.ENSP00000383873,0,0
9606.ENSP00000383894,0.4,1
9606.ENSP00000383900,0,0
9606.ENSP00000383901,0,0
9606.ENSP00000383909,0.9,1
9606.ENSP00000383911,28.8,1
9606.ENSP00000383920,21.1,1
9606.ENSP00000383922,0,0
9606.ENSP00000383923,0,0
9606.ENSP00000383931,0,0
9606.ENSP00000383933,1.3,1
9606.ENSP00000383938,37.1,1
9606.ENSP00000383949,183.6,1
9606.ENSP00000383973,51.6,1
9606.ENSP00000383986,41.4,1
9606.ENSP00000384000,4.6,1
9606.ENSP00000384004,0.3,1
9606.ENSP00000384006,3.2,1
9606.ENSP00000384015,33.3,1
9606.ENSP00000384018,8.2,1
9606.ENSP00000384040,0,0
9606.ENSP00000384048,23.7,1
9606.ENSP00000384053,0,0
9606.ENSP00000384081,7.5,1
9606.ENSP00000384084,4.6,1
9606.ENSP00000384092,0,0
9606.ENSP00000384103,0,0
9606.ENSP00000384109,61.1,1
9606.ENSP00000384115,0,0
9606.ENSP00000384117,0.1,1
9606.ENSP00000384126,0.2,1
9606.ENSP00000384136,77.3,1
9606.ENSP00000384160,20.8,1
9606.ENSP00000384164,10.8,1
9606.ENSP00000384169,0,0
9606.ENSP00000384179,0,0
9606.ENSP00000384182,22.2,1
9606.ENSP00000384183,1.8,1
9606.ENSP00000384192,0,0
9606.ENSP00000384193,1.2,1
9606.ENSP00000384197,0,0
9606.ENSP00000384198,1.7,1
9606.ENSP00000384211,32.1,1
9606.ENSP00000384212,2.5,1
9606.ENSP00000384214,0,0
9606.ENSP00000384222,35.7,1
9606.ENSP00000384223,0,0
9606.ENSP00000384234,0,0
9606.ENSP00000384259,16,1
9606.ENSP00000384262,16.8,1
9606.ENSP00000384264,0.2,1
9606.ENSP00000384273,36.8,1
9606.ENSP00000384290,4.8,1
9606.ENSP00000384296,14.7,1
9606.ENSP00000384302,116.6,1
9606.ENSP00000384312,9.2,1
9606.ENSP00000384330,0,0
9606.ENSP00000384331,22.4,1
9606.ENSP00000384334,0.8,1
9606.ENSP00000384359,0.1,1
9606.ENSP00000384363,1.6,1
9606.ENSP00000384364,0,0
9606.ENSP00000384367,20.5,1
9606.ENSP00000384369,12.3,1
9606.ENSP00000384370,12.3,1
9606.ENSP00000384371,4.4,1
9606.ENSP00000384376,0,0
9606.ENSP00000384387,0,0
9606.ENSP00000384398,7.7,1
9606.ENSP00000384400,1.5,1
9606.ENSP00000384408,17.3,1
9606.ENSP00000384421,32.1,1
9606.ENSP00000384434,1.2,1
9606.ENSP00000384442,14.3,1
9606.ENSP00000384474,30.3,1
9606.ENSP00000384477,21.5,1
9606.ENSP00000384490,17,1
9606.ENSP00000384491,7.2,1
9606.ENSP00000384515,45.9,1
9606.ENSP00000384517,5.3,1
9606.ENSP00000384524,0.1,1
9606.ENSP00000384527,15.6,1
9606.ENSP00000384537,102.2,1
9606.ENSP00000384545,27.2,1
9606.ENSP00000384551,0.4,1
9606.ENSP00000384563,0,0
9606.ENSP00000384564,6.9,1
9606.ENSP00000384570,4.9,1
9606.ENSP00000384582,23,1
9606.ENSP00000384588,0,0
9606.ENSP00000384593,16.8,1
9606.ENSP00000384597,0.3,1
9606.ENSP00000384604,0.5,1
9606.ENSP00000384610,0.1,1
9606.ENSP00000384615,8.5,1
9606.ENSP00000384616,0,0
9606.ENSP00000384620,0.3,1
9606.ENSP00000384621,0.1,1
9606.ENSP00000384625,19.6,1
9606.ENSP00000384629,41.6,1
9606.ENSP00000384638,0,0
9606.ENSP00000384651,18.5,1
9606.ENSP00000384670,0,0
9606.ENSP00000384683,0,0
9606.ENSP00000384690,0,0
9606.ENSP00000384700,0,0
9606.ENSP00000384708,0,0
9606.ENSP00000384716,15.5,1
9606.ENSP00000384719,0.8,1
9606.ENSP00000384725,0.7,1
9606.ENSP00000384744,1.1,1
9606.ENSP00000384748,2.8,1
9606.ENSP00000384763,0.5,1
9606.ENSP00000384766,0.2,1
9606.ENSP00000384770,0.2,1
9606.ENSP00000384792,18.6,1
9606.ENSP00000384794,12.9,1
9606.ENSP00000384823,42.5,1
9606.ENSP00000384832,21.4,1
9606.ENSP00000384848,2.1,1
9606.ENSP00000384849,3.7,1
9606.ENSP00000384851,16.9,1
9606.ENSP00000384863,307.9,1
9606.ENSP00000384867,15.4,1
9606.ENSP00000384869,2.8,1
9606.ENSP00000384876,3.1,1
9606.ENSP00000384881,0.1,1
9606.ENSP00000384886,69.9,1
9606.ENSP00000384887,2.6,1
9606.ENSP00000384894,0,0
9606.ENSP00000384906,0,0
9606.ENSP00000384917,0,0
9606.ENSP00000384924,8.6,1
9606.ENSP00000384932,0,0
9606.ENSP00000384949,148.2,1
9606.ENSP00000384950,0,0
9606.ENSP00000384952,28.3,1
9606.ENSP00000384957,0.1,1
9606.ENSP00000384965,0,0
9606.ENSP00000384966,6.6,1
9606.ENSP00000384971,0,0
9606.ENSP00000384996,4.3,1
9606.ENSP00000384999,33.2,1
9606.ENSP00000385000,61.3,1
9606.ENSP00000385006,63.8,1
9606.ENSP00000385019,0,0
9606.ENSP00000385021,39,1
9606.ENSP00000385025,9.4,1
9606.ENSP00000385026,0,0
9606.ENSP00000385028,4.2,1
9606.ENSP00000385035,0.3,1
9606.ENSP00000385036,0,0
9606.ENSP00000385057,0.2,1
9606.ENSP00000385080,46.8,1
9606.ENSP00000385083,8.7,1
9606.ENSP00000385090,0,0
9606.ENSP00000385096,10,1
9606.ENSP00000385098,0.4,1
9606.ENSP00000385099,2.6,1
9606.ENSP00000385118,8.1,1
9606.ENSP00000385142,0.1,1
9606.ENSP00000385143,0,0
9606.ENSP00000385158,4.3,1
9606.ENSP00000385163,3.5,1
9606.ENSP00000385205,21,1
9606.ENSP00000385215,4.2,1
9606.ENSP00000385216,10.7,1
9606.ENSP00000385247,0,0
9606.ENSP00000385269,155.2,1
9606.ENSP00000385277,0.6,1
9606.ENSP00000385285,0,0
9606.ENSP00000385300,8.8,1
9606.ENSP00000385312,43.5,1
9606.ENSP00000385334,12.4,1
9606.ENSP00000385347,5.2,1
9606.ENSP00000385357,1,1
9606.ENSP00000385361,0,0
9606.ENSP00000385385,324.1,1
9606.ENSP00000385410,285,1
9606.ENSP00000385415,0,0
9606.ENSP00000385432,62.8,1
9606.ENSP00000385443,0,0
9606.ENSP00000385450,3.4,1
9606.ENSP00000385451,431.8,1
9606.ENSP00000385452,1.4,1
9606.ENSP00000385461,0,0
9606.ENSP00000385470,0,0
9606.ENSP00000385477,0,0
9606.ENSP00000385478,1.2,1
9606.ENSP00000385480,0.5,1
9606.ENSP00000385494,0,0
9606.ENSP00000385510,25.3,1
9606.ENSP00000385523,7.1,1
9606.ENSP00000385527,0,0
9606.ENSP00000385545,0,0
9606.ENSP00000385570,0.8,1
9606.ENSP00000385571,10.7,1
9606.ENSP00000385579,8.2,1
9606.ENSP00000385586,0.2,1
9606.ENSP00000385592,0,0
9606.ENSP00000385610,27.9,1
9606.ENSP00000385616,13.4,1
9606.ENSP00000385632,17.5,1
9606.ENSP00000385636,31.9,1
9606.ENSP00000385675,0,0
9606.ENSP00000385684,0,0
9606.ENSP00000385689,10,1
9606.ENSP00000385695,0.1,1
9606.ENSP00000385706,0,0
9606.ENSP00000385720,34.8,1
9606.ENSP00000385721,0,0
9606.ENSP00000385722,11.8,1
9606.ENSP00000385727,11.8,1
9606.ENSP00000385735,0,0
9606.ENSP00000385739,0,0
9606.ENSP00000385741,0,0
9606.ENSP00000385746,265.5,1
9606.ENSP00000385749,27,1
9606.ENSP00000385751,26.9,1
9606.ENSP00000385757,82.1,1
9606.ENSP00000385763,47.5,1
9606.ENSP00000385780,0,0
9606.ENSP00000385787,40.3,1
9606.ENSP00000385790,2.2,1
9606.ENSP00000385795,42.4,1
9606.ENSP00000385808,9.6,1
9606.ENSP00000385814,75.1,1
9606.ENSP00000385824,12.1,1
9606.ENSP00000385828,7.9,1
9606.ENSP00000385834,1.3,1
9606.ENSP00000385836,0,0
9606.ENSP00000385852,50.6,1
9606.ENSP00000385885,0.9,1
9606.ENSP00000385887,6.2,1
9606.ENSP00000385892,89,1
9606.ENSP00000385899,0.9,1
9606.ENSP00000385903,40.1,1
9606.ENSP00000385905,4.2,1
9606.ENSP00000385923,48.6,1
9606.ENSP00000385927,39.8,1
9606.ENSP00000385936,0,0
9606.ENSP00000385939,12.5,1
9606.ENSP00000385957,0,0
9606.ENSP00000385958,1548.1,1
9606.ENSP00000385968,20.7,1
9606.ENSP00000385995,15.7,1
9606.ENSP00000386022,0,0
9606.ENSP00000386023,76,1
9606.ENSP00000386029,0,0
9606.ENSP00000386039,10.4,1
9606.ENSP00000386041,0,0
9606.ENSP00000386043,0.7,1
9606.ENSP00000386049,3.1,1
9606.ENSP00000386069,0.2,1
9606.ENSP00000386104,20.4,1
9606.ENSP00000386118,0,0
9606.ENSP00000386125,3.9,1
9606.ENSP00000386126,0,0
9606.ENSP00000386133,0,0
9606.ENSP00000386134,109,1
9606.ENSP00000386135,13.9,1
9606.ENSP00000386137,0,0
9606.ENSP00000386138,0,0
9606.ENSP00000386141,0,0
9606.ENSP00000386143,0,0
9606.ENSP00000386146,1.8,1
9606.ENSP00000386151,0,0
9606.ENSP00000386156,43.6,1
9606.ENSP00000386162,0,0
9606.ENSP00000386165,1.7,1
9606.ENSP00000386167,0,0
9606.ENSP00000386170,3.2,1
9606.ENSP00000386174,0,0
9606.ENSP00000386175,0,0
9606.ENSP00000386180,0,0
9606.ENSP00000386181,5.7,1
9606.ENSP00000386184,6.2,1
9606.ENSP00000386186,4.1,1
9606.ENSP00000386187,36.5,1
9606.ENSP00000386190,0,0
9606.ENSP00000386195,0,0
9606.ENSP00000386200,0.8,1
9606.ENSP00000386201,0,0
9606.ENSP00000386207,1.3,1
9606.ENSP00000386208,0,0
9606.ENSP00000386209,0,0
9606.ENSP00000386210,0,0
9606.ENSP00000386212,0,0
9606.ENSP00000386213,0.3,1
9606.ENSP00000386222,0,0
9606.ENSP00000386226,29,1
9606.ENSP00000386227,8.2,1
9606.ENSP00000386229,0.2,1
9606.ENSP00000386230,1,1
9606.ENSP00000386239,13.4,1
9606.ENSP00000386264,5.6,1
9606.ENSP00000386272,0,0
9606.ENSP00000386277,42,1
9606.ENSP00000386280,0.1,1
9606.ENSP00000386284,8.1,1
9606.ENSP00000386289,20,1
9606.ENSP00000386292,2.8,1
9606.ENSP00000386302,10.1,1
9606.ENSP00000386306,6.5,1
9606.ENSP00000386331,0,0
9606.ENSP00000386346,0.2,1
9606.ENSP00000386348,33.6,1
9606.ENSP00000386357,0.2,1
9606.ENSP00000386376,0,0
9606.ENSP00000386377,21.6,1
9606.ENSP00000386378,2.2,1
9606.ENSP00000386380,0.2,1
9606.ENSP00000386385,9,1
9606.ENSP00000386389,0,0
9606.ENSP00000386394,96.8,1
9606.ENSP00000386398,0,0
9606.ENSP00000386414,0,0
9606.ENSP00000386433,72.1,1
9606.ENSP00000386439,1,1
9606.ENSP00000386443,37.8,1
9606.ENSP00000386444,0,0
9606.ENSP00000386450,0,0
9606.ENSP00000386452,16.9,1
9606.ENSP00000386453,0.5,1
9606.ENSP00000386456,11.7,1
9606.ENSP00000386458,90.8,1
9606.ENSP00000386488,19.4,1
9606.ENSP00000386498,0.4,1
9606.ENSP00000386499,0,0
9606.ENSP00000386502,0.6,1
9606.ENSP00000386520,20.5,1
9606.ENSP00000386531,64,1
9606.ENSP00000386532,0,0
9606.ENSP00000386538,22.2,1
9606.ENSP00000386541,176.8,1
9606.ENSP00000386543,50.6,1
9606.ENSP00000386557,15.3,1
9606.ENSP00000386559,0.6,1
9606.ENSP00000386563,16.5,1
9606.ENSP00000386588,0.6,1
9606.ENSP00000386597,42,1
9606.ENSP00000386604,5.3,1
9606.ENSP00000386607,0,0
9606.ENSP00000386609,6.3,1
9606.ENSP00000386616,0,0
9606.ENSP00000386636,315.3,1
9606.ENSP00000386647,1.7,1
9606.ENSP00000386651,67,1
9606.ENSP00000386653,3,1
9606.ENSP00000386655,692.9,1
9606.ENSP00000386660,23.7,1
9606.ENSP00000386665,31.4,1
9606.ENSP00000386702,0,0
9606.ENSP00000386710,43.2,1
9606.ENSP00000386711,0,0
9606.ENSP00000386717,2112.3,1
9606.ENSP00000386722,15.3,1
9606.ENSP00000386738,52.7,1
9606.ENSP00000386741,68,1
9606.ENSP00000386759,29.5,1
9606.ENSP00000386764,0.7,1
9606.ENSP00000386766,28.6,1
9606.ENSP00000386770,0,0
9606.ENSP00000386772,14.8,1
9606.ENSP00000386787,12.1,1
9606.ENSP00000386788,400.7,1
9606.ENSP00000386791,0,0
9606.ENSP00000386796,0.1,1
9606.ENSP00000386804,0,0
9606.ENSP00000386807,0.6,1
9606.ENSP00000386810,0,0
9606.ENSP00000386834,0.5,1
9606.ENSP00000386840,0,0
9606.ENSP00000386845,31.9,1
9606.ENSP00000386857,36.9,1
9606.ENSP00000386862,22.6,1
9606.ENSP00000386869,13,1
9606.ENSP00000386870,0,0
9606.ENSP00000386881,0,0
9606.ENSP00000386884,1.7,1
9606.ENSP00000386894,263.5,1
9606.ENSP00000386895,0.5,1
9606.ENSP00000386896,17.7,1
9606.ENSP00000386902,1.4,1
9606.ENSP00000386908,0.2,1
9606.ENSP00000386911,0,0
9606.ENSP00000386918,8.9,1
9606.ENSP00000386921,68.4,1
9606.ENSP00000386923,2.3,1
9606.ENSP00000386928,18.5,1
9606.ENSP00000386935,29.6,1
9606.ENSP00000386942,0,0
9606.ENSP00000386959,0,0
9606.ENSP00000386962,0.1,1
9606.ENSP00000386972,0,0
9606.ENSP00000386988,0.3,1
9606.ENSP00000386992,47.3,1
9606.ENSP00000387006,30.4,1
9606.ENSP00000387007,53.7,1
9606.ENSP00000387010,55.6,1
9606.ENSP00000387020,0,0
9606.ENSP00000387027,0,0
9606.ENSP00000387046,10.9,1
9606.ENSP00000387050,39.9,1
9606.ENSP00000387051,83.8,1
9606.ENSP00000387075,2.8,1
9606.ENSP00000387077,1.5,1
9606.ENSP00000387078,15.9,1
9606.ENSP00000387091,0,0
9606.ENSP00000387100,7.9,1
9606.ENSP00000387122,11.6,1
9606.ENSP00000387123,36.5,1
9606.ENSP00000387124,0,0
9606.ENSP00000387128,0.3,1
9606.ENSP00000387159,1.9,1
9606.ENSP00000387164,51.8,1
9606.ENSP00000387170,44.2,1
9606.ENSP00000387176,0,0
9606.ENSP00000387185,0.9,1
9606.ENSP00000387187,454.6,1
9606.ENSP00000387209,3.8,1
9606.ENSP00000387211,0,0
9606.ENSP00000387219,63.7,1
9606.ENSP00000387246,15.6,1
9606.ENSP00000387261,20.3,1
9606.ENSP00000387262,128.9,1
9606.ENSP00000387266,24,1
9606.ENSP00000387278,0,0
9606.ENSP00000387282,87.9,1
9606.ENSP00000387286,173.7,1
9606.ENSP00000387292,6.8,1
9606.ENSP00000387298,2,1
9606.ENSP00000387303,0,0
9606.ENSP00000387307,0,0
9606.ENSP00000387310,2.4,1
9606.ENSP00000387334,4.7,1
9606.ENSP00000387356,0,0
9606.ENSP00000387361,22.3,1
9606.ENSP00000387362,31.9,1
9606.ENSP00000387365,70.8,1
9606.ENSP00000387380,0.7,1
9606.ENSP00000387426,14.4,1
9606.ENSP00000387435,0,0
9606.ENSP00000387462,16.7,1
9606.ENSP00000387471,140,1
9606.ENSP00000387498,0,0
9606.ENSP00000387523,0,0
9606.ENSP00000387535,3.3,1
9606.ENSP00000387536,12.3,1
9606.ENSP00000387549,0,0
9606.ENSP00000387593,25.6,1
9606.ENSP00000387617,0.1,1
9606.ENSP00000387641,6.4,1
9606.ENSP00000387654,31.7,1
9606.ENSP00000387662,0,0
9606.ENSP00000387683,0,0
9606.ENSP00000387694,4.3,1
9606.ENSP00000387699,34.8,1
9606.ENSP00000387710,261.1,1
9606.ENSP00000387739,20.1,1
9606.ENSP00000387757,10.2,1
9606.ENSP00000387784,26.9,1
9606.ENSP00000387822,0,0
9606.ENSP00000387875,0,0
9606.ENSP00000387882,9,1
9606.ENSP00000387888,0,0
9606.ENSP00000387907,0.1,1
9606.ENSP00000387911,46.7,1
9606.ENSP00000387941,7.6,1
9606.ENSP00000387982,6.4,1
9606.ENSP00000388001,0.2,1
9606.ENSP00000388094,0,0
9606.ENSP00000388107,1881.9,1
9606.ENSP00000388137,0,0
9606.ENSP00000388169,102.9,1
9606.ENSP00000388207,0,0
9606.ENSP00000388241,3.1,1
9606.ENSP00000388275,0.8,1
9606.ENSP00000388293,0.1,1
9606.ENSP00000388299,0,0
9606.ENSP00000388311,6.1,1
9606.ENSP00000388320,14.8,1
9606.ENSP00000388325,30,1
9606.ENSP00000388337,285.5,1
9606.ENSP00000388402,8.8,1
9606.ENSP00000388431,17.8,1
9606.ENSP00000388502,2,1
9606.ENSP00000388510,18.4,1
9606.ENSP00000388550,5.2,1
9606.ENSP00000388552,1.8,1
9606.ENSP00000388566,0,0
9606.ENSP00000388620,1.6,1
9606.ENSP00000388631,0,0
9606.ENSP00000388638,130.3,1
9606.ENSP00000388648,54.2,1
9606.ENSP00000388658,7.9,1
9606.ENSP00000388684,0,0
9606.ENSP00000388713,30.2,1
9606.ENSP00000388723,0,0
9606.ENSP00000388731,14.5,1
9606.ENSP00000388806,420,1
9606.ENSP00000388823,84.7,1
9606.ENSP00000388825,0,0
9606.ENSP00000388850,0,0
9606.ENSP00000388864,4.9,1
9606.ENSP00000388878,0,0
9606.ENSP00000388895,0,0
9606.ENSP00000388909,25.7,1
9606.ENSP00000388910,7.1,1
9606.ENSP00000388920,31.1,1
9606.ENSP00000388940,84.3,1
9606.ENSP00000388942,137.7,1
9606.ENSP00000388996,54.2,1
9606.ENSP00000389009,0,0
9606.ENSP00000389014,2.4,1
9606.ENSP00000389015,0,0
9606.ENSP00000389026,0,0
9606.ENSP00000389060,160.8,1
9606.ENSP00000389072,0,0
9606.ENSP00000389103,1604.1,1
9606.ENSP00000389111,0.9,1
9606.ENSP00000389140,0,0
9606.ENSP00000389160,118.6,1
9606.ENSP00000389168,38.6,1
9606.ENSP00000389175,1.7,1
9606.ENSP00000389176,14,1
9606.ENSP00000389182,73.9,1
9606.ENSP00000389237,0,0
9606.ENSP00000389241,0,0
9606.ENSP00000389252,7.4,1
9606.ENSP00000389255,0,0
9606.ENSP00000389277,363.7,1
9606.ENSP00000389289,0,0
9606.ENSP00000389326,0,0
9606.ENSP00000389377,9.9,1
9606.ENSP00000389381,4.2,1
9606.ENSP00000389395,0,0
9606.ENSP00000389399,24.8,1
9606.ENSP00000389414,0,0
9606.ENSP00000389427,20.4,1
9606.ENSP00000389443,0,0
9606.ENSP00000389445,224.3,1
9606.ENSP00000389466,0,0
9606.ENSP00000389513,0,0
9606.ENSP00000389554,0,0
9606.ENSP00000389588,0.1,1
9606.ENSP00000389600,0.1,1
9606.ENSP00000389625,0.4,1
9606.ENSP00000389630,16,1
9606.ENSP00000389631,22.4,1
9606.ENSP00000389649,441.3,1
9606.ENSP00000389709,0,0
9606.ENSP00000389714,0.3,1
9606.ENSP00000389715,0,0
9606.ENSP00000389745,13.6,1
9606.ENSP00000389787,1.1,1
9606.ENSP00000389810,33.3,1
9606.ENSP00000389813,7.4,1
9606.ENSP00000389814,0,0
9606.ENSP00000389841,4.3,1
9606.ENSP00000389843,0,0
9606.ENSP00000389870,7.1,1
9606.ENSP00000389900,31,1
9606.ENSP00000389903,25.8,1
9606.ENSP00000389910,3.2,1
9606.ENSP00000389913,4.1,1
9606.ENSP00000389948,8.2,1
9606.ENSP00000389998,1.9,1
9606.ENSP00000390011,4.2,1
9606.ENSP00000390020,2.6,1
9606.ENSP00000390070,0,0
9606.ENSP00000390076,2.1,1
9606.ENSP00000390084,0,0
9606.ENSP00000390111,0,0
9606.ENSP00000390158,31.2,1
9606.ENSP00000390179,3.1,1
9606.ENSP00000390204,0,0
9606.ENSP00000390232,0,0
9606.ENSP00000390265,112.4,1
9606.ENSP00000390407,0,0
9606.ENSP00000390410,0,0
9606.ENSP00000390423,0,0
9606.ENSP00000390431,0,0
9606.ENSP00000390436,4.3,1
9606.ENSP00000390475,51.6,1
9606.ENSP00000390564,3.2,1
9606.ENSP00000390590,12,1
9606.ENSP00000390600,0,0
9606.ENSP00000390613,0,0
9606.ENSP00000390621,0.3,1
9606.ENSP00000390625,30.7,1
9606.ENSP00000390630,0.1,1
9606.ENSP00000390637,0,0
9606.ENSP00000390651,5.3,1
9606.ENSP00000390661,0,0
9606.ENSP00000390722,30.6,1
9606.ENSP00000390762,0.2,1
9606.ENSP00000390778,0,0
9606.ENSP00000390783,41.3,1
9606.ENSP00000390784,0,0
9606.ENSP00000390849,16.5,1
9606.ENSP00000390932,2.9,1
9606.ENSP00000390941,0.2,1
9606.ENSP00000391085,0,0
9606.ENSP00000391088,0,0
9606.ENSP00000391101,0,0
9606.ENSP00000391121,7.8,1
9606.ENSP00000391137,0,0
9606.ENSP00000391167,9.7,1
9606.ENSP00000391200,9.1,1
9606.ENSP00000391209,12.8,1
9606.ENSP00000391211,109.2,1
9606.ENSP00000391227,1.6,1
9606.ENSP00000391249,96.6,1
9606.ENSP00000391299,0,0
9606.ENSP00000391311,30.2,1
9606.ENSP00000391397,0.2,1
9606.ENSP00000391404,0,0
9606.ENSP00000391409,0,0
9606.ENSP00000391457,52.4,1
9606.ENSP00000391481,377.9,1
9606.ENSP00000391488,2.8,1
9606.ENSP00000391490,0,0
9606.ENSP00000391498,0,0
9606.ENSP00000391504,0.7,1
9606.ENSP00000391524,0.1,1
9606.ENSP00000391549,31.8,1
9606.ENSP00000391583,0,0
9606.ENSP00000391592,0.3,1
9606.ENSP00000391594,2.6,1
9606.ENSP00000391596,1.7,1
9606.ENSP00000391601,22.1,1
9606.ENSP00000391641,3.2,1
9606.ENSP00000391664,0,0
9606.ENSP00000391668,0.3,1
9606.ENSP00000391669,6.1,1
9606.ENSP00000391676,0,0
9606.ENSP00000391692,0.5,1
9606.ENSP00000391723,58.3,1
9606.ENSP00000391747,0.3,1
9606.ENSP00000391748,32.3,1
9606.ENSP00000391788,0,0
9606.ENSP00000391800,1.4,1
9606.ENSP00000391826,0.9,1
9606.ENSP00000391869,0.7,1
9606.ENSP00000391942,43.1,1
9606.ENSP00000391950,1.4,1
9606.ENSP00000392024,0,0
9606.ENSP00000392025,11.3,1
9606.ENSP00000392028,26.7,1
9606.ENSP00000392043,40.3,1
9606.ENSP00000392065,48.7,1
9606.ENSP00000392066,7.9,1
9606.ENSP00000392094,181.5,1
9606.ENSP00000392105,0,0
9606.ENSP00000392147,56.8,1
9606.ENSP00000392189,0,0
9606.ENSP00000392204,0.7,1
9606.ENSP00000392206,2.3,1
9606.ENSP00000392252,0,0
9606.ENSP00000392257,1,1
9606.ENSP00000392270,254.6,1
9606.ENSP00000392283,0,0
9606.ENSP00000392316,40.2,1
9606.ENSP00000392318,10.3,1
9606.ENSP00000392330,337.3,1
9606.ENSP00000392335,0.6,1
9606.ENSP00000392353,15,1
9606.ENSP00000392368,0,0
9606.ENSP00000392371,6.5,1
9606.ENSP00000392395,2.1,1
9606.ENSP00000392398,0,0
9606.ENSP00000392407,0,0
9606.ENSP00000392410,5.9,1
9606.ENSP00000392411,0,0
9606.ENSP00000392423,2.1,1
9606.ENSP00000392452,19.6,1
9606.ENSP00000392466,48.9,1
9606.ENSP00000392495,13.8,1
9606.ENSP00000392500,3.7,1
9606.ENSP00000392511,1.3,1
9606.ENSP00000392513,1.8,1
9606.ENSP00000392549,6.9,1
9606.ENSP00000392553,14.5,1
9606.ENSP00000392617,65.7,1
9606.ENSP00000392660,0.1,1
9606.ENSP00000392678,114.7,1
9606.ENSP00000392700,0,0
9606.ENSP00000392709,52.9,1
9606.ENSP00000392718,0,0
9606.ENSP00000392726,0,0
9606.ENSP00000392762,0,0
9606.ENSP00000392770,0,0
9606.ENSP00000392812,0,0
9606.ENSP00000392828,2.3,1
9606.ENSP00000392879,0,0
9606.ENSP00000392896,88.3,1
9606.ENSP00000392906,11.1,1
9606.ENSP00000392936,0,0
9606.ENSP00000392985,0,0
9606.ENSP00000393066,0,0
9606.ENSP00000393097,0,0
9606.ENSP00000393099,9.8,1
9606.ENSP00000393128,0,0
9606.ENSP00000393136,0,0
9606.ENSP00000393139,39.8,1
9606.ENSP00000393154,0,0
9606.ENSP00000393161,0.2,1
9606.ENSP00000393163,0,0
9606.ENSP00000393183,43.3,1
9606.ENSP00000393198,2.1,1
9606.ENSP00000393222,0,0
9606.ENSP00000393241,5472.9,1
9606.ENSP00000393260,19.5,1
9606.ENSP00000393275,2.7,1
9606.ENSP00000393312,90,1
9606.ENSP00000393313,36.3,1
9606.ENSP00000393315,0,0
9606.ENSP00000393316,60.3,1
9606.ENSP00000393324,8.6,1
9606.ENSP00000393333,0.7,1
9606.ENSP00000393379,14.1,1
9606.ENSP00000393392,0,0
9606.ENSP00000393417,0,0
9606.ENSP00000393453,0,0
9606.ENSP00000393474,0,0
9606.ENSP00000393511,0,0
9606.ENSP00000393541,13.9,1
9606.ENSP00000393557,0.2,1
9606.ENSP00000393559,13.5,1
9606.ENSP00000393566,0,0
9606.ENSP00000393583,3.1,1
9606.ENSP00000393596,22.9,1
9606.ENSP00000393631,5.9,1
9606.ENSP00000393667,8.1,1
9606.ENSP00000393675,6.3,1
9606.ENSP00000393719,0,0
9606.ENSP00000393762,7,1
9606.ENSP00000393776,9.6,1
9606.ENSP00000393785,20.4,1
9606.ENSP00000393795,14.1,1
9606.ENSP00000393832,0.1,1
9606.ENSP00000393835,6.2,1
9606.ENSP00000393840,8.5,1
9606.ENSP00000393845,0,0
9606.ENSP00000393847,0,0
9606.ENSP00000393876,18,1
9606.ENSP00000393887,0,0
9606.ENSP00000393889,0,0
9606.ENSP00000393922,6,1
9606.ENSP00000393952,3.8,1
9606.ENSP00000393963,87.1,1
9606.ENSP00000393978,9.5,1
9606.ENSP00000393987,0.1,1
9606.ENSP00000394033,13.2,1
9606.ENSP00000394049,0,0
9606.ENSP00000394051,0,0
9606.ENSP00000394071,172.7,1
9606.ENSP00000394078,0,0
9606.ENSP00000394085,57.3,1
9606.ENSP00000394178,2.6,1
9606.ENSP00000394183,59.2,1
9606.ENSP00000394227,0.1,1
9606.ENSP00000394248,0,0
9606.ENSP00000394282,0,0
9606.ENSP00000394316,284.9,1
9606.ENSP00000394331,22.5,1
9606.ENSP00000394352,4.4,1
9606.ENSP00000394380,0,0
9606.ENSP00000394390,24.3,1
9606.ENSP00000394394,71.8,1
9606.ENSP00000394417,477.1,1
9606.ENSP00000394472,0,0
9606.ENSP00000394484,0,0
9606.ENSP00000394485,0.2,1
9606.ENSP00000394487,5.3,1
9606.ENSP00000394496,153.3,1
9606.ENSP00000394510,5.8,1
9606.ENSP00000394546,20,1
9606.ENSP00000394560,38.4,1
9606.ENSP00000394623,0.1,1
9606.ENSP00000394624,0.4,1
9606.ENSP00000394653,0,0
9606.ENSP00000394720,3.7,1
9606.ENSP00000394734,27.9,1
9606.ENSP00000394751,0.3,1
9606.ENSP00000394757,10.4,1
9606.ENSP00000394770,0,0
9606.ENSP00000394791,28,1
9606.ENSP00000394794,20.6,1
9606.ENSP00000394842,4.1,1
9606.ENSP00000394863,154.9,1
9606.ENSP00000394869,62.5,1
9606.ENSP00000394888,0.8,1
9606.ENSP00000394899,4.3,1
9606.ENSP00000394936,0,0
9606.ENSP00000394954,0,0
9606.ENSP00000395007,10,1
9606.ENSP00000395012,5.7,1
9606.ENSP00000395083,26.3,1
9606.ENSP00000395086,0,0
9606.ENSP00000395196,9.6,1
9606.ENSP00000395204,17,1
9606.ENSP00000395219,0,0
9606.ENSP00000395220,0,0
9606.ENSP00000395232,22.3,1
9606.ENSP00000395244,0.3,1
9606.ENSP00000395249,37.1,1
9606.ENSP00000395259,0,0
9606.ENSP00000395281,9.1,1
9606.ENSP00000395340,1,1
9606.ENSP00000395389,19,1
9606.ENSP00000395461,0,0
9606.ENSP00000395473,13.6,1
9606.ENSP00000395474,13.5,1
9606.ENSP00000395505,0,0
9606.ENSP00000395535,19.3,1
9606.ENSP00000395538,30.2,1
9606.ENSP00000395574,83,1
9606.ENSP00000395587,0,0
9606.ENSP00000395590,1.6,1
9606.ENSP00000395654,123.6,1
9606.ENSP00000395704,0,0
9606.ENSP00000395708,0.8,1
9606.ENSP00000395723,13.2,1
9606.ENSP00000395733,0.6,1
9606.ENSP00000395772,189.1,1
9606.ENSP00000395835,0,0
9606.ENSP00000395929,41.9,1
9606.ENSP00000395983,6.2,1
9606.ENSP00000395995,0,0
9606.ENSP00000396045,1,1
9606.ENSP00000396052,64.9,1
9606.ENSP00000396068,15.5,1
9606.ENSP00000396085,0,0
9606.ENSP00000396103,0,0
9606.ENSP00000396160,9.3,1
9606.ENSP00000396163,0.1,1
9606.ENSP00000396225,27.2,1
9606.ENSP00000396234,2.9,1
9606.ENSP00000396270,35.9,1
9606.ENSP00000396301,168.2,1
9606.ENSP00000396304,0,0
9606.ENSP00000396308,214.4,1
9606.ENSP00000396320,0,0
9606.ENSP00000396379,16.3,1
9606.ENSP00000396402,0.3,1
9606.ENSP00000396421,28.3,1
9606.ENSP00000396441,68.9,1
9606.ENSP00000396445,16,1
9606.ENSP00000396452,31.7,1
9606.ENSP00000396467,85.9,1
9606.ENSP00000396523,0,0
9606.ENSP00000396593,0,0
9606.ENSP00000396615,0.8,1
9606.ENSP00000396620,54.6,1
9606.ENSP00000396622,0,0
9606.ENSP00000396628,32.7,1
9606.ENSP00000396648,0,0
9606.ENSP00000396673,69.3,1
9606.ENSP00000396688,0.1,1
9606.ENSP00000396704,105.6,1
9606.ENSP00000396722,0,0
9606.ENSP00000396732,0,0
9606.ENSP00000396747,0,0
9606.ENSP00000396749,18.8,1
9606.ENSP00000396755,0,0
9606.ENSP00000396843,15.4,1
9606.ENSP00000396857,3.8,1
9606.ENSP00000396896,13.5,1
9606.ENSP00000396915,1.1,1
9606.ENSP00000396918,28,1
9606.ENSP00000396935,0.1,1
9606.ENSP00000396936,0,0
9606.ENSP00000396937,154.6,1
9606.ENSP00000396954,22.7,1
9606.ENSP00000396976,24.2,1
9606.ENSP00000396995,3.9,1
9606.ENSP00000397002,0.2,1
9606.ENSP00000397026,10.2,1
9606.ENSP00000397039,0,0
9606.ENSP00000397050,3,1
9606.ENSP00000397073,0,0
9606.ENSP00000397082,0,0
9606.ENSP00000397103,0,0
9606.ENSP00000397133,0,0
9606.ENSP00000397157,15.6,1
9606.ENSP00000397172,34.4,1
9606.ENSP00000397178,0,0
9606.ENSP00000397181,0,0
9606.ENSP00000397188,36.7,1
9606.ENSP00000397239,0,0
9606.ENSP00000397249,164.8,1
9606.ENSP00000397259,57.7,1
9606.ENSP00000397261,0,0
9606.ENSP00000397297,0,0
9606.ENSP00000397312,1.5,1
9606.ENSP00000397351,0.1,1
9606.ENSP00000397394,17.9,1
9606.ENSP00000397402,2.6,1
9606.ENSP00000397415,0,0
9606.ENSP00000397435,25.1,1
9606.ENSP00000397441,11.5,1
9606.ENSP00000397453,11.2,1
9606.ENSP00000397459,21.9,1
9606.ENSP00000397552,126.3,1
9606.ENSP00000397563,21.8,1
9606.ENSP00000397566,22.6,1
9606.ENSP00000397598,0.3,1
9606.ENSP00000397655,0,0
9606.ENSP00000397673,9.9,1
9606.ENSP00000397679,0,0
9606.ENSP00000397693,11.1,1
9606.ENSP00000397798,2690.1,1
9606.ENSP00000397843,559.8,1
9606.ENSP00000397863,0.1,1
9606.ENSP00000397881,19,1
9606.ENSP00000397900,0.2,1
9606.ENSP00000397908,17.4,1
9606.ENSP00000397911,0,0
9606.ENSP00000397925,0,0
9606.ENSP00000397927,101,1
9606.ENSP00000397947,18.2,1
9606.ENSP00000397968,0,0
9606.ENSP00000398017,0,0
9606.ENSP00000398048,1.7,1
9606.ENSP00000398064,143,1
9606.ENSP00000398076,13,1
9606.ENSP00000398083,19.8,1
9606.ENSP00000398089,4.4,1
9606.ENSP00000398105,12,1
9606.ENSP00000398106,39.8,1
9606.ENSP00000398124,51,1
9606.ENSP00000398131,297.8,1
9606.ENSP00000398181,55.9,1
9606.ENSP00000398211,0.1,1
9606.ENSP00000398273,9.9,1
9606.ENSP00000398342,0,0
9606.ENSP00000398350,15.9,1
9606.ENSP00000398401,28.5,1
9606.ENSP00000398410,3,1
9606.ENSP00000398454,0.4,1
9606.ENSP00000398481,0.4,1
9606.ENSP00000398495,72.2,1
9606.ENSP00000398502,14.5,1
9606.ENSP00000398516,0,0
9606.ENSP00000398523,81.4,1
9606.ENSP00000398559,0,0
9606.ENSP00000398560,7.4,1
9606.ENSP00000398568,0,0
9606.ENSP00000398596,22.9,1
9606.ENSP00000398597,9.5,1
9606.ENSP00000398610,44.6,1
9606.ENSP00000398617,0,0
9606.ENSP00000398619,0,0
9606.ENSP00000398632,9.9,1
9606.ENSP00000398637,0,0
9606.ENSP00000398655,0,0
9606.ENSP00000398688,0.3,1
9606.ENSP00000398698,0,0
9606.ENSP00000398722,53.1,1
9606.ENSP00000398736,15.9,1
9606.ENSP00000398744,0,0
9606.ENSP00000398778,4.1,1
9606.ENSP00000398789,5.9,1
9606.ENSP00000398798,17.6,1
9606.ENSP00000398803,47.8,1
9606.ENSP00000398824,22,1
9606.ENSP00000398837,11.3,1
9606.ENSP00000398861,0,0
9606.ENSP00000398880,49.2,1
9606.ENSP00000398882,4.6,1
9606.ENSP00000398890,0,0
9606.ENSP00000398930,60,1
9606.ENSP00000399013,0,0
9606.ENSP00000399075,0,0
9606.ENSP00000399078,0,0
9606.ENSP00000399136,0.1,1
9606.ENSP00000399168,116.4,1
9606.ENSP00000399229,1,1
9606.ENSP00000399259,3.5,1
9606.ENSP00000399324,0,0
9606.ENSP00000399392,6.1,1
9606.ENSP00000399403,29.3,1
9606.ENSP00000399415,13.9,1
9606.ENSP00000399421,4.3,1
9606.ENSP00000399441,0,0
9606.ENSP00000399457,250.4,1
9606.ENSP00000399465,13,1
9606.ENSP00000399475,17.4,1
9606.ENSP00000399485,0,0
9606.ENSP00000399511,6.3,1
9606.ENSP00000399518,46.4,1
9606.ENSP00000399547,0.1,1
9606.ENSP00000399585,25.6,1
9606.ENSP00000399588,0.6,1
9606.ENSP00000399664,3.1,1
9606.ENSP00000399679,0,0
9606.ENSP00000399700,3.2,1
9606.ENSP00000399709,0,0
9606.ENSP00000399711,0,0
9606.ENSP00000399718,33.7,1
9606.ENSP00000399745,0,0
9606.ENSP00000399797,39.7,1
9606.ENSP00000399805,47.2,1
9606.ENSP00000399808,0.4,1
9606.ENSP00000399862,32.5,1
9606.ENSP00000399863,10,1
9606.ENSP00000399888,326.2,1
9606.ENSP00000399903,3.2,1
9606.ENSP00000399938,6.5,1
9606.ENSP00000399968,22.5,1
9606.ENSP00000399970,3.2,1
9606.ENSP00000399979,0,0
9606.ENSP00000399982,90.6,1
9606.ENSP00000400010,19,1
9606.ENSP00000400041,0,0
9606.ENSP00000400046,0,0
9606.ENSP00000400057,83.9,1
9606.ENSP00000400099,32.7,1
9606.ENSP00000400101,50.1,1
9606.ENSP00000400113,26,1
9606.ENSP00000400142,471.5,1
9606.ENSP00000400157,0.3,1
9606.ENSP00000400168,11.6,1
9606.ENSP00000400175,560.4,1
9606.ENSP00000400184,69.2,1
9606.ENSP00000400223,4.2,1
9606.ENSP00000400252,0,0
9606.ENSP00000400258,0,0
9606.ENSP00000400312,23.1,1
9606.ENSP00000400341,0,0
9606.ENSP00000400365,1.6,1
9606.ENSP00000400376,0.9,1
9606.ENSP00000400391,102.6,1
9606.ENSP00000400433,496.8,1
9606.ENSP00000400459,1,1
9606.ENSP00000400467,67.3,1
9606.ENSP00000400471,239.2,1
9606.ENSP00000400482,63.7,1
9606.ENSP00000400500,19.3,1
9606.ENSP00000400513,43.9,1
9606.ENSP00000400533,0.2,1
9606.ENSP00000400591,258.1,1
9606.ENSP00000400646,8.3,1
9606.ENSP00000400713,0,0
9606.ENSP00000400717,35,1
9606.ENSP00000400736,2.5,1
9606.ENSP00000400803,0.7,1
9606.ENSP00000400806,33.7,1
9606.ENSP00000400839,12.7,1
9606.ENSP00000400852,3.4,1
9606.ENSP00000400870,55.2,1
9606.ENSP00000400878,6.4,1
9606.ENSP00000400880,0,0
9606.ENSP00000400882,0,0
9606.ENSP00000400887,15.8,1
9606.ENSP00000400892,0.7,1
9606.ENSP00000400895,0,0
9606.ENSP00000400906,132.1,1
9606.ENSP00000400908,6.8,1
9606.ENSP00000400921,39.3,1
9606.ENSP00000400932,6.7,1
9606.ENSP00000400972,1,1
9606.ENSP00000400995,5.3,1
9606.ENSP00000400997,2.6,1
9606.ENSP00000401010,224,1
9606.ENSP00000401018,24.5,1
9606.ENSP00000401023,7.9,1
9606.ENSP00000401089,0,0
9606.ENSP00000401112,14,1
9606.ENSP00000401115,33.9,1
9606.ENSP00000401145,1,1
9606.ENSP00000401191,124.8,1
9606.ENSP00000401197,40.3,1
9606.ENSP00000401264,28.9,1
9606.ENSP00000401277,33.4,1
9606.ENSP00000401303,45.5,1
9606.ENSP00000401310,0,0
9606.ENSP00000401328,0,0
9606.ENSP00000401335,0,0
9606.ENSP00000401338,8.4,1
9606.ENSP00000401371,57.5,1
9606.ENSP00000401399,43.2,1
9606.ENSP00000401435,16.5,1
9606.ENSP00000401437,0,0
9606.ENSP00000401445,1.9,1
9606.ENSP00000401470,135.5,1
9606.ENSP00000401477,0.2,1
9606.ENSP00000401498,0,0
9606.ENSP00000401502,0,0
9606.ENSP00000401508,1.8,1
9606.ENSP00000401513,0,0
9606.ENSP00000401514,0,0
9606.ENSP00000401536,0,0
9606.ENSP00000401564,449.4,1
9606.ENSP00000401566,34.6,1
9606.ENSP00000401597,0,0
9606.ENSP00000401633,0,0
9606.ENSP00000401645,0,0
9606.ENSP00000401678,0,0
9606.ENSP00000401706,0,0
9606.ENSP00000401720,8.5,1
9606.ENSP00000401721,18.6,1
9606.ENSP00000401749,0,0
9606.ENSP00000401764,20.5,1
9606.ENSP00000401770,306.4,1
9606.ENSP00000401802,173.9,1
9606.ENSP00000401831,4.7,1
9606.ENSP00000401853,24.6,1
9606.ENSP00000401867,1.1,1
9606.ENSP00000401878,14.5,1
9606.ENSP00000401907,3.6,1
9606.ENSP00000401932,0,0
9606.ENSP00000401946,11.8,1
9606.ENSP00000401947,0,0
9606.ENSP00000401966,0,0
9606.ENSP00000401980,17.3,1
9606.ENSP00000402020,21.3,1
9606.ENSP00000402033,1.7,1
9606.ENSP00000402038,18.6,1
9606.ENSP00000402060,24.3,1
9606.ENSP00000402084,49,1
9606.ENSP00000402092,0,0
9606.ENSP00000402103,69.9,1
9606.ENSP00000402152,4,1
9606.ENSP00000402153,0,0
9606.ENSP00000402154,0.3,1
9606.ENSP00000402219,0,0
9606.ENSP00000402257,4,1
9606.ENSP00000402297,0,0
9606.ENSP00000402301,208.8,1
9606.ENSP00000402338,51.5,1
9606.ENSP00000402343,0,0
9606.ENSP00000402346,15,1
9606.ENSP00000402355,0,0
9606.ENSP00000402373,1.8,1
9606.ENSP00000402394,1.5,1
9606.ENSP00000402414,0,0
9606.ENSP00000402457,6.2,1
9606.ENSP00000402460,0.3,1
9606.ENSP00000402505,0.2,1
9606.ENSP00000402515,29.6,1
9606.ENSP00000402527,51.6,1
9606.ENSP00000402537,6.5,1
9606.ENSP00000402584,0.5,1
9606.ENSP00000402608,0.5,1
9606.ENSP00000402653,7.3,1
9606.ENSP00000402661,27.9,1
9606.ENSP00000402674,0,0
9606.ENSP00000402703,0,0
9606.ENSP00000402756,36,1
9606.ENSP00000402758,0.6,1
9606.ENSP00000402790,0,0
9606.ENSP00000402855,0,0
9606.ENSP00000402861,0,0
9606.ENSP00000402915,0,0
9606.ENSP00000402935,20.6,1
9606.ENSP00000402949,38.4,1
9606.ENSP00000403042,30.1,1
9606.ENSP00000403067,3.3,1
9606.ENSP00000403077,33.6,1
9606.ENSP00000403104,9.7,1
9606.ENSP00000403117,22,1
9606.ENSP00000403130,0,0
9606.ENSP00000403151,0,0
9606.ENSP00000403172,2395.5,1
9606.ENSP00000403208,0,0
9606.ENSP00000403210,7.4,1
9606.ENSP00000403293,0,0
9606.ENSP00000403302,3,1
9606.ENSP00000403310,24.3,1
9606.ENSP00000403323,0.8,1
9606.ENSP00000403396,44.3,1
9606.ENSP00000403397,12.1,1
9606.ENSP00000403400,9.5,1
9606.ENSP00000403441,9,1
9606.ENSP00000403453,62.9,1
9606.ENSP00000403459,0,0
9606.ENSP00000403465,13.1,1
9606.ENSP00000403495,0,0
9606.ENSP00000403524,23.8,1
9606.ENSP00000403536,39.8,1
9606.ENSP00000403566,0,0
9606.ENSP00000403614,18.5,1
9606.ENSP00000403636,3.4,1
9606.ENSP00000403644,0,0
9606.ENSP00000403645,11.2,1
9606.ENSP00000403649,0,0
9606.ENSP00000403681,0,0
9606.ENSP00000403683,5.7,1
9606.ENSP00000403701,58,1
9606.ENSP00000403760,0,0
9606.ENSP00000403802,8.8,1
9606.ENSP00000403852,166.9,1
9606.ENSP00000403902,4,1
9606.ENSP00000403910,36.9,1
9606.ENSP00000403925,10.8,1
9606.ENSP00000403932,0,0
9606.ENSP00000403937,28.3,1
9606.ENSP00000403954,0.3,1
9606.ENSP00000403980,0,0
9606.ENSP00000403987,28.5,1
9606.ENSP00000404042,42.5,1
9606.ENSP00000404074,12.3,1
9606.ENSP00000404079,9.1,1
9606.ENSP00000404092,38.5,1
9606.ENSP00000404100,1.8,1
9606.ENSP00000404102,0,0
9606.ENSP00000404121,392.5,1
9606.ENSP00000404122,18.6,1
9606.ENSP00000404123,0,0
9606.ENSP00000404151,4.2,1
9606.ENSP00000404179,1.5,1
9606.ENSP00000404190,137.7,1
9606.ENSP00000404203,0,0
9606.ENSP00000404220,0,0
9606.ENSP00000404232,0.3,1
9606.ENSP00000404236,0,0
9606.ENSP00000404247,2.2,1
9606.ENSP00000404251,20.4,1
9606.ENSP00000404281,0,0
9606.ENSP00000404296,30.8,1
9606.ENSP00000404304,0,0
9606.ENSP00000404375,727.8,1
9606.ENSP00000404381,9.5,1
9606.ENSP00000404432,0,0
9606.ENSP00000404438,0,0
9606.ENSP00000404439,9.4,1
9606.ENSP00000404464,0.2,1
9606.ENSP00000404503,1.3,1
9606.ENSP00000404517,0,0
9606.ENSP00000404570,0,0
9606.ENSP00000404658,8.1,1
9606.ENSP00000404676,23.3,1
9606.ENSP00000404700,12.1,1
9606.ENSP00000404704,17.3,1
9606.ENSP00000404705,0,0
9606.ENSP00000404718,17,1
9606.ENSP00000404833,0.3,1
9606.ENSP00000404843,8,1
9606.ENSP00000404854,1.7,1
9606.ENSP00000404860,0,0
9606.ENSP00000404923,5.7,1
9606.ENSP00000404991,9.6,1
9606.ENSP00000405012,0,0
9606.ENSP00000405032,0.1,1
9606.ENSP00000405068,71.1,1
9606.ENSP00000405095,0,0
9606.ENSP00000405111,23.6,1
9606.ENSP00000405165,0,0
9606.ENSP00000405202,0,0
9606.ENSP00000405210,0,0
9606.ENSP00000405218,0.9,1
9606.ENSP00000405222,0,0
9606.ENSP00000405252,2.3,1
9606.ENSP00000405289,9.4,1
9606.ENSP00000405327,1.5,1
9606.ENSP00000405330,0,0
9606.ENSP00000405338,0,0
9606.ENSP00000405388,0,0
9606.ENSP00000405405,0.9,1
9606.ENSP00000405423,0,0
9606.ENSP00000405424,18.5,1
9606.ENSP00000405482,0.1,1
9606.ENSP00000405514,12.2,1
9606.ENSP00000405573,337.7,1
9606.ENSP00000405574,42.9,1
9606.ENSP00000405575,33.3,1
9606.ENSP00000405577,0.3,1
9606.ENSP00000405620,73.7,1
9606.ENSP00000405635,10,1
9606.ENSP00000405674,46.9,1
9606.ENSP00000405699,0.1,1
9606.ENSP00000405708,0.1,1
9606.ENSP00000405726,58.2,1
9606.ENSP00000405738,3.8,1
9606.ENSP00000405812,4.7,1
9606.ENSP00000405841,0,0
9606.ENSP00000405890,31.7,1
9606.ENSP00000405899,0,0
9606.ENSP00000405926,41.3,1
9606.ENSP00000405950,0.5,1
9606.ENSP00000405963,0,0
9606.ENSP00000405965,470.3,1
9606.ENSP00000405969,2.6,1
9606.ENSP00000405987,0,0
9606.ENSP00000406012,1.7,1
9606.ENSP00000406022,2,1
9606.ENSP00000406026,6.1,1
9606.ENSP00000406027,7.7,1
9606.ENSP00000406037,53.6,1
9606.ENSP00000406046,27.4,1
9606.ENSP00000406047,0,0
9606.ENSP00000406050,0,0
9606.ENSP00000406052,0,0
9606.ENSP00000406084,21.6,1
9606.ENSP00000406145,0.1,1
9606.ENSP00000406157,13.9,1
9606.ENSP00000406162,337.3,1
9606.ENSP00000406164,0,0
9606.ENSP00000406191,1,1
9606.ENSP00000406197,1.4,1
9606.ENSP00000406201,11.1,1
9606.ENSP00000406209,27.7,1
9606.ENSP00000406220,0,0
9606.ENSP00000406229,32,1
9606.ENSP00000406261,0,0
9606.ENSP00000406286,8.1,1
9606.ENSP00000406293,0.5,1
9606.ENSP00000406318,0.1,1
9606.ENSP00000406327,17.8,1
9606.ENSP00000406367,3.5,1
9606.ENSP00000406463,192.3,1
9606.ENSP00000406472,0,0
9606.ENSP00000406478,0,0
9606.ENSP00000406482,1.8,1
9606.ENSP00000406490,29.9,1
9606.ENSP00000406541,0,0
9606.ENSP00000406546,0.4,1
9606.ENSP00000406549,24.1,1
9606.ENSP00000406577,22.4,1
9606.ENSP00000406598,49.5,1
9606.ENSP00000406665,0,0
9606.ENSP00000406674,0,0
9606.ENSP00000406723,0.1,1
9606.ENSP00000406773,0,0
9606.ENSP00000406861,0,0
9606.ENSP00000406873,4.5,1
9606.ENSP00000406885,28.1,1
9606.ENSP00000406909,0.9,1
9606.ENSP00000406925,0,0
9606.ENSP00000406933,194.9,1
9606.ENSP00000406970,0,0
9606.ENSP00000406986,0,0
9606.ENSP00000407067,0.4,1
9606.ENSP00000407107,0,0
9606.ENSP00000407112,3.3,1
9606.ENSP00000407118,0.8,1
9606.ENSP00000407130,42.9,1
9606.ENSP00000407182,109.2,1
9606.ENSP00000407193,2.2,1
9606.ENSP00000407213,0,0
9606.ENSP00000407301,0.3,1
9606.ENSP00000407323,144.5,1
9606.ENSP00000407353,0.3,1
9606.ENSP00000407375,98.8,1
9606.ENSP00000407422,0,0
9606.ENSP00000407487,52.9,1
9606.ENSP00000407497,0,0
9606.ENSP00000407509,13.1,1
9606.ENSP00000407521,0.2,1
9606.ENSP00000407545,0.3,1
9606.ENSP00000407546,3.1,1
9606.ENSP00000407552,0,0
9606.ENSP00000407560,53.9,1
9606.ENSP00000407586,46,1
9606.ENSP00000407592,0.1,1
9606.ENSP00000407613,23.3,1
9606.ENSP00000407653,1.1,1
9606.ENSP00000407685,0,0
9606.ENSP00000407726,1.5,1
9606.ENSP00000407761,0,0
9606.ENSP00000407763,0.7,1
9606.ENSP00000407818,31.6,1
9606.ENSP00000407822,0,0
9606.ENSP00000407978,0,0
9606.ENSP00000408002,34.9,1
9606.ENSP00000408005,15,1
9606.ENSP00000408025,0.1,1
9606.ENSP00000408058,0.1,1
9606.ENSP00000408108,40.2,1
9606.ENSP00000408132,0,0
9606.ENSP00000408146,0,0
9606.ENSP00000408204,0,0
9606.ENSP00000408205,0.6,1
9606.ENSP00000408236,21.1,1
9606.ENSP00000408288,2.1,1
9606.ENSP00000408292,17.5,1
9606.ENSP00000408295,66.9,1
9606.ENSP00000408342,0,0
9606.ENSP00000408367,51.65,1
9606.ENSP00000408411,56.7,1
9606.ENSP00000408429,99.4,1
9606.ENSP00000408526,27.1,1
9606.ENSP00000408527,0,0
9606.ENSP00000408576,49,1
9606.ENSP00000408581,0,0
9606.ENSP00000408598,0,0
9606.ENSP00000408617,163.6,1
9606.ENSP00000408695,3.9,1
9606.ENSP00000408697,0,0
9606.ENSP00000408792,1.2,1
9606.ENSP00000408860,0,0
9606.ENSP00000408910,106,1
9606.ENSP00000408979,3.8,1
9606.ENSP00000409000,0,0
9606.ENSP00000409007,0,0
9606.ENSP00000409016,3.5,1
9606.ENSP00000409107,1.1,1
9606.ENSP00000409126,24.1,1
9606.ENSP00000409131,46.6,1
9606.ENSP00000409171,10.2,1
9606.ENSP00000409231,24,1
9606.ENSP00000409279,31.9,1
9606.ENSP00000409315,17.6,1
9606.ENSP00000409316,0,0
9606.ENSP00000409318,2.9,1
9606.ENSP00000409346,4.7,1
9606.ENSP00000409378,1.3,1
9606.ENSP00000409382,14.7,1
9606.ENSP00000409423,0.9,1
9606.ENSP00000409463,9.5,1
9606.ENSP00000409542,0,0
9606.ENSP00000409544,0,0
9606.ENSP00000409555,51,1
9606.ENSP00000409581,9.5,1
9606.ENSP00000409652,13,1
9606.ENSP00000409666,96.8,1
9606.ENSP00000409667,8.9,1
9606.ENSP00000409738,59.8,1
9606.ENSP00000409799,0,0
9606.ENSP00000409832,0,0
9606.ENSP00000409896,96.6,1
9606.ENSP00000409906,5.5,1
9606.ENSP00000409924,0.3,1
9606.ENSP00000409937,0,0
9606.ENSP00000409952,25.3,1
9606.ENSP00000409964,26.9,1
9606.ENSP00000410007,12.1,1
9606.ENSP00000410024,0,0
9606.ENSP00000410041,2.4,1
9606.ENSP00000410059,295.3,1
9606.ENSP00000410083,13.3,1
9606.ENSP00000410111,0,0
9606.ENSP00000410157,3.6,1
9606.ENSP00000410186,1.9,1
9606.ENSP00000410198,6.9,1
9606.ENSP00000410216,18.3,1
9606.ENSP00000410257,2.7,1
9606.ENSP00000410269,0.1,1
9606.ENSP00000410294,63.7,1
9606.ENSP00000410309,0,0
9606.ENSP00000410339,228.9,1
9606.ENSP00000410396,70.3,1
9606.ENSP00000410400,0,0
9606.ENSP00000410402,29.7,1
9606.ENSP00000410409,21.5,1
9606.ENSP00000410446,0,0
9606.ENSP00000410452,618.6,1
9606.ENSP00000410466,0,0
9606.ENSP00000410470,12,1
9606.ENSP00000410481,0,0
9606.ENSP00000410533,0,0
9606.ENSP00000410545,0.7,1
9606.ENSP00000410561,10.2,1
9606.ENSP00000410584,0.1,1
9606.ENSP00000410603,2.7,1
9606.ENSP00000410689,8.6,1
9606.ENSP00000410715,0,0
9606.ENSP00000410732,1.6,1
9606.ENSP00000410734,19.7,1
9606.ENSP00000410758,121.1,1
9606.ENSP00000410759,5.1,1
9606.ENSP00000410768,9.6,1
9606.ENSP00000410769,484.3,1
9606.ENSP00000410804,37.9,1
9606.ENSP00000410811,35.3,1
9606.ENSP00000410818,59.2,1
9606.ENSP00000410833,9.9,1
9606.ENSP00000410852,0,0
9606.ENSP00000410858,0,0
9606.ENSP00000410862,0,0
9606.ENSP00000410890,4,1
9606.ENSP00000410910,0.6,1
9606.ENSP00000410926,3.1,1
9606.ENSP00000410943,20.7,1
9606.ENSP00000410964,42.6,1
9606.ENSP00000411004,0,0
9606.ENSP00000411010,11.9,1
9606.ENSP00000411012,24.7,1
9606.ENSP00000411032,1.5,1
9606.ENSP00000411070,0,0
9606.ENSP00000411073,19.4,1
9606.ENSP00000411084,2.4,1
9606.ENSP00000411096,0.7,1
9606.ENSP00000411099,28.5,1
9606.ENSP00000411124,0.5,1
9606.ENSP00000411132,3.2,1
9606.ENSP00000411140,0,0
9606.ENSP00000411145,11.1,1
9606.ENSP00000411152,10.1,1
9606.ENSP00000411197,13.7,1
9606.ENSP00000411198,0,0
9606.ENSP00000411250,48.5,1
9606.ENSP00000411253,21.3,1
9606.ENSP00000411268,12.2,1
9606.ENSP00000411355,0,0
9606.ENSP00000411372,9.3,1
9606.ENSP00000411397,58.3,1
9606.ENSP00000411409,9.3,1
9606.ENSP00000411418,37.4,1
9606.ENSP00000411439,0,0
9606.ENSP00000411471,26.5,1
9606.ENSP00000411506,0,0
9606.ENSP00000411528,29.2,1
9606.ENSP00000411532,266.8,1
9606.ENSP00000411565,0,0
9606.ENSP00000411584,0,0
9606.ENSP00000411593,0,0
9606.ENSP00000411613,0,0
9606.ENSP00000411672,63.2,1
9606.ENSP00000411770,0.1,1
9606.ENSP00000411788,0,0
9606.ENSP00000411816,0,0
9606.ENSP00000411821,0.7,1
9606.ENSP00000411822,5.1,1
9606.ENSP00000411825,47.8,1
9606.ENSP00000411827,28.8,1
9606.ENSP00000411831,1.2,1
9606.ENSP00000411848,15.2,1
9606.ENSP00000411898,0,0
9606.ENSP00000411909,0,0
9606.ENSP00000411932,0,0
9606.ENSP00000411940,0,0
9606.ENSP00000411948,0,0
9606.ENSP00000412064,167.8,1
9606.ENSP00000412130,0,0
9606.ENSP00000412150,3.8,1
9606.ENSP00000412178,26.7,1
9606.ENSP00000412189,0,0
9606.ENSP00000412209,0,0
9606.ENSP00000412215,0,0
9606.ENSP00000412237,0,0
9606.ENSP00000412292,58.6,1
9606.ENSP00000412302,37.8,1
9606.ENSP00000412324,103.6,1
9606.ENSP00000412326,0,0
9606.ENSP00000412361,0,0
9606.ENSP00000412363,1.6,1
9606.ENSP00000412365,0,0
9606.ENSP00000412388,0.3,1
9606.ENSP00000412461,0.4,1
9606.ENSP00000412524,0.9,1
9606.ENSP00000412566,370.7,1
9606.ENSP00000412673,0,0
9606.ENSP00000412698,71.5,1
9606.ENSP00000412724,0.1,1
9606.ENSP00000412733,59.2,1
9606.ENSP00000412752,0,0
9606.ENSP00000412763,0.3,1
9606.ENSP00000412869,0.1,1
9606.ENSP00000412886,16.2,1
9606.ENSP00000412894,17.6,1
9606.ENSP00000412897,0,0
9606.ENSP00000412922,40.3,1
9606.ENSP00000412927,0,0
9606.ENSP00000412940,0,0
9606.ENSP00000412999,2.1,1
9606.ENSP00000413001,0,0
9606.ENSP00000413017,18.7,1
9606.ENSP00000413029,1.7,1
9606.ENSP00000413035,40.2,1
9606.ENSP00000413049,2.7,1
9606.ENSP00000413064,11.1,1
9606.ENSP00000413073,4.4,1
9606.ENSP00000413079,31.1,1
9606.ENSP00000413098,39.5,1
9606.ENSP00000413100,20.6,1
9606.ENSP00000413150,3.7,1
9606.ENSP00000413152,7.1,1
9606.ENSP00000413156,1.9,1
9606.ENSP00000413163,0,0
9606.ENSP00000413196,2.1,1
9606.ENSP00000413218,8.2,1
9606.ENSP00000413405,0.1,1
9606.ENSP00000413411,6.2,1
9606.ENSP00000413418,1.2,1
9606.ENSP00000413436,5072.8,1
9606.ENSP00000413445,3.4,1
9606.ENSP00000413479,0,0
9606.ENSP00000413496,0,0
9606.ENSP00000413520,14.5,1
9606.ENSP00000413572,26.8,1
9606.ENSP00000413575,2.3,1
9606.ENSP00000413592,3.8,1
9606.ENSP00000413606,4.1,1
9606.ENSP00000413625,33,1
9606.ENSP00000413632,0,0
9606.ENSP00000413660,3.3,1
9606.ENSP00000413697,8.6,1
9606.ENSP00000413707,0,0
9606.ENSP00000413720,0.3,1
9606.ENSP00000413728,0,0
9606.ENSP00000413861,0,0
9606.ENSP00000413908,63,1
9606.ENSP00000413929,20.6,1
9606.ENSP00000413937,22.1,1
9606.ENSP00000414019,0,0
9606.ENSP00000414022,0,0
9606.ENSP00000414055,7,1
9606.ENSP00000414066,49.6,1
9606.ENSP00000414109,54.9,1
9606.ENSP00000414147,81.4,1
9606.ENSP00000414150,0,0
9606.ENSP00000414202,10.3,1
9606.ENSP00000414236,28.5,1
9606.ENSP00000414237,14.3,1
9606.ENSP00000414253,0,0
9606.ENSP00000414287,0.6,1
9606.ENSP00000414302,7.5,1
9606.ENSP00000414303,0.1,1
9606.ENSP00000414321,3847.7,1
9606.ENSP00000414330,4.2,1
9606.ENSP00000414350,0.1,1
9606.ENSP00000414359,259.3,1
9606.ENSP00000414378,12.3,1
9606.ENSP00000414390,2.1,1
9606.ENSP00000414392,0,0
9606.ENSP00000414398,96,1
9606.ENSP00000414451,0,0
9606.ENSP00000414509,0,0
9606.ENSP00000414516,50.1,1
9606.ENSP00000414517,4.2,1
9606.ENSP00000414558,9.9,1
9606.ENSP00000414597,0,0
9606.ENSP00000414624,49.8,1
9606.ENSP00000414635,1.8,1
9606.ENSP00000414657,2.7,1
9606.ENSP00000414670,0,0
9606.ENSP00000414721,10.7,1
9606.ENSP00000414786,26.9,1
9606.ENSP00000414851,39.7,1
9606.ENSP00000414856,2.4,1
9606.ENSP00000414884,12.2,1
9606.ENSP00000414886,0,0
9606.ENSP00000414887,0,0
9606.ENSP00000414904,0.2,1
9606.ENSP00000414906,67.3,1
9606.ENSP00000414909,0,0
9606.ENSP00000414920,8.7,1
9606.ENSP00000414921,34,1
9606.ENSP00000414922,0,0
9606.ENSP00000414964,9.6,1
9606.ENSP00000414982,85.8,1
9606.ENSP00000415011,0,0
9606.ENSP00000415026,0.4,1
9606.ENSP00000415027,0.1,1
9606.ENSP00000415030,0.3,1
9606.ENSP00000415034,8.3,1
9606.ENSP00000415049,1.6,1
9606.ENSP00000415056,0.3,1
9606.ENSP00000415070,0.2,1
9606.ENSP00000415078,10.8,1
9606.ENSP00000415090,0,0
9606.ENSP00000415106,7.5,1
9606.ENSP00000415115,39.6,1
9606.ENSP00000415139,0.6,1
9606.ENSP00000415151,30.7,1
9606.ENSP00000415203,17.2,1
9606.ENSP00000415207,0.9,1
9606.ENSP00000415243,9.9,1
9606.ENSP00000415283,1.2,1
9606.ENSP00000415299,0,0
9606.ENSP00000415332,11,1
9606.ENSP00000415430,48,1
9606.ENSP00000415433,31.7,1
9606.ENSP00000415434,13.3,1
9606.ENSP00000415436,37.1,1
9606.ENSP00000415454,9.5,1
9606.ENSP00000415491,0,0
9606.ENSP00000415517,0,0
9606.ENSP00000415528,0.6,1
9606.ENSP00000415536,147.4,1
9606.ENSP00000415556,15.8,1
9606.ENSP00000415579,0.2,1
9606.ENSP00000415609,0,0
9606.ENSP00000415662,0,0
9606.ENSP00000415769,0,0
9606.ENSP00000415774,0,0
9606.ENSP00000415786,3.5,1
9606.ENSP00000415822,13.4,1
9606.ENSP00000415823,0,0
9606.ENSP00000415836,6,1
9606.ENSP00000415899,10.5,1
9606.ENSP00000415900,0,0
9606.ENSP00000415941,0,0
9606.ENSP00000415968,36.3,1
9606.ENSP00000415998,7.3,1
9606.ENSP00000416002,51.7,1
9606.ENSP00000416015,30.1,1
9606.ENSP00000416033,0.5,1
9606.ENSP00000416040,5.7,1
9606.ENSP00000416050,27.5,1
9606.ENSP00000416066,0,0
9606.ENSP00000416097,30.3,1
9606.ENSP00000416125,0,0
9606.ENSP00000416126,0,0
9606.ENSP00000416154,0.5,1
9606.ENSP00000416168,0.2,1
9606.ENSP00000416193,0,0
9606.ENSP00000416249,0,0
9606.ENSP00000416250,79,1
9606.ENSP00000416255,322.6,1
9606.ENSP00000416289,3.1,1
9606.ENSP00000416293,12.5,1
9606.ENSP00000416330,1,1
9606.ENSP00000416341,25.3,1
9606.ENSP00000416387,11.3,1
9606.ENSP00000416418,4.8,1
9606.ENSP00000416429,1718.2,1
9606.ENSP00000416508,37.5,1
9606.ENSP00000416515,6.9,1
9606.ENSP00000416523,7.5,1
9606.ENSP00000416534,80.9,1
9606.ENSP00000416558,0,0
9606.ENSP00000416561,0,0
9606.ENSP00000416583,43.4,1
9606.ENSP00000416606,0,0
9606.ENSP00000416658,21.9,1
9606.ENSP00000416662,0.8,1
9606.ENSP00000416673,0.1,1
9606.ENSP00000416683,0,0
9606.ENSP00000416696,13.9,1
9606.ENSP00000416706,0,0
9606.ENSP00000416707,1.6,1
9606.ENSP00000416739,51.2,1
9606.ENSP00000416741,0,0
9606.ENSP00000416750,6.9,1
9606.ENSP00000416753,0,0
9606.ENSP00000416787,17.6,1
9606.ENSP00000416797,4.3,1
9606.ENSP00000416799,4.7,1
9606.ENSP00000416809,0,0
9606.ENSP00000416951,40.3,1
9606.ENSP00000416959,140.9,1
9606.ENSP00000416984,0,0
9606.ENSP00000416996,0,0
9606.ENSP00000417003,1.7,1
9606.ENSP00000417035,0.3,1
9606.ENSP00000417038,2,1
9606.ENSP00000417052,217.5,1
9606.ENSP00000417061,0,0
9606.ENSP00000417063,0.2,1
9606.ENSP00000417078,53.8,1
9606.ENSP00000417085,0.5,1
9606.ENSP00000417128,0,0
9606.ENSP00000417132,55.7,1
9606.ENSP00000417138,29.2,1
9606.ENSP00000417142,83.9,1
9606.ENSP00000417161,0.2,1
9606.ENSP00000417175,27.1,1
9606.ENSP00000417182,0,0
9606.ENSP00000417183,19.8,1
9606.ENSP00000417185,15.9,1
9606.ENSP00000417190,14.8,1
9606.ENSP00000417192,0,0
9606.ENSP00000417196,43.4,1
9606.ENSP00000417207,2,1
9606.ENSP00000417214,0,0
9606.ENSP00000417222,0,0
9606.ENSP00000417229,149.9,1
9606.ENSP00000417235,3.8,1
9606.ENSP00000417261,0,0
9606.ENSP00000417273,40.3,1
9606.ENSP00000417289,0,0
9606.ENSP00000417291,36.4,1
9606.ENSP00000417303,0,0
9606.ENSP00000417330,0,0
9606.ENSP00000417335,10.9,1
9606.ENSP00000417354,44.4,1
9606.ENSP00000417378,224.5,1
9606.ENSP00000417401,0.7,1
9606.ENSP00000417404,0,0
9606.ENSP00000417418,0,0
9606.ENSP00000417451,0,0
9606.ENSP00000417464,25.2,1
9606.ENSP00000417470,3.8,1
9606.ENSP00000417480,12.7,1
9606.ENSP00000417492,3.6,1
9606.ENSP00000417498,0,0
9606.ENSP00000417509,29.3,1
9606.ENSP00000417510,32.6,1
9606.ENSP00000417518,43,1
9606.ENSP00000417548,6.4,1
9606.ENSP00000417569,10.4,1
9606.ENSP00000417573,29.8,1
9606.ENSP00000417580,15.4,1
9606.ENSP00000417581,23.9,1
9606.ENSP00000417583,0,0
9606.ENSP00000417601,0.9,1
9606.ENSP00000417602,103.5,1
9606.ENSP00000417604,12.7,1
9606.ENSP00000417610,22.7,1
9606.ENSP00000417626,0,0
9606.ENSP00000417638,0,0
9606.ENSP00000417653,35.6,1
9606.ENSP00000417654,22.4,1
9606.ENSP00000417656,298.7,1
9606.ENSP00000417659,7.4,1
9606.ENSP00000417677,48.7,1
9606.ENSP00000417686,147,1
9606.ENSP00000417696,0.2,1
9606.ENSP00000417706,13.8,1
9606.ENSP00000417710,1.2,1
9606.ENSP00000417711,0,0
9606.ENSP00000417748,25.4,1
9606.ENSP00000417763,57.9,1
9606.ENSP00000417764,37.9,1
9606.ENSP00000417769,0,0
9606.ENSP00000417806,7.6,1
9606.ENSP00000417864,709.5,1
9606.ENSP00000417898,0,0
9606.ENSP00000417901,17,1
9606.ENSP00000417914,0,0
9606.ENSP00000417919,0,0
9606.ENSP00000417955,0,0
9606.ENSP00000417963,108.6,1
9606.ENSP00000417980,34.8,1
9606.ENSP00000418001,4.5,1
9606.ENSP00000418008,64.6,1
9606.ENSP00000418009,0,0
9606.ENSP00000418018,0,0
9606.ENSP00000418070,33.2,1
9606.ENSP00000418081,24.8,1
9606.ENSP00000418082,3570.4,1
9606.ENSP00000418086,0,0
9606.ENSP00000418112,13.4,1
9606.ENSP00000418187,6.8,1
9606.ENSP00000418193,0,0
9606.ENSP00000418194,11.9,1
9606.ENSP00000418221,193.4,1
9606.ENSP00000418259,0,0
9606.ENSP00000418268,69,1
9606.ENSP00000418287,40.8,1
9606.ENSP00000418348,8.7,1
9606.ENSP00000418379,0,0
9606.ENSP00000418397,45.9,1
9606.ENSP00000418401,69.8,1
9606.ENSP00000418428,109.2,1
9606.ENSP00000418438,6.9,1
9606.ENSP00000418447,175.6,1
9606.ENSP00000418491,0,0
9606.ENSP00000418525,5.2,1
9606.ENSP00000418529,25.9,1
9606.ENSP00000418532,0,0
9606.ENSP00000418563,124,1
9606.ENSP00000418575,0,0
9606.ENSP00000418593,0.2,1
9606.ENSP00000418648,6.3,1
9606.ENSP00000418661,2.4,1
9606.ENSP00000418663,5.6,1
9606.ENSP00000418668,3.1,1
9606.ENSP00000418669,44.5,1
9606.ENSP00000418678,0,0
9606.ENSP00000418693,1.4,1
9606.ENSP00000418695,166.4,1
9606.ENSP00000418719,5.6,1
9606.ENSP00000418721,2,1
9606.ENSP00000418734,7.7,1
9606.ENSP00000418735,1.5,1
9606.ENSP00000418748,0.1,1
9606.ENSP00000418751,3.2,1
9606.ENSP00000418754,38,1
9606.ENSP00000418767,0,0
9606.ENSP00000418770,483.2,1
9606.ENSP00000418803,30.8,1
9606.ENSP00000418813,40.7,1
9606.ENSP00000418823,32.4,1
9606.ENSP00000418842,1.2,1
9606.ENSP00000418868,1622.7,1
9606.ENSP00000418875,0,0
9606.ENSP00000418910,89.6,1
9606.ENSP00000418915,34.3,1
9606.ENSP00000418944,1015.3,1
9606.ENSP00000418960,51.9,1
9606.ENSP00000418983,0,0
9606.ENSP00000418994,0,0
9606.ENSP00000419000,0.2,1
9606.ENSP00000419004,60.9,1
9606.ENSP00000419005,10.6,1
9606.ENSP00000419027,50.3,1
9606.ENSP00000419038,62.5,1
9606.ENSP00000419045,4.9,1
9606.ENSP00000419081,18.2,1
9606.ENSP00000419085,0,0
9606.ENSP00000419087,167,1
9606.ENSP00000419088,73.5,1
9606.ENSP00000419101,1.9,1
9606.ENSP00000419117,924.8,1
9606.ENSP00000419124,0,0
9606.ENSP00000419126,8.5,1
9606.ENSP00000419153,4,1
9606.ENSP00000419160,0.6,1
9606.ENSP00000419162,0.1,1
9606.ENSP00000419184,16.3,1
9606.ENSP00000419185,3.4,1
9606.ENSP00000419194,0,0
9606.ENSP00000419195,10.3,1
9606.ENSP00000419199,0,0
9606.ENSP00000419235,34.8,1
9606.ENSP00000419249,0,0
9606.ENSP00000419266,1.2,1
9606.ENSP00000419270,9,1
9606.ENSP00000419279,9.5,1
9606.ENSP00000419298,0.2,1
9606.ENSP00000419313,3,1
9606.ENSP00000419325,28.5,1
9606.ENSP00000419361,0.6,1
9606.ENSP00000419370,7.9,1
9606.ENSP00000419371,21.2,1
9606.ENSP00000419378,0,0
9606.ENSP00000419395,0.1,1
9606.ENSP00000419397,2.9,1
9606.ENSP00000419412,38.2,1
9606.ENSP00000419417,42.4,1
9606.ENSP00000419422,0,0
9606.ENSP00000419425,4495.7,1
9606.ENSP00000419446,30.8,1
9606.ENSP00000419449,263.7,1
9606.ENSP00000419454,0,0
9606.ENSP00000419457,0,0
9606.ENSP00000419465,28.4,1
9606.ENSP00000419471,4.1,1
9606.ENSP00000419475,24.4,1
9606.ENSP00000419485,0,0
9606.ENSP00000419494,1.9,1
9606.ENSP00000419502,0.2,1
9606.ENSP00000419503,0.2,1
9606.ENSP00000419539,0,0
9606.ENSP00000419542,0,0
9606.ENSP00000419591,2,1
9606.ENSP00000419592,54,1
9606.ENSP00000419599,29.4,1
9606.ENSP00000419628,162,1
9606.ENSP00000419665,349.5,1
9606.ENSP00000419692,7.7,1
9606.ENSP00000419712,0,0
9606.ENSP00000419740,5.7,1
9606.ENSP00000419751,0,0
9606.ENSP00000419765,20.4,1
9606.ENSP00000419782,67.8,1
9606.ENSP00000419786,0.1,1
9606.ENSP00000419851,105.7,1
9606.ENSP00000419879,23.1,1
9606.ENSP00000419901,0,0
9606.ENSP00000419923,17,1
9606.ENSP00000419944,0,0
9606.ENSP00000419945,0.3,1
9606.ENSP00000419952,0,0
9606.ENSP00000419970,76,1
9606.ENSP00000419975,0.1,1
9606.ENSP00000420009,1.4,1
9606.ENSP00000420026,58.9,1
9606.ENSP00000420037,22.7,1
9606.ENSP00000420040,0.9,1
9606.ENSP00000420065,23.5,1
9606.ENSP00000420076,113.6,1
9606.ENSP00000420091,2.2,1
9606.ENSP00000420095,39.4,1
9606.ENSP00000420127,34.4,1
9606.ENSP00000420132,0,0
9606.ENSP00000420140,0,0
9606.ENSP00000420161,20.7,1
9606.ENSP00000420168,0,0
9606.ENSP00000420174,0,0
9606.ENSP00000420176,15.6,1
9606.ENSP00000420180,27.1,1
9606.ENSP00000420182,11.3,1
9606.ENSP00000420194,0,0
9606.ENSP00000420195,163.4,1
9606.ENSP00000420200,2,1
9606.ENSP00000420211,0.6,1
9606.ENSP00000420213,42.1,1
9606.ENSP00000420237,0.2,1
9606.ENSP00000420256,0,0
9606.ENSP00000420267,1.6,1
9606.ENSP00000420269,0,0
9606.ENSP00000420270,28.2,1
9606.ENSP00000420294,15.3,1
9606.ENSP00000420295,2.5,1
9606.ENSP00000420298,8.2,1
9606.ENSP00000420306,36.5,1
9606.ENSP00000420311,2131,1
9606.ENSP00000420315,8.3,1
9606.ENSP00000420321,31.5,1
9606.ENSP00000420333,37.1,1
9606.ENSP00000420357,52.6,1
9606.ENSP00000420384,0,0
9606.ENSP00000420387,15.8,1
9606.ENSP00000420405,4.7,1
9606.ENSP00000420418,12,1
9606.ENSP00000420443,95.4,1
9606.ENSP00000420465,14.3,1
9606.ENSP00000420477,2.2,1
9606.ENSP00000420484,38.1,1
9606.ENSP00000420487,0,0
9606.ENSP00000420494,0.4,1
9606.ENSP00000420502,0,0
9606.ENSP00000420514,54.8,1
9606.ENSP00000420525,0,0
9606.ENSP00000420588,97.6,1
9606.ENSP00000420608,56.7,1
9606.ENSP00000420612,25.1,1
9606.ENSP00000420616,15.8,1
9606.ENSP00000420617,25.4,1
9606.ENSP00000420658,65.5,1
9606.ENSP00000420659,1.7,1
9606.ENSP00000420682,43.5,1
9606.ENSP00000420686,0.8,1
9606.ENSP00000420714,18.5,1
9606.ENSP00000420716,0,0
9606.ENSP00000420723,0,0
9606.ENSP00000420727,5.9,1
9606.ENSP00000420826,0,0
9606.ENSP00000420840,0,0
9606.ENSP00000420849,0.3,1
9606.ENSP00000420854,0,0
9606.ENSP00000420875,21.5,1
9606.ENSP00000420914,77,1
9606.ENSP00000420919,5,1
9606.ENSP00000420927,13.7,1
9606.ENSP00000420939,0.2,1
9606.ENSP00000420949,0.2,1
9606.ENSP00000420976,0,0
9606.ENSP00000421048,0,0
9606.ENSP00000421076,0,0
9606.ENSP00000421131,0,0
9606.ENSP00000421142,0,0
9606.ENSP00000421169,33.2,1
9606.ENSP00000421172,0,0
9606.ENSP00000421180,2.1,1
9606.ENSP00000421185,0,0
9606.ENSP00000421191,0,0
9606.ENSP00000421226,61.6,1
9606.ENSP00000421232,0,0
9606.ENSP00000421246,38.9,1
9606.ENSP00000421258,0,0
9606.ENSP00000421275,7.2,1
9606.ENSP00000421280,139.1,1
9606.ENSP00000421294,1.4,1
9606.ENSP00000421326,95.1,1
9606.ENSP00000421339,0,0
9606.ENSP00000421377,0,0
9606.ENSP00000421380,68,1
9606.ENSP00000421405,0,0
9606.ENSP00000421489,0.4,1
9606.ENSP00000421491,9.4,1
9606.ENSP00000421544,5.6,1
9606.ENSP00000421557,0,0
9606.ENSP00000421566,41.7,1
9606.ENSP00000421586,1.1,1
9606.ENSP00000421592,241.9,1
9606.ENSP00000421686,0,0
9606.ENSP00000421689,101.2,1
9606.ENSP00000421725,0,0
9606.ENSP00000421736,0,0
9606.ENSP00000421801,0,0
9606.ENSP00000421828,0,0
9606.ENSP00000421842,82.6,1
9606.ENSP00000421853,0,0
9606.ENSP00000421861,20.5,1
9606.ENSP00000421868,0.2,1
9606.ENSP00000421871,0,0
9606.ENSP00000421915,9.4,1
9606.ENSP00000421917,36.9,1
9606.ENSP00000421922,3.4,1
9606.ENSP00000421965,35,1
9606.ENSP00000421981,0.1,1
9606.ENSP00000421985,7.9,1
9606.ENSP00000421986,0,0
9606.ENSP00000422007,0,0
9606.ENSP00000422037,12.4,1
9606.ENSP00000422067,0,0
9606.ENSP00000422097,0,0
9606.ENSP00000422131,13.6,1
9606.ENSP00000422168,0.3,1
9606.ENSP00000422185,0,0
9606.ENSP00000422188,0,0
9606.ENSP00000422216,0,0
9606.ENSP00000422338,19.6,1
9606.ENSP00000422354,25.8,1
9606.ENSP00000422375,15.7,1
9606.ENSP00000422392,22.7,1
9606.ENSP00000422431,5.1,1
9606.ENSP00000422464,10.8,1
9606.ENSP00000422473,124.4,1
9606.ENSP00000422488,0,0
9606.ENSP00000422496,0.9,1
9606.ENSP00000422533,5.9,1
9606.ENSP00000422554,0.7,1
9606.ENSP00000422581,6.4,1
9606.ENSP00000422591,15.7,1
9606.ENSP00000422607,43.1,1
9606.ENSP00000422621,0,0
9606.ENSP00000422626,75.1,1
9606.ENSP00000422753,57.2,1
9606.ENSP00000422887,0,0
9606.ENSP00000422907,6.9,1
9606.ENSP00000422941,1,1
9606.ENSP00000422947,0.4,1
9606.ENSP00000422969,0,0
9606.ENSP00000423014,29.7,1
9606.ENSP00000423067,26.8,1
9606.ENSP00000423099,26.5,1
9606.ENSP00000423115,0,0
9606.ENSP00000423159,0.7,1
9606.ENSP00000423190,11.3,1
9606.ENSP00000423211,0,0
9606.ENSP00000423276,46.3,1
9606.ENSP00000423313,0,0
9606.ENSP00000423333,1,1
9606.ENSP00000423366,9.6,1
9606.ENSP00000423390,0,0
9606.ENSP00000423391,0,0
9606.ENSP00000423399,139.9,1
9606.ENSP00000423463,0,0
9606.ENSP00000423503,0,0
9606.ENSP00000423505,0,0
9606.ENSP00000423541,0,0
9606.ENSP00000423563,239.2,1
9606.ENSP00000423567,0.3,1
9606.ENSP00000423600,0,0
9606.ENSP00000423602,0,0
9606.ENSP00000423630,8.1,1
9606.ENSP00000423660,0,0
9606.ENSP00000423665,4.9,1
9606.ENSP00000423673,313,1
9606.ENSP00000423674,109.9,1
9606.ENSP00000423777,0,0
9606.ENSP00000423812,0,0
9606.ENSP00000423820,10.2,1
9606.ENSP00000423822,46,1
9606.ENSP00000423881,9.3,1
9606.ENSP00000423897,50.7,1
9606.ENSP00000423917,0,0
9606.ENSP00000423933,9.7,1
9606.ENSP00000424007,5.1,1
9606.ENSP00000424015,0,0
9606.ENSP00000424040,0,0
9606.ENSP00000424058,0,0
9606.ENSP00000424077,0,0
9606.ENSP00000424079,1.6,1
9606.ENSP00000424123,11.9,1
9606.ENSP00000424126,0.4,1
9606.ENSP00000424176,0,0
9606.ENSP00000424183,26.1,1
9606.ENSP00000424191,15.7,1
9606.ENSP00000424198,16.1,1
9606.ENSP00000424226,16,1
9606.ENSP00000424243,0.2,1
9606.ENSP00000424261,0,0
9606.ENSP00000424328,37.7,1
9606.ENSP00000424381,6.8,1
9606.ENSP00000424400,0,0
9606.ENSP00000424417,97.2,1
9606.ENSP00000424474,0.3,1
9606.ENSP00000424497,0,0
9606.ENSP00000424501,0.1,1
9606.ENSP00000424544,37.5,1
9606.ENSP00000424565,0,0
9606.ENSP00000424566,0,0
9606.ENSP00000424571,37.6,1
9606.ENSP00000424595,0,0
9606.ENSP00000424598,0,0
9606.ENSP00000424607,0,0
9606.ENSP00000424707,52,1
9606.ENSP00000424708,0,0
9606.ENSP00000424711,0,0
9606.ENSP00000424737,12.7,1
9606.ENSP00000424757,9.7,1
9606.ENSP00000424765,19.4,1
9606.ENSP00000424768,31.4,1
9606.ENSP00000424827,9.7,1
9606.ENSP00000424838,0,0
9606.ENSP00000424870,54.6,1
9606.ENSP00000424896,17.5,1
9606.ENSP00000425040,0.1,1
9606.ENSP00000425048,6,1
9606.ENSP00000425092,149.4,1
9606.ENSP00000425093,0,0
9606.ENSP00000425107,20.5,1
9606.ENSP00000425133,64.5,1
9606.ENSP00000425166,24.1,1
9606.ENSP00000425261,1,1
9606.ENSP00000425375,0,0
9606.ENSP00000425394,0.1,1
9606.ENSP00000425421,0.6,1
9606.ENSP00000425487,0,0
9606.ENSP00000425493,0,0
9606.ENSP00000425556,54.1,1
9606.ENSP00000425561,181.9,1
9606.ENSP00000425582,0,0
9606.ENSP00000425587,14.7,1
9606.ENSP00000425634,85.9,1
9606.ENSP00000425658,21.3,1
9606.ENSP00000425715,1.4,1
9606.ENSP00000425759,539.3,1
9606.ENSP00000425786,0,0
9606.ENSP00000425809,38.4,1
9606.ENSP00000425840,9.8,1
9606.ENSP00000425864,12.9,1
9606.ENSP00000425955,0,0
9606.ENSP00000425961,1.2,1
9606.ENSP00000425979,63.5,1
9606.ENSP00000425996,43.9,1
9606.ENSP00000426022,0,0
9606.ENSP00000426033,1.4,1
9606.ENSP00000426067,9.2,1
9606.ENSP00000426070,0,0
9606.ENSP00000426083,0,0
9606.ENSP00000426103,0.5,1
9606.ENSP00000426119,3.6,1
9606.ENSP00000426120,0.9,1
9606.ENSP00000426167,159.8,1
9606.ENSP00000426174,5.5,1
9606.ENSP00000426191,21.8,1
9606.ENSP00000426237,8.9,1
9606.ENSP00000426255,8.9,1
9606.ENSP00000426271,0,0
9606.ENSP00000426290,2.2,1
9606.ENSP00000426296,1.9,1
9606.ENSP00000426354,10.2,1
9606.ENSP00000426359,2.9,1
9606.ENSP00000426387,10.8,1
9606.ENSP00000426421,9.1,1
9606.ENSP00000426455,20.8,1
9606.ENSP00000426503,63.5,1
9606.ENSP00000426528,0.1,1
9606.ENSP00000426548,0,0
9606.ENSP00000426568,26.6,1
9606.ENSP00000426613,0,0
9606.ENSP00000426632,26.5,1
9606.ENSP00000426638,22.1,1
9606.ENSP00000426653,0,0
9606.ENSP00000426654,22.9,1
9606.ENSP00000426691,0.1,1
9606.ENSP00000426809,7.3,1
9606.ENSP00000426909,1867.9,1
9606.ENSP00000426941,111.8,1
9606.ENSP00000426964,0.2,1
9606.ENSP00000427015,9.4,1
9606.ENSP00000427108,21,1
9606.ENSP00000427114,0,0
9606.ENSP00000427120,2.3,1
9606.ENSP00000427123,64,1
9606.ENSP00000427130,4.5,1
9606.ENSP00000427211,36.5,1
9606.ENSP00000427223,0,0
9606.ENSP00000427264,0,0
9606.ENSP00000427279,0.3,1
9606.ENSP00000427329,0,0
9606.ENSP00000427336,0,0
9606.ENSP00000427342,0.05,1
9606.ENSP00000427366,0,0
9606.ENSP00000427401,9.6,1
9606.ENSP00000427407,37.9,1
9606.ENSP00000427421,17.6,1
9606.ENSP00000427424,8.3,1
9606.ENSP00000427463,55.3,1
9606.ENSP00000427514,5.8,1
9606.ENSP00000427550,16.7,1
9606.ENSP00000427552,5.7,1
9606.ENSP00000427555,0,0
9606.ENSP00000427562,12.6,1
9606.ENSP00000427567,0.3,1
9606.ENSP00000427661,0,0
9606.ENSP00000427679,0.1,1
9606.ENSP00000427684,0.1,1
9606.ENSP00000427687,237.3,1
9606.ENSP00000427690,0,0
9606.ENSP00000427695,19.5,1
9606.ENSP00000427772,18.9,1
9606.ENSP00000427793,26.4,1
9606.ENSP00000427802,0,0
9606.ENSP00000427820,0.1,1
9606.ENSP00000427844,16.1,1
9606.ENSP00000427866,2.1,1
9606.ENSP00000427882,0.1,1
9606.ENSP00000427888,1.1,1
9606.ENSP00000427900,3.7,1
9606.ENSP00000427926,5,1
9606.ENSP00000427951,0.3,1
9606.ENSP00000427975,0,0
9606.ENSP00000428056,6.7,1
9606.ENSP00000428085,3072.1,1
9606.ENSP00000428137,2.1,1
9606.ENSP00000428182,15.1,1
9606.ENSP00000428205,0.2,1
9606.ENSP00000428209,128.6,1
9606.ENSP00000428220,0.1,1
9606.ENSP00000428223,170.1,1
9606.ENSP00000428259,58.5,1
9606.ENSP00000428263,23,1
9606.ENSP00000428280,0,0
9606.ENSP00000428281,52.3,1
9606.ENSP00000428288,0,0
9606.ENSP00000428316,0,0
9606.ENSP00000428324,9.9,1
9606.ENSP00000428325,0,0
9606.ENSP00000428338,10.3,1
9606.ENSP00000428340,4.2,1
9606.ENSP00000428343,0,0
9606.ENSP00000428402,0,0
9606.ENSP00000428417,0,0
9606.ENSP00000428426,182.3,1
9606.ENSP00000428480,15.3,1
9606.ENSP00000428489,87.6,1
9606.ENSP00000428518,0,0
9606.ENSP00000428540,9.4,1
9606.ENSP00000428544,2.3,1
9606.ENSP00000428564,33.2,1
9606.ENSP00000428572,60.2,1
9606.ENSP00000428579,0,0
9606.ENSP00000428585,55.5,1
9606.ENSP00000428603,0,0
9606.ENSP00000428612,0.3,1
9606.ENSP00000428619,0,0
9606.ENSP00000428646,6.5,1
9606.ENSP00000428657,0,0
9606.ENSP00000428679,0,0
9606.ENSP00000428698,1,1
9606.ENSP00000428756,44.5,1
9606.ENSP00000428780,0,0
9606.ENSP00000428787,28.6,1
9606.ENSP00000428845,238.4,1
9606.ENSP00000428858,0,0
9606.ENSP00000428864,0,0
9606.ENSP00000428876,0,0
9606.ENSP00000428878,20.9,1
9606.ENSP00000428895,36.4,1
9606.ENSP00000428924,22.2,1
9606.ENSP00000428968,11.6,1
9606.ENSP00000428982,72.2,1
9606.ENSP00000428994,0,0
9606.ENSP00000429015,18.5,1
9606.ENSP00000429018,0.4,1
9606.ENSP00000429022,5.5,1
9606.ENSP00000429065,39.2,1
9606.ENSP00000429073,0.5,1
9606.ENSP00000429084,46.2,1
9606.ENSP00000429089,19.4,1
9606.ENSP00000429148,2.9,1
9606.ENSP00000429150,78.2,1
9606.ENSP00000429168,11.6,1
9606.ENSP00000429190,2.1,1
9606.ENSP00000429200,9.9,1
9606.ENSP00000429216,11.5,1
9606.ENSP00000429240,0.5,1
9606.ENSP00000429243,0,0
9606.ENSP00000429273,0.3,1
9606.ENSP00000429275,0,0
9606.ENSP00000429301,74.3,1
9606.ENSP00000429309,52.7,1
9606.ENSP00000429344,39.5,1
9606.ENSP00000429367,54,1
9606.ENSP00000429374,1731.7,1
9606.ENSP00000429430,0,0
9606.ENSP00000429473,21.7,1
9606.ENSP00000429517,16.1,1
9606.ENSP00000429553,0,0
9606.ENSP00000429562,0,0
9606.ENSP00000429601,0.1,1
9606.ENSP00000429608,0,0
9606.ENSP00000429615,15.1,1
9606.ENSP00000429633,3.5,1
9606.ENSP00000429690,173.4,1
9606.ENSP00000429726,0,0
9606.ENSP00000429734,2.4,1
9606.ENSP00000429744,11.4,1
9606.ENSP00000429763,0.1,1
9606.ENSP00000429803,12.8,1
9606.ENSP00000429808,0.9,1
9606.ENSP00000429824,87.1,1
9606.ENSP00000429834,0,0
9606.ENSP00000429842,0.1,1
9606.ENSP00000429865,4.3,1
9606.ENSP00000429896,0,0
9606.ENSP00000429900,24.7,1
9606.ENSP00000429931,335.5,1
9606.ENSP00000429969,5.7,1
9606.ENSP00000429986,96.8,1
9606.ENSP00000430000,28.4,1
9606.ENSP00000430024,0,0
9606.ENSP00000430025,20.6,1
9606.ENSP00000430073,0,0
9606.ENSP00000430075,0,0
9606.ENSP00000430100,6.4,1
9606.ENSP00000430128,0.4,1
9606.ENSP00000430236,18.2,1
9606.ENSP00000430237,81.5,1
9606.ENSP00000430241,0,0
9606.ENSP00000430242,0,0
9606.ENSP00000430269,1.1,1
9606.ENSP00000430271,0,0
9606.ENSP00000430276,0.1,1
9606.ENSP00000430325,0,0
9606.ENSP00000430338,61.3,1
9606.ENSP00000430344,4.8,1
9606.ENSP00000430432,266,1
9606.ENSP00000430493,45.2,1
9606.ENSP00000430494,187.1,1
9606.ENSP00000430497,7.8,1
9606.ENSP00000430548,14.1,1
9606.ENSP00000430598,129.2,1
9606.ENSP00000430620,0,0
9606.ENSP00000430656,0,0
9606.ENSP00000430676,0,0
9606.ENSP00000430684,8.4,1
9606.ENSP00000430690,0,0
9606.ENSP00000430706,0.1,1
9606.ENSP00000430711,0,0
9606.ENSP00000430733,0.1,1
9606.ENSP00000430823,113.3,1
9606.ENSP00000430846,0,0
9606.ENSP00000430853,1.8,1
9606.ENSP00000430886,0,0
9606.ENSP00000430897,3.6,1
9606.ENSP00000430918,0,0
9606.ENSP00000430919,0,0
9606.ENSP00000430945,0.9,1
9606.ENSP00000430950,0,0
9606.ENSP00000430955,75.9,1
9606.ENSP00000430985,15.2,1
9606.ENSP00000431040,83.2,1
9606.ENSP00000431049,57.5,1
9606.ENSP00000431083,0.1,1
9606.ENSP00000431140,0,0
9606.ENSP00000431162,130.2,1
9606.ENSP00000431186,26.3,1
9606.ENSP00000431202,2.1,1
9606.ENSP00000431254,0,0
9606.ENSP00000431265,0,0
9606.ENSP00000431284,1.7,1
9606.ENSP00000431287,1.6,1
9606.ENSP00000431376,13,1
9606.ENSP00000431391,143.2,1
9606.ENSP00000431404,2.4,1
9606.ENSP00000431418,0,0
9606.ENSP00000431443,0,0
9606.ENSP00000431445,0,0
9606.ENSP00000431459,16.3,1
9606.ENSP00000431482,0.3,1
9606.ENSP00000431512,35.2,1
9606.ENSP00000431603,0.6,1
9606.ENSP00000431607,0,0
9606.ENSP00000431719,0,0
9606.ENSP00000431748,0,0
9606.ENSP00000431759,0.3,1
9606.ENSP00000431800,9.9,1
9606.ENSP00000431808,56.4,1
9606.ENSP00000431813,0,0
9606.ENSP00000431814,13.9,1
9606.ENSP00000431840,0,0
9606.ENSP00000431871,0.3,1
9606.ENSP00000431876,3.8,1
9606.ENSP00000431885,29.4,1
9606.ENSP00000431914,0,0
9606.ENSP00000431926,7.9,1
9606.ENSP00000431962,8.7,1
9606.ENSP00000431971,51.5,1
9606.ENSP00000431984,60.9,1
9606.ENSP00000432011,0,0
9606.ENSP00000432016,17.5,1
9606.ENSP00000432083,4091.6,1
9606.ENSP00000432104,1,1
9606.ENSP00000432119,88.8,1
9606.ENSP00000432172,0.5,1
9606.ENSP00000432218,1,1
9606.ENSP00000432279,16.8,1
9606.ENSP00000432282,4.4,1
9606.ENSP00000432305,4.9,1
9606.ENSP00000432353,0,0
9606.ENSP00000432412,42.7,1
9606.ENSP00000432417,0,0
9606.ENSP00000432456,0,0
9606.ENSP00000432459,0,0
9606.ENSP00000432472,159.7,1
9606.ENSP00000432481,1.3,1
9606.ENSP00000432487,56.9,1
9606.ENSP00000432523,115,1
9606.ENSP00000432561,0,0
9606.ENSP00000432568,25.2,1
9606.ENSP00000432586,0,0
9606.ENSP00000432614,4.5,1
9606.ENSP00000432648,0,0
9606.ENSP00000432651,0,0
9606.ENSP00000432660,1389.2,1
9606.ENSP00000432688,35.6,1
9606.ENSP00000432692,7.4,1
9606.ENSP00000432695,0.1,1
9606.ENSP00000432743,0,0
9606.ENSP00000432768,144,1
9606.ENSP00000432770,15.4,1
9606.ENSP00000432786,31.3,1
9606.ENSP00000432799,201.4,1
9606.ENSP00000432816,0,0
9606.ENSP00000432845,26.5,1
9606.ENSP00000432869,0.1,1
9606.ENSP00000432886,11.5,1
9606.ENSP00000432943,1.8,1
9606.ENSP00000433001,0.8,1
9606.ENSP00000433071,30.1,1
9606.ENSP00000433102,5.1,1
9606.ENSP00000433109,0,0
9606.ENSP00000433126,19.8,1
9606.ENSP00000433138,0,0
9606.ENSP00000433146,23.7,1
9606.ENSP00000433157,23.9,1
9606.ENSP00000433205,21.9,1
9606.ENSP00000433209,0.7,1
9606.ENSP00000433277,0,0
9606.ENSP00000433282,0,0
9606.ENSP00000433295,0.3,1
9606.ENSP00000433343,33.5,1
9606.ENSP00000433352,18.9,1
9606.ENSP00000433361,22.3,1
9606.ENSP00000433378,0,0
9606.ENSP00000433415,0,0
9606.ENSP00000433427,13.2,1
9606.ENSP00000433433,0,0
9606.ENSP00000433459,12.7,1
9606.ENSP00000433488,0.8,1
9606.ENSP00000433490,0,0
9606.ENSP00000433511,24.3,1
9606.ENSP00000433528,10,1
9606.ENSP00000433560,1.8,1
9606.ENSP00000433597,1.8,1
9606.ENSP00000433623,9.6,1
9606.ENSP00000433642,0,0
9606.ENSP00000433664,1048.1,1
9606.ENSP00000433681,3.5,1
9606.ENSP00000433712,0.5,1
9606.ENSP00000433757,0,0
9606.ENSP00000433761,0,0
9606.ENSP00000433773,0,0
9606.ENSP00000433816,0.1,1
9606.ENSP00000433847,1.6,1
9606.ENSP00000433919,263,1
9606.ENSP00000433933,0,0
9606.ENSP00000433999,20.6,1
9606.ENSP00000434024,57.5,1
9606.ENSP00000434033,4.4,1
9606.ENSP00000434034,3.1,1
9606.ENSP00000434045,0,0
9606.ENSP00000434142,8.4,1
9606.ENSP00000434241,0.2,1
9606.ENSP00000434279,0,0
9606.ENSP00000434343,10.1,1
9606.ENSP00000434359,86.5,1
9606.ENSP00000434364,0,0
9606.ENSP00000434399,0,0
9606.ENSP00000434412,242.2,1
9606.ENSP00000434435,26.9,1
9606.ENSP00000434442,47.2,1
9606.ENSP00000434466,25.6,1
9606.ENSP00000434480,10.9,1
9606.ENSP00000434515,47,1
9606.ENSP00000434516,235.7,1
9606.ENSP00000434552,3.6,1
9606.ENSP00000434570,1,1
9606.ENSP00000434602,0.9,1
9606.ENSP00000434614,75.2,1
9606.ENSP00000434655,0,0
9606.ENSP00000434676,0,0
9606.ENSP00000434724,20.1,1
9606.ENSP00000434727,0.4,1
9606.ENSP00000434729,233.4,1
9606.ENSP00000434830,0.1,1
9606.ENSP00000434847,10.9,1
9606.ENSP00000434849,0,0
9606.ENSP00000434887,7.2,1
9606.ENSP00000434995,29.2,1
9606.ENSP00000435010,0,0
9606.ENSP00000435096,951.4,1
9606.ENSP00000435150,1,1
9606.ENSP00000435189,8.3,1
9606.ENSP00000435210,183.5,1
9606.ENSP00000435233,53.7,1
9606.ENSP00000435234,0,0
9606.ENSP00000435289,80.6,1
9606.ENSP00000435299,2.1,1
9606.ENSP00000435300,0,0
9606.ENSP00000435325,23.6,1
9606.ENSP00000435342,0,0
9606.ENSP00000435355,0,0
9606.ENSP00000435365,23.6,1
9606.ENSP00000435370,821.5,1
9606.ENSP00000435373,27.4,1
9606.ENSP00000435380,0,0
9606.ENSP00000435412,16.9,1
9606.ENSP00000435416,0,0
9606.ENSP00000435421,36,1
9606.ENSP00000435460,11,1
9606.ENSP00000435466,0,0
9606.ENSP00000435506,0.5,1
9606.ENSP00000435509,0,0
9606.ENSP00000435550,0,0
9606.ENSP00000435565,1,1
9606.ENSP00000435582,0,0
9606.ENSP00000435585,0.6,1
9606.ENSP00000435619,0.3,1
9606.ENSP00000435634,0,0
9606.ENSP00000435637,0,0
9606.ENSP00000435648,0.5,1
9606.ENSP00000435770,0,0
9606.ENSP00000435777,2213.2,1
9606.ENSP00000435835,0,0
9606.ENSP00000435926,107.5,1
9606.ENSP00000435954,0.1,1
9606.ENSP00000436004,0,0
9606.ENSP00000436005,32,1
9606.ENSP00000436042,0,0
9606.ENSP00000436047,34,1
9606.ENSP00000436049,301.1,1
9606.ENSP00000436126,0,0
9606.ENSP00000436152,14.6,1
9606.ENSP00000436212,2.5,1
9606.ENSP00000436262,1.3,1
9606.ENSP00000436318,7.2,1
9606.ENSP00000436376,0,0
9606.ENSP00000436424,0,0
9606.ENSP00000436426,0,0
9606.ENSP00000436450,0,0
9606.ENSP00000436453,0.1,1
9606.ENSP00000436455,34.4,1
9606.ENSP00000436552,3.9,1
9606.ENSP00000436557,0,0
9606.ENSP00000436580,0,0
9606.ENSP00000436585,0.1,1
9606.ENSP00000436596,9.4,1
9606.ENSP00000436604,0.9,1
9606.ENSP00000436607,9.5,1
9606.ENSP00000436621,2.2,1
9606.ENSP00000436679,89.9,1
9606.ENSP00000436682,0,0
9606.ENSP00000436691,0,0
9606.ENSP00000436714,0,0
9606.ENSP00000436768,18.4,1
9606.ENSP00000436773,91.4,1
9606.ENSP00000436785,37.3,1
9606.ENSP00000436786,22.9,1
9606.ENSP00000436812,0,0
9606.ENSP00000436836,0,0
9606.ENSP00000436848,3,1
9606.ENSP00000436881,0,0
9606.ENSP00000436891,0,0
9606.ENSP00000436897,12.5,1
9606.ENSP00000436901,52.2,1
9606.ENSP00000436926,36.5,1
9606.ENSP00000436975,1.5,1
9606.ENSP00000437041,0.1,1
9606.ENSP00000437073,6,1
9606.ENSP00000437082,3.5,1
9606.ENSP00000437121,0,0
9606.ENSP00000437188,2.4,1
9606.ENSP00000437256,31.6,1
9606.ENSP00000437271,31.4,1
9606.ENSP00000437289,0.2,1
9606.ENSP00000437402,173,1
9606.ENSP00000437409,0,0
9606.ENSP00000437464,7.7,1
9606.ENSP00000437468,0,0
9606.ENSP00000437489,8,1
9606.ENSP00000437532,0.8,1
9606.ENSP00000437550,18.3,1
9606.ENSP00000437554,0,0
9606.ENSP00000437590,3,1
9606.ENSP00000437616,6.1,1
9606.ENSP00000437621,54.2,1
9606.ENSP00000437629,0,0
9606.ENSP00000437635,0,0
9606.ENSP00000437737,0,0
9606.ENSP00000437738,22.7,1
9606.ENSP00000437775,44.2,1
9606.ENSP00000437783,0,0
9606.ENSP00000437790,0,0
9606.ENSP00000437803,19.2,1
9606.ENSP00000437832,3.1,1
9606.ENSP00000437849,0,0
9606.ENSP00000437872,11.55,1
9606.ENSP00000437910,0,0
9606.ENSP00000437940,0,0
9606.ENSP00000437955,71,1
9606.ENSP00000437957,0,0
9606.ENSP00000437968,23.2,1
9606.ENSP00000438038,0.3,1
9606.ENSP00000438040,12.3,1
9606.ENSP00000438042,6.8,1
9606.ENSP00000438085,13.8,1
9606.ENSP00000438115,45.7,1
9606.ENSP00000438144,303,1
9606.ENSP00000438204,212,1
9606.ENSP00000438205,7.1,1
9606.ENSP00000438209,0.1,1
9606.ENSP00000438244,0,0
9606.ENSP00000438248,258.2,1
9606.ENSP00000438262,33.2,1
9606.ENSP00000438264,0,0
9606.ENSP00000438273,2.2,1
9606.ENSP00000438284,2.2,1
9606.ENSP00000438293,0,0
9606.ENSP00000438346,15,1
9606.ENSP00000438349,367.8,1
9606.ENSP00000438388,146,1
9606.ENSP00000438399,112,1
9606.ENSP00000438400,0,0
9606.ENSP00000438455,82.6,1
9606.ENSP00000438465,132.9,1
9606.ENSP00000438468,0.5,1
9606.ENSP00000438483,753.8,1
9606.ENSP00000438492,5.8,1
9606.ENSP00000438526,0,0
9606.ENSP00000438527,35.8,1
9606.ENSP00000438547,7,1
9606.ENSP00000438553,6.2,1
9606.ENSP00000438615,11.8,1
9606.ENSP00000438689,43.8,1
9606.ENSP00000438748,28.3,1
9606.ENSP00000438757,0,0
9606.ENSP00000438788,9.9,1
9606.ENSP00000438815,0,0
9606.ENSP00000438863,12.5,1
9606.ENSP00000438875,23.7,1
9606.ENSP00000438886,41.6,1
9606.ENSP00000438949,1.9,1
9606.ENSP00000438993,23.1,1
9606.ENSP00000439012,397,1
9606.ENSP00000439017,11.7,1
9606.ENSP00000439056,9.1,1
9606.ENSP00000439065,14.6,1
9606.ENSP00000439068,9.3,1
9606.ENSP00000439120,0,0
9606.ENSP00000439128,0,0
9606.ENSP00000439170,3.4,1
9606.ENSP00000439182,0,0
9606.ENSP00000439189,0,0
9606.ENSP00000439228,18.1,1
9606.ENSP00000439244,55.3,1
9606.ENSP00000439250,40.8,1
9606.ENSP00000439281,0.5,1
9606.ENSP00000439287,19.3,1
9606.ENSP00000439378,0,0
9606.ENSP00000439402,0,0
9606.ENSP00000439403,133.4,1
9606.ENSP00000439427,8.1,1
9606.ENSP00000439435,0,0
9606.ENSP00000439444,0,0
9606.ENSP00000439454,0,0
9606.ENSP00000439467,116.5,1
9606.ENSP00000439479,9.9,1
9606.ENSP00000439513,0,0
9606.ENSP00000439585,9.6,1
9606.ENSP00000439601,2.1,1
9606.ENSP00000439625,2.2,1
9606.ENSP00000439666,10,1
9606.ENSP00000439689,13.2,1
9606.ENSP00000439768,14.2,1
9606.ENSP00000439807,17.3,1
9606.ENSP00000439856,30.1,1
9606.ENSP00000439913,0,0
9606.ENSP00000439937,18.4,1
9606.ENSP00000439985,0,0
9606.ENSP00000440005,316.4,1
9606.ENSP00000440038,1.1,1
9606.ENSP00000440045,215.9,1
9606.ENSP00000440077,0,0
9606.ENSP00000440125,11,1
9606.ENSP00000440163,0,0
9606.ENSP00000440167,0,0
9606.ENSP00000440185,0,0
9606.ENSP00000440190,12.6,1
9606.ENSP00000440207,5.3,1
9606.ENSP00000440222,78.1,1
9606.ENSP00000440246,0,0
9606.ENSP00000440273,0.7,1
9606.ENSP00000440288,3.5,1
9606.ENSP00000440331,0,0
9606.ENSP00000440365,14.4,1
9606.ENSP00000440374,3.8,1
9606.ENSP00000440396,14,1
9606.ENSP00000440402,31.7,1
9606.ENSP00000440428,0,0
9606.ENSP00000440440,34.3,1
9606.ENSP00000440464,1.4,1
9606.ENSP00000440485,20,1
9606.ENSP00000440498,0,0
9606.ENSP00000440504,15.3,1
9606.ENSP00000440509,0,0
9606.ENSP00000440556,0.1,1
9606.ENSP00000440594,0,0
9606.ENSP00000440626,0.1,1
9606.ENSP00000440638,26.1,1
9606.ENSP00000440643,0,0
9606.ENSP00000440674,12.9,1
9606.ENSP00000440689,0,0
9606.ENSP00000440703,41.2,1
9606.ENSP00000440704,0,0
9606.ENSP00000440765,28.7,1
9606.ENSP00000440832,2.2,1
9606.ENSP00000440847,3.7,1
9606.ENSP00000440864,16.9,1
9606.ENSP00000440896,0.9,1
9606.ENSP00000440915,43.8,1
9606.ENSP00000440945,23.7,1
9606.ENSP00000440982,0,0
9606.ENSP00000440984,1,1
9606.ENSP00000441000,21.3,1
9606.ENSP00000441028,0,0
9606.ENSP00000441032,22.2,1
9606.ENSP00000441039,6.9,1
9606.ENSP00000441065,126.3,1
9606.ENSP00000441126,38.6,1
9606.ENSP00000441140,43.5,1
9606.ENSP00000441158,4.7,1
9606.ENSP00000441197,0,0
9606.ENSP00000441214,34.5,1
9606.ENSP00000441235,0.3,1
9606.ENSP00000441269,0,0
9606.ENSP00000441283,0,0
9606.ENSP00000441354,0,0
9606.ENSP00000441365,22.4,1
9606.ENSP00000441381,0,0
9606.ENSP00000441405,135.7,1
9606.ENSP00000441410,0,0
9606.ENSP00000441417,0,0
9606.ENSP00000441434,0,0
9606.ENSP00000441497,0,0
9606.ENSP00000441543,2048.8,1
9606.ENSP00000441600,0,0
9606.ENSP00000441624,0,0
9606.ENSP00000441641,14.4,1
9606.ENSP00000441685,0,0
9606.ENSP00000441691,0,0
9606.ENSP00000441726,0,0
9606.ENSP00000441755,3,1
9606.ENSP00000441765,1.3,1
9606.ENSP00000441786,40.1,1
9606.ENSP00000441802,1.3,1
9606.ENSP00000441823,4.7,1
9606.ENSP00000441828,0,0
9606.ENSP00000441831,28.4,1
9606.ENSP00000441832,2.7,1
9606.ENSP00000441838,9.1,1
9606.ENSP00000441858,8.1,1
9606.ENSP00000441875,395.9,1
9606.ENSP00000441913,1.4,1
9606.ENSP00000441927,17.3,1
9606.ENSP00000441929,0,0
9606.ENSP00000441930,0,0
9606.ENSP00000441949,0,0
9606.ENSP00000441953,43.4,1
9606.ENSP00000441954,42,1
9606.ENSP00000441980,16.7,1
9606.ENSP00000442046,0.5,1
9606.ENSP00000442050,28.6,1
9606.ENSP00000442053,35.4,1
9606.ENSP00000442068,53.3,1
9606.ENSP00000442129,0,0
9606.ENSP00000442157,9.8,1
9606.ENSP00000442159,0.1,1
9606.ENSP00000442291,5.4,1
9606.ENSP00000442304,13.7,1
9606.ENSP00000442307,0,0
9606.ENSP00000442308,43.8,1
9606.ENSP00000442318,101.1,1
9606.ENSP00000442336,12.6,1
9606.ENSP00000442373,2.1,1
9606.ENSP00000442397,0,0
9606.ENSP00000442400,0.9,1
9606.ENSP00000442424,0,0
9606.ENSP00000442439,1.7,1
9606.ENSP00000442460,0,0
9606.ENSP00000442464,2,1
9606.ENSP00000442477,0,0
9606.ENSP00000442478,6.1,1
9606.ENSP00000442515,0,0
9606.ENSP00000442521,0.1,1
9606.ENSP00000442563,9.3,1
9606.ENSP00000442573,2.6,1
9606.ENSP00000442600,55.6,1
9606.ENSP00000442626,0,0
9606.ENSP00000442656,17.8,1
9606.ENSP00000442682,5.9,1
9606.ENSP00000442688,24.9,1
9606.ENSP00000442699,120.5,1
9606.ENSP00000442736,0,0
9606.ENSP00000442770,54.2,1
9606.ENSP00000442786,4.8,1
9606.ENSP00000442788,9.3,1
9606.ENSP00000442793,0,0
9606.ENSP00000442795,0,0
9606.ENSP00000442837,0,0
9606.ENSP00000442924,8.6,1
9606.ENSP00000442954,0.1,1
9606.ENSP00000442973,36.9,1
9606.ENSP00000442982,0,0
9606.ENSP00000443021,29.6,1
9606.ENSP00000443113,16.6,1
9606.ENSP00000443133,0,0
9606.ENSP00000443168,0.2,1
9606.ENSP00000443176,34.7,1
9606.ENSP00000443191,33.8,1
9606.ENSP00000443194,4.5,1
9606.ENSP00000443204,25.2,1
9606.ENSP00000443216,186.7,1
9606.ENSP00000443256,5.6,1
9606.ENSP00000443291,13.4,1
9606.ENSP00000443292,1.9,1
9606.ENSP00000443319,24.9,1
9606.ENSP00000443339,0,0
9606.ENSP00000443410,0,0
9606.ENSP00000443411,0,0
9606.ENSP00000443432,0,0
9606.ENSP00000443459,77.2,1
9606.ENSP00000443495,0.4,1
9606.ENSP00000443551,31.6,1
9606.ENSP00000443598,5,1
9606.ENSP00000443631,27.2,1
9606.ENSP00000443647,23.9,1
9606.ENSP00000443654,0,0
9606.ENSP00000443824,8.7,1
9606.ENSP00000443827,0,0
9606.ENSP00000443917,2.6,1
9606.ENSP00000443926,6.8,1
9606.ENSP00000443957,18.2,1
9606.ENSP00000443985,3.9,1
9606.ENSP00000443988,35.3,1
9606.ENSP00000444029,68.1,1
9606.ENSP00000444052,0,0
9606.ENSP00000444054,0,0
9606.ENSP00000444096,13.6,1
9606.ENSP00000444134,0,0
9606.ENSP00000444136,56.1,1
9606.ENSP00000444149,0,0
9606.ENSP00000444156,73.7,1
9606.ENSP00000444171,1.5,1
9606.ENSP00000444198,14.2,1
9606.ENSP00000444201,0.9,1
9606.ENSP00000444210,0.1,1
9606.ENSP00000444211,11.6,1
9606.ENSP00000444215,4.6,1
9606.ENSP00000444278,15.6,1
9606.ENSP00000444339,2.3,1
9606.ENSP00000444357,140.4,1
9606.ENSP00000444408,224.9,1
9606.ENSP00000444411,0.9,1
9606.ENSP00000444412,10.5,1
9606.ENSP00000444433,19.3,1
9606.ENSP00000444503,0,0
9606.ENSP00000444533,0,0
9606.ENSP00000444537,23.8,1
9606.ENSP00000444561,30.1,1
9606.ENSP00000444596,22.4,1
9606.ENSP00000444628,25.2,1
9606.ENSP00000444645,38,1
9606.ENSP00000444688,16.2,1
9606.ENSP00000444736,0,0
9606.ENSP00000444743,14.8,1
9606.ENSP00000444747,0,0
9606.ENSP00000444788,0.1,1
9606.ENSP00000444810,44.1,1
9606.ENSP00000444812,6.4,1
9606.ENSP00000444850,74.9,1
9606.ENSP00000444856,55.4,1
9606.ENSP00000444896,0,0
9606.ENSP00000444935,58.9,1
9606.ENSP00000444948,0,0
9606.ENSP00000444950,0,0
9606.ENSP00000444957,31.7,1
9606.ENSP00000444986,1.3,1
9606.ENSP00000445001,46.3,1
9606.ENSP00000445002,0,0
9606.ENSP00000445043,1,1
9606.ENSP00000445052,58.8,1
9606.ENSP00000445077,1,1
9606.ENSP00000445122,0,0
9606.ENSP00000445135,0,0
9606.ENSP00000445162,46.2,1
9606.ENSP00000445175,716.1,1
9606.ENSP00000445247,1,1
9606.ENSP00000445306,293.8,1
9606.ENSP00000445340,0,0
9606.ENSP00000445359,0.2,1
9606.ENSP00000445366,0.7,1
9606.ENSP00000445381,0,0
9606.ENSP00000445383,0,0
9606.ENSP00000445408,87.8,1
9606.ENSP00000445418,3.2,1
9606.ENSP00000445440,0.5,1
9606.ENSP00000445446,3.7,1
9606.ENSP00000445508,18.3,1
9606.ENSP00000445626,0,0
9606.ENSP00000445675,4.3,1
9606.ENSP00000445683,0.5,1
9606.ENSP00000445688,0.3,1
9606.ENSP00000445704,12.6,1
9606.ENSP00000445725,9.6,1
9606.ENSP00000445768,1,1
9606.ENSP00000445772,1.1,1
9606.ENSP00000445786,0,0
9606.ENSP00000445806,100.9,1
9606.ENSP00000445829,6.2,1
9606.ENSP00000445831,0.2,1
9606.ENSP00000445868,22.7,1
9606.ENSP00000445905,3.8,1
9606.ENSP00000445920,14.6,1
9606.ENSP00000445929,0.1,1
9606.ENSP00000445979,3,1
9606.ENSP00000446007,283.8,1
9606.ENSP00000446054,16.4,1
9606.ENSP00000446058,0,0
9606.ENSP00000446093,35.8,1
9606.ENSP00000446099,21.3,1
9606.ENSP00000446100,16.9,1
9606.ENSP00000446101,0,0
9606.ENSP00000446121,29,1
9606.ENSP00000446184,36.3,1
9606.ENSP00000446205,8.3,1
9606.ENSP00000446215,2327.1,1
9606.ENSP00000446224,4.4,1
9606.ENSP00000446242,10.8,1
9606.ENSP00000446252,39.1,1
9606.ENSP00000446271,57,1
9606.ENSP00000446278,0,0
9606.ENSP00000446280,2.4,1
9606.ENSP00000446335,10.2,1
9606.ENSP00000446460,0.8,1
9606.ENSP00000446479,2.7,1
9606.ENSP00000446485,151.3,1
9606.ENSP00000446524,57.2,1
9606.ENSP00000446680,6.6,1
9606.ENSP00000446688,0,0
9606.ENSP00000446828,45.8,1
9606.ENSP00000446830,1.2,1
9606.ENSP00000446872,30.7,1
9606.ENSP00000446874,29,1
9606.ENSP00000446880,70.6,1
9606.ENSP00000446882,0.2,1
9606.ENSP00000446902,0.2,1
9606.ENSP00000446916,0,0
9606.ENSP00000446917,19.2,1
9606.ENSP00000446955,1995.9,1
9606.ENSP00000447001,1211.2,1
9606.ENSP00000447006,6,1
9606.ENSP00000447053,179.1,1
9606.ENSP00000447057,12.9,1
9606.ENSP00000447091,9.8,1
9606.ENSP00000447121,0.3,1
9606.ENSP00000447149,0,0
9606.ENSP00000447173,0.5,1
9606.ENSP00000447241,11.6,1
9606.ENSP00000447300,14.7,1
9606.ENSP00000447378,0,0
9606.ENSP00000447431,0,0
9606.ENSP00000447488,25.2,1
9606.ENSP00000447537,70.8,1
9606.ENSP00000447597,35.2,1
9606.ENSP00000447651,11.1,1
9606.ENSP00000447679,2.2,1
9606.ENSP00000447730,301.7,1
9606.ENSP00000447731,4.8,1
9606.ENSP00000447852,2.1,1
9606.ENSP00000447879,3.3,1
9606.ENSP00000447931,0.3,1
9606.ENSP00000447942,416.7,1
9606.ENSP00000448012,2.7,1
9606.ENSP00000448035,1324,1
9606.ENSP00000448051,134.2,1
9606.ENSP00000448054,113.5,1
9606.ENSP00000448059,0,0
9606.ENSP00000448062,0,0
9606.ENSP00000448073,6.3,1
9606.ENSP00000448083,11.9,1
9606.ENSP00000448165,20.2,1
9606.ENSP00000448182,22.3,1
9606.ENSP00000448219,0,0
9606.ENSP00000448220,0,0
9606.ENSP00000448228,28.9,1
9606.ENSP00000448248,0,0
9606.ENSP00000448310,0,0
9606.ENSP00000448323,14.4,1
9606.ENSP00000448517,1.4,1
9606.ENSP00000448536,36.6,1
9606.ENSP00000448580,0,0
9606.ENSP00000448598,34.5,1
9606.ENSP00000448665,38.5,1
9606.ENSP00000448680,20,1
9606.ENSP00000448689,4.3,1
9606.ENSP00000448696,0,0
9606.ENSP00000448785,6.1,1
9606.ENSP00000448789,0,0
9606.ENSP00000448811,0,0
9606.ENSP00000448841,0.1,1
9606.ENSP00000448955,12,1
9606.ENSP00000448998,0,0
9606.ENSP00000449002,0,0
9606.ENSP00000449079,0,0
9606.ENSP00000449089,69.2,1
9606.ENSP00000449137,0,0
9606.ENSP00000449241,0.1,1
9606.ENSP00000449253,0,0
9606.ENSP00000449270,265,1
9606.ENSP00000449328,4120.3,1
9606.ENSP00000449381,53.1,1
9606.ENSP00000449404,17.6,1
9606.ENSP00000449428,62.6,1
9606.ENSP00000449500,199.1,1
9606.ENSP00000449535,0,0
9606.ENSP00000449629,0.1,1
9606.ENSP00000449751,31.6,1
9606.ENSP00000449756,94.8,1
9606.ENSP00000449784,10.8,1
9606.ENSP00000449795,79.3,1
9606.ENSP00000449884,61.5,1
9606.ENSP00000449960,8.2,1
9606.ENSP00000449999,0,0
9606.ENSP00000450040,0,0
9606.ENSP00000450085,0.4,1
9606.ENSP00000450114,1,1
9606.ENSP00000450244,0.3,1
9606.ENSP00000450310,0,0
9606.ENSP00000450337,29.8,1
9606.ENSP00000450385,72.2,1
9606.ENSP00000450436,24.9,1
9606.ENSP00000450444,0,0
9606.ENSP00000450456,0,0
9606.ENSP00000450461,21.2,1
9606.ENSP00000450482,0,0
9606.ENSP00000450524,0.4,1
9606.ENSP00000450527,1.4,1
9606.ENSP00000450565,3.4,1
9606.ENSP00000450580,0,0
9606.ENSP00000450607,82,1
9606.ENSP00000450731,36.8,1
9606.ENSP00000450742,7.5,1
9606.ENSP00000450749,41.2,1
9606.ENSP00000450832,13.9,1
9606.ENSP00000450838,0,0
9606.ENSP00000450842,0,0
9606.ENSP00000450853,0.1,1
9606.ENSP00000450857,16.5,1
9606.ENSP00000450864,36.6,1
9606.ENSP00000450895,0.1,1
9606.ENSP00000450909,645.4,1
9606.ENSP00000450958,0.1,1
9606.ENSP00000450962,0.6,1
9606.ENSP00000450980,2.9,1
9606.ENSP00000451000,19.9,1
9606.ENSP00000451030,0,0
9606.ENSP00000451040,1.8,1
9606.ENSP00000451080,563.4,1
9606.ENSP00000451112,170,1
9606.ENSP00000451162,7.4,1
9606.ENSP00000451188,22.1,1
9606.ENSP00000451211,29.5,1
9606.ENSP00000451223,0.1,1
9606.ENSP00000451261,23.9,1
9606.ENSP00000451263,6.5,1
9606.ENSP00000451291,1611.4,1
9606.ENSP00000451300,39.8,1
9606.ENSP00000451406,6.1,1
9606.ENSP00000451575,0,0
9606.ENSP00000451594,13.9,1
9606.ENSP00000451605,1.5,1
9606.ENSP00000451648,0.1,1
9606.ENSP00000451712,30.3,1
9606.ENSP00000451752,6.3,1
9606.ENSP00000451812,20.4,1
9606.ENSP00000451818,79,1
9606.ENSP00000451828,89.5,1
9606.ENSP00000451851,3.5,1
9606.ENSP00000451866,26.3,1
9606.ENSP00000451945,0.5,1
9606.ENSP00000451950,0,0
9606.ENSP00000451962,1.6,1
9606.ENSP00000451974,34.6,1
9606.ENSP00000451998,4.1,1
9606.ENSP00000452007,27.8,1
9606.ENSP00000452037,12.8,1
9606.ENSP00000452120,5.1,1
9606.ENSP00000452123,242.5,1
9606.ENSP00000452126,8.4,1
9606.ENSP00000452181,17,1
9606.ENSP00000452245,1.4,1
9606.ENSP00000452277,0,0
9606.ENSP00000452280,8.7,1
9606.ENSP00000452398,0,0
9606.ENSP00000452414,1.7,1
9606.ENSP00000452454,28.7,1
9606.ENSP00000452479,16.9,1
9606.ENSP00000452521,18.5,1
9606.ENSP00000452552,0,0
9606.ENSP00000452634,11.6,1
9606.ENSP00000452697,409.1,1
9606.ENSP00000452746,0,0
9606.ENSP00000452762,502.7,1
9606.ENSP00000452773,13.8,1
9606.ENSP00000452780,497.2,1
9606.ENSP00000452786,0.1,1
9606.ENSP00000452793,4.5,1
9606.ENSP00000452796,14.6,1
9606.ENSP00000452871,32.3,1
9606.ENSP00000452877,18,1
9606.ENSP00000452885,13.4,1
9606.ENSP00000452909,990,1
9606.ENSP00000452948,11,1
9606.ENSP00000453019,12.6,1
9606.ENSP00000453076,7.7,1
9606.ENSP00000453129,30.2,1
9606.ENSP00000453153,0,0
9606.ENSP00000453170,0,0
9606.ENSP00000453177,0.1,1
9606.ENSP00000453273,8.4,1
9606.ENSP00000453281,18.7,1
9606.ENSP00000453293,0.5,1
9606.ENSP00000453302,0.2,1
9606.ENSP00000453307,8.1,1
9606.ENSP00000453399,8.8,1
9606.ENSP00000453403,104.2,1
9606.ENSP00000453502,16.2,1
9606.ENSP00000453508,10.3,1
9606.ENSP00000453704,0,0
9606.ENSP00000453793,26.9,1
9606.ENSP00000453854,26.2,1
9606.ENSP00000453872,5.3,1
9606.ENSP00000453940,0,0
9606.ENSP00000453962,0.3,1
9606.ENSP00000453969,0.2,1
9606.ENSP00000454012,0.4,1
9606.ENSP00000454014,0.1,1
9606.ENSP00000454021,18.9,1
9606.ENSP00000454038,42.4,1
9606.ENSP00000454062,0.6,1
9606.ENSP00000454071,31.1,1
9606.ENSP00000454153,7.3,1
9606.ENSP00000454157,14.5,1
9606.ENSP00000454207,20.4,1
9606.ENSP00000454229,25.8,1
9606.ENSP00000454264,27.9,1
9606.ENSP00000454268,0,0
9606.ENSP00000454303,8.7,1
9606.ENSP00000454322,0,0
9606.ENSP00000454370,2.3,1
9606.ENSP00000454380,1.7,1
9606.ENSP00000454404,18.3,1
9606.ENSP00000454407,0,0
9606.ENSP00000454468,0,0
9606.ENSP00000454545,22,1
9606.ENSP00000454561,0.2,1
9606.ENSP00000454562,0.4,1
9606.ENSP00000454623,0,0
9606.ENSP00000454646,10.2,1
9606.ENSP00000454748,0,0
9606.ENSP00000454770,0,0
9606.ENSP00000454783,1,1
9606.ENSP00000454804,0,0
9606.ENSP00000454836,5.9,1
9606.ENSP00000454852,60.3,1
9606.ENSP00000454903,0,0
9606.ENSP00000454913,0,0
9606.ENSP00000454919,0,0
9606.ENSP00000454926,7.6,1
9606.ENSP00000454945,0,0
9606.ENSP00000454973,18.5,1
9606.ENSP00000455026,18.1,1
9606.ENSP00000455041,2.9,1
9606.ENSP00000455064,32,1
9606.ENSP00000455068,2.1,1
9606.ENSP00000455079,3,1
9606.ENSP00000455099,0,0
9606.ENSP00000455106,21.2,1
9606.ENSP00000455169,86.4,1
9606.ENSP00000455215,0,0
9606.ENSP00000455229,26.6,1
9606.ENSP00000455265,4.3,1
9606.ENSP00000455298,0,0
9606.ENSP00000455385,0,0
9606.ENSP00000455397,13,1
9606.ENSP00000455426,1.4,1
9606.ENSP00000455434,0,0
9606.ENSP00000455442,1.9,1
9606.ENSP00000455444,2.2,1
9606.ENSP00000455459,10,1
9606.ENSP00000455469,0,0
9606.ENSP00000455507,1.3,1
9606.ENSP00000455585,7.2,1
9606.ENSP00000455596,0,0
9606.ENSP00000455607,13.5,1
9606.ENSP00000455625,126.1,1
9606.ENSP00000455643,44.2,1
9606.ENSP00000455698,0,0
9606.ENSP00000455711,0,0
9606.ENSP00000455785,6.8,1
9606.ENSP00000455811,0,0
9606.ENSP00000455826,0,0
9606.ENSP00000455854,0,0
9606.ENSP00000455897,0,0
9606.ENSP00000455906,0,0
9606.ENSP00000455948,0,0
9606.ENSP00000455971,0,0
9606.ENSP00000456026,0,0
9606.ENSP00000456206,0.1,1
9606.ENSP00000456226,3.4,1
9606.ENSP00000456333,0,0
9606.ENSP00000456337,0,0
9606.ENSP00000456340,8.7,1
9606.ENSP00000456348,32.4,1
9606.ENSP00000456401,0,0
9606.ENSP00000456405,23.1,1
9606.ENSP00000456480,2.9,1
9606.ENSP00000456548,0.5,1
9606.ENSP00000456566,0,0
9606.ENSP00000456594,6,1
9606.ENSP00000456609,1.8,1
9606.ENSP00000456743,5.5,1
9606.ENSP00000456782,37.1,1
9606.ENSP00000456850,0,0
9606.ENSP00000456861,0,0
9606.ENSP00000456894,1.2,1
9606.ENSP00000456927,0,0
9606.ENSP00000456953,0,0
9606.ENSP00000457016,73.8,1
9606.ENSP00000457161,0,0
9606.ENSP00000457168,3.7,1
9606.ENSP00000457205,1.9,1
9606.ENSP00000457206,4.8,1
9606.ENSP00000457230,5.1,1
9606.ENSP00000457241,0.3,1
9606.ENSP00000457243,5.4,1
9606.ENSP00000457258,57.2,1
9606.ENSP00000457353,0,0
9606.ENSP00000457380,0,0
9606.ENSP00000457386,0.4,1
9606.ENSP00000457408,4.4,1
9606.ENSP00000457411,108.2,1
9606.ENSP00000457421,0,0
9606.ENSP00000457466,14,1
9606.ENSP00000457492,35.5,1
9606.ENSP00000457511,0,0
9606.ENSP00000457513,657.2,1
9606.ENSP00000457539,0,0
9606.ENSP00000457593,3.9,1
9606.ENSP00000457625,41.3,1
9606.ENSP00000457703,88.4,1
9606.ENSP00000457723,217.3,1
9606.ENSP00000457733,7.9,1
9606.ENSP00000457748,0,0
9606.ENSP00000457788,11.7,1
9606.ENSP00000457807,0,0
9606.ENSP00000457810,7.5,1
9606.ENSP00000457904,0,0
9606.ENSP00000457935,321.3,1
9606.ENSP00000457962,0.1,1
9606.ENSP00000457991,12.1,1
9606.ENSP00000458018,0.4,1
9606.ENSP00000458065,0,0
9606.ENSP00000458075,12.1,1
9606.ENSP00000458130,0,0
9606.ENSP00000458162,1722.7,1
9606.ENSP00000458290,24.7,1
9606.ENSP00000458316,0.7,1
9606.ENSP00000458355,0,0
9606.ENSP00000458537,4.1,1
9606.ENSP00000458570,0.1,1
9606.ENSP00000458585,0,0
9606.ENSP00000458663,14.6,1
9606.ENSP00000458715,0,0
9606.ENSP00000458762,26.3,1
9606.ENSP00000458770,271.2,1
9606.ENSP00000458772,0,0
9606.ENSP00000458791,0,0
9606.ENSP00000458832,0,0
9606.ENSP00000458954,73.6,1
9606.ENSP00000458977,0,0
9606.ENSP00000458986,45.3,1
9606.ENSP00000459028,0,0
9606.ENSP00000459043,0,0
9606.ENSP00000459216,1.1,1
9606.ENSP00000459439,0,0
9606.ENSP00000459451,0,0
9606.ENSP00000459533,40.1,1
9606.ENSP00000459551,0,0
9606.ENSP00000459566,10.2,1
9606.ENSP00000459580,0.6,1
9606.ENSP00000459615,30,1
9606.ENSP00000459799,0,0
9606.ENSP00000459943,29.3,1
9606.ENSP00000459962,2,1
9606.ENSP00000460070,221.1,1
9606.ENSP00000460236,0,0
9606.ENSP00000460274,0.1,1
9606.ENSP00000460348,356.3,1
9606.ENSP00000460380,0,0
9606.ENSP00000460547,12.9,1
9606.ENSP00000460602,0,0
9606.ENSP00000460665,0.2,1
9606.ENSP00000460823,47.9,1
9606.ENSP00000460825,10,1
9606.ENSP00000460850,14.7,1
9606.ENSP00000460871,186.7,1
9606.ENSP00000460885,0,0
9606.ENSP00000460964,97.3,1
9606.ENSP00000460971,0,0
9606.ENSP00000461269,0,0
9606.ENSP00000461382,5.2,1
9606.ENSP00000461388,36.2,1
9606.ENSP00000461425,0.5,1
9606.ENSP00000461433,5.1,1
9606.ENSP00000461749,90.8,1
9606.ENSP00000461785,6.8,1
9606.ENSP00000461862,0,0
9606.ENSP00000461930,96.8,1
9606.ENSP00000461945,25.9,1
9606.ENSP00000462046,0,0
9606.ENSP00000462054,0.3,1
9606.ENSP00000462099,3.5,1
9606.ENSP00000462106,0,0
9606.ENSP00000462116,33.5,1
9606.ENSP00000462154,2.4,1
9606.ENSP00000462269,1.2,1
9606.ENSP00000462309,0,0
9606.ENSP00000462333,7.2,1
9606.ENSP00000462337,38.1,1
9606.ENSP00000462349,0,0
9606.ENSP00000462419,17.7,1
9606.ENSP00000462435,9.2,1
9606.ENSP00000462468,60.8,1
9606.ENSP00000462521,13,1
9606.ENSP00000462600,17.5,1
9606.ENSP00000462647,0,0
9606.ENSP00000462664,7.4,1
9606.ENSP00000462701,0,0
9606.ENSP00000462717,9.3,1
9606.ENSP00000462729,13.2,1
9606.ENSP00000462745,0,0
9606.ENSP00000462945,74.7,1
9606.ENSP00000462963,18.6,1
9606.ENSP00000462996,6.2,1
9606.ENSP00000463013,126.7,1
9606.ENSP00000463024,0,0
9606.ENSP00000463027,72.6,1
9606.ENSP00000463032,17.2,1
9606.ENSP00000463051,0,0
9606.ENSP00000463057,0,0
9606.ENSP00000463058,289.3,1
9606.ENSP00000463069,0.6,1
9606.ENSP00000463080,0,0
9606.ENSP00000463092,0,0
9606.ENSP00000463151,0,0
9606.ENSP00000463154,164.9,1
9606.ENSP00000463159,15.5,1
9606.ENSP00000463188,25.6,1
9606.ENSP00000463201,0,0
9606.ENSP00000463233,11.4,1
9606.ENSP00000463245,74.2,1
9606.ENSP00000463287,0,0
9606.ENSP00000463325,0.2,1
9606.ENSP00000463334,13.6,1
9606.ENSP00000463361,0,0
9606.ENSP00000463375,0,0
9606.ENSP00000463379,26.2,1
9606.ENSP00000463393,18.3,1
9606.ENSP00000463419,0,0
9606.ENSP00000463533,0,0
9606.ENSP00000463559,424.3,1
9606.ENSP00000463574,9.6,1
9606.ENSP00000463650,6,1
9606.ENSP00000463653,0,0
9606.ENSP00000463752,0,0
9606.ENSP00000463762,0,0
9606.ENSP00000463778,0,0
9606.ENSP00000463784,3173.2,1
9606.ENSP00000463957,4,1
9606.ENSP00000463978,15.6,1
9606.ENSP00000464006,6.7,1
9606.ENSP00000464030,0.1,1
9606.ENSP00000464036,18.6,1
9606.ENSP00000464040,6.3,1
9606.ENSP00000464050,90.3,1
9606.ENSP00000464060,4.45,1
9606.ENSP00000464087,9.3,1
9606.ENSP00000464145,0,0
9606.ENSP00000464162,19.4,1
9606.ENSP00000464218,42.4,1
9606.ENSP00000464258,0.1,1
9606.ENSP00000464275,32.8,1
9606.ENSP00000464317,0.5,1
9606.ENSP00000464327,98.4,1
9606.ENSP00000464330,0,0
9606.ENSP00000464342,516.6,1
9606.ENSP00000464411,5.1,1
9606.ENSP00000464443,16.9,1
9606.ENSP00000464522,168,1
9606.ENSP00000464535,1.1,1
9606.ENSP00000464619,0,0
9606.ENSP00000464780,173.9,1
9606.ENSP00000464788,0,0
9606.ENSP00000464813,2000.9,1
9606.ENSP00000464814,66.1,1
9606.ENSP00000464872,2.3,1
9606.ENSP00000464890,0.2,1
9606.ENSP00000464893,8.1,1
9606.ENSP00000464932,11.5,1
9606.ENSP00000464955,65.4,1
9606.ENSP00000464976,2.6,1
9606.ENSP00000465039,0.1,1
9606.ENSP00000465075,29,1
9606.ENSP00000465099,46.4,1
9606.ENSP00000465121,9.9,1
9606.ENSP00000465204,0,0
9606.ENSP00000465213,10.8,1
9606.ENSP00000465231,0,0
9606.ENSP00000465260,0.4,1
9606.ENSP00000465261,1,1
9606.ENSP00000465295,0,0
9606.ENSP00000465356,15.6,1
9606.ENSP00000465368,0,0
9606.ENSP00000465419,0.6,1
9606.ENSP00000465432,111.6,1
9606.ENSP00000465500,8.3,1
9606.ENSP00000465517,28.2,1
9606.ENSP00000465578,8.7,1
9606.ENSP00000465589,0,0
9606.ENSP00000465617,13.1,1
9606.ENSP00000465620,0,0
9606.ENSP00000465638,0,0
9606.ENSP00000465676,12.3,1
9606.ENSP00000465734,1.1,1
9606.ENSP00000465757,24.6,1
9606.ENSP00000465759,35.5,1
9606.ENSP00000465776,8.9,1
9606.ENSP00000465894,5.8,1
9606.ENSP00000465930,5,1
9606.ENSP00000465932,0,0
9606.ENSP00000465978,0,0
9606.ENSP00000465992,25.1,1
9606.ENSP00000466009,0,0
9606.ENSP00000466047,27.1,1
9606.ENSP00000466051,0.6,1
9606.ENSP00000466058,0,0
9606.ENSP00000466070,0,0
9606.ENSP00000466072,0,0
9606.ENSP00000466090,0,0
9606.ENSP00000466121,11.7,1
9606.ENSP00000466134,226.3,1
9606.ENSP00000466174,0.1,1
9606.ENSP00000466214,213.6,1
9606.ENSP00000466248,0,0
9606.ENSP00000466274,0.8,1
9606.ENSP00000466285,0.5,1
9606.ENSP00000466298,44.9,1
9606.ENSP00000466363,6.5,1
9606.ENSP00000466379,84.5,1
9606.ENSP00000466399,9.8,1
9606.ENSP00000466477,0.1,1
9606.ENSP00000466542,7.7,1
9606.ENSP00000466561,0,0
9606.ENSP00000466680,12.1,1
9606.ENSP00000466690,0.7,1
9606.ENSP00000466714,19.3,1
9606.ENSP00000466718,75.7,1
9606.ENSP00000466775,0,0
9606.ENSP00000466799,0.7,1
9606.ENSP00000466880,0,0
9606.ENSP00000466897,182.5,1
9606.ENSP00000466898,4.4,1
9606.ENSP00000466907,1.1,1
9606.ENSP00000466933,1.2,1
9606.ENSP00000466937,11.4,1
9606.ENSP00000466953,19.2,1
9606.ENSP00000466967,45.2,1
9606.ENSP00000466971,19.3,1
9606.ENSP00000466989,2.3,1
9606.ENSP00000467024,78,1
9606.ENSP00000467083,9.4,1
9606.ENSP00000467107,1.7,1
9606.ENSP00000467123,0,0
9606.ENSP00000467141,0,0
9606.ENSP00000467176,24,1
9606.ENSP00000467218,2.4,1
9606.ENSP00000467262,55.5,1
9606.ENSP00000467266,0.7,1
9606.ENSP00000467271,0,0
9606.ENSP00000467290,6.5,1
9606.ENSP00000467301,0,0
9606.ENSP00000467423,92.7,1
9606.ENSP00000467466,825.1,1
9606.ENSP00000467494,0.3,1
9606.ENSP00000467556,23.3,1
9606.ENSP00000467579,45.2,1
9606.ENSP00000467723,2,1
9606.ENSP00000467740,0,0
9606.ENSP00000467753,0,0
9606.ENSP00000467843,0,0
9606.ENSP00000467931,2.5,1
9606.ENSP00000468002,25.6,1
9606.ENSP00000468025,22.9,1
9606.ENSP00000468032,2.7,1
9606.ENSP00000468049,11.8,1
9606.ENSP00000468057,0.4,1
9606.ENSP00000468153,9.5,1
9606.ENSP00000468232,1.5,1
9606.ENSP00000468236,0,0
9606.ENSP00000468263,22.1,1
9606.ENSP00000468304,14.8,1
9606.ENSP00000468308,0.2,1
9606.ENSP00000468312,6,1
9606.ENSP00000468348,6.1,1
9606.ENSP00000468354,0,0
9606.ENSP00000468411,65.3,1
9606.ENSP00000468424,94.5,1
9606.ENSP00000468500,1.4,1
9606.ENSP00000468531,1.3,1
9606.ENSP00000468633,84.7,1
9606.ENSP00000468678,4.1,1
9606.ENSP00000468720,0,0
9606.ENSP00000468767,0,0
9606.ENSP00000468782,0.1,1
9606.ENSP00000468785,36.3,1
9606.ENSP00000468897,0.1,1
9606.ENSP00000468927,1.1,1
9606.ENSP00000468956,1.9,1
9606.ENSP00000468969,242.7,1
9606.ENSP00000468980,2,1
9606.ENSP00000468984,0,0
9606.ENSP00000468991,196.7,1
9606.ENSP00000469011,0,0
9606.ENSP00000469029,10.4,1
9606.ENSP00000469049,0,0
9606.ENSP00000469089,4.2,1
9606.ENSP00000469142,2.1,1
9606.ENSP00000469205,0,0
9606.ENSP00000469223,0,0
9606.ENSP00000469240,76.1,1
9606.ENSP00000469248,25.3,1
9606.ENSP00000469315,0,0
9606.ENSP00000469332,2.1,1
9606.ENSP00000469337,0.2,1
9606.ENSP00000469391,0.1,1
9606.ENSP00000469394,0,0
9606.ENSP00000469413,12.6,1
9606.ENSP00000469417,0,0
9606.ENSP00000469441,0,0
9606.ENSP00000469445,0,0
9606.ENSP00000469455,0.1,1
9606.ENSP00000469468,276.4,1
9606.ENSP00000469474,0,0
9606.ENSP00000469582,0,0
9606.ENSP00000469591,0.5,1
9606.ENSP00000469613,1.6,1
9606.ENSP00000469647,1,1
9606.ENSP00000469686,70.8,1
9606.ENSP00000469689,0,0
9606.ENSP00000469759,0.2,1
9606.ENSP00000469836,29.4,1
9606.ENSP00000469863,1.3,1
9606.ENSP00000469876,0.2,1
9606.ENSP00000469880,21.3,1
9606.ENSP00000469958,0,0
9606.ENSP00000469981,17.2,1
9606.ENSP00000469998,9.5,1
9606.ENSP00000470034,47.8,1
9606.ENSP00000470082,11.1,1
9606.ENSP00000470123,1.2,1
9606.ENSP00000470142,38.7,1
9606.ENSP00000470152,2.1,1
9606.ENSP00000470185,0,0
9606.ENSP00000470209,0,0
9606.ENSP00000470239,5.4,1
9606.ENSP00000470248,15.6,1
9606.ENSP00000470252,101.9,1
9606.ENSP00000470259,0,0
9606.ENSP00000470262,13,1
9606.ENSP00000470298,0.1,1
9606.ENSP00000470323,1.3,1
9606.ENSP00000470381,8.1,1
9606.ENSP00000470441,0,0
9606.ENSP00000470488,4.8,1
9606.ENSP00000470498,0.6,1
9606.ENSP00000470539,52.3,1
9606.ENSP00000470555,0.4,1
9606.ENSP00000470560,18.9,1
9606.ENSP00000470584,0,0
9606.ENSP00000470652,19.7,1
9606.ENSP00000470746,1,1
9606.ENSP00000470788,0,0
9606.ENSP00000470801,0,0
9606.ENSP00000470813,0,0
9606.ENSP00000470879,10.7,1
9606.ENSP00000470972,2701.4,1
9606.ENSP00000471000,12.4,1
9606.ENSP00000471017,0,0
9606.ENSP00000471126,0.3,1
9606.ENSP00000471191,108.3,1
9606.ENSP00000471224,0,0
9606.ENSP00000471242,20.1,1
9606.ENSP00000471252,0.1,1
9606.ENSP00000471272,0,0
9606.ENSP00000471277,10.9,1
9606.ENSP00000471299,0.3,1
9606.ENSP00000471331,27.6,1
9606.ENSP00000471417,0,0
9606.ENSP00000471418,0,0
9606.ENSP00000471454,5.7,1
9606.ENSP00000471455,60,1
9606.ENSP00000471457,14.2,1
9606.ENSP00000471477,0,0
9606.ENSP00000471493,0,0
9606.ENSP00000471502,0.1,1
9606.ENSP00000471516,15.2,1
9606.ENSP00000471536,8.2,1
9606.ENSP00000471549,4.7,1
9606.ENSP00000471575,0,0
9606.ENSP00000471593,0,0
9606.ENSP00000471604,0,0
9606.ENSP00000471646,0,0
9606.ENSP00000471683,164.4,1
9606.ENSP00000471735,9.8,1
9606.ENSP00000471754,19.9,1
9606.ENSP00000471894,0.3,1
9606.ENSP00000471896,32.5,1
9606.ENSP00000471905,4.6,1
9606.ENSP00000471921,1.4,1
9606.ENSP00000471932,23.1,1
9606.ENSP00000471984,0,0
9606.ENSP00000472109,37.5,1
9606.ENSP00000472118,0.8,1
9606.ENSP00000472249,0,0
9606.ENSP00000472286,53.2,1
9606.ENSP00000472305,16.5,1
9606.ENSP00000472308,0.1,1
9606.ENSP00000472316,0,0
9606.ENSP00000472409,0,0
9606.ENSP00000472467,0,0
9606.ENSP00000472469,114.9,1
9606.ENSP00000472474,0.4,1
9606.ENSP00000472546,0,0
9606.ENSP00000472619,16.3,1
9606.ENSP00000472620,0,0
9606.ENSP00000472681,0,0
9606.ENSP00000472749,0.1,1
9606.ENSP00000472802,2.6,1
9606.ENSP00000472808,18.4,1
9606.ENSP00000472836,153,1
9606.ENSP00000472847,14.7,1
9606.ENSP00000472867,0,0
9606.ENSP00000472919,0,0
9606.ENSP00000472929,0,0
9606.ENSP00000472959,1.8,1
9606.ENSP00000472969,0,0
9606.ENSP00000472985,1529.9,1
9606.ENSP00000472998,176.6,1
9606.ENSP00000473001,3.7,1
9606.ENSP00000473036,0,0
9606.ENSP00000473047,0,0
9606.ENSP00000473091,0.1,1
9606.ENSP00000473093,0,0
9606.ENSP00000473153,0,0
9606.ENSP00000473159,0,0
9606.ENSP00000473172,99.9,1
9606.ENSP00000473185,293.6,1
9606.ENSP00000473212,0,0
9606.ENSP00000473290,90.1,1
9606.ENSP00000473348,1.8,1
9606.ENSP00000473370,0,0
9606.ENSP00000473381,87.7,1
9606.ENSP00000473383,0.4,1
9606.ENSP00000473384,0.2,1
9606.ENSP00000473391,2.8,1
9606.ENSP00000473474,0,0
9606.ENSP00000473493,0,0
9606.ENSP00000473553,0.4,1
9606.ENSP00000473565,13.7,1
9606.ENSP00000473631,18.7,1
9606.ENSP00000473686,0.3,1
9606.ENSP00000473842,0,0
9606.ENSP00000473853,0,0
9606.ENSP00000473871,0.3,1
9606.ENSP00000473929,0.1,1
9606.ENSP00000473941,0,0
9606.ENSP00000473983,7.6,1
9606.ENSP00000473990,0.3,1
9606.ENSP00000474003,0,0
9606.ENSP00000474032,9.9,1
9606.ENSP00000474071,3.4,1
9606.ENSP00000474090,0,0
9606.ENSP00000474096,254,1
9606.ENSP00000474182,0,0
9606.ENSP00000474204,0,0
9606.ENSP00000474230,24.3,1
9606.ENSP00000474246,0,0
9606.ENSP00000474385,0.1,1
9606.ENSP00000474388,0,0
9606.ENSP00000474412,0,0
9606.ENSP00000474456,3.9,1
9606.ENSP00000474487,14.6,1
9606.ENSP00000474529,0,0
9606.ENSP00000474534,20.9,1
9606.ENSP00000474560,85.5,1
9606.ENSP00000474570,0,0
9606.ENSP00000474632,0,0
9606.ENSP00000474720,32.8,1
9606.ENSP00000474823,0.3,1
9606.ENSP00000474850,0,0
9606.ENSP00000474861,0.9,1
9606.ENSP00000474988,0.2,1
9606.ENSP00000475025,3,1
9606.ENSP00000475027,23.7,1
9606.ENSP00000475028,0,0
9606.ENSP00000475068,17.1,1
9606.ENSP00000475084,0,0
9606.ENSP00000475146,0,0
9606.ENSP00000475168,152.2,1
9606.ENSP00000475189,0.9,1
9606.ENSP00000475216,0,0
9606.ENSP00000475261,0,0
9606.ENSP00000475270,0,0
9606.ENSP00000475344,0,0
9606.ENSP00000475473,51.7,1
9606.ENSP00000475489,30.3,1
9606.ENSP00000475615,33.8,1
9606.ENSP00000475700,29.2,1
9606.ENSP00000475727,24.5,1
9606.ENSP00000475750,13.2,1
9606.ENSP00000475845,51.6,1
9606.ENSP00000475915,9.5,1
9606.ENSP00000475924,153.1,1
9606.ENSP00000475939,0,0
9606.ENSP00000476046,25.3,1
9606.ENSP00000476100,12,1
9606.ENSP00000476117,45.4,1
9606.ENSP00000476119,11,1
9606.ENSP00000476136,6.5,1
9606.ENSP00000476140,111.7,1
9606.ENSP00000476141,0,0
9606.ENSP00000476145,0.2,1
9606.ENSP00000476176,2.3,1
9606.ENSP00000476228,7.4,1
9606.ENSP00000476253,0.4,1
9606.ENSP00000476295,0.2,1
9606.ENSP00000476312,0,0
9606.ENSP00000476313,0,0
9606.ENSP00000476369,39.9,1
9606.ENSP00000476384,0,0
9606.ENSP00000476499,0.6,1
9606.ENSP00000476510,0,0
9606.ENSP00000476519,5.3,1
9606.ENSP00000476537,0,0
9606.ENSP00000476603,0.4,1
9606.ENSP00000476672,0,0
9606.ENSP00000476746,5.7,1
9606.ENSP00000476755,5,1
9606.ENSP00000476767,65,1
9606.ENSP00000476792,0.8,1
9606.ENSP00000476795,2.7,1
9606.ENSP00000476815,10.2,1
9606.ENSP00000476820,0.1,1
9606.ENSP00000476821,0,0
9606.ENSP00000476948,3.4,1
9606.ENSP00000476955,0,0
9606.ENSP00000476960,0,0
9606.ENSP00000477014,0,0
9606.ENSP00000477017,0,0
9606.ENSP00000477059,0,0
9606.ENSP00000477141,0,0
9606.ENSP00000477213,44.4,1
9606.ENSP00000477310,33.8,1
9606.ENSP00000477314,0.7,1
9606.ENSP00000477341,17,1
9606.ENSP00000477344,2.6,1
9606.ENSP00000477352,57.3,1
9606.ENSP00000477392,50.3,1
9606.ENSP00000477437,0,0
9606.ENSP00000477445,0,0
9606.ENSP00000477455,0,0
9606.ENSP00000477502,81.2,1
9606.ENSP00000477507,19.1,1
9606.ENSP00000477509,5.4,1
9606.ENSP00000477515,0,0
9606.ENSP00000477527,2.9,1
9606.ENSP00000477530,2.6,1
9606.ENSP00000477538,636.3,1
9606.ENSP00000477548,0,0
9606.ENSP00000477563,0.7,1
9606.ENSP00000477564,3.4,1
9606.ENSP00000477567,0,0
9606.ENSP00000477572,75.4,1
9606.ENSP00000477587,0,0
9606.ENSP00000477590,68.7,1
9606.ENSP00000477597,0,0
9606.ENSP00000477602,79.7,1
9606.ENSP00000477613,24.5,1
9606.ENSP00000477627,0,0
9606.ENSP00000477639,22.4,1
9606.ENSP00000477653,0.2,1
9606.ENSP00000477654,16.9,1
9606.ENSP00000477688,0,0
9606.ENSP00000477695,0.9,1
9606.ENSP00000477706,14,1
9606.ENSP00000477707,7.6,1
9606.ENSP00000477715,5.1,1
9606.ENSP00000477716,2.7,1
9606.ENSP00000477725,15.7,1
9606.ENSP00000477760,10.9,1
9606.ENSP00000477776,15.6,1
9606.ENSP00000477781,2281.2,1
9606.ENSP00000477792,50.5,1
9606.ENSP00000477802,0,0
9606.ENSP00000477815,0,0
9606.ENSP00000477817,4.9,1
9606.ENSP00000477829,3.8,1
9606.ENSP00000477841,13.6,1
9606.ENSP00000477846,0,0
9606.ENSP00000477848,141.8,1
9606.ENSP00000477856,0,0
9606.ENSP00000477868,37.4,1
9606.ENSP00000477870,0,0
9606.ENSP00000477907,0,0
9606.ENSP00000477908,0,0
9606.ENSP00000477920,0,0
9606.ENSP00000477922,0,0
9606.ENSP00000477949,0,0
9606.ENSP00000477973,0,0
9606.ENSP00000477979,18.2,1
9606.ENSP00000477981,11.9,1
9606.ENSP00000477999,0,0
9606.ENSP00000478017,0,0
9606.ENSP00000478024,0,0
9606.ENSP00000478026,0,0
9606.ENSP00000478059,20.1,1
9606.ENSP00000478061,67.9,1
9606.ENSP00000478070,8.2,1
9606.ENSP00000478104,10.1,1
9606.ENSP00000478121,168.7,1
9606.ENSP00000478179,2.5,1
9606.ENSP00000478187,6,1
9606.ENSP00000478212,50.1,1
9606.ENSP00000478220,37.2,1
9606.ENSP00000478253,72.4,1
9606.ENSP00000478255,4.8,1
9606.ENSP00000478257,0,0
9606.ENSP00000478258,0,0
9606.ENSP00000478289,0,0
9606.ENSP00000478290,11,1
9606.ENSP00000478298,3.6,1
9606.ENSP00000478303,79.1,1
9606.ENSP00000478305,6.8,1
9606.ENSP00000478309,0,0
9606.ENSP00000478310,109.9,1
9606.ENSP00000478319,0,0
9606.ENSP00000478320,11.6,1
9606.ENSP00000478345,0.1,1
9606.ENSP00000478384,6,1
9606.ENSP00000478388,1.8,1
9606.ENSP00000478396,31.2,1
9606.ENSP00000478417,16.9,1
9606.ENSP00000478425,0,0
9606.ENSP00000478426,0,0
9606.ENSP00000478458,24.8,1
9606.ENSP00000478474,62.3,1
9606.ENSP00000478478,0,0
9606.ENSP00000478479,37.4,1
9606.ENSP00000478490,64.1,1
9606.ENSP00000478492,0,0
9606.ENSP00000478501,17.6,1
9606.ENSP00000478516,0,0
9606.ENSP00000478533,10.1,1
9606.ENSP00000478557,5.7,1
9606.ENSP00000478561,0.3,1
9606.ENSP00000478568,0,0
9606.ENSP00000478570,34,1
9606.ENSP00000478589,0.2,1
9606.ENSP00000478591,0.2,1
9606.ENSP00000478600,4.4,1
9606.ENSP00000478606,0.3,1
9606.ENSP00000478609,9.4,1
9606.ENSP00000478637,0,0
9606.ENSP00000478639,0,0
9606.ENSP00000478645,4,1
9606.ENSP00000478671,2.4,1
9606.ENSP00000478672,0,0
9606.ENSP00000478683,0,0
9606.ENSP00000478699,0,0
9606.ENSP00000478721,45.5,1
9606.ENSP00000478725,0,0
9606.ENSP00000478752,33.9,1
9606.ENSP00000478754,88.8,1
9606.ENSP00000478755,3,1
9606.ENSP00000478767,24.9,1
9606.ENSP00000478783,18.8,1
9606.ENSP00000478796,0,0
9606.ENSP00000478828,178.7,1
9606.ENSP00000478830,0,0
9606.ENSP00000478834,0,0
9606.ENSP00000478874,8.4,1
9606.ENSP00000478877,84.3,1
9606.ENSP00000478878,0,0
9606.ENSP00000478882,0,0
9606.ENSP00000478886,0,0
9606.ENSP00000478892,8.4,1
9606.ENSP00000478927,71,1
9606.ENSP00000478931,12.7,1
9606.ENSP00000478942,0.1,1
9606.ENSP00000478962,32.1,1
9606.ENSP00000478980,0,0
9606.ENSP00000478982,31.8,1
9606.ENSP00000478993,0,0
9606.ENSP00000479060,15.6,1
9606.ENSP00000479089,0,0
9606.ENSP00000479097,0,0
9606.ENSP00000479101,0.7,1
9606.ENSP00000479104,0,0
9606.ENSP00000479113,0.2,1
9606.ENSP00000479119,0,0
9606.ENSP00000479130,8.6,1
9606.ENSP00000479134,0.1,1
9606.ENSP00000479139,0,0
9606.ENSP00000479153,27.3,1
9606.ENSP00000479168,0,0
9606.ENSP00000479169,0,0
9606.ENSP00000479207,0,0
9606.ENSP00000479216,3.1,1
9606.ENSP00000479240,0,0
9606.ENSP00000479243,0,0
9606.ENSP00000479248,0,0
9606.ENSP00000479256,0,0
9606.ENSP00000479266,17.1,1
9606.ENSP00000479284,0,0
9606.ENSP00000479291,11.9,1
9606.ENSP00000479319,2.8,1
9606.ENSP00000479322,29.7,1
9606.ENSP00000479326,0.2,1
9606.ENSP00000479355,0,0
9606.ENSP00000479362,0.1,1
9606.ENSP00000479365,0,0
9606.ENSP00000479370,35.2,1
9606.ENSP00000479378,0,0
9606.ENSP00000479396,0,0
9606.ENSP00000479449,6.9,1
9606.ENSP00000479488,151.7,1
9606.ENSP00000479494,62.9,1
9606.ENSP00000479504,10.5,1
9606.ENSP00000479518,48,1
9606.ENSP00000479526,1.7,1
9606.ENSP00000479536,0.1,1
9606.ENSP00000479542,8,1
9606.ENSP00000479580,0,0
9606.ENSP00000479586,0.066666667,1
9606.ENSP00000479598,43,1
9606.ENSP00000479606,313.6,1
9606.ENSP00000479608,0,0
9606.ENSP00000479617,81.2,1
9606.ENSP00000479618,383.8,1
9606.ENSP00000479624,13.3,1
9606.ENSP00000479636,6.3,1
9606.ENSP00000479656,0,0
9606.ENSP00000479664,0,0
9606.ENSP00000479667,2.2,1
9606.ENSP00000479669,5.4,1
9606.ENSP00000479675,0,0
9606.ENSP00000479679,0,0
9606.ENSP00000479693,27.8,1
9606.ENSP00000479708,0.8,1
9606.ENSP00000479716,0.1,1
9606.ENSP00000479730,0,0
9606.ENSP00000479745,0,0
9606.ENSP00000479762,0,0
9606.ENSP00000479773,0.2,1
9606.ENSP00000479811,0,0
9606.ENSP00000479816,3.2,1
9606.ENSP00000479844,0,0
9606.ENSP00000479850,0,0
9606.ENSP00000479860,48,1
9606.ENSP00000479861,377.7,1
9606.ENSP00000479870,0,0
9606.ENSP00000479884,0,0
9606.ENSP00000479904,38.2,1
9606.ENSP00000479910,0.1,1
9606.ENSP00000479919,39.4,1
9606.ENSP00000479921,8.9,1
9606.ENSP00000479953,7.7,1
9606.ENSP00000479955,0,0
9606.ENSP00000479964,40.6,1
9606.ENSP00000479969,0,0
9606.ENSP00000479976,0.4,1
9606.ENSP00000480004,32.7,1
9606.ENSP00000480020,0,0
9606.ENSP00000480027,0,0
9606.ENSP00000480043,1.3,1
9606.ENSP00000480050,2.3,1
9606.ENSP00000480053,0,0
9606.ENSP00000480056,17.7,1
9606.ENSP00000480059,0,0
9606.ENSP00000480079,0,0
9606.ENSP00000480090,0,0
9606.ENSP00000480091,0,0
9606.ENSP00000480106,1.1,1
9606.ENSP00000480122,0,0
9606.ENSP00000480132,0.1,1
9606.ENSP00000480140,16.2,1
9606.ENSP00000480150,71.5,1
9606.ENSP00000480157,0,0
9606.ENSP00000480158,2.1,1
9606.ENSP00000480186,188.9,1
9606.ENSP00000480218,18.2,1
9606.ENSP00000480221,0,0
9606.ENSP00000480262,15.7,1
9606.ENSP00000480279,0.4,1
9606.ENSP00000480291,0,0
9606.ENSP00000480297,5.1,1
9606.ENSP00000480301,9,1
9606.ENSP00000480313,77.2,1
9606.ENSP00000480314,2,1
9606.ENSP00000480316,16,1
9606.ENSP00000480322,40.4,1
9606.ENSP00000480332,69.9,1
9606.ENSP00000480336,0,0
9606.ENSP00000480355,0,0
9606.ENSP00000480359,46.5,1
9606.ENSP00000480364,29.8,1
9606.ENSP00000480376,0,0
9606.ENSP00000480378,41,1
9606.ENSP00000480401,10.8,1
9606.ENSP00000480405,0.7,1
9606.ENSP00000480421,149.6,1
9606.ENSP00000480428,34.9,1
9606.ENSP00000480439,21.4,1
9606.ENSP00000480443,1.4,1
9606.ENSP00000480445,19.8,1
9606.ENSP00000480467,0,0
9606.ENSP00000480474,2.1,1
9606.ENSP00000480476,1,1
9606.ENSP00000480483,43.3,1
9606.ENSP00000480484,0,0
9606.ENSP00000480489,0.2,1
9606.ENSP00000480492,0.1,1
9606.ENSP00000480499,54.9,1
9606.ENSP00000480514,171.8,1
9606.ENSP00000480524,6.1,1
9606.ENSP00000480538,0,0
9606.ENSP00000480556,4.4,1
9606.ENSP00000480558,0,0
9606.ENSP00000480571,0,0
9606.ENSP00000480573,0.5,1
9606.ENSP00000480583,0,0
9606.ENSP00000480601,0,0
9606.ENSP00000480615,0,0
9606.ENSP00000480616,3.4,1
9606.ENSP00000480626,6.2,1
9606.ENSP00000480637,0,0
9606.ENSP00000480660,0.7,1
9606.ENSP00000480703,8.4,1
9606.ENSP00000480707,0,0
9606.ENSP00000480715,5.1,1
9606.ENSP00000480722,2.3,1
9606.ENSP00000480740,0.2,1
9606.ENSP00000480744,0.3,1
9606.ENSP00000480750,0,0
9606.ENSP00000480763,0,0
9606.ENSP00000480791,0,0
9606.ENSP00000480798,20.5,1
9606.ENSP00000480818,14.3,1
9606.ENSP00000480821,44.3,1
9606.ENSP00000480824,0,0
9606.ENSP00000480828,10.6,1
9606.ENSP00000480832,162.7,1
9606.ENSP00000480836,12.6,1
9606.ENSP00000480851,0.2,1
9606.ENSP00000480853,123.1,1
9606.ENSP00000480884,3.9,1
9606.ENSP00000480890,4.5,1
9606.ENSP00000480893,19.5,1
9606.ENSP00000480914,0.1,1
9606.ENSP00000480916,7.4,1
9606.ENSP00000480946,0,0
9606.ENSP00000480958,2.8,1
9606.ENSP00000480966,0.1,1
9606.ENSP00000480971,0,0
9606.ENSP00000480986,67.9,1
9606.ENSP00000480987,277.4,1
9606.ENSP00000480991,0,0
9606.ENSP00000480998,0,0
9606.ENSP00000481006,0,0
9606.ENSP00000481012,6,1
9606.ENSP00000481021,379.5,1
9606.ENSP00000481022,34.9,1
9606.ENSP00000481029,206.7,1
9606.ENSP00000481038,31.9,1
9606.ENSP00000481045,6.8,1
9606.ENSP00000481046,6.2,1
9606.ENSP00000481054,0,0
9606.ENSP00000481056,0,0
9606.ENSP00000481078,0.5,1
9606.ENSP00000481091,8.9,1
9606.ENSP00000481096,0.3,1
9606.ENSP00000481103,17.2,1
9606.ENSP00000481109,1,1
9606.ENSP00000481110,71.8,1
9606.ENSP00000481114,0,0
9606.ENSP00000481126,16.1,1
9606.ENSP00000481127,3.9,1
9606.ENSP00000481149,1.1,1
9606.ENSP00000481152,0,0
9606.ENSP00000481185,0,0
9606.ENSP00000481203,0.1,1
9606.ENSP00000481244,1.1,1
9606.ENSP00000481249,88.6,1
9606.ENSP00000481258,0,0
9606.ENSP00000481301,1.9,1
9606.ENSP00000481314,104.8,1
9606.ENSP00000481321,0,0
9606.ENSP00000481351,0.5,1
9606.ENSP00000481357,0,0
9606.ENSP00000481358,0,0
9606.ENSP00000481421,0,0
9606.ENSP00000481450,0,0
9606.ENSP00000481457,0,0
9606.ENSP00000481495,11.9,1
9606.ENSP00000481508,6.1,1
9606.ENSP00000481554,0.2,1
9606.ENSP00000481559,0.2,1
9606.ENSP00000481570,1.1,1
9606.ENSP00000481575,39.6,1
9606.ENSP00000481581,4.2,1
9606.ENSP00000481592,0.1,1
9606.ENSP00000481593,18.5,1
9606.ENSP00000481594,0,0
9606.ENSP00000481613,0,0
9606.ENSP00000481626,27.7,1
9606.ENSP00000481644,0.6,1
9606.ENSP00000481646,2814.8,1
9606.ENSP00000481675,2.6,1
9606.ENSP00000481684,0.7,1
9606.ENSP00000481694,23,1
9606.ENSP00000481697,48.4,1
9606.ENSP00000481699,0,0
9606.ENSP00000481721,0.7,1
9606.ENSP00000481728,1,1
9606.ENSP00000481732,0,0
9606.ENSP00000481750,3.9,1
9606.ENSP00000481762,442.4,1
9606.ENSP00000481815,0,0
9606.ENSP00000481819,0.1,1
9606.ENSP00000481842,198.1,1
9606.ENSP00000481848,0.9,1
9606.ENSP00000481850,21.1,1
9606.ENSP00000481854,1.3,1
9606.ENSP00000481862,1.7,1
9606.ENSP00000481878,405.5,1
9606.ENSP00000481912,1.6,1
9606.ENSP00000481917,4.4,1
9606.ENSP00000481920,67.5,1
9606.ENSP00000481928,3.5,1
9606.ENSP00000481934,1.6,1
9606.ENSP00000481937,0,0
9606.ENSP00000481956,1.6,1
9606.ENSP00000481994,0.4,1
9606.ENSP00000482027,0.5,1
9606.ENSP00000482032,39.8,1
9606.ENSP00000482063,3.4,1
9606.ENSP00000482075,790,1
9606.ENSP00000482093,22.1,1
9606.ENSP00000482119,0,0
9606.ENSP00000482128,0.9,1
9606.ENSP00000482133,0,0
9606.ENSP00000482142,11.8,1
9606.ENSP00000482169,0,0
9606.ENSP00000482180,15.2,1
9606.ENSP00000482195,1.1,1
9606.ENSP00000482202,16.5,1
9606.ENSP00000482218,46.3,1
9606.ENSP00000482228,10.8,1
9606.ENSP00000482229,12.8,1
9606.ENSP00000482232,0,0
9606.ENSP00000482245,22.5,1
9606.ENSP00000482259,0,0
9606.ENSP00000482264,1.8,1
9606.ENSP00000482270,0,0
9606.ENSP00000482285,4.6,1
9606.ENSP00000482304,0,0
9606.ENSP00000482306,18.1,1
9606.ENSP00000482313,18,1
9606.ENSP00000482335,11.1,1
9606.ENSP00000482358,0,0
9606.ENSP00000482374,5.1,1
9606.ENSP00000482393,0,0
9606.ENSP00000482396,16.6,1
9606.ENSP00000482410,7,1
9606.ENSP00000482438,13.3,1
9606.ENSP00000482442,92.9,1
9606.ENSP00000482445,9.5,1
9606.ENSP00000482457,4,1
9606.ENSP00000482472,5.2,1
9606.ENSP00000482482,0.9,1
9606.ENSP00000482502,1.9,1
9606.ENSP00000482504,0.2,1
9606.ENSP00000482515,35.2,1
9606.ENSP00000482523,3,1
9606.ENSP00000482540,3,1
9606.ENSP00000482546,0.3,1
9606.ENSP00000482548,44.9,1
9606.ENSP00000482552,0,0
9606.ENSP00000482571,14.3,1
9606.ENSP00000482579,9,1
9606.ENSP00000482581,0.7,1
9606.ENSP00000482590,0,0
9606.ENSP00000482599,23.8,1
9606.ENSP00000482600,0,0
9606.ENSP00000482604,0,0
9606.ENSP00000482607,19.7,1
9606.ENSP00000482609,6.6,1
9606.ENSP00000482613,203.6,1
9606.ENSP00000482620,12.2,1
9606.ENSP00000482630,0,0
9606.ENSP00000482632,0,0
9606.ENSP00000482639,52.7,1
9606.ENSP00000482657,1.5,1
9606.ENSP00000482674,0,0
9606.ENSP00000482704,11.5,1
9606.ENSP00000482705,0.4,1
9606.ENSP00000482732,79.9,1
9606.ENSP00000482743,0,0
9606.ENSP00000482749,18.2,1
9606.ENSP00000482753,9.4,1
9606.ENSP00000482760,12.5,1
9606.ENSP00000482767,38.5,1
9606.ENSP00000482786,0.9,1
9606.ENSP00000482801,0,0
9606.ENSP00000482819,13.8,1
9606.ENSP00000482826,7.8,1
9606.ENSP00000482829,5.5,1
9606.ENSP00000482835,162.5,1
9606.ENSP00000482841,28.1,1
9606.ENSP00000482855,0.6,1
9606.ENSP00000482885,0,0
9606.ENSP00000482899,0,0
9606.ENSP00000482907,43.9,1
9606.ENSP00000482950,3.5,1
9606.ENSP00000482954,4.3,1
9606.ENSP00000482957,0,0
9606.ENSP00000482968,12.3,1
9606.ENSP00000483005,4.2,1
9606.ENSP00000483018,0,0
9606.ENSP00000483038,2.4,1
9606.ENSP00000483056,37.6,1
9606.ENSP00000483059,21.2,1
9606.ENSP00000483077,7.8,1
9606.ENSP00000483089,17,1
9606.ENSP00000483110,0.2,1
9606.ENSP00000483117,11.3,1
9606.ENSP00000483125,0,0
9606.ENSP00000483134,1.6,1
9606.ENSP00000483154,0,0
9606.ENSP00000483228,39.9,1
9606.ENSP00000483236,67,1
9606.ENSP00000483239,0,0
9606.ENSP00000483246,0.8,1
9606.ENSP00000483254,582.9,1
9606.ENSP00000483276,28.3,1
9606.ENSP00000483280,2.3,1
9606.ENSP00000483300,7.5,1
9606.ENSP00000483312,0,0
9606.ENSP00000483313,65.5,1
9606.ENSP00000483328,5.75,1
9606.ENSP00000483333,0,0
9606.ENSP00000483345,46.9,1
9606.ENSP00000483356,0,0
9606.ENSP00000483364,43.9,1
9606.ENSP00000483375,24.5,1
9606.ENSP00000483386,0.3,1
9606.ENSP00000483403,0.3,1
9606.ENSP00000483408,53,1
9606.ENSP00000483424,11.3,1
9606.ENSP00000483430,1.1,1
9606.ENSP00000483453,15.8,1
9606.ENSP00000483467,0,0
9606.ENSP00000483469,0,0
9606.ENSP00000483484,34.6,1
9606.ENSP00000483486,11,1
9606.ENSP00000483489,101.8,1
9606.ENSP00000483491,103,1
9606.ENSP00000483494,14.2,1
9606.ENSP00000483495,79.1,1
9606.ENSP00000483507,0,0
9606.ENSP00000483521,13,1
9606.ENSP00000483523,5.4,1
9606.ENSP00000483537,1.3,1
9606.ENSP00000483547,47.7,1
9606.ENSP00000483549,3.6,1
9606.ENSP00000483552,14,1
9606.ENSP00000483562,24.5,1
9606.ENSP00000483570,0,0
9606.ENSP00000483599,0,0
9606.ENSP00000483609,0,0
9606.ENSP00000483621,3.4,1
9606.ENSP00000483624,0,0
9606.ENSP00000483631,6,1
9606.ENSP00000483667,37.6,1
9606.ENSP00000483673,0,0
9606.ENSP00000483688,279.3,1
9606.ENSP00000483713,1.5,1
9606.ENSP00000483720,12.6,1
9606.ENSP00000483721,0,0
9606.ENSP00000483729,0.4,1
9606.ENSP00000483757,0,0
9606.ENSP00000483764,0,0
9606.ENSP00000483781,0.1,1
9606.ENSP00000483786,16.7,1
9606.ENSP00000483791,0,0
9606.ENSP00000483811,0,0
9606.ENSP00000483814,20.5,1
9606.ENSP00000483825,15,1
9606.ENSP00000483872,12.3,1
9606.ENSP00000483879,0,0
9606.ENSP00000483897,0,0
9606.ENSP00000483903,1,1
9606.ENSP00000483921,23.6,1
9606.ENSP00000483930,14.5,1
9606.ENSP00000483936,0.1,1
9606.ENSP00000483946,104.2,1
9606.ENSP00000483965,0,0
9606.ENSP00000483985,124.1,1
9606.ENSP00000484056,29.2,1
9606.ENSP00000484060,1.4,1
9606.ENSP00000484075,0,0
9606.ENSP00000484078,0,0
9606.ENSP00000484105,30.2,1
9606.ENSP00000484121,49.4,1
9606.ENSP00000484135,0,0
9606.ENSP00000484146,0.4,1
9606.ENSP00000484176,0,0
9606.ENSP00000484181,0,0
9606.ENSP00000484228,75.9,1
9606.ENSP00000484237,0,0
9606.ENSP00000484252,0,0
9606.ENSP00000484261,0,0
9606.ENSP00000484263,0,0
9606.ENSP00000484288,10.2,1
9606.ENSP00000484331,17.9,1
9606.ENSP00000484342,0.1,1
9606.ENSP00000484343,90.3,1
9606.ENSP00000484398,7.2,1
9606.ENSP00000484403,0,0
9606.ENSP00000484411,0.7,1
9606.ENSP00000484415,28.3,1
9606.ENSP00000484431,0.1,1
9606.ENSP00000484443,0.4,1
9606.ENSP00000484472,1.4,1
9606.ENSP00000484479,0,0
9606.ENSP00000484492,84.8,1
9606.ENSP00000484497,0,0
9606.ENSP00000484525,6.6,1
9606.ENSP00000484532,36.9,1
9606.ENSP00000484552,0,0
9606.ENSP00000484556,0.5,1
9606.ENSP00000484580,15.1,1
9606.ENSP00000484592,0,0
9606.ENSP00000484596,12.6,1
9606.ENSP00000484601,0.1,1
9606.ENSP00000484615,0,0
9606.ENSP00000484618,8.1,1
9606.ENSP00000484631,74,1
9606.ENSP00000484634,0.6,1
9606.ENSP00000484640,0,0
9606.ENSP00000484645,0,0
9606.ENSP00000484656,5.7,1
9606.ENSP00000484668,0,0
9606.ENSP00000484669,14.9,1
9606.ENSP00000484687,25.7,1
9606.ENSP00000484689,1.1,1
9606.ENSP00000484693,0,0
9606.ENSP00000484710,22.6,1
9606.ENSP00000484713,21.5,1
9606.ENSP00000484715,1.2,1
9606.ENSP00000484732,4.7,1
9606.ENSP00000484803,31,1
9606.ENSP00000484804,24.8,1
9606.ENSP00000484807,0,0
9606.ENSP00000484824,1,1
9606.ENSP00000484852,6.5,1
9606.ENSP00000484855,16.3,1
9606.ENSP00000484862,0,0
9606.ENSP00000484875,0,0
9606.ENSP00000484887,0.1,1
9606.ENSP00000484893,4.6,1
9606.ENSP00000484903,0.2,1
9606.ENSP00000484912,0.1,1
9606.ENSP00000484928,0,0
9606.ENSP00000484931,8.6,1
9606.ENSP00000484945,0,0
9606.ENSP00000485010,0,0
9606.ENSP00000485028,0,0
9606.ENSP00000485031,0,0
9606.ENSP00000485032,0,0
9606.ENSP00000485061,3,1
9606.ENSP00000485066,0,0
9606.ENSP00000485078,0,0
9606.ENSP00000485108,0,0
9606.ENSP00000485118,0,0
9606.ENSP00000485125,0,0
9606.ENSP00000485141,0,0
9606.ENSP00000485150,0,0
9606.ENSP00000485191,0,0
9606.ENSP00000485193,0,0
9606.ENSP00000485206,0.1,1
9606.ENSP00000485212,0,0
9606.ENSP00000485216,13.2,1
9606.ENSP00000485230,0,0
9606.ENSP00000485243,0,0
9606.ENSP00000485258,0,0
9606.ENSP00000485262,5.8,1
9606.ENSP00000485306,0,0
9606.ENSP00000485316,90.4,1
9606.ENSP00000485323,0,0
9606.ENSP00000485326,0,0
9606.ENSP00000485337,0,0
9606.ENSP00000485357,0,0
9606.ENSP00000485364,0,0
9606.ENSP00000485378,0,0
9606.ENSP00000485398,0,0
9606.ENSP00000485401,0.1,1
9606.ENSP00000485424,0,0
9606.ENSP00000485444,0,0
9606.ENSP00000485448,0,0
9606.ENSP00000485450,0,0
9606.ENSP00000485473,0,0
9606.ENSP00000485478,10.2,1
9606.ENSP00000485487,0,0
9606.ENSP00000485512,0,0
9606.ENSP00000485514,0.2,1
9606.ENSP00000485524,0,0
9606.ENSP00000485525,203.5,1
9606.ENSP00000485526,0,0
9606.ENSP00000485535,0,0
9606.ENSP00000485541,0,0
9606.ENSP00000485552,0,0
9606.ENSP00000485561,0.9,1
9606.ENSP00000485567,8802,1
9606.ENSP00000485579,0,0
9606.ENSP00000485582,13.8,1
9606.ENSP00000485584,0,0
9606.ENSP00000485586,0,0
9606.ENSP00000485614,11.8,1
9606.ENSP00000485627,7.4,1
9606.ENSP00000485628,0,0
9606.ENSP00000485635,0,0
9606.ENSP00000485659,0,0
9606.ENSP00000485663,127.2,1
9606.ENSP00000485668,0,0
9606.ENSP00000485678,0,0