Enesembl ID	Gene
ENSG00000179698	WDR97
ENSG00000272297	AC018709.1
ENSG00000170925	TEX13B
ENSG00000186191	BPIFB4
ENSG00000211918	IGHD2-15
ENSG00000160307	S100B
ENSG00000075388	FGF4
ENSG00000054803	CBLN4
ENSG00000183486	MX2
ENSG00000165805	C12orf50
ENSG00000288053	AC231657.3
ENSG00000205439	KRTAP12-3
ENSG00000162490	DRAXIN
ENSG00000170948	MBD3L1
ENSG00000258472	AC005726.1
ENSG00000205642	VCX3B
ENSG00000121101	TEX14
ENSG00000183844	FAM3B
ENSG00000117501	MROH9
ENSG00000159648	TEPP
ENSG00000214216	IQCJ
ENSG00000167355	OR51B5
ENSG00000118308	IRAG2
ENSG00000152430	BOLL
ENSG00000262152	LINC00514
ENSG00000285585	AC069444.2
ENSG00000285655	AC009879.2
ENSG00000227191	TRGC2
ENSG00000167580	AQP2
ENSG00000146192	FGD2
ENSG00000158748	HTR6
ENSG00000068976	PYGM
ENSG00000178021	TSPYL6
ENSG00000042832	TG
ENSG00000164485	IL22RA2
ENSG00000211825	TRDJ1
ENSG00000131183	SLC34A1
ENSG00000072952	IRAG1
ENSG00000160185	UBASH3A
ENSG00000134571	MYBPC3
ENSG00000073734	ABCB11
ENSG00000269096	CT45A3
ENSG00000255398	HCAR3
ENSG00000180386	KRTAP9-7
ENSG00000140798	ABCC12
ENSG00000256870	SLC5A8
ENSG00000174358	SLC6A19
ENSG00000138136	LBX1
ENSG00000167139	TBC1D21
ENSG00000211893	IGHG2
ENSG00000171540	OTP
ENSG00000161896	IP6K3
ENSG00000134398	ERN2
ENSG00000211899	IGHM
ENSG00000125508	SRMS
ENSG00000125975	C20orf173
ENSG00000212899	KRTAP3-3
ENSG00000242866	STRC
ENSG00000101251	SEL1L2
ENSG00000101331	CCM2L
ENSG00000184788	SATL1
ENSG00000174667	OR7D4
ENSG00000077274	CAPN6
ENSG00000180875	GREM2
ENSG00000125816	NKX2-4
ENSG00000241233	KRTAP5-8
ENSG00000242515	UGT1A10
ENSG00000139219	COL2A1
ENSG00000116703	PDC
ENSG00000151572	ANO4
ENSG00000171446	KRT27
ENSG00000270467	IGHV3OR16-12
ENSG00000124827	GCM2
ENSG00000187959	CPSF4L
ENSG00000211808	TRAV8-7
ENSG00000212657	KRTAP16-1
ENSG00000174429	ABRA
ENSG00000109424	UCP1
ENSG00000149516	MS4A3
ENSG00000183833	CFAP91
ENSG00000133742	CA1
ENSG00000124116	WFDC3
ENSG00000254167	IGHV8-51-1
ENSG00000155011	DKK2
ENSG00000172538	FAM170B
ENSG00000206150	RNASE13
ENSG00000160505	NLRP4
ENSG00000151025	GPR158
ENSG00000196289	BECN2
ENSG00000243978	RTL9
ENSG00000111796	KLRB1
ENSG00000229769	TRBV10-2
ENSG00000109205	ODAM
ENSG00000196329	GIMAP5
ENSG00000163206	SMCP
ENSG00000187082	DEFB106B
ENSG00000114757	PEX5L
ENSG00000277322	GOLGA6L6
ENSG00000122121	XPNPEP2
ENSG00000286098	AC008770.4
ENSG00000151967	SCHIP1
ENSG00000081189	MEF2C
ENSG00000183246	RIMBP3C
ENSG00000212721	KRTAP4-11
ENSG00000162399	BSND
ENSG00000183753	BPY2
ENSG00000204548	DEFB121
ENSG00000085563	ABCB1
ENSG00000189013	KIR2DL4
ENSG00000145283	SLC10A6
ENSG00000211879	TRAJ10
ENSG00000283528	TCAF2C
ENSG00000223614	ZNF735
ENSG00000143869	GDF7
ENSG00000205126	ACCSL
ENSG00000187701	OR2T27
ENSG00000188324	OR6C6
ENSG00000196800	SPINK14
ENSG00000171954	CYP4F22
ENSG00000231824	AKAIN1
ENSG00000198851	CD3E
ENSG00000176893	OR51G2
ENSG00000173826	KCNH6
ENSG00000129864	VCY
ENSG00000136514	RTP4
ENSG00000284546	SSU72P3
ENSG00000285010	OOSP4A
ENSG00000283703	VSIG10L2
ENSG00000288661	AL451106.1
ENSG00000170279	C7orf33
ENSG00000180269	GPR139
ENSG00000196188	CTSE
ENSG00000188886	ASTL
ENSG00000131044	TTLL9
ENSG00000137392	CLPS
ENSG00000176679	TGIF2LY
ENSG00000168070	MAJIN
ENSG00000180871	CXCR2
ENSG00000288631	AC012254.7
ENSG00000125888	BANF2
ENSG00000203963	C1orf141
ENSG00000206069	TMEM211
ENSG00000106304	SPAM1
ENSG00000106772	PRUNE2
ENSG00000166391	MOGAT2
ENSG00000184350	MRGPRE
ENSG00000163424	TEX55
ENSG00000211734	TRBV5-1
ENSG00000240386	LCE1F
ENSG00000286137	SPDYE14
ENSG00000120337	TNFSF18
ENSG00000102313	ITIH6
ENSG00000198283	OR5B21
ENSG00000178372	CALML5
ENSG00000203857	HSD3B1
ENSG00000285447	ZNF883
ENSG00000154654	NCAM2
ENSG00000185610	DBX2
ENSG00000143851	PTPN7
ENSG00000198336	MYL4
ENSG00000151838	CCDC175
ENSG00000153002	CPB1
ENSG00000232258	TMEM114
ENSG00000164871	SPAG11B
ENSG00000164283	ESM1
ENSG00000182885	ADGRG3
ENSG00000171772	SYCE1
ENSG00000204021	LIPK
ENSG00000270249	AC093668.1
ENSG00000169876	MUC17
ENSG00000131142	CCL25
ENSG00000228486	C2orf92
ENSG00000160181	TFF2
ENSG00000243284	VSIG8
ENSG00000211676	IGLJ2
ENSG00000111341	MGP
ENSG00000211678	IGLJ3
ENSG00000162951	LRRTM1
ENSG00000184293	CLECL1
ENSG00000272636	DOC2B
ENSG00000169154	GOT1L1
ENSG00000181291	TMEM132E
ENSG00000174807	CD248
ENSG00000109101	FOXN1
ENSG00000124019	FAM124B
ENSG00000180785	OR51E1
ENSG00000170374	SP7
ENSG00000151067	CACNA1C
ENSG00000036448	MYOM2
ENSG00000164116	GUCY1A1
ENSG00000198633	ZNF534
ENSG00000154764	WNT7A
ENSG00000198870	STKLD1
ENSG00000172399	MYOZ2
ENSG00000205810	KLRC3
ENSG00000248993	AL645941.2
ENSG00000145975	FAM217A
ENSG00000189181	OR14I1
ENSG00000018625	ATP1A2
ENSG00000091482	SMPX
ENSG00000163285	GABRG1
ENSG00000176198	OR11H4
ENSG00000151812	SLC35F4
ENSG00000112116	IL17F
ENSG00000109047	RCVRN
ENSG00000185966	LCE3E
ENSG00000180697	C3orf22
ENSG00000114786	ABHD14A-ACY1
ENSG00000211859	TRAJ30
ENSG00000227059	ANHX
ENSG00000198797	BRINP2
ENSG00000251357	AP000350.4
ENSG00000262543	SMIM28
ENSG00000274209	ANTXRL
ENSG00000114487	MORC1
ENSG00000162571	TTLL10
ENSG00000221887	HMSD
ENSG00000178645	C10orf53
ENSG00000225698	IGHV3-72
ENSG00000126010	GRPR
ENSG00000141579	ZNF750
ENSG00000143921	ABCG8
ENSG00000235631	RNF148
ENSG00000154143	PANX3
ENSG00000107859	PITX3
ENSG00000180730	SHISA2
ENSG00000172752	COL6A5
ENSG00000211892	IGHG4
ENSG00000188909	BSX
ENSG00000142224	IL19
ENSG00000102032	RENBP
ENSG00000113088	GZMK
ENSG00000229453	SPINK8
ENSG00000119919	NKX2-3
ENSG00000100156	SLC16A8
ENSG00000179172	HNRNPCL1
ENSG00000183862	CNGA2
ENSG00000180383	DEFB124
ENSG00000144820	ADGRG7
ENSG00000197054	ZNF763
ENSG00000183629	GOLGA8G
ENSG00000211831	TRAJ61
ENSG00000185880	TRIM69
ENSG00000170162	VGLL2
ENSG00000171956	FOXB1
ENSG00000122735	DNAI1
ENSG00000142182	DNMT3L
ENSG00000145879	SPINK7
ENSG00000102021	LUZP4
ENSG00000153779	TGIF2LX
ENSG00000168843	FSTL5
ENSG00000176200	OR4D11
ENSG00000273274	ZBTB8B
ENSG00000231637	USP17L29
ENSG00000203985	LDLRAD1
ENSG00000154611	PSMA8
ENSG00000172150	OR1A2
ENSG00000177186	OR2M7
ENSG00000186439	TRDN
ENSG00000104313	EYA1
ENSG00000205718	MBD3L4
ENSG00000167941	SOST
ENSG00000105398	SULT2A1
ENSG00000160539	PLPP7
ENSG00000166342	NETO1
ENSG00000091664	SLC17A6
ENSG00000215183	MSMP
ENSG00000275302	CCL4
ENSG00000171201	SMR3B
ENSG00000236424	TSPY10
ENSG00000204301	NOTCH4
ENSG00000146383	TAAR6
ENSG00000136695	IL36RN
ENSG00000136939	OR1L4
ENSG00000242852	ZNF709
ENSG00000164946	FREM1
ENSG00000143171	RXRG
ENSG00000142538	PTH2
ENSG00000284629	SCYGR1
ENSG00000174004	NRROS
ENSG00000187922	LCN10
ENSG00000117069	ST6GALNAC5
ENSG00000174450	GOLGA6L2
ENSG00000089472	HEPH
ENSG00000241244	IGKV1D-16
ENSG00000198704	GPX6
ENSG00000277556	OR13C5
ENSG00000239571	IGKV2D-30
ENSG00000139055	ERP27
ENSG00000187026	KRTAP21-2
ENSG00000211937	IGHV2-5
ENSG00000198798	MAGEB3
ENSG00000111046	MYF6
ENSG00000106819	ASPN
ENSG00000227140	USP17L5
ENSG00000073861	TBX21
ENSG00000228927	TSPY3
ENSG00000187612	OR5W2
ENSG00000181631	P2RY13
ENSG00000211827	TRDJ2
ENSG00000214511	HIGD1C
ENSG00000177301	KCNA2
ENSG00000167554	ZNF610
ENSG00000144035	NAT8
ENSG00000185052	SLC24A3
ENSG00000187980	PLA2G2C
ENSG00000188032	C19orf67
ENSG00000151033	LYZL2
ENSG00000136059	VILL
ENSG00000162998	FRZB
ENSG00000179761	PIPOX
ENSG00000171804	WDR87
ENSG00000183747	ACSM2A
ENSG00000206113	CFAP99
ENSG00000120329	SLC25A2
ENSG00000104369	JPH1
ENSG00000173208	ABCD2
ENSG00000171944	OR52A5
ENSG00000196735	HLA-DQA1
ENSG00000135063	FAM189A2
ENSG00000163106	HPGDS
ENSG00000223997	TRDD1
ENSG00000180316	PNPLA1
ENSG00000130368	MAS1
ENSG00000187080	OR2AK2
ENSG00000189253	TRIM64B
ENSG00000171060	C8orf74
ENSG00000165841	CYP2C19
ENSG00000144331	ZNF385B
ENSG00000112936	C7
ENSG00000158481	CD1C
ENSG00000204644	ZFP57
ENSG00000230031	POTEB2
ENSG00000177551	NHLH2
ENSG00000198173	FAM47C
ENSG00000174937	OR5M3
ENSG00000282757	DUXB
ENSG00000149300	C11orf52
ENSG00000175707	KDF1
ENSG00000169488	OR4K15
ENSG00000211806	TRAV25
ENSG00000185176	AQP12B
ENSG00000285891	MSANTD5
ENSG00000140279	DUOX2
ENSG00000101425	BPI
ENSG00000211790	TRAV8-4
ENSG00000204928	GRXCR2
ENSG00000162706	CADM3
ENSG00000231475	IGHV4-31
ENSG00000233803	TSPY4
ENSG00000279111	OR10X1
ENSG00000250298	GIMD1
ENSG00000205330	OR6C1
ENSG00000211947	IGHV3-21
ENSG00000146469	VIP
ENSG00000196248	OR10S1
ENSG00000180549	FUT7
ENSG00000153930	ANKFN1
ENSG00000163554	SPTA1
ENSG00000288646	AL031178.2
ENSG00000261678	SCRT1
ENSG00000183307	TMEM121B
ENSG00000142539	AC020909.1
ENSG00000164694	FNDC1
ENSG00000241241	KRTAP4-16
ENSG00000125998	FAM83C
ENSG00000188408	MAGEB5
ENSG00000211950	IGHV1-24
ENSG00000108798	ABI3
ENSG00000180777	ANKRD30B
ENSG00000176302	FOXR1
ENSG00000166118	SPATA19
ENSG00000134376	CRB1
ENSG00000160593	JAML
ENSG00000136110	CNMD
ENSG00000122145	TBX22
ENSG00000186440	OR6P1
ENSG00000143195	ILDR2
ENSG00000138379	MSTN
ENSG00000168546	GFRA2
ENSG00000187170	LCE4A
ENSG00000130656	HBZ
ENSG00000168830	HTR1E
ENSG00000268009	SSX4
ENSG00000163221	S100A12
ENSG00000100365	NCF4
ENSG00000236032	OR5H14
ENSG00000145087	STXBP5L
ENSG00000198944	SOWAHA
ENSG00000171936	OR10H3
ENSG00000143196	DPT
ENSG00000090512	FETUB
ENSG00000224586	GPX5
ENSG00000283594	FAM236C
ENSG00000106565	TMEM176B
ENSG00000250361	GYPB
ENSG00000130032	PRRG3
ENSG00000156885	COX6A2
ENSG00000211682	IGLJ6
ENSG00000165181	SHOC1
ENSG00000171812	COL8A2
ENSG00000283980	GNG14
ENSG00000173769	TOPAZ1
ENSG00000203908	KHDC3L
ENSG00000136352	NKX2-1
ENSG00000211642	IGLV10-54
ENSG00000259823	LYPD8
ENSG00000218819	TDRD15
ENSG00000181903	OR4C6
ENSG00000092850	TEKT2
ENSG00000176979	TRIM60
ENSG00000186431	FCAR
ENSG00000007174	DNAH9
ENSG00000171860	C3AR1
ENSG00000258992	TSPY1
ENSG00000159248	GJD2
ENSG00000112902	SEMA5A
ENSG00000170255	MRGPRX1
ENSG00000091536	MYO15A
ENSG00000189127	ANKRD34B
ENSG00000229544	NKX1-2
ENSG00000135413	LACRT
ENSG00000215277	RNF212B
ENSG00000184647	PRSS55
ENSG00000154025	SLC5A10
ENSG00000211898	IGHD
ENSG00000112273	HDGFL1
ENSG00000105695	MAG
ENSG00000047617	ANO2
ENSG00000162753	SLC9C2
ENSG00000100055	CYTH4
ENSG00000125823	CSTL1
ENSG00000197520	FAM177B
ENSG00000231389	HLA-DPA1
ENSG00000282651	IGHV5-10-1
ENSG00000186160	CYP4Z1
ENSG00000184716	SERINC4
ENSG00000166707	ZCCHC18
ENSG00000181323	SPEM1
ENSG00000111536	IL26
ENSG00000264006	AKR1C8P
ENSG00000184144	CNTN2
ENSG00000173610	UGT2A1
ENSG00000205328	OR6C65
ENSG00000101194	SLC17A9
ENSG00000251258	RFPL4B
ENSG00000138684	IL21
ENSG00000082482	KCNK2
ENSG00000120289	MAGEB4
ENSG00000277150	F8A3
ENSG00000120332	TNN
ENSG00000211956	IGHV4-34
ENSG00000263353	PPIAL4A
ENSG00000163815	CLEC3B
ENSG00000276950	GSTT4
ENSG00000148795	CYP17A1
ENSG00000156689	GLYATL2
ENSG00000239620	PRR20G
ENSG00000198889	DCAF12L1
ENSG00000131808	FSHB
ENSG00000282815	TEX13C
ENSG00000204632	HLA-G
ENSG00000159723	AGRP
ENSG00000181803	OR6S1
ENSG00000256436	TAS2R31
ENSG00000185053	SGCZ
ENSG00000270601	PRAMEF5
ENSG00000078579	FGF20
ENSG00000162763	LRRC52
ENSG00000171864	PRND
ENSG00000285947	AC127029.3
ENSG00000188782	CATSPER4
ENSG00000173421	IHO1
ENSG00000204195	AWAT1
ENSG00000189375	TBC1D28
ENSG00000276644	DACH1
ENSG00000249715	FER1L5
ENSG00000154133	ROBO4
ENSG00000152785	BMP3
ENSG00000112337	SLC17A2
ENSG00000271810	AL603832.3
ENSG00000236320	SLFN14
ENSG00000269437	NXF2B
ENSG00000196482	ESRRG
ENSG00000165188	RNF183
ENSG00000117595	IRF6
ENSG00000167769	ACER1
ENSG00000236126	CT47A3
ENSG00000204510	PRAMEF7
ENSG00000109158	GABRA4
ENSG00000211693	TRGV11
ENSG00000122584	NXPH1
ENSG00000110484	SCGB2A2
ENSG00000100121	GGTLC2
ENSG00000133574	GIMAP4
ENSG00000177138	FAM9B
ENSG00000099953	MMP11
ENSG00000118491	ZC2HC1B
ENSG00000246922	UBAP1L
ENSG00000197124	ZNF682
ENSG00000102010	BMX
ENSG00000274791	F8A2
ENSG00000179399	GPC5
ENSG00000196859	KRT39
ENSG00000244234	GMCL2
ENSG00000167910	CYP7A1
ENSG00000147378	FATE1
ENSG00000224107	ETDB
ENSG00000211973	IGHV1-69
ENSG00000180176	TH
ENSG00000124143	ARHGAP40
ENSG00000166509	CLEC3A
ENSG00000158901	WFDC8
ENSG00000233655	IGHD4-4
ENSG00000144010	TRIM43B
ENSG00000277932	OR52E5
ENSG00000103569	AQP9
ENSG00000211788	TRAV13-1
ENSG00000162456	KNCN
ENSG00000221988	PPT2
ENSG00000118434	SPACA1
ENSG00000211650	IGLV5-45
ENSG00000187513	GJA4
ENSG00000172116	CD8B
ENSG00000182040	USH1G
ENSG00000177143	CETN1
ENSG00000122188	LAX1
ENSG00000178586	OR6B3
ENSG00000134028	ADAMDEC1
ENSG00000211599	IGKV5-2
ENSG00000161021	MAML1
ENSG00000105122	RASAL3
ENSG00000110675	ELMOD1
ENSG00000169550	MUC15
ENSG00000180090	OR3A1
ENSG00000233050	DEFB130B
ENSG00000196589	MBD3L2B
ENSG00000282872	C1orf232
ENSG00000121933	TMIGD3
ENSG00000143119	CD53
ENSG00000070190	DAPP1
ENSG00000175093	SPSB4
ENSG00000222028	PSMB11
ENSG00000115361	ACADL
ENSG00000259417	CTXND1
ENSG00000278803	PWWP4
ENSG00000081148	IMPG2
ENSG00000120903	CHRNA2
ENSG00000158815	FGF17
ENSG00000112499	SLC22A2
ENSG00000159289	GOLGA6A
ENSG00000166159	LRTM2
ENSG00000111713	GYS2
ENSG00000169688	MT1B
ENSG00000238210	ETDA
ENSG00000148386	LCN9
ENSG00000198354	DCAF12L2
ENSG00000163046	ANKRD30BL
ENSG00000244362	KRTAP19-7
ENSG00000137843	PAK6
ENSG00000187260	WDR86
ENSG00000211849	TRAJ40
ENSG00000108700	CCL8
ENSG00000007350	TKTL1
ENSG00000182676	PPP1R27
ENSG00000120440	TTLL2
ENSG00000177684	DEFB114
ENSG00000185652	NTF3
ENSG00000188155	KRTAP10-6
ENSG00000187416	LHFPL3
ENSG00000149488	TMC2
ENSG00000183251	OR51B4
ENSG00000288677	AC105206.4
ENSG00000273514	FOXD4L6
ENSG00000175463	TBC1D10C
ENSG00000168619	ADAM18
ENSG00000180772	AGTR2
ENSG00000146047	H2BC1
ENSG00000236170	IGHD1-1
ENSG00000171885	AQP4
ENSG00000126752	SSX1
ENSG00000127083	OMD
ENSG00000130234	ACE2
ENSG00000211801	TRAV21
ENSG00000171056	SOX7
ENSG00000005471	ABCB4
ENSG00000184895	SRY
ENSG00000287363	GUCA1ANB
ENSG00000063515	GSC2
ENSG00000283758	PMIS2
ENSG00000152910	CNTNAP4
ENSG00000185888	PRSS38
ENSG00000184544	DHRS7C
ENSG00000211858	TRAJ31
ENSG00000150783	TEX12
ENSG00000211782	TRAV8-1
ENSG00000211873	TRAJ16
ENSG00000130055	GDPD2
ENSG00000211769	TRBJ2-5
ENSG00000154721	JAM2
ENSG00000161798	AQP5
ENSG00000172023	REG1B
ENSG00000077498	TYR
ENSG00000197870	PRB3
ENSG00000221937	TAS2R40
ENSG00000188305	PEAK3
ENSG00000161133	USP41
ENSG00000198183	BPIFA1
ENSG00000086205	FOLH1
ENSG00000189430	NCR1
ENSG00000255181	CCDC166
ENSG00000134321	RSAD2
ENSG00000139797	RNF113B
ENSG00000148604	RGR
ENSG00000136237	RAPGEF5
ENSG00000211689	TRGC1
ENSG00000027644	INSRR
ENSG00000096395	MLN
ENSG00000254521	SIGLEC12
ENSG00000276017	AC007325.1
ENSG00000163879	DNALI1
ENSG00000127249	ATP13A4
ENSG00000237020	IGHD1-20
ENSG00000072315	TRPC5
ENSG00000075891	PAX2
ENSG00000165059	PRKACG
ENSG00000254636	ARMS2
ENSG00000162398	LEXM
ENSG00000196406	SPANXD
ENSG00000211803	TRAV23DV6
ENSG00000275163	AC117457.1
ENSG00000129993	CBFA2T3
ENSG00000169067	ACTBL2
ENSG00000170820	FSHR
ENSG00000110448	CD5
ENSG00000149256	TENM4
ENSG00000214891	TRIM64C
ENSG00000030304	MUSK
ENSG00000185662	SMIM23
ENSG00000171489	SPACA5
ENSG00000223591	CENPVL1
ENSG00000158473	CD1D
ENSG00000211751	TRBC1
ENSG00000164853	UNCX
ENSG00000170819	BFSP2
ENSG00000206181	ELOA2
ENSG00000182156	ENPP7
ENSG00000255374	TAS2R43
ENSG00000211962	IGHV1-46
ENSG00000288654	AC119733.1
ENSG00000215186	GOLGA6B
ENSG00000167741	GGT6
ENSG00000131264	CDX4
ENSG00000187627	RGPD1
ENSG00000241755	IGKV1-9
ENSG00000269526	ERVV-1
ENSG00000082293	COL19A1
ENSG00000221888	OR1C1
ENSG00000089012	SIRPG
ENSG00000212658	KRTAP29-1
ENSG00000128313	APOL5
ENSG00000205495	OR52J3
ENSG00000168135	KCNJ4
ENSG00000205097	FRG2
ENSG00000211766	TRBJ2-2P
ENSG00000186788	SPATA31D3
ENSG00000178279	TNP2
ENSG00000196156	KRTAP4-3
ENSG00000126337	KRT36
ENSG00000156006	NAT2
ENSG00000010030	ETV7
ENSG00000186513	OR9Q2
ENSG00000174600	CMKLR1
ENSG00000198075	SULT1C4
ENSG00000235568	NFAM1
ENSG00000134343	ANO3
ENSG00000215115	CXorf49
ENSG00000264668	AC138696.1
ENSG00000211776	TRAV2
ENSG00000261832	AC138894.1
ENSG00000211796	TRAV16
ENSG00000214285	NPS
ENSG00000233436	BTBD18
ENSG00000211685	IGLC7
ENSG00000101441	CST4
ENSG00000143858	SYT2
ENSG00000255223	OR5M11
ENSG00000213793	ZNF888
ENSG00000205029	OR5D16
ENSG00000152578	GRIA4
ENSG00000173369	C1QB
ENSG00000145863	GABRA6
ENSG00000160994	CCDC105
ENSG00000156284	CLDN8
ENSG00000205364	MT1M
ENSG00000135298	ADGRB3
ENSG00000163673	DCLK3
ENSG00000126545	CSN1S1
ENSG00000093072	ADA2
ENSG00000211749	TRBV23-1
ENSG00000280267	PRAMEF26
ENSG00000176988	FMR1NB
ENSG00000263715	LINC02210-CRHR1
ENSG00000169245	CXCL10
ENSG00000179520	SLC17A8
ENSG00000083457	ITGAE
ENSG00000198854	C1orf68
ENSG00000174145	NWD2
ENSG00000139874	SSTR1
ENSG00000177938	CAPZA3
ENSG00000160282	FTCD
ENSG00000175857	GAPT
ENSG00000229292	RFPL4AL1
ENSG00000239713	APOBEC3G
ENSG00000169413	RNASE6
ENSG00000184650	ODF4
ENSG00000211869	TRAJ20
ENSG00000285814	FAM90A14P
ENSG00000073754	CD5L
ENSG00000186075	ZPBP2
ENSG00000154263	ABCA10
ENSG00000185115	NSMCE3
ENSG00000234414	RBMY1A1
ENSG00000260314	MRC1
ENSG00000172425	TTC36
ENSG00000156140	ADAMTS3
ENSG00000225528	Z82206.1
ENSG00000186471	AKAP14
ENSG00000227196	IGHD4-23
ENSG00000232948	DEFB130A
ENSG00000211949	IGHV3-23
ENSG00000168621	GDNF
ENSG00000226650	KIF4B
ENSG00000143125	PROK1
ENSG00000269026	AC003006.1
ENSG00000173302	GPR148
ENSG00000263761	GDF2
ENSG00000124875	CXCL6
ENSG00000211966	IGHV5-51
ENSG00000186844	LCE1A
ENSG00000112562	SMOC2
ENSG00000237136	C4orf51
ENSG00000184999	SLC22A10
ENSG00000166948	TGM6
ENSG00000105954	NPVF
ENSG00000198674	OR10G6
ENSG00000164451	CALHM4
ENSG00000156564	LRFN2
ENSG00000256374	PPIAL4D
ENSG00000171722	SPATA46
ENSG00000180347	ITPRID1
ENSG00000152092	ASTN1
ENSG00000164588	HCN1
ENSG00000165583	SSX5
ENSG00000173239	LIPM
ENSG00000211847	TRAJ42
ENSG00000203795	FAM24A
ENSG00000162881	OXER1
ENSG00000123594	ATXN3L
ENSG00000158578	ALAS2
ENSG00000149575	SCN2B
ENSG00000146122	DAAM2
ENSG00000110243	APOA5
ENSG00000188655	RNASE9
ENSG00000115386	REG1A
ENSG00000176435	CLEC14A
ENSG00000233136	USP17L11
ENSG00000124557	BTN1A1
ENSG00000180447	GAS1
ENSG00000282939	TRBV7-2
ENSG00000159527	PGLYRP3
ENSG00000168903	BTNL3
ENSG00000179057	IGSF22
ENSG00000134020	PEBP4
ENSG00000187553	CYP26C1
ENSG00000152208	GRID2
ENSG00000133124	IRS4
ENSG00000179564	LSMEM2
ENSG00000166152	C16orf78
ENSG00000074803	SLC12A1
ENSG00000120436	GPR31
ENSG00000134216	CHIA
ENSG00000167419	LPO
ENSG00000133063	CHIT1
ENSG00000157131	C8A
ENSG00000145949	MYLK4
ENSG00000244474	UGT1A4
ENSG00000050030	NEXMIF
ENSG00000145861	C1QTNF2
ENSG00000155761	SPAG17
ENSG00000168928	CTRB2
ENSG00000091138	SLC26A3
ENSG00000204140	CLPSL1
ENSG00000240045	STRIT1
ENSG00000166341	DCHS1
ENSG00000134242	PTPN22
ENSG00000069018	TRPC7
ENSG00000150681	RGS18
ENSG00000173567	ADGRF3
ENSG00000123171	CCDC70
ENSG00000197683	KRTAP26-1
ENSG00000181927	OR4P4
ENSG00000250913	USP17L23
ENSG00000099960	SLC7A4
ENSG00000105492	SIGLEC6
ENSG00000178395	CCDC185
ENSG00000179144	GIMAP7
ENSG00000186925	KRTAP19-6
ENSG00000221954	OR4C12
ENSG00000113212	PCDHB7
ENSG00000259784	AC093525.1
ENSG00000177693	OR4F4
ENSG00000159189	C1QC
ENSG00000179636	TPPP2
ENSG00000183850	ZNF730
ENSG00000261456	TUBB8
ENSG00000075290	WNT8B
ENSG00000144649	GASK1A
ENSG00000146006	LRRTM2
ENSG00000130948	HSD17B3
ENSG00000185306	C12orf56
ENSG00000159708	LRRC36
ENSG00000142319	SLC6A3
ENSG00000182916	TCEAL7
ENSG00000147432	CHRNB3
ENSG00000173431	RNASE8
ENSG00000123165	ACTRT1
ENSG00000167360	OR51Q1
ENSG00000165383	LRRC18
ENSG00000281887	GIMAP1-GIMAP5
ENSG00000268988	SPANXN2
ENSG00000183230	CTNNA3
ENSG00000197253	TPSB2
ENSG00000132681	ATP1A4
ENSG00000204428	LY6G5C
ENSG00000197826	CFAP299
ENSG00000119913	TECTB
ENSG00000171495	MROH2B
ENSG00000166736	HTR3A
ENSG00000176294	OR4N2
ENSG00000138472	GUCA1C
ENSG00000213171	LINGO4
ENSG00000064218	DMRT3
ENSG00000118094	TREH
ENSG00000124134	KCNS1
ENSG00000257115	OR11H12
ENSG00000237388	OR4A47
ENSG00000115592	PRKAG3
ENSG00000150045	KLRF1
ENSG00000276040	SPATA31A7
ENSG00000237254	TRBV30
ENSG00000176900	OR51T1
ENSG00000211677	IGLC2
ENSG00000145626	UGT3A1
ENSG00000163499	CRYBA2
ENSG00000170748	RBMXL2
ENSG00000197705	KLHL14
ENSG00000186442	KRT3
ENSG00000187815	ZFP69
ENSG00000129152	MYOD1
ENSG00000181761	OR8H3
ENSG00000120251	GRIA2
ENSG00000181371	OR5M8
ENSG00000211810	TRAV29DV5
ENSG00000007038	PRSS21
ENSG00000213213	CCDC183
ENSG00000211817	TRAV38-2DV8
ENSG00000185155	MIXL1
ENSG00000087128	TMPRSS11E
ENSG00000181001	OR52N1
ENSG00000143595	AQP10
ENSG00000182674	KCNB2
ENSG00000164746	C7orf57
ENSG00000121570	DPPA4
ENSG00000106648	GALNTL5
ENSG00000139155	SLCO1C1
ENSG00000133800	LYVE1
ENSG00000198643	FAM3D
ENSG00000272804	KRTAP10-7
ENSG00000277058	HNRNPCL3
ENSG00000255713	OR4D2
ENSG00000203730	TEDDM1
ENSG00000229894	GK3P
ENSG00000126838	PZP
ENSG00000171657	GPR82
ENSG00000197079	KRT35
ENSG00000285162	AC004593.2
ENSG00000204595	DPRX
ENSG00000268465	AC008403.1
ENSG00000146453	PNLDC1
ENSG00000187545	PRAMEF10
ENSG00000188729	OSTN
ENSG00000128310	GALR3
ENSG00000172352	CDY1B
ENSG00000131355	ADGRE3
ENSG00000285946	AL162596.1
ENSG00000150048	CLEC1A
ENSG00000172188	OR4C11
ENSG00000197591	OR11L1
ENSG00000215113	CXorf49B
ENSG00000176547	OR4C3
ENSG00000040731	CDH10
ENSG00000174527	MYO1H
ENSG00000156282	CLDN17
ENSG00000167011	NAT16
ENSG00000187173	LCE2A
ENSG00000164309	CMYA5
ENSG00000168631	MUCL3
ENSG00000182050	MGAT4C
ENSG00000121634	GJA8
ENSG00000092607	TBX15
ENSG00000275572	GRIFIN
ENSG00000070748	CHAT
ENSG00000187773	DIPK1C
ENSG00000168356	SCN11A
ENSG00000274933	TBC1D3I
ENSG00000147183	CPXCR1
ENSG00000204532	ZSCAN5C
ENSG00000146216	TTBK1
ENSG00000233999	IGKV3OR2-268
ENSG00000167434	CA4
ENSG00000139547	RDH16
ENSG00000215853	RPTN
ENSG00000204610	TRIM15
ENSG00000161594	KLHL10
ENSG00000182732	RGS6
ENSG00000163519	TRAT1
ENSG00000176925	OR51F2
ENSG00000233087	RAB6D
ENSG00000271449	CT45A2
ENSG00000189056	RELN
ENSG00000211800	TRAV20
ENSG00000186526	CYP4F8
ENSG00000232543	IGHD4-11
ENSG00000196209	SIRPB2
ENSG00000179938	GOLGA8J
ENSG00000168634	WFDC13
ENSG00000204851	PNMA8B
ENSG00000152292	SH2D6
ENSG00000204544	MUC21
ENSG00000238074	TSPY9P
ENSG00000268674	AC213203.1
ENSG00000204518	AADACL4
ENSG00000186115	CYP4F2
ENSG00000288626	AC242628.1
ENSG00000120563	LYZL1
ENSG00000255833	TIFAB
ENSG00000269058	CALR3
ENSG00000172867	KRT2
ENSG00000182575	NXPH3
ENSG00000129965	INS-IGF2
ENSG00000180509	KCNE1
ENSG00000213203	GIMAP1
ENSG00000211925	IGHD2-8
ENSG00000276410	H2BC3
ENSG00000240403	KIR3DL2
ENSG00000076716	GPC4
ENSG00000211717	TRBV10-1
ENSG00000269791	SSX4B
ENSG00000183908	LRRC55
ENSG00000169306	IL1RAPL1
ENSG00000169575	VPREB1
ENSG00000236981	OR10G9
ENSG00000168970	JMJD7-PLA2G4B
ENSG00000188176	SMTNL2
ENSG00000172139	SLC9C1
ENSG00000135355	GJA10
ENSG00000211673	IGLV3-1
ENSG00000234829	IFNA17
ENSG00000187855	ASCL4
ENSG00000122679	RAMP3
ENSG00000166960	CCDC178
ENSG00000172468	HSFY1
ENSG00000122176	FMOD
ENSG00000186930	KRTAP6-2
ENSG00000197444	OGDHL
ENSG00000147869	CER1
ENSG00000226490	AC138647.1
ENSG00000078725	BRINP1
ENSG00000204979	MS4A13
ENSG00000211957	IGHV3-35
ENSG00000221882	OR3A2
ENSG00000130822	PNCK
ENSG00000140274	DUOXA2
ENSG00000204231	RXRB
ENSG00000112303	VNN2
ENSG00000006059	KRT33A
ENSG00000144045	DQX1
ENSG00000211659	IGLV3-25
ENSG00000198883	PNMA5
ENSG00000198445	CCT8L2
ENSG00000284299	AL590132.1
ENSG00000197238	H4C11
ENSG00000211850	TRAJ39
ENSG00000285130	AL358113.1
ENSG00000006659	LGALS14
ENSG00000069122	ADGRF5
ENSG00000143032	BARHL2
ENSG00000150893	FREM2
ENSG00000168594	ADAM29
ENSG00000178795	GDPD4
ENSG00000132514	CLEC10A
ENSG00000155249	OR4K1
ENSG00000244588	RAD21L1
ENSG00000213512	GBP7
ENSG00000156920	ADGRG4
ENSG00000081985	IL12RB2
ENSG00000123338	NCKAP1L
ENSG00000261873	SMIM36
ENSG00000248746	ACTN3
ENSG00000130590	SAMD10
ENSG00000100721	TCL1A
ENSG00000164530	PI16
ENSG00000170807	LMOD2
ENSG00000176769	TCERG1L
ENSG00000285687	FAM90A22P
ENSG00000077522	ACTN2
ENSG00000139220	PPFIA2
ENSG00000144671	SLC22A14
ENSG00000184022	OR2T10
ENSG00000211713	TRBV6-4
ENSG00000183706	OR4N4
ENSG00000197891	SLC22A12
ENSG00000167359	OR51I1
ENSG00000180483	DEFB119
ENSG00000176922	OR51S1
ENSG00000110887	DAO
ENSG00000115138	POMC
ENSG00000204296	TSBP1
ENSG00000181552	EDDM3B
ENSG00000174417	TRHR
ENSG00000179593	ALOX15B
ENSG00000140807	NKD1
ENSG00000182261	NLRP10
ENSG00000118156	ZNF541
ENSG00000164729	SLC35G3
ENSG00000185933	CALHM1
ENSG00000182667	NTM
ENSG00000111405	ENDOU
ENSG00000143365	RORC
ENSG00000254415	SIGLEC14
ENSG00000145428	RNF175
ENSG00000144229	THSD7B
ENSG00000163377	TAFA4
ENSG00000121797	CCRL2
ENSG00000163982	OTOP1
ENSG00000121380	BCL2L14
ENSG00000171595	DNAI2
ENSG00000177791	MYOZ1
ENSG00000115593	SMYD1
ENSG00000211750	TRBV24-1
ENSG00000166984	TCP10L2
ENSG00000230594	CT47A4
ENSG00000164900	GBX1
ENSG00000278857	IGKV1D-12
ENSG00000086570	FAT2
ENSG00000127515	OR7A10
ENSG00000130300	PLVAP
ENSG00000141744	PNMT
ENSG00000128040	SPINK2
ENSG00000177464	GPR4
ENSG00000008118	CAMK1G
ENSG00000215612	HMX1
ENSG00000198768	APCDD1L
ENSG00000107187	LHX3
ENSG00000187690	EZHIP
ENSG00000153993	SEMA3D
ENSG00000167332	OR51E2
ENSG00000248713	C4orf54
ENSG00000135220	UGT2A3
ENSG00000150275	PCDH15
ENSG00000183760	ACP7
ENSG00000169758	TMEM266
ENSG00000156575	PRG3
ENSG00000215545	DEFB116
ENSG00000134365	CFHR4
ENSG00000235268	KDM4E
ENSG00000121440	PDZRN3
ENSG00000204952	FBXO47
ENSG00000271336	IGHD1OR15-1A
ENSG00000138435	CHRNA1
ENSG00000182591	KRTAP11-1
ENSG00000198019	FCGR1B
ENSG00000104755	ADAM2
ENSG00000137033	IL33
ENSG00000172073	TEX37
ENSG00000181752	OR8K5
ENSG00000204385	SLC44A4
ENSG00000253291	TRBV7-7
ENSG00000141096	DPEP3
ENSG00000211651	IGLV1-44
ENSG00000205002	AARD
ENSG00000172497	ACOT12
ENSG00000285657	FAM90A19P
ENSG00000117090	SLAMF1
ENSG00000150269	OR5M9
ENSG00000136697	IL1F10
ENSG00000136305	CIDEB
ENSG00000108342	CSF3
ENSG00000104918	RETN
ENSG00000211652	IGLV7-43
ENSG00000179639	FCER1A
ENSG00000187950	OVCH1
ENSG00000187823	RTL4
ENSG00000196826	AC008758.1
ENSG00000104371	DKK4
ENSG00000198795	ZNF521
ENSG00000159618	ADGRG5
ENSG00000069696	DRD4
ENSG00000182315	MBD3L3
ENSG00000215174	NLRP2B
ENSG00000271271	UGT2A2
ENSG00000132872	SYT4
ENSG00000135773	CAPN9
ENSG00000164645	TEX47
ENSG00000166926	MS4A6E
ENSG00000225825	IGHD6-25
ENSG00000143105	KCNA10
ENSG00000184560	SPEM2
ENSG00000140623	SEPTIN12
ENSG00000211867	TRAJ22
ENSG00000153060	TEKT5
ENSG00000242875	RBMY1B
ENSG00000223731	SUPT20HL1
ENSG00000288637	AC013477.1
ENSG00000211968	IGHV1-58
ENSG00000111537	IFNG
ENSG00000180205	WFDC9
ENSG00000266524	GDF10
ENSG00000244694	PTCHD4
ENSG00000167612	ANKRD33
ENSG00000234438	KBTBD13
ENSG00000133107	TRPC4
ENSG00000198090	KRTAP4-6
ENSG00000204702	OR2J1
ENSG00000143226	FCGR2A
ENSG00000211958	IGHV3-38
ENSG00000286038	SPDYE13
ENSG00000182974	OR4M2B
ENSG00000270185	IGHD1OR15-1B
ENSG00000171855	IFNB1
ENSG00000231861	OR5K2
ENSG00000159339	PADI4
ENSG00000164035	EMCN
ENSG00000244482	LILRA6
ENSG00000166743	ACSM1
ENSG00000170848	PSG6
ENSG00000133246	PRAM1
ENSG00000154252	GAL3ST2
ENSG00000184032	KRTAP20-2
ENSG00000153789	CIBAR2
ENSG00000148832	PAOX
ENSG00000177096	PHETA2
ENSG00000188937	NYX
ENSG00000277893	SRD5A2
ENSG00000157093	LYZL4
ENSG00000168539	CHRM1
ENSG00000269855	RNF225
ENSG00000276747	PADI6
ENSG00000206474	OR10C1
ENSG00000139209	SLC38A4
ENSG00000185028	LRRC14B
ENSG00000282320	TRBJ1-1
ENSG00000159455	LCE2B
ENSG00000278558	TMEM191B
ENSG00000167208	SNX20
ENSG00000156413	FUT6
ENSG00000284704	SCYGR3
ENSG00000203756	TMEM244
ENSG00000172322	CLEC12A
ENSG00000268655	AC008687.4
ENSG00000184905	TCEAL2
ENSG00000099954	CECR2
ENSG00000126759	CFP
ENSG00000116882	HAO2
ENSG00000150244	TRIM48
ENSG00000167286	CD3D
ENSG00000088926	F11
ENSG00000212128	TAS2R13
ENSG00000125084	WNT1
ENSG00000149651	SPINT4
ENSG00000182793	GSTA5
ENSG00000109832	DDX25
ENSG00000271824	SMIM32
ENSG00000241404	EGFL8
ENSG00000142273	CBLC
ENSG00000170516	COX7B2
ENSG00000249967	AL355315.1
ENSG00000151079	KCNA6
ENSG00000154227	CERS3
ENSG00000095110	NXPE1
ENSG00000281958	TRBJ1-4
ENSG00000175143	OR2T1
ENSG00000151577	DRD3
ENSG00000163534	FCRL1
ENSG00000144031	ANKRD53
ENSG00000186281	GPAT2
ENSG00000127903	ZNF835
ENSG00000165370	GPR101
ENSG00000187479	C11orf96
ENSG00000196460	RFX8
ENSG00000114204	SERPINI2
ENSG00000214860	EVPLL
ENSG00000242371	IGKV1-39
ENSG00000185038	MROH2A
ENSG00000123407	HOXC12
ENSG00000213927	CCL27
ENSG00000128617	OPN1SW
ENSG00000211837	TRAJ53
ENSG00000174469	CNTNAP2
ENSG00000179919	OR10A7
ENSG00000186912	P2RY4
ENSG00000235718	MFRP
ENSG00000146378	TAAR2
ENSG00000211972	IGHV3-66
ENSG00000128285	MCHR1
ENSG00000165462	PHOX2A
ENSG00000137204	SLC22A7
ENSG00000203837	PNLIPRP3
ENSG00000221837	KRTAP10-9
ENSG00000123454	DBH
ENSG00000186652	PRG2
ENSG00000115596	WNT6
ENSG00000154415	PPP1R3A
ENSG00000165762	OR4K2
ENSG00000197454	OR2L5
ENSG00000105550	FGF21
ENSG00000203757	OR6K3
ENSG00000169900	PYDC1
ENSG00000244437	IGKV3-15
ENSG00000243729	OR5V1
ENSG00000244255	AL645922.1
ENSG00000146039	SLC17A4
ENSG00000166329	CCDC182
ENSG00000055957	ITIH1
ENSG00000120235	IFNA6
ENSG00000179934	CCR8
ENSG00000136839	OR13C9
ENSG00000175329	ISX
ENSG00000170950	PGK2
ENSG00000172349	IL16
ENSG00000198881	ASB12
ENSG00000104921	FCER2
ENSG00000230099	TRBV5-4
ENSG00000163012	ZSWIM2
ENSG00000231213	PLSCR5
ENSG00000236396	SLC35G4
ENSG00000260287	TBC1D3G
ENSG00000134765	DSC1
ENSG00000284730	TMDD1
ENSG00000163995	ABLIM2
ENSG00000274588	DGKK
ENSG00000132746	ALDH3B2
ENSG00000205864	KRTAP5-6
ENSG00000122787	AKR1D1
ENSG00000108255	CRYBA1
ENSG00000258223	PRSS58
ENSG00000105376	ICAM5
ENSG00000121446	RGSL1
ENSG00000143318	CASQ1
ENSG00000171431	KRT20
ENSG00000079393	DUSP13
ENSG00000115523	GNLY
ENSG00000211785	TRAV12-1
ENSG00000144407	PTH2R
ENSG00000232263	KRTAP25-1
ENSG00000197044	ZNF441
ENSG00000136099	PCDH8
ENSG00000176160	HSF5
ENSG00000081277	PKP1
ENSG00000241351	IGKV3-11
ENSG00000211816	TRAV38-1
ENSG00000175699	CCDC197
ENSG00000284465	TAF11L7
ENSG00000231989	PPP1R2B
ENSG00000172410	INSL5
ENSG00000184033	CTAG1B
ENSG00000043462	LCP2
ENSG00000158477	CD1A
ENSG00000007933	FMO3
ENSG00000178015	GPR150
ENSG00000104972	LILRB1
ENSG00000130224	LRCH2
ENSG00000224089	CT47A10
ENSG00000255569	TRAV1-1
ENSG00000109943	CRTAM
ENSG00000275896	PRSS2
ENSG00000099715	PCDH11Y
ENSG00000130226	DPP6
ENSG00000186675	MAGEE2
ENSG00000161640	SIGLEC11
ENSG00000205883	DEFB135
ENSG00000187175	KRTAP12-1
ENSG00000047662	FAM184B
ENSG00000185069	KRT76
ENSG00000142606	MMEL1
ENSG00000285772	AC000120.2
ENSG00000141434	MEP1B
ENSG00000255274	SMIM35
ENSG00000112799	LY86
ENSG00000157404	KIT
ENSG00000186732	MPPED1
ENSG00000117598	PLPPR5
ENSG00000268994	FAM236B
ENSG00000211632	IGKV3D-11
ENSG00000131910	NR0B2
ENSG00000234776	C11orf94
ENSG00000166930	MS4A5
ENSG00000176165	FOXG1
ENSG00000165509	MAGEC3
ENSG00000103546	SLC6A2
ENSG00000170178	HOXD12
ENSG00000124233	SEMG1
ENSG00000180264	ADGRD2
ENSG00000166292	TMEM100
ENSG00000125879	OTOR
ENSG00000214652	ZNF727
ENSG00000187987	ZSCAN23
ENSG00000132693	CRP
ENSG00000136488	CSH1
ENSG00000111886	GABRR2
ENSG00000214140	PRCD
ENSG00000169385	RNASE2
ENSG00000231256	CFAP97D1
ENSG00000283787	PRR33
ENSG00000144962	SPATA16
ENSG00000166558	SLC38A8
ENSG00000203784	LELP1
ENSG00000185313	SCN10A
ENSG00000125571	IL37
ENSG00000236371	CT47A1
ENSG00000170044	ZPLD1
ENSG00000187398	LUZP2
ENSG00000164047	CAMP
ENSG00000204248	COL11A2
ENSG00000244395	RBMY1D
ENSG00000278289	CT45A6
ENSG00000125851	PCSK2
ENSG00000148357	HMCN2
ENSG00000171777	RASGRP4
ENSG00000185231	MC2R
ENSG00000118322	ATP10B
ENSG00000179055	OR13D1
ENSG00000188175	HEPACAM2
ENSG00000268916	CSAG3
ENSG00000171481	OR1L3
ENSG00000174697	LEP
ENSG00000185742	C11orf87
ENSG00000120088	CRHR1
ENSG00000170967	DDI1
ENSG00000206043	C18orf63
ENSG00000005379	TSPOAP1
ENSG00000215595	C20orf202
ENSG00000188676	IDO2
ENSG00000211891	IGHE
ENSG00000088320	REM1
ENSG00000160284	SPATC1L
ENSG00000171360	KRT38
ENSG00000140600	SH3GL3
ENSG00000148408	CACNA1B
ENSG00000146090	RASGEF1C
ENSG00000211848	TRAJ41
ENSG00000110436	SLC1A2
ENSG00000184735	DDX53
ENSG00000170236	USP50
ENSG00000205445	KRTAP10-2
ENSG00000211857	TRAJ32
ENSG00000171049	FPR2
ENSG00000106809	OGN
ENSG00000171402	XAGE3
ENSG00000170893	TRH
ENSG00000147036	LANCL3
ENSG00000286920	SMIM40
ENSG00000214842	RAD51AP2
ENSG00000253304	TMEM200B
ENSG00000112195	TREML2
ENSG00000176782	DEFB104A
ENSG00000149507	OOSP2
ENSG00000196126	HLA-DRB1
ENSG00000274576	IGHV2-70
ENSG00000276775	IGHV4-4
ENSG00000156096	UGT2B4
ENSG00000283434	CSNKA2IP
ENSG00000206432	TMEM200C
ENSG00000222038	POTEJ
ENSG00000166432	ZMAT1
ENSG00000072182	ASIC4
ENSG00000211863	TRAJ26
ENSG00000165970	SLC6A5
ENSG00000276405	TRBV13
ENSG00000153684	GOLGA8F
ENSG00000204688	OR2H1
ENSG00000187581	COX8C
ENSG00000203740	METTL11B
ENSG00000125414	MYH2
ENSG00000204020	LIPN
ENSG00000172020	GAP43
ENSG00000172318	B3GALT1
ENSG00000214518	KRTAP2-2
ENSG00000135547	HEY2
ENSG00000079841	RIMS1
ENSG00000122852	SFTPA1
ENSG00000233306	TRGV2
ENSG00000211887	TRAJ2
ENSG00000175018	TEX36
ENSG00000095777	MYO3A
ENSG00000211843	TRAJ46
ENSG00000111344	RASAL1
ENSG00000213654	GPSM3
ENSG00000228567	VN1R4
ENSG00000126467	TSKS
ENSG00000169393	ELSPBP1
ENSG00000283967	TAF11L8
ENSG00000132972	RNF17
ENSG00000128652	HOXD3
ENSG00000146755	TRIM50
ENSG00000142449	FBN3
ENSG00000212722	KRTAP4-9
ENSG00000177272	KCNA3
ENSG00000284797	AC008397.1
ENSG00000077943	ITGA8
ENSG00000211896	IGHG1
ENSG00000198049	AVPR1B
ENSG00000124479	NDP
ENSG00000172247	C1QTNF4
ENSG00000188379	IFNA2
ENSG00000120675	DNAJC15
ENSG00000278599	TBC1D3E
ENSG00000255151	GLYATL1B
ENSG00000270961	IGHD5OR15-5A
ENSG00000156127	BATF
ENSG00000180613	GSX2
ENSG00000212659	KRTAP9-6
ENSG00000103310	ZP2
ENSG00000147697	GSDMC
ENSG00000215547	DEFB115
ENSG00000274749	KRTAP7-1
ENSG00000164484	TMEM200A
ENSG00000221910	OR2F2
ENSG00000173250	GPR151
ENSG00000238205	MPC1L
ENSG00000166363	OR10A5
ENSG00000188269	OR7A5
ENSG00000249861	LGALS16
ENSG00000197641	SERPINB13
ENSG00000232030	MAGEB6B
ENSG00000158816	VWA5B1
ENSG00000142511	GPR32
ENSG00000276699	TRAJ36
ENSG00000124657	OR2B6
ENSG00000130035	GALNT8
ENSG00000248672	LY75-CD302
ENSG00000242580	IGKV1D-43
ENSG00000004948	CALCR
ENSG00000135116	HRK
ENSG00000009694	TENM1
ENSG00000008226	DLEC1
ENSG00000171115	GIMAP8
ENSG00000229579	USP17L26
ENSG00000204161	TMEM273
ENSG00000137473	TTC29
ENSG00000225327	USP17L3
ENSG00000183801	OLFML1
ENSG00000196900	TEX43
ENSG00000164398	ACSL6
ENSG00000140937	CDH11
ENSG00000127241	MASP1
ENSG00000186265	BTLA
ENSG00000251012	AC083800.1
ENSG00000266964	FXYD1
ENSG00000120952	PRAMEF2
ENSG00000211593	IGKJ5
ENSG00000155966	AFF2
ENSG00000133115	STOML3
ENSG00000163825	RTP3
ENSG00000167098	SUN5
ENSG00000151379	MSGN1
ENSG00000136688	IL36G
ENSG00000116996	ZP4
ENSG00000274175	AC133551.1
ENSG00000274443	C8orf89
ENSG00000125255	SLC10A2
ENSG00000211598	IGKV4-1
ENSG00000152670	DDX4
ENSG00000262628	OR1D5
ENSG00000169717	ACTRT2
ENSG00000083307	GRHL2
ENSG00000144488	ESPNL
ENSG00000234469	CLDN34
ENSG00000196240	OR2T2
ENSG00000146809	ASB15
ENSG00000150722	PPP1R1C
ENSG00000152595	MEPE
ENSG00000189377	CXCL17
ENSG00000112462	OR12D3
ENSG00000164082	GRM2
ENSG00000211668	IGLV2-11
ENSG00000189325	BNIP5
ENSG00000169169	CPT1C
ENSG00000087495	PHACTR3
ENSG00000167757	KLK11
ENSG00000249437	NAIP
ENSG00000173366	AC097637.1
ENSG00000183831	ANKRD45
ENSG00000183715	OPCML
ENSG00000211911	IGHD3-22
ENSG00000074771	NOX3
ENSG00000269590	AC010422.5
ENSG00000117707	PROX1
ENSG00000132329	RAMP1
ENSG00000197309	OR10D3
ENSG00000241595	KRTAP9-4
ENSG00000183508	TENT5C
ENSG00000185304	RGPD2
ENSG00000188467	SLC24A5
ENSG00000203737	GPR52
ENSG00000145113	MUC4
ENSG00000204655	MOG
ENSG00000187527	ATP13A5
ENSG00000115297	TLX2
ENSG00000070886	EPHA8
ENSG00000176246	OR4L1
ENSG00000185271	KLHL33
ENSG00000124343	XG
ENSG00000169064	ZBBX
ENSG00000158497	HMHB1
ENSG00000205358	MT1H
ENSG00000250374	TRIM75P
ENSG00000275954	TBC1D3F
ENSG00000186458	DEFB132
ENSG00000186340	THBS2
ENSG00000136931	NR5A1
ENSG00000253649	PRSS51
ENSG00000214643	DEFB133
ENSG00000197057	DTHD1
ENSG00000146352	CLVS2
ENSG00000288529	AL035699.1
ENSG00000235387	SPAAR
ENSG00000236980	C3orf84
ENSG00000198885	ITPRIPL1
ENSG00000204363	SPANXN5
ENSG00000164123	C4orf45
ENSG00000106123	EPHB6
ENSG00000133980	VRTN
ENSG00000244057	LCE3C
ENSG00000075673	ATP12A
ENSG00000162494	LRRC38
ENSG00000163873	GRIK3
ENSG00000253797	UTP14C
ENSG00000111218	PRMT8
ENSG00000284680	OR8B2
ENSG00000235376	RPEL1
ENSG00000152954	NRSN1
ENSG00000257017	HP
ENSG00000100628	ASB2
ENSG00000101981	F9
ENSG00000172554	SNTG2
ENSG00000165076	PRSS37
ENSG00000143028	SYPL2
ENSG00000112214	FHL5
ENSG00000182346	DAOA
ENSG00000107317	PTGDS
ENSG00000187733	AMY1C
ENSG00000253159	PCDHGA12
ENSG00000101134	DOK5
ENSG00000180053	NKX2-6
ENSG00000183960	KCNH8
ENSG00000165682	CLEC1B
ENSG00000254466	OR4D10
ENSG00000109819	PPARGC1A
ENSG00000161055	SCGB3A1
ENSG00000228325	IGKV3D-7
ENSG00000187559	FOXD4L3
ENSG00000196341	OR8D1
ENSG00000211804	TRDV1
ENSG00000211656	IGLV2-33
ENSG00000166111	SVOP
ENSG00000112818	MEP1A
ENSG00000285471	AC007846.2
ENSG00000101336	HCK
ENSG00000196228	SULT1C3
ENSG00000257138	TAS2R38
ENSG00000268790	AC008764.4
ENSG00000105851	PIK3CG
ENSG00000100336	APOL4
ENSG00000233701	PRR23C
ENSG00000161807	OR7G1
ENSG00000205922	ONECUT3
ENSG00000136869	TLR4
ENSG00000198691	ABCA4
ENSG00000064692	SNCAIP
ENSG00000112761	CCN6
ENSG00000277535	AL772284.1
ENSG00000171611	PTCRA
ENSG00000168280	KIF5C
ENSG00000006128	TAC1
ENSG00000189350	TOGARAM2
ENSG00000242362	CT47A2
ENSG00000138395	CDK15
ENSG00000233041	PHGR1
ENSG00000178394	HTR1A
ENSG00000211930	IGHD3-3
ENSG00000141506	PIK3R5
ENSG00000131059	BPIFA3
ENSG00000204962	PCDHA8
ENSG00000286131	AC083977.1
ENSG00000166928	MS4A14
ENSG00000284873	OOSP1
ENSG00000254245	PCDHGA3
ENSG00000154118	JPH3
ENSG00000111262	KCNA1
ENSG00000256590	TRDV3
ENSG00000182348	ZNF804B
ENSG00000288460	SMIM42
ENSG00000186810	CXCR3
ENSG00000211864	TRAJ25
ENSG00000283247	CCDC201
ENSG00000174059	CD34
ENSG00000124232	RBPJL
ENSG00000170476	MZB1
ENSG00000248920	USP17L19
ENSG00000261130	AC140504.1
ENSG00000164007	CLDN19
ENSG00000174562	KLK15
ENSG00000205277	MUC12
ENSG00000280021	OR51F1
ENSG00000140835	CHST4
ENSG00000124678	TCP11
ENSG00000130385	BMP15
ENSG00000184709	LRRC26
ENSG00000187905	LRRC74B
ENSG00000071909	MYO3B
ENSG00000178217	SH2D4B
ENSG00000211594	IGKJ4
ENSG00000237988	OR2I1P
ENSG00000090534	THPO
ENSG00000132464	ENAM
ENSG00000211976	IGHV3-73
ENSG00000206579	XKR4
ENSG00000197921	HES5
ENSG00000158516	CPA2
ENSG00000283755	CPHXL
ENSG00000176787	OR52E2
ENSG00000255009	UBTFL1
ENSG00000267978	MAGEA9B
ENSG00000166573	GALR1
ENSG00000196767	POU3F4
ENSG00000154783	FGD5
ENSG00000211721	TRBV6-5
ENSG00000148053	NTRK2
ENSG00000181781	ODF3L2
ENSG00000174015	CBY2
ENSG00000139151	PLCZ1
ENSG00000172016	REG3A
ENSG00000185739	SRL
ENSG00000108018	SORCS1
ENSG00000126950	TMEM35A
ENSG00000148680	HTR7
ENSG00000105610	KLF1
ENSG00000197110	IFNL3
ENSG00000211786	TRAV8-2
ENSG00000278961	SMIM34B
ENSG00000206052	DOK6
ENSG00000057468	MSH4
ENSG00000100146	SOX10
ENSG00000170209	ANKK1
ENSG00000172482	AGXT
ENSG00000204913	LRRC3C
ENSG00000233670	PIRT
ENSG00000163958	ZDHHC19
ENSG00000170367	CST5
ENSG00000197629	MPEG1
ENSG00000283952	AC092017.2
ENSG00000240720	LRRD1
ENSG00000240505	TNFRSF13B
ENSG00000066336	SPI1
ENSG00000124089	MC3R
ENSG00000155886	SLC24A2
ENSG00000189186	DCAF8L2
ENSG00000099769	IGFALS
ENSG00000101542	CDH20
ENSG00000172179	PRL
ENSG00000260734	TLE7
ENSG00000155269	GPR78
ENSG00000110245	APOC3
ENSG00000159961	OR3A3
ENSG00000000005	TNMD
ENSG00000136960	ENPP2
ENSG00000137877	SPTBN5
ENSG00000154645	CHODL
ENSG00000172421	EFCAB3
ENSG00000102383	ZDHHC15
ENSG00000124467	PSG8
ENSG00000164879	CA3
ENSG00000110786	PTPN5
ENSG00000082175	PGR
ENSG00000184344	GDF3
ENSG00000176695	OR4F17
ENSG00000221818	EBF2
ENSG00000181939	OR4C15
ENSG00000278705	H4C2
ENSG00000160883	HK3
ENSG00000136297	MMD2
ENSG00000108823	SGCA
ENSG00000183024	OR1G1
ENSG00000185972	CCIN
ENSG00000196376	SLC35F1
ENSG00000198398	TMEM207
ENSG00000269405	NXF2
ENSG00000132958	TPTE2
ENSG00000182983	ZNF662
ENSG00000276240	OR4E1
ENSG00000268651	CTAG1A
ENSG00000285975	FAM90A7P
ENSG00000169618	PROKR1
ENSG00000211851	TRAJ38
ENSG00000176895	OR51A7
ENSG00000243772	KIR2DL3
ENSG00000167210	LOXHD1
ENSG00000180708	OR10K2
ENSG00000198678	OR5BS1P
ENSG00000119614	VSX2
ENSG00000188981	MSANTD1
ENSG00000198963	RORB
ENSG00000178928	TPRX1
ENSG00000139985	ADAM21
ENSG00000154080	CHST9
ENSG00000153820	SPHKAP
ENSG00000134812	CBLIF
ENSG00000185177	ZNF479
ENSG00000270181	BIVM-ERCC5
ENSG00000260903	XKR7
ENSG00000171102	OBP2B
ENSG00000162631	NTNG1
ENSG00000173213	TUBB8B
ENSG00000132911	NMUR2
ENSG00000174611	KY
ENSG00000196805	SPRR2B
ENSG00000106236	NPTX2
ENSG00000155890	TRIM42
ENSG00000255071	SAA2-SAA4
ENSG00000169994	MYO7B
ENSG00000122728	TAF1L
ENSG00000021852	C8B
ENSG00000176299	OR4M1
ENSG00000156269	NAA11
ENSG00000117834	SLC5A9
ENSG00000163586	FABP1
ENSG00000283439	SPEM3
ENSG00000183036	PCP4
ENSG00000284723	OR8S1
ENSG00000168995	SIGLEC7
ENSG00000203909	DPPA5
ENSG00000134115	CNTN6
ENSG00000161905	ALOX15
ENSG00000150054	MPP7
ENSG00000151475	SLC25A31
ENSG00000124701	APOBEC2
ENSG00000157765	SLC34A2
ENSG00000174970	OR10AG1
ENSG00000137331	IER3
ENSG00000164500	SPATA48
ENSG00000170454	KRT75
ENSG00000271079	CTAGE15
ENSG00000164393	ADGRF2
ENSG00000105697	HAMP
ENSG00000288681	AC136475.9
ENSG00000117154	IGSF21
ENSG00000147571	CRH
ENSG00000211909	IGHD5-24
ENSG00000139574	NPFF
ENSG00000154134	ROBO3
ENSG00000153292	ADGRF1
ENSG00000130943	PKDREJ
ENSG00000168158	OR2C1
ENSG00000170419	VSTM2A
ENSG00000277399	GPR179
ENSG00000275553	ELOA3CP
ENSG00000284438	SSU72P7
ENSG00000286014	SPDYE15
ENSG00000108576	SLC6A4
ENSG00000139287	TPH2
ENSG00000182698	RESP18
ENSG00000171209	CSN3
ENSG00000203805	PLPP4
ENSG00000277531	PNMA8C
ENSG00000087116	ADAMTS2
ENSG00000242120	MDFIC2
ENSG00000175336	APOF
ENSG00000187475	H1-6
ENSG00000120949	TNFRSF8
ENSG00000278685	IQCA1L
ENSG00000179846	NKPD1
ENSG00000117091	CD48
ENSG00000183569	SERHL2
ENSG00000147234	FRMPD3
ENSG00000258817	OR4C13
ENSG00000172362	OR5B12
ENSG00000132932	ATP8A2
ENSG00000242221	PSG2
ENSG00000110799	VWF
ENSG00000172155	LCE1D
ENSG00000283706	PRSS50
ENSG00000184954	OR6C70
ENSG00000108878	CACNG1
ENSG00000155087	ODF1
ENSG00000166862	CACNG2
ENSG00000131379	C3orf20
ENSG00000256463	SALL3
ENSG00000176083	ZNF683
ENSG00000214688	C10orf105
ENSG00000283644	ETDC
ENSG00000205496	OR51A2
ENSG00000239839	DEFA3
ENSG00000182330	PRAMEF8
ENSG00000187021	PNLIPRP1
ENSG00000261701	HPR
ENSG00000101280	ANGPT4
ENSG00000036473	OTC
ENSG00000215568	GAB4
ENSG00000170920	OR7G3
ENSG00000101890	GUCY2F
ENSG00000157087	ATP2B2
ENSG00000130950	NUTM2F
ENSG00000184697	CLDN6
ENSG00000164112	SMIM43
ENSG00000221840	OR4A5
ENSG00000197430	OPALIN
ENSG00000128917	DLL4
ENSG00000184945	AQP12A
ENSG00000211820	TRAV41
ENSG00000251692	PTX4
ENSG00000143768	LEFTY2
ENSG00000137709	POU2F3
ENSG00000237763	AMY1A
ENSG00000229549	TSPY8
ENSG00000215148	PRSS41
ENSG00000042062	RIPOR3
ENSG00000204918	PRR20B
ENSG00000178287	SPAG11A
ENSG00000151062	CACNA2D4
ENSG00000102468	HTR2A
ENSG00000271178	IGHV3OR16-13
ENSG00000204704	OR2W1
ENSG00000204007	GLT6D1
ENSG00000101204	CHRNA4
ENSG00000251380	DCANP1
ENSG00000188162	OTOG
ENSG00000211840	TRAJ49
ENSG00000182798	MAGEB17
ENSG00000185479	KRT6B
ENSG00000229859	PGA3
ENSG00000130377	ACSBG2
ENSG00000151490	PTPRO
ENSG00000188076	SCGB1C1
ENSG00000089041	P2RX7
ENSG00000102802	MEDAG
ENSG00000170923	OR7G2
ENSG00000204540	PSORS1C1
ENSG00000185737	NRG3
ENSG00000203870	SMIM9
ENSG00000187033	SAMD7
ENSG00000141750	STAC2
ENSG00000211974	IGHV2-70D
ENSG00000172568	FNDC9
ENSG00000198547	C20orf203
ENSG00000161180	CCDC116
ENSG00000242419	PCDHGC4
ENSG00000134757	DSG3
ENSG00000170486	KRT72
ENSG00000127412	TRPV5
ENSG00000175445	LPL
ENSG00000108771	DHX58
ENSG00000139970	RTN1
ENSG00000010932	FMO1
ENSG00000283496	ZNF511-PRAP1
ENSG00000156206	CFAP161
ENSG00000147223	RIPPLY1
ENSG00000269699	ZIM2
ENSG00000143839	REN
ENSG00000167104	BPIFB6
ENSG00000232423	PRAMEF6
ENSG00000236637	IFNA4
ENSG00000074660	SCARF1
ENSG00000179817	MRGPRX4
ENSG00000204334	ERICH2
ENSG00000275722	LYZL6
ENSG00000288614	AL031178.1
ENSG00000283093	CENPVL2
ENSG00000129455	KLK8
ENSG00000184459	BPIFC
ENSG00000119535	CSF3R
ENSG00000256762	STH
ENSG00000154342	WNT3A
ENSG00000197616	MYH6
ENSG00000211844	TRAJ45
ENSG00000204414	CSHL1
ENSG00000090104	RGS1
ENSG00000228985	TRDD3
ENSG00000211701	TRGV1
ENSG00000132704	FCRL2
ENSG00000196099	OR6M1
ENSG00000171199	OPRPN
ENSG00000183654	MARCHF11
ENSG00000269067	ZNF728
ENSG00000243063	IGKV3-7
ENSG00000211753	TRBV28
ENSG00000175520	UBQLN3
ENSG00000005001	PRSS22
ENSG00000211944	IGHV3-16
ENSG00000138653	NDST4
ENSG00000140090	SLC24A4
ENSG00000237038	USP17L8
ENSG00000213973	ZNF99
ENSG00000179542	SLITRK4
ENSG00000103375	AQP8
ENSG00000105609	LILRB5
ENSG00000125815	CST8
ENSG00000226321	CROCC2
ENSG00000182492	BGN
ENSG00000197745	SCGB1D4
ENSG00000181867	FTMT
ENSG00000285085	AL662884.4
ENSG00000116981	NT5C1A
ENSG00000104974	LILRA1
ENSG00000113196	HAND1
ENSG00000282419	TEX13D
ENSG00000276566	IGKV1D-13
ENSG00000186417	GLDN
ENSG00000153266	FEZF2
ENSG00000181518	OR8D4
ENSG00000259261	IGHV4OR15-8
ENSG00000159398	CES5A
ENSG00000138308	PLA2G12B
ENSG00000112964	GHR
ENSG00000211821	TRDV2
ENSG00000188770	OPTC
ENSG00000275152	CCL16
ENSG00000161940	BCL6B
ENSG00000138135	CH25H
ENSG00000101435	CST9L
ENSG00000288570	AL359092.3
ENSG00000175315	CST6
ENSG00000177558	FAM187B
ENSG00000182463	TSHZ2
ENSG00000211943	IGHV3-15
ENSG00000214102	WEE2
ENSG00000164692	COL1A2
ENSG00000141371	C17orf64
ENSG00000259060	AL163195.3
ENSG00000204983	PRSS1
ENSG00000183549	ACSM5
ENSG00000166268	MYRFL
ENSG00000282420	TRBJ1-2
ENSG00000186952	TMEM232
ENSG00000144218	AFF3
ENSG00000165186	PTCHD1
ENSG00000186967	KRTAP19-4
ENSG00000090539	CHRD
ENSG00000211805	TRAV24
ENSG00000182264	IZUMO1
ENSG00000131203	IDO1
ENSG00000132321	IQCA1
ENSG00000159212	CLIC6
ENSG00000163440	PDCL2
ENSG00000205497	OR51A4
ENSG00000002933	TMEM176A
ENSG00000134760	DSG1
ENSG00000211661	IGLV3-22
ENSG00000167755	KLK6
ENSG00000187533	PRR27
ENSG00000109181	UGT2B10
ENSG00000120594	PLXDC2
ENSG00000211595	IGKJ3
ENSG00000150261	OR8K1
ENSG00000101405	OXT
ENSG00000167346	MMP26
ENSG00000265203	RBP3
ENSG00000146839	ZAN
ENSG00000125675	GRIA3
ENSG00000283776	TAF11L13
ENSG00000154438	ASZ1
ENSG00000240671	IGKV1-8
ENSG00000283599	BX276092.9
ENSG00000168930	TRIM49
ENSG00000126861	OMG
ENSG00000134193	REG4
ENSG00000122641	INHBA
ENSG00000181036	FCRL6
ENSG00000197410	DCHS2
ENSG00000110076	NRXN2
ENSG00000187258	NPSR1
ENSG00000053328	METTL24
ENSG00000042781	USH2A
ENSG00000109182	CWH43
ENSG00000237671	GAGE12C
ENSG00000204538	PSORS1C2
ENSG00000165973	NELL1
ENSG00000150676	CCDC83
ENSG00000214872	SMTNL1
ENSG00000188992	LIPI
ENSG00000169777	TAS2R1
ENSG00000242574	HLA-DMB
ENSG00000182631	RXFP3
ENSG00000187806	TMEM202
ENSG00000243130	PSG11
ENSG00000185873	TMPRSS11B
ENSG00000284635	SCYGR8
ENSG00000203797	DDO
ENSG00000244623	OR2AE1
ENSG00000221900	POM121L12
ENSG00000170782	OR10A4
ENSG00000243543	WFDC6
ENSG00000176774	MAGEB18
ENSG00000162892	IL24
ENSG00000184108	TRIML1
ENSG00000256797	KLRF2
ENSG00000164458	TBXT
ENSG00000188039	NWD1
ENSG00000268799	H3Y2
ENSG00000156886	ITGAD
ENSG00000091704	CPA1
ENSG00000211655	IGLV1-36
ENSG00000282780	TRBJ1-6
ENSG00000120498	TEX11
ENSG00000168748	CA7
ENSG00000204475	NCR3
ENSG00000239855	IGKV1-6
ENSG00000066405	CLDN18
ENSG00000168925	CTRB1
ENSG00000229924	FAM90A26
ENSG00000110148	CCKBR
ENSG00000179002	TAS1R2
ENSG00000211792	TRAV14DV4
ENSG00000093134	VNN3
ENSG00000169059	VCX3A
ENSG00000177673	TEX44
ENSG00000166884	OR4D6
ENSG00000162460	TMEM82
ENSG00000182747	SLC35D3
ENSG00000171136	RLN3
ENSG00000175077	RTP1
ENSG00000288636	AL049569.3
ENSG00000169291	SHE
ENSG00000110324	IL10RA
ENSG00000214237	MINDY4B
ENSG00000214300	SPDYE3
ENSG00000203710	CR1
ENSG00000147873	IFNA5
ENSG00000090402	SI
ENSG00000144130	NT5DC4
ENSG00000261649	GOLGA6L7
ENSG00000006555	TTC22
ENSG00000211877	TRAJ12
ENSG00000178084	HTR3C
ENSG00000211690	TRGJ1
ENSG00000166840	GLYATL1
ENSG00000100450	GZMH
ENSG00000244734	HBB
ENSG00000187715	KBTBD12
ENSG00000072694	FCGR2B
ENSG00000168418	KCNG4
ENSG00000284484	AC025287.4
ENSG00000186977	KRTAP19-5
ENSG00000169218	RSPO1
ENSG00000181856	SLC2A4
ENSG00000187754	SSX7
ENSG00000235272	RAMACL
ENSG00000185758	CLDN24
ENSG00000282173	TRBJ1-5
ENSG00000177710	SLC35G5
ENSG00000180043	FAM71E2
ENSG00000170465	KRT6C
ENSG00000168004	PLAAT5
ENSG00000170790	OR10A2
ENSG00000225899	FRG2B
ENSG00000198010	DLGAP2
ENSG00000274611	TBC1D3
ENSG00000254126	CD8B2
ENSG00000167617	CDC42EP5
ENSG00000186479	RGS7BP
ENSG00000211727	TRBV7-6
ENSG00000249104	USP17L17
ENSG00000177575	CD163
ENSG00000282089	IGHD3OR15-3B
ENSG00000212122	TSSK1B
ENSG00000176177	ENTHD1
ENSG00000105880	DLX5
ENSG00000211862	TRAJ27
ENSG00000189299	FOXR2
ENSG00000183662	TAFA1
ENSG00000101470	TNNC2
ENSG00000163810	TGM4
ENSG00000243290	IGKV1-12
ENSG00000204616	TRIM31
ENSG00000184261	KCNK12
ENSG00000176884	GRIN1
ENSG00000160791	CCR5
ENSG00000007314	SCN4A
ENSG00000104435	STMN2
ENSG00000284373	TAF11L2
ENSG00000154478	GPR26
ENSG00000157445	CACNA2D3
ENSG00000184351	KRTAP19-1
ENSG00000169214	OR6F1
ENSG00000182759	MAFA
ENSG00000158258	CLSTN2
ENSG00000100453	GZMB
ENSG00000188626	GOLGA8M
ENSG00000276203	ANKRD20A3P
ENSG00000197721	CR1L
ENSG00000211900	IGHJ6
ENSG00000153233	PTPRR
ENSG00000162592	CCDC27
ENSG00000133454	MYO18B
ENSG00000176601	MAP3K19
ENSG00000174945	AMZ1
ENSG00000178187	ZNF454
ENSG00000285765	FAM90A23P
ENSG00000171496	OR1L8
ENSG00000139610	CELA1
ENSG00000104938	CLEC4M
ENSG00000172508	CARNS1
ENSG00000215269	GAGE12G
ENSG00000101951	PAGE4
ENSG00000255298	OR8G5
ENSG00000175928	LRRN1
ENSG00000105251	SHD
ENSG00000170956	CEACAM3
ENSG00000221836	OR2A5
ENSG00000249853	HS3ST5
ENSG00000173452	TMEM196
ENSG00000156219	ART3
ENSG00000178257	PRM3
ENSG00000120907	ADRA1A
ENSG00000103175	WFDC1
ENSG00000138795	LEF1
ENSG00000149452	SLC22A8
ENSG00000174885	NLRP6
ENSG00000122824	NUDT10
ENSG00000143552	NUP210L
ENSG00000241149	ZNF722P
ENSG00000163914	RHO
ENSG00000259680	IGHV3OR16-17
ENSG00000186143	PRR30
ENSG00000187871	GFRAL
ENSG00000205929	C21orf62
ENSG00000284779	AC132217.2
ENSG00000124491	F13A1
ENSG00000263201	DPEP2NB
ENSG00000173572	NLRP13
ENSG00000135226	UGT2B28
ENSG00000183389	OR56A4
ENSG00000120242	IFNA8
ENSG00000130649	CYP2E1
ENSG00000113302	IL12B
ENSG00000132975	GPR12
ENSG00000153802	TMPRSS11D
ENSG00000096006	CRISP3
ENSG00000282599	IGHD2OR15-2A
ENSG00000176798	OR51L1
ENSG00000164049	FBXW12
ENSG00000229474	PATL2
ENSG00000177483	RBM44
ENSG00000147246	HTR2C
ENSG00000242887	IGHJ3
ENSG00000164344	KLKB1
ENSG00000165120	SSMEM1
ENSG00000204669	C9orf57
ENSG00000234965	SHISA8
ENSG00000141485	SLC13A5
ENSG00000143107	FNDC7
ENSG00000150636	CCDC102B
ENSG00000013297	CLDN11
ENSG00000184389	A3GALT2
ENSG00000173389	IQCF1
ENSG00000165140	FBP1
ENSG00000180042	OR1R1P
ENSG00000187658	C5orf52
ENSG00000236543	AL354761.1
ENSG00000204279	PAGE3
ENSG00000184698	OR51M1
ENSG00000094796	KRT31
ENSG00000112706	IMPG1
ENSG00000006116	CACNG3
ENSG00000101977	MCF2
ENSG00000204252	HLA-DOA
ENSG00000187796	CARD9
ENSG00000285733	AL031315.1
ENSG00000149968	MMP3
ENSG00000116157	GPX7
ENSG00000204335	SP5
ENSG00000172987	HPSE2
ENSG00000181234	TMEM132C
ENSG00000147256	ARHGAP36
ENSG00000211597	IGKJ1
ENSG00000251154	AC002456.2
ENSG00000243466	IGKV1-5
ENSG00000124449	IRGC
ENSG00000211688	TRGJP2
ENSG00000179869	ABCA13
ENSG00000198670	LPA
ENSG00000141433	ADCYAP1
ENSG00000286143	AC053503.6
ENSG00000152154	TMEM178A
ENSG00000143847	PPFIA4
ENSG00000187180	LCE2C
ENSG00000072080	SPP2
ENSG00000149295	DRD2
ENSG00000254834	OR5M10
ENSG00000163380	LMOD3
ENSG00000232216	IGHV3-43
ENSG00000276409	CCL14
ENSG00000282520	IGHD3OR15-3A
ENSG00000204472	AIF1
ENSG00000165325	DEUP1
ENSG00000204919	PRR20A
ENSG00000243489	KRTAP10-11
ENSG00000255346	NOX5
ENSG00000107562	CXCL12
ENSG00000116721	PRAMEF1
ENSG00000139914	FITM1
ENSG00000186487	MYT1L
ENSG00000211813	TRAV34
ENSG00000230778	ANKRD63
ENSG00000169313	P2RY12
ENSG00000081479	LRP2
ENSG00000204880	KRTAP4-8
ENSG00000050767	COL23A1
ENSG00000126856	PRDM7
ENSG00000269825	AC022150.4
ENSG00000131738	KRT33B
ENSG00000188171	ZNF626
ENSG00000100373	UPK3A
ENSG00000100249	C22orf31
ENSG00000175646	PRM1
ENSG00000057149	SERPINB3
ENSG00000172551	MUCL1
ENSG00000198771	RCSD1
ENSG00000169800	RBMY1F
ENSG00000278299	TBC1D3C
ENSG00000188124	OR2AG2
ENSG00000187048	CYP4A11
ENSG00000255835	AL117348.2
ENSG00000268964	ERVV-2
ENSG00000181009	OR52N5
ENSG00000178591	DEFB125
ENSG00000162771	FAM71A
ENSG00000139915	MDGA2
ENSG00000211845	TRAJ44
ENSG00000100678	SLC8A3
ENSG00000215009	ACSM4
ENSG00000166317	SYNPO2L
ENSG00000105894	PTN
ENSG00000162981	LRATD1
ENSG00000211895	IGHA1
ENSG00000230347	CT47A8
ENSG00000146938	NLGN4X
ENSG00000120328	PCDHB12
ENSG00000211724	TRBV6-6
ENSG00000197838	CYP2A13
ENSG00000189409	MMP23B
ENSG00000215029	TCP11X2
ENSG00000288639	AC093246.1
ENSG00000225556	C2CD4D
ENSG00000120156	TEK
ENSG00000183640	KRTAP8-1
ENSG00000125810	CD93
ENSG00000100362	PVALB
ENSG00000211649	IGLV7-46
ENSG00000198597	ZNF536
ENSG00000235699	CXorf51B
ENSG00000175820	CCDC168
ENSG00000105707	HPN
ENSG00000176136	MC5R
ENSG00000211886	TRAJ3
ENSG00000196475	GK2
ENSG00000288678	AL136115.4
ENSG00000176635	HORMAD2
ENSG00000214415	GNAT3
ENSG00000168509	HJV
ENSG00000169340	PDILT
ENSG00000256574	OR13A1
ENSG00000106624	AEBP1
ENSG00000211904	IGHJ2
ENSG00000161992	PRR35
ENSG00000214414	TRIM77
ENSG00000099721	AMELY
ENSG00000164707	SLC13A4
ENSG00000185559	DLK1
ENSG00000284491	THSD8
ENSG00000162897	FCAMR
ENSG00000158485	CD1B
ENSG00000285607	FAM90A9P
ENSG00000174332	GLIS1
ENSG00000129910	CDH15
ENSG00000250366	TUNAR
ENSG00000171501	OR1N2
ENSG00000176742	OR51V1
ENSG00000236761	CTAGE9
ENSG00000113494	PRLR
ENSG00000183734	ASCL2
ENSG00000270824	IGHD5OR15-5B
ENSG00000279761	OR5D13
ENSG00000211921	IGHD5-12
ENSG00000132164	SLC6A11
ENSG00000230178	OR4F3
ENSG00000211794	TRAV12-3
ENSG00000283288	SMIM33
ENSG00000139780	METTL21C
ENSG00000261594	TPBGL
ENSG00000170323	FABP4
ENSG00000165606	DRGX
ENSG00000269113	TRABD2B
ENSG00000144410	CPO
ENSG00000268480	NFILZ
ENSG00000173908	KRT28
ENSG00000253457	SMIM18
ENSG00000155719	OTOA
ENSG00000108849	PPY
ENSG00000163145	C1QTNF7
ENSG00000197786	OR5B17
ENSG00000213231	TCL1B
ENSG00000145147	SLIT2
ENSG00000223569	USP17L15
ENSG00000185775	SPATA31A6
ENSG00000061455	PRDM6
ENSG00000165359	INTS6L
ENSG00000163394	CCKAR
ENSG00000124490	CRISP2
ENSG00000083782	EPYC
ENSG00000133256	PDE6B
ENSG00000164440	TXLNB
ENSG00000171054	OR13H1
ENSG00000204033	LRIT2
ENSG00000152093	CFC1B
ENSG00000141161	UNC45B
ENSG00000187791	FAM205C
ENSG00000175164	ABO
ENSG00000272573	MUSTN1
ENSG00000214866	DCDC2C
ENSG00000197408	CYP2B6
ENSG00000178363	CALML3
ENSG00000231192	OR5H1
ENSG00000283071	LBHD2
ENSG00000211875	TRAJ14
ENSG00000274736	CCL23
ENSG00000285404	Z82190.2
ENSG00000099985	OSM
ENSG00000268500	AC018755.2
ENSG00000284844	AP000812.3
ENSG00000186118	TEX38
ENSG00000156486	KCNS2
ENSG00000284283	TAF11L4
ENSG00000155714	PDZD9
ENSG00000205359	SLCO6A1
ENSG00000183914	DNAH2
ENSG00000250821	EXOC1L
ENSG00000137674	MMP20
ENSG00000186446	ZNF501
ENSG00000118520	ARG1
ENSG00000188050	RNF133
ENSG00000150051	MKX
ENSG00000164299	SPZ1
ENSG00000237957	CT47A5
ENSG00000284609	OR8B3
ENSG00000183560	IZUMO1R
ENSG00000181965	NEUROG1
ENSG00000118245	TNP1
ENSG00000186407	CD300E
ENSG00000000938	FGR
ENSG00000142700	DMRTA2
ENSG00000148482	SLC39A12
ENSG00000196972	SMIM10L2B
ENSG00000211626	IGKV6D-41
ENSG00000214711	CAPN14
ENSG00000197901	SLC22A6
ENSG00000211783	TRAV9-1
ENSG00000146005	PSD2
ENSG00000174226	SNX31
ENSG00000091972	CD200
ENSG00000183185	GABRR3
ENSG00000196944	OR2T4
ENSG00000205301	MGAT4D
ENSG00000279000	OR10A6
ENSG00000112164	GLP1R
ENSG00000109061	MYH1
ENSG00000187889	FYB2
ENSG00000174255	ZNF80
ENSG00000282122	IGHV7-4-1
ENSG00000126266	FFAR1
ENSG00000184814	PRR23B
ENSG00000286095	SPEGNB
ENSG00000239732	TLR9
ENSG00000185507	IRF7
ENSG00000288629	AC099569.1
ENSG00000172208	OR4X2
ENSG00000100024	UPB1
ENSG00000182896	TMEM95
ENSG00000183269	OR52E8
ENSG00000187714	SLC18A3
ENSG00000188389	PDCD1
ENSG00000177275	OR2AJ1
ENSG00000189252	SPANXN3
ENSG00000203859	HSD3B2
ENSG00000139330	KERA
ENSG00000174948	GPR149
ENSG00000111432	FZD10
ENSG00000122254	HS3ST2
ENSG00000170324	FRMPD2
ENSG00000214376	VSTM5
ENSG00000121594	CD80
ENSG00000159516	SPRR2G
ENSG00000185823	NPAP1
ENSG00000268104	SLC6A14
ENSG00000137960	GIPC2
ENSG00000171794	UTF1
ENSG00000177151	OR2T35
ENSG00000183423	LRIT3
ENSG00000152266	PTH
ENSG00000211934	IGHV1-2
ENSG00000167759	KLK13
ENSG00000197859	ADAMTSL2
ENSG00000012223	LTF
ENSG00000211784	TRAV10
ENSG00000188800	TMCO2
ENSG00000168269	FOXI1
ENSG00000258227	CLEC5A
ENSG00000125878	TCF15
ENSG00000121853	GHSR
ENSG00000164825	DEFB1
ENSG00000165863	C10orf82
ENSG00000214694	ARHGEF33
ENSG00000166069	TMCO5A
ENSG00000160951	PTGER1
ENSG00000283199	C13orf46
ENSG00000179626	OR6C4
ENSG00000143167	GPA33
ENSG00000255587	RAB44
ENSG00000072657	TRHDE
ENSG00000283205	AL353572.3
ENSG00000172938	MRGPRD
ENSG00000268434	AC011530.1
ENSG00000134061	CD180
ENSG00000196811	CHRNG
ENSG00000092051	JPH4
ENSG00000125965	GDF5
ENSG00000205835	GMNC
ENSG00000282133	TRBJ1-3
ENSG00000241566	IGKV2D-24
ENSG00000185926	OR4C46
ENSG00000149435	GGTLC1
ENSG00000282639	IGHV3-64D
ENSG00000198502	HLA-DRB5
ENSG00000231068	KRTAP21-3
ENSG00000105784	RUNDC3B
ENSG00000204366	ZBTB12
ENSG00000204671	IL31
ENSG00000168754	FAM178B
ENSG00000186860	KRTAP17-1
ENSG00000137841	PLCB2
ENSG00000145681	HAPLN1
ENSG00000176253	OR4K13
ENSG00000169344	UMOD
ENSG00000141338	ABCA8
ENSG00000172733	PURG
ENSG00000185156	MFSD6L
ENSG00000107593	PKD2L1
ENSG00000276581	SPATA31A5
ENSG00000102055	PPP1R2C
ENSG00000163746	PLSCR2
ENSG00000180138	CSNK1A1L
ENSG00000007062	PROM1
ENSG00000133477	FAM83F
ENSG00000168828	OR13J1
ENSG00000145244	CORIN
ENSG00000211946	IGHV3-20
ENSG00000211819	TRAV40
ENSG00000187516	H2AP
ENSG00000163792	TCF23
ENSG00000165025	SYK
ENSG00000205846	CLEC6A
ENSG00000197561	ELANE
ENSG00000136535	TBR1
ENSG00000275126	H4C13
ENSG00000181074	OR52N4
ENSG00000204025	TRPC5OS
ENSG00000197993	KEL
ENSG00000227488	GAGE12D
ENSG00000140287	HDC
ENSG00000211842	TRAJ47
ENSG00000148541	FAM13C
ENSG00000275869	AC136612.1
ENSG00000237700	PRAMEF33
ENSG00000257921	AC025165.3
ENSG00000130487	KLHDC7B
ENSG00000187238	LCE3B
ENSG00000173372	C1QA
ENSG00000215372	ZNF705G
ENSG00000105617	LENG1
ENSG00000163501	IHH
ENSG00000211870	TRAJ19
ENSG00000204897	KRT25
ENSG00000166927	MS4A7
ENSG00000082126	MPP4
ENSG00000211818	TRAV39
ENSG00000233412	OR5H15
ENSG00000182271	TMIGD1
ENSG00000086288	NME8
ENSG00000187902	SHISA7
ENSG00000242472	IGHJ5
ENSG00000172543	CTSW
ENSG00000188340	OR6N2
ENSG00000069206	ADAM7
ENSG00000176219	OR11H6
ENSG00000244476	ERVFRD-1
ENSG00000102935	ZNF423
ENSG00000256671	LIMS4
ENSG00000165164	CFAP47
ENSG00000165478	HEPACAM
ENSG00000172377	OR9I1
ENSG00000205884	DEFB136
ENSG00000152583	SPARCL1
ENSG00000184148	SPRR4
ENSG00000253188	TRBV6-7
ENSG00000139304	PTPRQ
ENSG00000091181	IL5RA
ENSG00000100197	CYP2D6
ENSG00000188694	KRTAP24-1
ENSG00000088386	SLC15A1
ENSG00000121377	TAS2R7
ENSG00000230561	CCDC192
ENSG00000196664	TLR7
ENSG00000168702	LRP1B
ENSG00000186074	CD300LF
ENSG00000198570	RD3
ENSG00000268629	TEX13A
ENSG00000144619	CNTN4
ENSG00000132297	HHLA1
ENSG00000117560	FASLG
ENSG00000188581	KRTAP1-1
ENSG00000145321	GC
ENSG00000133020	MYH8
ENSG00000156076	WIF1
ENSG00000169224	GCSAML
ENSG00000234224	TMEM229A
ENSG00000072818	ACAP1
ENSG00000113430	IRX4
ENSG00000274618	H4C6
ENSG00000211920	IGHD6-13
ENSG00000106952	TNFSF8
ENSG00000239642	MEIKIN
ENSG00000184672	RALYL
ENSG00000198342	ZNF442
ENSG00000147081	AKAP4
ENSG00000184313	MROH7
ENSG00000149403	GRIK4
ENSG00000273513	TBC1D3K
ENSG00000173157	ADAMTS20
ENSG00000184571	PIWIL3
ENSG00000147883	CDKN2B
ENSG00000139648	KRT71
ENSG00000110446	SLC15A3
ENSG00000179388	EGR3
ENSG00000174898	CATSPERD
ENSG00000211866	TRAJ23
ENSG00000233802	TRIM49D2
ENSG00000214042	IFNA7
ENSG00000115155	OTOF
ENSG00000034971	MYOC
ENSG00000125363	AMELX
ENSG00000278661	TRAJ37
ENSG00000204542	C6orf15
ENSG00000125831	CST11
ENSG00000163239	TDRD10
ENSG00000145194	ECE2
ENSG00000226023	CT47A6
ENSG00000180353	HCLS1
ENSG00000172940	SLC22A13
ENSG00000188771	PLET1
ENSG00000258713	C20orf141
ENSG00000206104	KRTAP20-3
ENSG00000187003	ACTL7A
ENSG00000205279	CTXN3
ENSG00000269720	CCDC194
ENSG00000285950	FAM90A10P
ENSG00000248485	PCP4L1
ENSG00000181958	OR4A15
ENSG00000105370	LIM2
ENSG00000165125	TRPV6
ENSG00000204442	FAM155A
ENSG00000121053	EPX
ENSG00000184305	CCSER1
ENSG00000162761	LMX1A
ENSG00000214946	TBC1D26
ENSG00000261667	LY6L
ENSG00000181333	HEPHL1
ENSG00000211897	IGHG3
ENSG00000254440	PBOV1
ENSG00000101200	AVP
ENSG00000176281	OR4K5
ENSG00000134121	CHL1
ENSG00000174640	SLCO2A1
ENSG00000137225	CAPN11
ENSG00000170935	NCBP2L
ENSG00000171403	KRT9
ENSG00000156097	GPR61
ENSG00000152207	CYSLTR2
ENSG00000171243	SOSTDC1
ENSG00000188580	NKAIN2
ENSG00000188803	SHISA6
ENSG00000169953	HSFY2
ENSG00000229571	PRAMEF25
ENSG00000242019	KIR3DL3
ENSG00000137747	TMPRSS13
ENSG00000156218	ADAMTSL3
ENSG00000139515	PDX1
ENSG00000186212	SOWAHB
ENSG00000164508	H2AC1
ENSG00000152822	GRM1
ENSG00000284684	AC092442.1
ENSG00000214513	NOTO
ENSG00000187833	C2orf78
ENSG00000254737	OR10G4
ENSG00000144290	SLC4A10
ENSG00000133105	RXFP2
ENSG00000226685	CT47A12
ENSG00000133135	RNF128
ENSG00000183668	PSG9
ENSG00000275969	SPATA31A3
ENSG00000285937	FAM90A8P
ENSG00000140368	PSTPIP1
ENSG00000181616	OR52H1
ENSG00000147488	ST18
ENSG00000158553	POM121L2
ENSG00000172935	MRGPRF
ENSG00000103313	MEFV
ENSG00000253846	PCDHGA10
ENSG00000157211	CDCP2
ENSG00000215274	GAGE10
ENSG00000280094	OR1B1
ENSG00000081818	PCDHB4
ENSG00000166160	OPN1MW2
ENSG00000187272	KRTAP9-8
ENSG00000182053	TRIM49B
ENSG00000186795	KCNK18
ENSG00000267360	AC012309.1
ENSG00000279012	OR51B2
ENSG00000139445	FOXN4
ENSG00000172236	TPSAB1
ENSG00000274252	GGTLC3
ENSG00000186086	NBPF6
ENSG00000130561	SAG
ENSG00000274764	PRAMEF27
ENSG00000164972	C9orf24
ENSG00000284356	TAF11L10
ENSG00000164821	DEFA4
ENSG00000146360	GPR6
ENSG00000155875	SAXO1
ENSG00000198083	KRTAP9-9
ENSG00000132698	RAB25
ENSG00000203907	OOEP
ENSG00000286075	AC009412.1
ENSG00000213265	TSGA13
ENSG00000215356	ZNF705B
ENSG00000172005	MAL
ENSG00000117322	CR2
ENSG00000132446	FTHL17
ENSG00000179813	FAM216B
ENSG00000253117	OC90
ENSG00000284718	SCYGR7
ENSG00000282804	AL512428.1
ENSG00000119411	BSPRY
ENSG00000156414	TDRD9
ENSG00000269433	OPN1MW3
ENSG00000136750	GAD2
ENSG00000211623	IGKV2D-26
ENSG00000147206	NXF3
ENSG00000149090	PAMR1
ENSG00000008056	SYN1
ENSG00000180644	PRF1
ENSG00000204571	KRTAP5-11
ENSG00000175065	DSG4
ENSG00000211640	IGLV6-57
ENSG00000251546	IGKV1D-39
ENSG00000198914	POU3F3
ENSG00000077080	ACTL6B
ENSG00000172459	OR5AR1
ENSG00000086967	MYBPC2
ENSG00000144119	C1QL2
ENSG00000062524	LTK
ENSG00000078898	BPIFB2
ENSG00000170396	ZNF804A
ENSG00000137727	ARHGAP20
ENSG00000163421	PROK2
ENSG00000121898	CPXM2
ENSG00000130540	SULT4A1
ENSG00000015592	STMN4
ENSG00000088827	SIGLEC1
ENSG00000258436	RNASE12
ENSG00000277761	AC136616.2
ENSG00000171459	OR1L6
ENSG00000211658	IGLV3-27
ENSG00000271321	CTAGE6
ENSG00000236699	ARHGEF38
ENSG00000196734	LCE1B
ENSG00000184140	OR4F6
ENSG00000163827	LRRC2
ENSG00000179615	OR2AP1
ENSG00000265107	GJA5
ENSG00000180475	OR10Q1
ENSG00000133055	MYBPH
ENSG00000197706	OR6C74
ENSG00000124818	OPN5
ENSG00000249931	GOLGA8K
ENSG00000169918	OTUD7A
ENSG00000211793	TRAV9-2
ENSG00000168427	KLHL30
ENSG00000197416	FABP12
ENSG00000218823	PAPOLB
ENSG00000226792	C13orf42
ENSG00000284662	OR4F16
ENSG00000145103	ILDR1
ENSG00000197123	ZNF679
ENSG00000170615	SLC26A5
ENSG00000113296	THBS4
ENSG00000135902	CHRND
ENSG00000288644	AC114402.2
ENSG00000229665	PRR20C
ENSG00000163207	IVL
ENSG00000196277	GRM7
ENSG00000231051	USP17L28
ENSG00000215644	GCGR
ENSG00000145777	TSLP
ENSG00000169181	GSG1L
ENSG00000196172	ZNF681
ENSG00000211856	TRAJ33
ENSG00000204287	HLA-DRA
ENSG00000184374	COLEC10
ENSG00000170484	KRT74
ENSG00000283567	C19orf85
ENSG00000211955	IGHV3-33
ENSG00000277075	H2AC8
ENSG00000196381	ZNF781
ENSG00000225523	IGKV6D-21
ENSG00000203942	C10orf62
ENSG00000173124	ACSM6
ENSG00000106278	PTPRZ1
ENSG00000281106	TMEM272
ENSG00000215343	ZNF705D
ENSG00000120280	TASL
ENSG00000285708	AC097634.4
ENSG00000145839	IL9
ENSG00000145309	CABS1
ENSG00000182450	KCNK4
ENSG00000159588	CCDC17
ENSG00000244025	KRTAP19-3
ENSG00000223601	EBLN1
ENSG00000153347	FAM81B
ENSG00000211917	IGHD3-16
ENSG00000100665	SERPINA4
ENSG00000196844	PATE2
ENSG00000230873	STMND1
ENSG00000253409	TRBV7-4
ENSG00000129465	RIPK3
ENSG00000238243	OR2W3
ENSG00000157766	ACAN
ENSG00000185774	KCNIP4
ENSG00000130595	TNNT3
ENSG00000113263	ITK
ENSG00000230054	TEX53
ENSG00000105664	COMP
ENSG00000170128	GPR25
ENSG00000144115	THNSL2
ENSG00000203970	DEFB110
ENSG00000197651	CCER1
ENSG00000134588	USP26
ENSG00000061492	WNT8A
ENSG00000114124	GRK7
ENSG00000186886	OR5D3P
ENSG00000164659	ELAPOR2
ENSG00000203933	CXorf66
ENSG00000277856	AC233755.2
ENSG00000169676	DRD5
ENSG00000223611	SUPT20HL2
ENSG00000157322	CLEC18A
ENSG00000204165	CXorf65
ENSG00000198788	MUC2
ENSG00000205457	TP53TG3C
ENSG00000205442	IZUMO3
ENSG00000006788	MYH13
ENSG00000185982	DEFB128
ENSG00000221986	MYBPHL
ENSG00000274183	H2AB1
ENSG00000196098	OR5K4
ENSG00000288671	AC006486.3
ENSG00000139364	TMEM132B
ENSG00000283189	AC104452.1
ENSG00000118702	GHRH
ENSG00000109851	DBX1
ENSG00000197046	SIGLEC15
ENSG00000163833	FBXO40
ENSG00000197938	OR5H2
ENSG00000241598	KRTAP5-4
ENSG00000182334	OR5P3
ENSG00000249222	ATP5MGL
ENSG00000086991	NOX4
ENSG00000131435	PDLIM4
ENSG00000103023	PRSS54
ENSG00000235034	C19orf81
ENSG00000250254	PTTG2
ENSG00000183117	CSMD1
ENSG00000186009	ATP4B
ENSG00000231887	PRH1
ENSG00000179873	NLRP11
ENSG00000211714	TRBV7-3
ENSG00000197506	SLC28A3
ENSG00000087258	GNAO1
ENSG00000095917	TPSD1
ENSG00000188984	AADACL3
ENSG00000046774	MAGEC2
ENSG00000179088	C12orf42
ENSG00000204065	TCEAL5
ENSG00000108405	P2RX1
ENSG00000187766	KRTAP10-8
ENSG00000135144	DTX1
ENSG00000234068	PAGE2
ENSG00000175189	INHBC
ENSG00000186943	OR13C8
ENSG00000233917	POTEB
ENSG00000106560	GIMAP2
ENSG00000100276	RASL10A
ENSG00000070985	TRPM5
ENSG00000211965	IGHV3-49
ENSG00000146276	GABRR1
ENSG00000118733	OLFM3
ENSG00000165588	OTX2
ENSG00000135374	ELF5
ENSG00000165131	LLCFC1
ENSG00000187166	H1-7
ENSG00000270765	GAS2L2
ENSG00000187862	TTC24
ENSG00000214642	DEFB113
ENSG00000141200	KIF2B
ENSG00000007129	CEACAM21
ENSG00000164399	IL3
ENSG00000211716	TRBV9
ENSG00000180116	C12orf40
ENSG00000175766	EIF4E1B
ENSG00000183625	CCR3
ENSG00000280314	OR8K3
ENSG00000187689	AMTN
ENSG00000189139	FSCB
ENSG00000283988	TAF11L9
ENSG00000164816	DEFA5
ENSG00000138615	CILP
ENSG00000186150	UBL4B
ENSG00000240382	IGKV1-17
ENSG00000211667	IGLV3-12
ENSG00000285133	AC022506.1
ENSG00000198523	PLN
ENSG00000147160	AWAT2
ENSG00000167261	DPEP2
ENSG00000175318	GRAMD2A
ENSG00000211665	IGLV3-16
ENSG00000166634	SERPINB12
ENSG00000187672	ERC2
ENSG00000137080	IFNA21
ENSG00000108244	KRT23
ENSG00000179071	CCDC89
ENSG00000220948	TRIM51GP
ENSG00000058335	RASGRF1
ENSG00000166265	CYYR1
ENSG00000189182	KRT77
ENSG00000106034	CPED1
ENSG00000105967	TFEC
ENSG00000175325	PROP1
ENSG00000179915	NRXN1
ENSG00000189108	IL1RAPL2
ENSG00000196549	MME
ENSG00000212993	POU5F1B
ENSG00000183463	URAD
ENSG00000147485	PXDNL
ENSG00000164175	SLC45A2
ENSG00000185792	NLRP9
ENSG00000232399	USP17L13
ENSG00000116745	RPE65
ENSG00000280778	AC243547.3
ENSG00000164363	SLC6A18
ENSG00000043039	BARX2
ENSG00000197353	LYPD2
ENSG00000287542	HERC3
ENSG00000148826	NKX6-2
ENSG00000203910	C1orf146
ENSG00000005102	MEOX1
ENSG00000280236	OR12D2
ENSG00000186803	IFNA10
ENSG00000144792	ZNF660
ENSG00000116147	TNR
ENSG00000113248	PCDHB15
ENSG00000198719	DLL1
ENSG00000147481	SNTG1
ENSG00000244067	GSTA2
ENSG00000183559	C10orf120
ENSG00000171759	PAH
ENSG00000186970	KRTAP15-1
ENSG00000198033	TUBA3C
ENSG00000169484	OR4K14
ENSG00000249751	ECSCR
ENSG00000187151	ANGPTL5
ENSG00000232869	TRBV29-1
ENSG00000198574	SH2D1B
ENSG00000263961	RHEX
ENSG00000204700	OR2J2
ENSG00000211767	TRBJ2-3
ENSG00000163736	PPBP
ENSG00000161850	KRT82
ENSG00000180988	OR52N2
ENSG00000136286	MYO1G
ENSG00000170370	EMX2
ENSG00000284638	AC005551.1
ENSG00000136694	IL36A
ENSG00000178033	CALHM5
ENSG00000118971	CCND2
ENSG00000187537	POTEG
ENSG00000183134	PTGDR2
ENSG00000284667	SCYGR5
ENSG00000214402	LCNL1
ENSG00000254709	IGLL5
ENSG00000100346	CACNA1I
ENSG00000164756	SLC30A8
ENSG00000134249	ADAM30
ENSG00000198028	ZNF560
ENSG00000273554	AC136616.1
ENSG00000211694	TRGV10
ENSG00000171643	S100Z
ENSG00000113492	AGXT2
ENSG00000128284	APOL3
ENSG00000049192	ADAMTS6
ENSG00000273238	TMEM271
ENSG00000151322	NPAS3
ENSG00000244116	IGKV2-28
ENSG00000211832	TRAJ59
ENSG00000165457	FOLR2
ENSG00000112333	NR2E1
ENSG00000156194	PPEF2
ENSG00000169704	GP9
ENSG00000152611	CAPSL
ENSG00000181143	MUC16
ENSG00000174944	P2RY14
ENSG00000214097	SMCO1
ENSG00000224373	IGHV4-59
ENSG00000251655	PRB1
ENSG00000286079	AL627230.3
ENSG00000087237	CETP
ENSG00000113889	KNG1
ENSG00000211941	IGHV3-11
ENSG00000239862	IGKV1-37
ENSG00000102104	RS1
ENSG00000211884	TRAJ5
ENSG00000121314	TAS2R8
ENSG00000206107	KRTAP27-1
ENSG00000158525	CPA5
ENSG00000114547	ROPN1B
ENSG00000100253	MIOX
ENSG00000113205	PCDHB3
ENSG00000090659	CD209
ENSG00000267206	LCN6
ENSG00000205899	BHLHA9
ENSG00000177519	RPRM
ENSG00000226288	OR52I2
ENSG00000277734	TRAC
ENSG00000164796	CSMD3
ENSG00000255378	PRR23D2
ENSG00000145824	CXCL14
ENSG00000163216	SPRR2D
ENSG00000170613	FAM71B
ENSG00000211812	TRAV26-2
ENSG00000198178	CLEC4C
ENSG00000214686	IQCF6
ENSG00000275158	TRBV12-5
ENSG00000196632	WNK3
ENSG00000126733	DACH2
ENSG00000275791	TRBV10-3
ENSG00000189134	NKAPL
ENSG00000165078	CPA6
ENSG00000135824	RGS8
ENSG00000163092	XIRP2
ENSG00000186190	BPIFB3
ENSG00000243238	IGKV2-30
ENSG00000167768	KRT1
ENSG00000143520	FLG2
ENSG00000109272	PF4V1
ENSG00000136487	GH2
ENSG00000116183	PAPPA2
ENSG00000275249	AC171558.3
ENSG00000169877	AHSP
ENSG00000196616	ADH1B
ENSG00000187747	OR52B6
ENSG00000280571	AC006059.2
ENSG00000198077	CYP2A7
ENSG00000100448	CTSG
ENSG00000196350	ZNF729
ENSG00000140470	ADAMTS17
ENSG00000211807	TRAV26-1
ENSG00000149609	C20orf144
ENSG00000015520	NPC1L1
ENSG00000205777	GAGE1
ENSG00000204703	OR2B3
ENSG00000274752	TRBV12-3
ENSG00000152213	ARL11
ENSG00000108370	RGS9
ENSG00000224578	HNRNPA1P48
ENSG00000283873	SSU72P4
ENSG00000223443	USP17L2
ENSG00000248109	MARCOL
ENSG00000107018	RLN1
ENSG00000005381	MPO
ENSG00000171502	COL24A1
ENSG00000104237	RP1
ENSG00000106331	PAX4
ENSG00000154165	GPR15
ENSG00000187268	FAM9C
ENSG00000147434	CHRNA6
ENSG00000162344	FGF19
ENSG00000124227	ANKRD60
ENSG00000163217	BMP10
ENSG00000285025	AL022312.1
ENSG00000181072	CHRM2
ENSG00000168515	SCGB1D1
ENSG00000099399	MAGEB2
ENSG00000153498	SPACA7
ENSG00000284895	AC119676.1
ENSG00000150337	FCGR1A
ENSG00000282881	TMEM275
ENSG00000163823	CCR1
ENSG00000079102	RUNX1T1
ENSG00000162543	UBXN10
ENSG00000106410	NOBOX
ENSG00000166006	KCNC2
ENSG00000175718	RBMXL3
ENSG00000130287	NCAN
ENSG00000196660	SLC30A10
ENSG00000225110	PNMA6F
ENSG00000135517	MIP
ENSG00000230522	MBD3L2
ENSG00000114654	EFCC1
ENSG00000164266	SPINK1
ENSG00000153283	CD96
ENSG00000211670	IGLV3-9
ENSG00000134389	CFHR5
ENSG00000224650	IGHV3-74
ENSG00000168148	H3-4
ENSG00000284042	TAF11L6
ENSG00000198822	GRM3
ENSG00000183035	CYLC1
ENSG00000180919	OR56B4
ENSG00000111704	NANOG
ENSG00000174498	IGDCC3
ENSG00000268235	TCP11X1
ENSG00000273171	AC002094.3
ENSG00000231852	CYP21A2
ENSG00000100842	EFS
ENSG00000137875	BCL2L10
ENSG00000269711	AC008763.3
ENSG00000007001	UPP2
ENSG00000182938	OTOP3
ENSG00000198225	FKBP1C
ENSG00000204257	HLA-DMA
ENSG00000173253	DMRT2
ENSG00000172769	OR5B3
ENSG00000186965	KRTAP19-2
ENSG00000211802	TRAV22
ENSG00000157060	SHCBP1L
ENSG00000183090	FREM3
ENSG00000198844	ARHGEF15
ENSG00000077279	DCX
ENSG00000268133	AC003002.1
ENSG00000047648	ARHGAP6
ENSG00000167613	LAIR1
ENSG00000158077	NLRP14
ENSG00000132837	DMGDH
ENSG00000183638	RP1L1
ENSG00000166947	EPB42
ENSG00000188403	IGHV1OR15-9
ENSG00000170276	HSPB2
ENSG00000250719	P3R3URF
ENSG00000177025	C19orf18
ENSG00000122420	PTGFR
ENSG00000204136	GGTA1
ENSG00000188508	KRTDAP
ENSG00000185294	SPPL2C
ENSG00000211914	IGHD6-19
ENSG00000282268	IGHD2OR15-2B
ENSG00000211860	TRAJ29
ENSG00000211964	IGHV3-48
ENSG00000123569	H2BW1
ENSG00000181718	OR5T2
ENSG00000163530	DPPA2
ENSG00000188425	NANOS2
ENSG00000177398	UMODL1
ENSG00000175121	WFDC5
ENSG00000177689	MAGEB10
ENSG00000282608	ADORA3
ENSG00000181626	ANKRD62
ENSG00000131042	LILRB2
ENSG00000172673	THEMIS
ENSG00000203546	AL139353.1
ENSG00000102466	FGF14
ENSG00000221852	KRTAP1-5
ENSG00000183206	POTEC
ENSG00000239886	KRTAP9-2
ENSG00000243073	PRAMEF4
ENSG00000211799	TRAV19
ENSG00000140522	RLBP1
ENSG00000178235	SLITRK1
ENSG00000187783	TMEM72
ENSG00000142698	C1orf94
ENSG00000204071	TCEAL6
ENSG00000211855	TRAJ34
ENSG00000077327	SPAG6
ENSG00000212124	TAS2R19
ENSG00000258465	AL139011.2
ENSG00000175899	A2M
ENSG00000229676	ZNF492
ENSG00000162493	PDPN
ENSG00000170091	NSG2
ENSG00000286105	AL353579.1
ENSG00000140488	CELF6
ENSG00000188394	GPR21
ENSG00000149131	SERPING1
ENSG00000157554	ERG
ENSG00000187969	ZCCHC13
ENSG00000234745	HLA-B
ENSG00000133710	SPINK5
ENSG00000183571	PGPEP1L
ENSG00000163254	CRYGC
ENSG00000211935	IGHV1-3
ENSG00000268163	AC004076.1
ENSG00000163646	CLRN1
ENSG00000114013	CD86
ENSG00000212900	KRTAP3-2
ENSG00000106633	GCK
ENSG00000137507	LRRC32
ENSG00000227151	PRR20D
ENSG00000185681	MORN5
ENSG00000274792	AC171558.1
ENSG00000154262	ABCA6
ENSG00000160202	CRYAA
ENSG00000186895	FGF3
ENSG00000112782	CLIC5
ENSG00000198271	KRTAP4-5
ENSG00000177414	UBE2U
ENSG00000154856	APCDD1
ENSG00000197134	ZNF257
ENSG00000196932	TMEM26
ENSG00000226979	LTA
ENSG00000248751	AC004997.1
ENSG00000100427	MLC1
ENSG00000285526	AC020907.6
ENSG00000211641	IGLV11-55
ENSG00000142405	NLRP12
ENSG00000169744	LDB2
ENSG00000134160	TRPM1
ENSG00000229972	IQCF3
ENSG00000181963	OR52K2
ENSG00000151789	ZNF385D
ENSG00000254647	INS
ENSG00000173714	WFIKKN2
ENSG00000124205	EDN3
ENSG00000152214	RIT2
ENSG00000137078	SIT1
ENSG00000204659	CBY3
ENSG00000182898	TCHHL1
ENSG00000010282	HHATL
ENSG00000158714	SLAMF8
ENSG00000268902	CSAG2
ENSG00000162267	ITIH3
ENSG00000237524	TEX51
ENSG00000183273	CCDC60
ENSG00000164106	SCRG1
ENSG00000241476	SSX2
ENSG00000175946	KLHL38
ENSG00000255974	CYP2A6
ENSG00000017427	IGF1
ENSG00000071242	RPS6KA2
ENSG00000152672	CLEC4F
ENSG00000213218	CSH2
ENSG00000269502	DMRTC1
ENSG00000164318	EGFLAM
ENSG00000236279	CLEC2L
ENSG00000212126	TAS2R50
ENSG00000213578	CPLX3
ENSG00000152128	TMEM163
ENSG00000177047	IFNW1
ENSG00000162711	NLRP3
ENSG00000104941	RSPH6A
ENSG00000224109	CENPVL3
ENSG00000135253	KCP
ENSG00000187616	MYMK
ENSG00000234560	OR10G8
ENSG00000142611	PRDM16
ENSG00000179300	RTL3
ENSG00000235780	USP17L27
ENSG00000171847	FAM90A1
ENSG00000170743	SYT9
ENSG00000204006	C1orf185
ENSG00000211815	TRAV36DV7
ENSG00000124196	GTSF1L
ENSG00000182255	KCNA4
ENSG00000232629	HLA-DQB2
ENSG00000186766	FOXI2
ENSG00000211648	IGLV1-47
ENSG00000172199	OR8U1
ENSG00000158955	WNT9B
ENSG00000179751	SYCN
ENSG00000250709	CCDC169-SOHLH2
ENSG00000102290	PCDH11X
ENSG00000226941	RBMY1J
ENSG00000204420	MPIG6B
ENSG00000211928	IGHD5-5
ENSG00000175398	OR10P1
ENSG00000253873	PCDHGA11
ENSG00000197887	OR1S2
ENSG00000283428	CCDC195
ENSG00000162728	KCNJ9
ENSG00000204657	OR2H2
ENSG00000136689	IL1RN
ENSG00000080511	RDH8
ENSG00000244624	KRTAP20-1
ENSG00000174348	PODN
ENSG00000162594	IL23R
ENSG00000186334	SLC36A3
ENSG00000183396	TMEM89
ENSG00000215397	SCRT2
ENSG00000177212	OR2T33
ENSG00000010671	BTK
ENSG00000188517	COL25A1
ENSG00000161609	KASH5
ENSG00000168309	FAM107A
ENSG00000155052	CNTNAP5
ENSG00000177807	KCNJ10
ENSG00000123496	IL13RA2
ENSG00000166049	PASD1
ENSG00000129244	ATP1B2
ENSG00000137101	CD72
ENSG00000174453	VWC2L
ENSG00000022355	GABRA1
ENSG00000228727	SAPCD1
ENSG00000183019	MCEMP1
ENSG00000166446	CDYL2
ENSG00000185303	SFTPA2
ENSG00000186146	DEFB131A
ENSG00000123584	MAGEA9
ENSG00000175513	TSGA10IP
ENSG00000186572	DEFB107A
ENSG00000204305	AGER
ENSG00000211664	IGLV2-18
ENSG00000184330	S100A7A
ENSG00000211691	TRGJP
ENSG00000142973	CYP4B1
ENSG00000221864	KRTAP12-2
ENSG00000185352	HS6ST3
ENSG00000175785	PRIMA1
ENSG00000188219	POTEE
ENSG00000250424	AC004691.2
ENSG00000106536	POU6F2
ENSG00000284791	SMIM41
ENSG00000239975	IGKV1D-33
ENSG00000115705	TPO
ENSG00000185985	SLITRK2
ENSG00000164935	DCSTAMP
ENSG00000163600	ICOS
ENSG00000211681	IGLJ5
ENSG00000188334	BSPH1
ENSG00000007216	SLC13A2
ENSG00000176049	JAKMIP2
ENSG00000211797	TRAV17
ENSG00000211951	IGHV2-26
ENSG00000285566	AL445238.1
ENSG00000146618	FERD3L
ENSG00000286221	AC009070.1
ENSG00000197953	AADACL2
ENSG00000197872	CYRIA
ENSG00000221970	OR2A1
ENSG00000125788	DEFB126
ENSG00000175894	TSPEAR
ENSG00000172680	MOS
ENSG00000251287	ALG1L2
ENSG00000283992	SLURP2
ENSG00000151778	SERP2
ENSG00000183304	FAM9A
ENSG00000163291	PAQR3
ENSG00000189030	VHLL
ENSG00000187116	LILRA5
ENSG00000197888	UGT2B17
ENSG00000186510	CLCNKA
ENSG00000121807	CCR2
ENSG00000101307	SIRPB1
ENSG00000124935	SCGB1D2
ENSG00000279301	OR2T11
ENSG00000135973	GPR45
ENSG00000203782	LORICRIN
ENSG00000156395	SORCS3
ENSG00000171505	OR1N1
ENSG00000096264	NCR2
ENSG00000109991	P2RX3
ENSG00000013293	SLC7A14
ENSG00000147613	PSKH2
ENSG00000222014	RAB6C
ENSG00000277632	CCL3
ENSG00000149635	OCSTAMP
ENSG00000184408	KCND2
ENSG00000205502	C2CD4B
ENSG00000013725	CD6
ENSG00000176076	KCNE5
ENSG00000211835	TRAJ56
ENSG00000163618	CADPS
ENSG00000122375	OPN4
ENSG00000243480	AMY2A
ENSG00000164708	PGAM2
ENSG00000044524	EPHA3
ENSG00000112175	BMP5
ENSG00000165204	OR1K1
ENSG00000238269	PAGE2B
ENSG00000164100	NDST3
ENSG00000171291	ZNF439
ENSG00000035720	STAP1
ENSG00000122432	SPATA1
ENSG00000187758	ADH1A
ENSG00000101898	MCTS2P
ENSG00000156222	SLC28A1
ENSG00000122733	PHF24
ENSG00000103426	CORO7-PAM16
ENSG00000224440	CXorf51A
ENSG00000243627	SMIM34A
ENSG00000280090	OR8B4
ENSG00000211907	IGHD1-26
ENSG00000253831	ETV3L
ENSG00000109193	SULT1E1
ENSG00000254122	PCDHGB7
ENSG00000150656	CNDP1
ENSG00000172209	GPR22
ENSG00000171014	OR4D5
ENSG00000161973	CCDC42
ENSG00000275385	CCL18
ENSG00000196091	MYBPC1
ENSG00000123572	NRK
ENSG00000164270	HTR4
ENSG00000197790	OR52M1
ENSG00000179796	LRRC3B
ENSG00000166091	CMTM5
ENSG00000130167	TSPAN16
ENSG00000167825	OR5I1
ENSG00000135577	NMBR
ENSG00000161681	SHANK1
ENSG00000150394	CDH8
ENSG00000196604	POTEF
ENSG00000116218	NPHS2
ENSG00000104055	TGM5
ENSG00000223350	IGLV9-49
ENSG00000121335	PRB2
ENSG00000119457	SLC46A2
ENSG00000171942	OR10H2
ENSG00000135625	EGR4
ENSG00000137959	IFI44L
ENSG00000206260	PRR23A
ENSG00000134201	GSTM5
ENSG00000145721	LIX1
ENSG00000083067	TRPM3
ENSG00000136732	GYPC
ENSG00000215203	GRXCR1
ENSG00000211672	IGLV4-3
ENSG00000189023	MAGEB16
ENSG00000257411	AC034102.2
ENSG00000284234	TAF11L5
ENSG00000263429	TMEM238L
ENSG00000198390	KRTAP13-1
ENSG00000262179	MYMX
ENSG00000179914	ITLN1
ENSG00000019169	MARCO
ENSG00000175229	GAL3ST3
ENSG00000203685	STUM
ENSG00000178562	CD28
ENSG00000181778	TMEM252
ENSG00000149654	CDH22
ENSG00000148204	CRB2
ENSG00000165192	ASB11
ENSG00000204480	PRAMEF19
ENSG00000177243	DEFB103B
ENSG00000197849	OR8G1
ENSG00000277481	PKD1L3
ENSG00000164334	FAM170A
ENSG00000184659	FOXD4L4
ENSG00000128045	RASL11B
ENSG00000244020	MT1HL1
ENSG00000131055	COX4I2
ENSG00000187054	TMPRSS11A
ENSG00000284732	AP002512.3
ENSG00000187569	DPPA3
ENSG00000198929	NOS1AP
ENSG00000183695	MRGPRX2
ENSG00000211772	TRBC2
ENSG00000167608	TMC4
ENSG00000196407	THEM5
ENSG00000147606	SLC26A7
ENSG00000211771	TRBJ2-7
ENSG00000141639	MAPK4
ENSG00000128052	KDR
ENSG00000183631	PRR32
ENSG00000214929	SPATA31D1
ENSG00000183066	WBP2NL
ENSG00000133958	UNC79
ENSG00000206105	KRTAP20-4
ENSG00000128519	TAS2R16
ENSG00000101327	PDYN
ENSG00000279486	OR2AG1
ENSG00000275663	H4C7
ENSG00000178828	RNF186
ENSG00000214700	C12orf71
ENSG00000122304	PRM2
ENSG00000213022	KLK9
ENSG00000213471	TTLL13P
ENSG00000144285	SCN1A
ENSG00000171487	NLRP5
ENSG00000211905	IGHJ1
ENSG00000088782	DEFB127
ENSG00000147647	DPYS
ENSG00000204619	PPP1R11
ENSG00000174521	TTC9B
ENSG00000127578	WFIKKN1
ENSG00000179709	NLRP8
ENSG00000275778	AC018630.2
ENSG00000143556	S100A7
ENSG00000279169	PRAMEF13
ENSG00000184486	POU3F2
ENSG00000261509	TP53TG3B
ENSG00000184270	H2AC21
ENSG00000117215	PLA2G2D
ENSG00000211838	TRAJ52
ENSG00000180660	MAB21L1
ENSG00000134007	ADAM20
ENSG00000172724	CCL19
ENSG00000175175	PPM1E
ENSG00000180828	BHLHE22
ENSG00000152034	MCHR2
ENSG00000196184	OR10J1
ENSG00000211669	IGLV3-10
ENSG00000171124	FUT3
ENSG00000198211	AC092143.1
ENSG00000181541	MAB21L2
ENSG00000179178	TMEM125
ENSG00000155918	RAET1L
ENSG00000008197	TFAP2D
ENSG00000117600	PLPPR4
ENSG00000230301	OR5H6
ENSG00000267561	AC093155.3
ENSG00000116132	PRRX1
ENSG00000173198	CYSLTR1
ENSG00000214360	EFCAB9
ENSG00000176566	DCAF4L2
ENSG00000100122	CRYBB1
ENSG00000215910	C1orf167
ENSG00000250844	USP17L18
ENSG00000230657	PRB4
ENSG00000177023	DEFB104B
ENSG00000181733	OR2Z1
ENSG00000136160	EDNRB
ENSG00000162367	TAL1
ENSG00000223609	HBD
ENSG00000268320	SCGB1C2
ENSG00000134438	RAX
ENSG00000008311	AASS
ENSG00000102837	OLFM4
ENSG00000206531	CD200R1L
ENSG00000164744	SUN3
ENSG00000228075	BOD1L2
ENSG00000124900	TRIM51
ENSG00000204614	TRIM40
ENSG00000182783	OR2T29
ENSG00000188373	C10orf99
ENSG00000241128	OR14A2
ENSG00000250782	TAF11L14
ENSG00000284439	TAF11L3
ENSG00000211695	TRGV9
ENSG00000145794	MEGF10
ENSG00000173762	CD7
ENSG00000135929	CYP27A1
ENSG00000167094	TTC16
ENSG00000288520	AL357075.4
ENSG00000116726	PRAMEF12
ENSG00000241294	IGKV2-24
ENSG00000135248	FAM71F1
ENSG00000100433	KCNK10
ENSG00000188120	DAZ1
ENSG00000196071	OR2L13
ENSG00000137090	DMRT1
ENSG00000283473	FAM240A
ENSG00000237378	AL445989.1
ENSG00000256553	TRAV1-2
ENSG00000125245	GPR18
ENSG00000146385	TAAR8
ENSG00000178358	OR2D3
ENSG00000188859	FAM78B
ENSG00000196242	OR2C3
ENSG00000278782	AC136616.3
ENSG00000135447	PPP1R1A
ENSG00000177098	SCN4B
ENSG00000168229	PTGDR
ENSG00000137976	DNASE2B
ENSG00000138075	ABCG5
ENSG00000261793	AL929554.1
ENSG00000126550	HTN1
ENSG00000178662	CSRNP3
ENSG00000278505	C17orf78
ENSG00000149506	ZP1
ENSG00000182854	OR4F15
ENSG00000230062	ANKRD66
ENSG00000269964	MEI4
ENSG00000033122	LRRC7
ENSG00000173612	GPRC6A
ENSG00000171396	KRTAP4-4
ENSG00000204612	FOXB2
ENSG00000279395	OR5L1
ENSG00000185002	RFX6
ENSG00000126549	STATH
ENSG00000204887	KRTAP1-4
ENSG00000276231	PIK3R6
ENSG00000211698	TRGV4
ENSG00000177489	OR2G2
ENSG00000277666	AC136352.3
ENSG00000185056	C5orf47
ENSG00000267173	AC245748.1
ENSG00000167195	GOLGA6C
ENSG00000175809	CBLL2
ENSG00000075035	WSCD2
ENSG00000223953	C1QTNF5
ENSG00000211931	IGHD2-2
ENSG00000105989	WNT2
ENSG00000186891	TNFRSF18
ENSG00000174876	AMY1B
ENSG00000155897	ADCY8
ENSG00000174992	ZG16
ENSG00000211854	TRAJ35
ENSG00000105392	CRX
ENSG00000092345	DAZL
ENSG00000185821	OR6C76
ENSG00000204624	DISP3
ENSG00000168333	PPDPFL
ENSG00000206422	LRRC30
ENSG00000273962	IGKV2-40
ENSG00000118729	CASQ2
ENSG00000177504	VCX2
ENSG00000284741	PDE11A
ENSG00000211871	TRAJ18
ENSG00000146221	TCTE1
ENSG00000176555	OR4S1
ENSG00000162670	BRINP3
ENSG00000165643	SOHLH1
ENSG00000092067	CEBPE
ENSG00000170890	PLA2G1B
ENSG00000211970	IGHV4-61
ENSG00000279782	PPIAL4F
ENSG00000002745	WNT16
ENSG00000162739	SLAMF6
ENSG00000221874	ZNF816-ZNF321P
ENSG00000255526	NEDD8-MDP1
ENSG00000260458	KCNJ18
ENSG00000244411	KRTAP5-7
ENSG00000140478	GOLGA6D
ENSG00000184478	OR56A3
ENSG00000206026	SMIM21
ENSG00000211945	IGHV1-18
ENSG00000105428	ZNRF4
ENSG00000148156	ACTL7B
ENSG00000180934	OR56A1
ENSG00000128713	HOXD11
ENSG00000155066	PROM2
ENSG00000206384	COL6A6
ENSG00000244355	LY6G6D
ENSG00000156234	CXCL13
ENSG00000144834	TAGLN3
ENSG00000266265	KLF14
ENSG00000211839	TRAJ50
ENSG00000154736	ADAMTS5
ENSG00000135363	LMO2
ENSG00000180745	CLRN3
ENSG00000182083	OR6B2
ENSG00000269035	AC010319.2
ENSG00000048740	CELF2
ENSG00000285913	FAM90A18P
ENSG00000124610	H1-1
ENSG00000154975	CA10
ENSG00000226761	TAS2R46
ENSG00000211747	TRBV20-1
ENSG00000115085	ZAP70
ENSG00000134595	SOX3
ENSG00000146399	TAAR1
ENSG00000204290	BTNL2
ENSG00000007306	CEACAM7
ENSG00000188163	FAM166A
ENSG00000204481	PRAMEF14
ENSG00000068781	STON1-GTF2A1L
ENSG00000250741	NT5C1B-RDH14
ENSG00000182968	SOX1
ENSG00000149043	SYT8
ENSG00000186092	OR4F5
ENSG00000288658	AC010980.1
ENSG00000101349	PAK5
ENSG00000161031	PGLYRP2
ENSG00000172154	OR8I2
ENSG00000064195	DLX3
ENSG00000125492	BARHL1
ENSG00000132855	ANGPTL3
ENSG00000211596	IGKJ2
ENSG00000109956	B3GAT1
ENSG00000172457	OR9G4
ENSG00000232382	OR5K1
ENSG00000148734	NPFFR1
ENSG00000256660	CLEC12B
ENSG00000262406	MMP12
ENSG00000184388	PABPC1L2B
ENSG00000130383	FUT5
ENSG00000108417	KRT37
ENSG00000177511	ST8SIA3
ENSG00000229183	PGA4
ENSG00000274391	TPTE
ENSG00000273706	LHX1
ENSG00000137252	HCRTR2
ENSG00000255501	CARD18
ENSG00000255552	LY6G6E
ENSG00000186827	TNFRSF4
ENSG00000095627	TDRD1
ENSG00000168959	GRM5
ENSG00000145451	GLRA3
ENSG00000230626	AC011005.1
ENSG00000183921	SDR42E2
ENSG00000228131	IGHD6-6
ENSG00000205111	CDKL4
ENSG00000253534	TRBV6-8
ENSG00000153303	FRMD1
ENSG00000079263	SP140
ENSG00000138115	CYP2C8
ENSG00000166959	MS4A8
ENSG00000176293	ZNF135
ENSG00000165556	CDX2
ENSG00000244693	CTAGE8
ENSG00000276760	AC136352.2
ENSG00000184012	TMPRSS2
ENSG00000177354	C10orf71
ENSG00000188037	CLCN1
ENSG00000078295	ADCY2
ENSG00000226929	CT47A11
ENSG00000241794	SPRR2A
ENSG00000228607	CLDN25
ENSG00000204001	LCN8
ENSG00000165837	ERICH6B
ENSG00000164651	SP8
ENSG00000215915	ATAD3C
ENSG00000125531	FNDC11
ENSG00000169807	PRY2
ENSG00000205869	KRTAP5-1
ENSG00000188338	SLC38A3
ENSG00000284733	OR4F29
ENSG00000282278	AC058822.1
ENSG00000250745	USP17L20
ENSG00000197768	STPG3
ENSG00000180440	SERTM1
ENSG00000127529	OR7C2
ENSG00000104804	TULP2
ENSG00000186509	OR9Q1
ENSG00000154589	LY96
ENSG00000204710	SPDYC
ENSG00000250641	LY6G6F-LY6G6D
ENSG00000164287	CDC20B
ENSG00000214943	GPR33
ENSG00000186038	HTR3E
ENSG00000180872	DEFB112
ENSG00000211888	TRAJ1
ENSG00000092054	MYH7
ENSG00000158428	CATIP
ENSG00000150594	ADRA2A
ENSG00000226600	CT47A9
ENSG00000188716	DUSP29
ENSG00000244607	CCDC13
ENSG00000172289	OR10V1
ENSG00000165066	NKX6-3
ENSG00000137634	NXPE4
ENSG00000211680	IGLJ4
ENSG00000204511	MCCD1
ENSG00000189129	PLAC9
ENSG00000147588	PMP2
ENSG00000197674	OR51C1P
ENSG00000185272	RBM11
ENSG00000198129	DEFB107B
ENSG00000174576	NPAS4
ENSG00000100351	GRAP2
ENSG00000113073	SLC4A9
ENSG00000249662	LINC02218
ENSG00000121871	SLITRK3
ENSG00000176641	RNF152
ENSG00000179213	SIGLECL1
ENSG00000186207	LCE5A
ENSG00000211707	TRBV7-1
ENSG00000125355	TMEM255A
ENSG00000101180	HRH3
ENSG00000172803	SNX32
ENSG00000203923	SPANXN1
ENSG00000174914	OR9G1
ENSG00000273696	CT45A7
ENSG00000187135	VSTM2B
ENSG00000165349	SLC7A3
ENSG00000176567	OR4X1
ENSG00000120471	TP53AIP1
ENSG00000162621	LRRC53
ENSG00000100368	CSF2RB
ENSG00000163751	CPA3
ENSG00000283324	CTXND2
ENSG00000173699	SPATA3
ENSG00000161610	HCRT
ENSG00000244094	SPRR2F
ENSG00000255307	OR52B2
ENSG00000177947	ODF3
ENSG00000197584	KCNMB2
ENSG00000112115	IL17A
ENSG00000147576	ADHFE1
ENSG00000165621	OXGR1
ENSG00000158352	SHROOM4
ENSG00000150201	FXYD4
ENSG00000178201	VN1R1
ENSG00000120279	MYCT1
ENSG00000279961	OR8U3
ENSG00000070019	GUCY2C
ENSG00000102970	CCL17
ENSG00000221859	KRTAP10-10
ENSG00000197177	ADGRA1
ENSG00000180305	WFDC10A
ENSG00000211770	TRBJ2-6
ENSG00000122122	SASH3
ENSG00000211872	TRAJ17
ENSG00000240041	IGHJ4
ENSG00000204361	NXPE2
ENSG00000171509	RXFP1
ENSG00000124003	MOGAT1
ENSG00000120160	EQTN
ENSG00000268182	SMIM17
ENSG00000179142	CYP11B2
ENSG00000177839	PCDHB9
ENSG00000163273	NPPC
ENSG00000162849	KIF26B
ENSG00000236737	GAGE12B
ENSG00000235711	ANKRD34C
ENSG00000277880	TRBV17
ENSG00000186777	ZNF732
ENSG00000139572	GPR84
ENSG00000211654	IGLV5-37
ENSG00000167618	LAIR2
ENSG00000205856	C22orf42
ENSG00000168267	PTF1A
ENSG00000284018	SSU72P5
ENSG00000174957	OR5J2
ENSG00000179165	PXT1
ENSG00000188107	EYS
ENSG00000092377	TBL1Y
ENSG00000168306	ACOX2
ENSG00000142025	DMRTC2
ENSG00000186306	OR10T2
ENSG00000145649	GZMA
ENSG00000140932	CMTM2
ENSG00000184530	C6orf58
ENSG00000187642	PERM1
ENSG00000273520	SPDYE8
ENSG00000135423	GLS2
ENSG00000215906	LACTBL1
ENSG00000182508	LHFPL1
ENSG00000279983	AC244517.10
ENSG00000009765	IYD
ENSG00000122585	NPY
ENSG00000166527	CLEC4D
ENSG00000162069	BICDL2
ENSG00000136696	IL36B
ENSG00000148215	OR5C1
ENSG00000212935	KRTAP10-3
ENSG00000244575	IGKV1-27
ENSG00000168334	XIRP1
ENSG00000198759	EGFL6
ENSG00000182613	OR2V2
ENSG00000139223	ANP32D
ENSG00000279116	OR8D2
ENSG00000164325	TMEM174
ENSG00000213417	KRTAP2-4
ENSG00000141431	ASXL3
ENSG00000101282	RSPO4
ENSG00000172061	LRRC15
ENSG00000129151	BBOX1
ENSG00000197446	CYP2F1
ENSG00000066382	MPPED2
ENSG00000172288	CDY1
ENSG00000124812	CRISP1
ENSG00000129596	CDO1
ENSG00000165071	TMEM71
ENSG00000186007	LEMD1
ENSG00000102387	TAF7L
ENSG00000255393	OOSP4B
ENSG00000170683	OR10A3
ENSG00000180113	TDRD6
ENSG00000188822	CNR2
ENSG00000259384	GH1
ENSG00000111049	MYF5
ENSG00000120324	PCDHB10
ENSG00000029559	IBSP
ENSG00000205030	OR5L2
ENSG00000125144	MT1G
ENSG00000161652	IZUMO2
ENSG00000172238	ATOH1
ENSG00000137573	SULF1
ENSG00000137869	CYP19A1
ENSG00000273291	AC092042.3
ENSG00000121904	CSMD2
ENSG00000198765	SYCP1
ENSG00000279408	OR4N4C
ENSG00000159495	TGM7
ENSG00000261272	MUC22
ENSG00000141946	ZIM3
ENSG00000261739	GOLGA8S
ENSG00000118113	MMP8
ENSG00000171649	ZIK1
ENSG00000272104	Z84492.1
ENSG00000171405	XAGE5
ENSG00000128322	IGLL1
ENSG00000154928	EPHB1
ENSG00000285446	Z84488.1
ENSG00000211647	IGLV5-48
ENSG00000168671	UGT3A2
ENSG00000184933	OR6A2
ENSG00000174950	CD164L2
ENSG00000146857	STRA8
ENSG00000148600	CDHR1
ENSG00000182183	SHISAL2A
ENSG00000185897	FFAR3
ENSG00000136573	BLK
ENSG00000168081	PNOC
ENSG00000106631	MYL7
ENSG00000204961	PCDHA9
ENSG00000140015	KCNH5
ENSG00000163518	FCRL4
ENSG00000183313	OR52L1
ENSG00000215218	UBE2QL1
ENSG00000212724	KRTAP2-3
ENSG00000224389	C4B
ENSG00000215131	C16orf90
ENSG00000162641	AKNAD1
ENSG00000133687	TMTC1
ENSG00000163497	FEV
ENSG00000228083	IFNA14
ENSG00000127377	CRYGN
ENSG00000122025	FLT3
ENSG00000215454	KRTAP10-4
ENSG00000211828	TRDJ3
ENSG00000282301	CYP3A7-CYP3A51P
ENSG00000136698	CFC1
ENSG00000182816	KRTAP13-2
ENSG00000184724	KRTAP6-1
ENSG00000159173	TNNI1
ENSG00000186818	LILRB4
ENSG00000155659	VSIG4
ENSG00000155754	C2CD6
ENSG00000174279	EVX2
ENSG00000169840	GSX1
ENSG00000107242	PIP5K1B
ENSG00000232113	TEX50
ENSG00000239395	AC118470.1
ENSG00000152254	G6PC2
ENSG00000187848	P2RX2
ENSG00000211952	IGHV4-28
ENSG00000285231	OOSP3
ENSG00000078053	AMPH
ENSG00000185264	TEX33
ENSG00000198967	OR10Z1
ENSG00000173464	RNASE11
ENSG00000109610	SOD3
ENSG00000173335	CST9
ENSG00000211961	IGHV1-45
ENSG00000115896	PLCL1
ENSG00000240542	KRTAP9-1
ENSG00000163581	SLC2A2
ENSG00000168658	VWA3B
ENSG00000152592	DMP1
ENSG00000133048	CHI3L1
ENSG00000172461	FUT9
ENSG00000240563	L1TD1
ENSG00000113600	C9
ENSG00000221989	OR2A2
ENSG00000237702	TRBV3-1
ENSG00000131771	PPP1R1B
ENSG00000189326	SPANXN4
ENSG00000187664	HAPLN4
ENSG00000182634	OR10G7
ENSG00000211826	TRDJ4
ENSG00000137757	CASP5
ENSG00000271130	IGHV3OR16-8
ENSG00000169906	S100G
ENSG00000144868	TMEM108
ENSG00000126262	FFAR2
ENSG00000128815	WDFY4
ENSG00000196862	RGPD4
ENSG00000108231	LGI1
ENSG00000184276	DEFB108B
ENSG00000041515	MYO16
ENSG00000197364	S100A7L2
ENSG00000212807	OR2A42
ENSG00000164893	SLC7A13
ENSG00000178934	LGALS7B
ENSG00000162896	PIGR
ENSG00000124194	GDAP1L1
ENSG00000197084	LCE1C
ENSG00000174990	CA5A
ENSG00000276819	TRBV15
ENSG00000075043	KCNQ2
ENSG00000268221	OPN1MW
ENSG00000197428	OR51D1
ENSG00000126895	AVPR2
ENSG00000139144	PIK3C2G
ENSG00000236125	USP17L4
ENSG00000105507	CABP5
ENSG00000167476	JSRP1
ENSG00000215045	GRID2IP
ENSG00000214336	FOXI3
ENSG00000164411	GJB7
ENSG00000185008	ROBO2
ENSG00000215474	SKOR2
ENSG00000204889	KRT40
ENSG00000198471	RTP2
ENSG00000180424	DEFB123
ENSG00000198673	TAFA2
ENSG00000258453	OR11H2
ENSG00000082556	OPRK1
ENSG00000203661	OR2T5
ENSG00000132671	SSTR4
ENSG00000143006	DMRTB1
ENSG00000215912	TTC34
ENSG00000175544	CABP4
ENSG00000174460	ZCCHC12
ENSG00000236446	CT47B1
ENSG00000197272	IL27
ENSG00000188523	CFAP77
ENSG00000168314	MOBP
ENSG00000276119	OR13C2
ENSG00000182901	RGS7
ENSG00000134460	IL2RA
ENSG00000078098	FAP
ENSG00000175097	RAG2
ENSG00000181562	EDDM3A
ENSG00000174963	ZIC4
ENSG00000230268	SSU72P8
ENSG00000137975	CLCA2
ENSG00000121351	IAPP
ENSG00000154007	ASB17
ENSG00000095981	KCNK16
ENSG00000149133	OR5F1
ENSG00000185974	GRK1
ENSG00000062096	ARSF
ENSG00000150361	KLHL1
ENSG00000163515	RETNLB
ENSG00000254550	OMP
ENSG00000150471	ADGRL3
ENSG00000253767	PCDHGA8
ENSG00000143627	PKLR
ENSG00000236027	PATE3
ENSG00000158764	ITLN2
ENSG00000204060	FOXO6
ENSG00000184394	OR4N5
ENSG00000186881	OR13F1
ENSG00000188386	PPP3R2
ENSG00000233732	IGHV3OR16-10
ENSG00000169397	RNASE3
ENSG00000111249	CUX2
ENSG00000211746	TRBV19
ENSG00000204300	TMEM225
ENSG00000211846	TRAJ43
ENSG00000283039	KLF18
ENSG00000204478	PRAMEF20
ENSG00000080572	DNAAF6
ENSG00000149972	CNTN5
ENSG00000198092	TMPRSS11F
ENSG00000171811	CFAP46
ENSG00000182447	OTOL1
ENSG00000211706	TRBV6-1
ENSG00000105675	ATP4A
ENSG00000181408	UTS2R
ENSG00000162373	BEND5
ENSG00000240654	C1QTNF9
ENSG00000066056	TIE1
ENSG00000169474	SPRR1A
ENSG00000206549	AC109583.1
ENSG00000122859	NEUROG3
ENSG00000166569	CPLX4
ENSG00000135925	WNT10A
ENSG00000206073	SERPINB4
ENSG00000080618	CPB2
ENSG00000172717	FAM71D
ENSG00000179344	HLA-DQB1
ENSG00000034239	EFCAB1
ENSG00000067842	ATP2B3
ENSG00000169006	NTSR2
ENSG00000167748	KLK1
ENSG00000203785	SPRR2E
ENSG00000112232	KHDRBS2
ENSG00000211666	IGLV2-14
ENSG00000257057	C11orf97
ENSG00000196581	AJAP1
ENSG00000173976	RAX2
ENSG00000278057	TEX28
ENSG00000141977	CIB3
ENSG00000204501	PRAMEF15
ENSG00000102230	PCYT1B
ENSG00000189099	PRSS48
ENSG00000232653	GOLGA8N
ENSG00000211841	TRAJ48
ENSG00000275520	FAM236A
ENSG00000136634	IL10
ENSG00000080910	CFHR2
ENSG00000156925	ZIC3
ENSG00000165194	PCDH19
ENSG00000175084	DES
ENSG00000188620	HMX3
ENSG00000211942	IGHV3-13
ENSG00000242534	IGKV2D-28
ENSG00000183303	OR5P2
ENSG00000237541	HLA-DQA2
ENSG00000173679	OR1L1
ENSG00000170788	DYDC1
ENSG00000197403	OR6N1
ENSG00000183709	IFNL2
ENSG00000251039	IGKV2D-40
ENSG00000174982	OR4S2
ENSG00000175262	C1orf127
ENSG00000235608	NKX1-1
ENSG00000151418	ATP6V1G3
ENSG00000276076	CRYAA2
ENSG00000211752	TRBV27
ENSG00000274419	TBC1D3D
ENSG00000196224	KRTAP5-3
ENSG00000042813	ZPBP
ENSG00000248933	USP17L22
ENSG00000278139	P3R3URF-PIK3R3
ENSG00000197658	SLC22A24
ENSG00000239590	OR1J4
ENSG00000242076	IGKV1-33
ENSG00000137558	PI15
ENSG00000106571	GLI3
ENSG00000204449	TRIM49C
ENSG00000185518	SV2B
ENSG00000078549	ADCYAP1R1
ENSG00000176231	OR10H4
ENSG00000176797	DEFB103A
ENSG00000204978	ERICH4
ENSG00000143954	REG3G
ENSG00000185915	KLHL34
ENSG00000039537	C6
ENSG00000204539	CDSN
ENSG00000187918	OR51I2
ENSG00000079557	AFM
ENSG00000171478	SPACA5B
ENSG00000196109	ZNF676
ENSG00000188257	PLA2G2A
ENSG00000205858	LRRC72
ENSG00000078589	P2RY10
ENSG00000129450	SIGLEC9
ENSG00000106327	TFR2
ENSG00000187955	COL14A1
ENSG00000172345	STARD5
ENSG00000237521	OR7E24
ENSG00000165694	FRMD7
ENSG00000144191	CNGA3
ENSG00000066923	STAG3
ENSG00000104879	CKM
ENSG00000176239	OR51B6
ENSG00000178882	RFLNA
ENSG00000249590	AC004832.3
ENSG00000228517	CT47A7
ENSG00000170054	SERPINA9
ENSG00000115423	DNAH6
ENSG00000130427	EPO
ENSG00000235863	B3GALT4
ENSG00000136267	DGKB
ENSG00000129467	ADCY4
ENSG00000112246	SIM1
ENSG00000178473	UCN3
ENSG00000136859	ANGPTL2
ENSG00000181609	OR52D1
ENSG00000136531	SCN2A
ENSG00000275243	TRBV16
ENSG00000005844	ITGAL
ENSG00000066185	ZMYND12
ENSG00000171916	LGALS9C
ENSG00000197496	SLC2A10
ENSG00000175514	GPR152
ENSG00000227108	IGHD1-14
ENSG00000182329	KIAA2012
ENSG00000172487	OR8J1
ENSG00000176887	SOX11
ENSG00000169347	GP2
ENSG00000221931	OR6X1
ENSG00000113303	BTNL8
ENSG00000113722	CDX1
ENSG00000214681	IQCF5
ENSG00000205022	PABPN1L
ENSG00000165966	PDZRN4
ENSG00000176256	HMGB4
ENSG00000100012	SEC14L3
ENSG00000112182	BACH2
ENSG00000211933	IGHV6-1
ENSG00000113905	HRG
ENSG00000171433	GLOD5
ENSG00000214978	GSG1L2
ENSG00000112619	PRPH2
ENSG00000137675	MMP27
ENSG00000182070	OR52A1
ENSG00000115850	LCT
ENSG00000101916	TLR8
ENSG00000159650	UROC1
ENSG00000186453	FAM228A
ENSG00000008516	MMP25
ENSG00000211781	TRAV7
ENSG00000141194	OR4D1
ENSG00000211768	TRBJ2-4
ENSG00000197465	GYPE
ENSG00000284725	SCYGR6
ENSG00000189169	KRTAP10-12
ENSG00000082684	SEMA5B
ENSG00000165953	SERPINA12
ENSG00000159409	CELF3
ENSG00000234828	IQCM
ENSG00000112053	SLC26A8
ENSG00000167014	TERB2
ENSG00000285382	FO393400.1
ENSG00000144852	NR1I2
ENSG00000164304	CAGE1
ENSG00000185345	PRKN
ENSG00000151623	NR3C2
ENSG00000180219	FAM71C
ENSG00000140030	GPR65
ENSG00000115956	PLEK
ENSG00000212710	CTAGE1
ENSG00000124302	CHST8
ENSG00000106538	RARRES2
ENSG00000094963	FMO2
ENSG00000181195	PENK
ENSG00000268696	ZNF723
ENSG00000211625	IGKV3D-20
ENSG00000107611	CUBN
ENSG00000179826	MRGPRX3
ENSG00000255251	PRR23D1
ENSG00000214279	SCART1
ENSG00000160856	FCRL3
ENSG00000168875	SOX14
ENSG00000162843	WDR64
ENSG00000229314	ORM1
ENSG00000112280	COL9A1
ENSG00000144015	TRIM43
ENSG00000169508	GPR183
ENSG00000232264	USP17L24
ENSG00000288625	AC068870.4
ENSG00000149124	GLYAT
ENSG00000183434	TFDP3
ENSG00000164591	MYOZ3
ENSG00000237412	PRSS56
ENSG00000178568	ERBB4
ENSG00000211657	IGLV3-32
ENSG00000160224	AIRE
ENSG00000205221	VIT
ENSG00000126785	RHOJ
ENSG00000084674	APOB
ENSG00000183166	CALN1
ENSG00000225781	OR6V1
ENSG00000166961	MS4A15
ENSG00000132677	RHBG
ENSG00000172901	LVRN
ENSG00000220008	LINGO3
ENSG00000250673	REELD1
ENSG00000056291	NPFFR2
ENSG00000101883	RHOXF1
ENSG00000184838	PRR16
ENSG00000180532	ZSCAN4
ENSG00000131831	RAI2
ENSG00000277630	BX072566.1
ENSG00000197213	ZSCAN5B
ENSG00000158488	CD1E
ENSG00000181240	SLC25A41
ENSG00000151360	ALLC
ENSG00000124391	IL17C
ENSG00000177752	YIPF7
ENSG00000285188	AC008397.2
ENSG00000116783	TNNI3K
ENSG00000184471	C1QTNF8
ENSG00000167858	TEKT1
ENSG00000177984	LCN15
ENSG00000232810	TNF
ENSG00000140107	SLC25A47
ENSG00000232125	DYTN
ENSG00000221826	PSG3
ENSG00000181017	OR56B2P
ENSG00000152932	RAB3C
ENSG00000224982	TMEM233
ENSG00000133116	KL
ENSG00000204019	CT83
ENSG00000121764	HCRTR1
ENSG00000113396	SLC27A6
ENSG00000127074	RGS13
ENSG00000156049	GNA14
ENSG00000148136	OR13C4
ENSG00000286175	FAM246B
ENSG00000110848	CD69
ENSG00000050628	PTGER3
ENSG00000279493	FP565260.4
ENSG00000144668	ITGA9
ENSG00000010610	CD4
ENSG00000280165	PCDH20
ENSG00000285880	AC144573.1
ENSG00000151615	POU4F2
ENSG00000112981	NME5
ENSG00000261210	CLEC19A
ENSG00000107295	SH3GL2
ENSG00000158486	DNAH3
ENSG00000260286	ARMH2
ENSG00000152086	TUBA3E
ENSG00000074706	IPCEF1
ENSG00000125903	DEFB129
ENSG00000236398	TAS2R39
ENSG00000154553	PDLIM3
ENSG00000184345	IQCF2
ENSG00000021461	CYP3A43
ENSG00000234278	PRR20E
ENSG00000161911	TREML1
ENSG00000286228	SPDYE11
ENSG00000179044	EXOC3L1
ENSG00000204022	LIPJ
ENSG00000163288	GABRB1
ENSG00000132703	APCS
ENSG00000179008	C14orf39
ENSG00000130283	GDF1
ENSG00000134200	TSHB
ENSG00000155926	SLA
ENSG00000162722	TRIM58
ENSG00000166368	OR2D2
ENSG00000196433	ASMT
ENSG00000259490	IGHV3OR15-7
ENSG00000119698	PPP4R4
ENSG00000214534	ZNF705E
ENSG00000187122	SLIT1
ENSG00000214324	C3orf56
ENSG00000256713	PGA5
ENSG00000112796	ENPP5
ENSG00000186090	HTR3D
ENSG00000221938	OR2A14
ENSG00000181656	GPR88
ENSG00000159387	IRX6
ENSG00000117601	SERPINC1
ENSG00000148942	SLC5A12
ENSG00000188779	SKOR1
ENSG00000256100	AP000721.1
ENSG00000204278	TMEM235
ENSG00000285620	FAM90A16P
ENSG00000115263	GCG
ENSG00000186113	OR5D14
ENSG00000196772	OR14A16
ENSG00000110665	C11orf21
ENSG00000168348	INSM2
ENSG00000196666	FAM180B
ENSG00000196090	PTPRT
ENSG00000160183	TMPRSS3
ENSG00000282218	AL132671.2
ENSG00000196578	OR5AC2
ENSG00000173641	HSPB7
ENSG00000105501	SIGLEC5
ENSG00000156738	MS4A1
ENSG00000124780	KCNK17
ENSG00000090376	IRAK3
ENSG00000235118	FAM237A
ENSG00000211836	TRAJ54
ENSG00000164600	NEUROD6
ENSG00000241106	HLA-DOB
ENSG00000172772	OR10W1
ENSG00000211967	IGHV3-53
ENSG00000132518	GUCY2D
ENSG00000180433	OR6K6
ENSG00000151952	TMEM132D
ENSG00000115665	SLC5A7
ENSG00000181499	OR6T1
ENSG00000167916	KRT24
ENSG00000169208	OR10G3
ENSG00000198216	CACNA1E
ENSG00000184155	OR10J5
ENSG00000267631	CGB1
ENSG00000161328	LRRC56
ENSG00000250423	KIAA1210
ENSG00000165091	TMC1
ENSG00000171711	DEFB4A
ENSG00000211833	TRAJ58
ENSG00000288616	AC090373.2
ENSG00000163295	ALPI
ENSG00000278870	OR51G1
ENSG00000171587	DSCAM
ENSG00000080007	DDX43
ENSG00000274102	OR4M2
ENSG00000257446	ZNF878
ENSG00000016082	ISL1
ENSG00000133317	LGALS12
ENSG00000133401	PDZD2
ENSG00000060709	RIMBP2
ENSG00000198488	B3GNT6
ENSG00000188263	IL17REL
ENSG00000122756	CNTFR
ENSG00000109132	PHOX2B
ENSG00000152760	TCTEX1D1
ENSG00000048462	TNFRSF17
ENSG00000137077	CCL21
ENSG00000169402	RSPH10B2
ENSG00000188056	TREML4
ENSG00000172156	CCL11
ENSG00000278195	SSTR3
ENSG00000277775	H3C7
ENSG00000204936	CD177
ENSG00000177476	OR2G3
ENSG00000138068	SULT6B1
ENSG00000110975	SYT10
ENSG00000176194	CIDEA
ENSG00000133661	SFTPD
ENSG00000281990	IGHV1-69-2
ENSG00000266202	AC005697.1
ENSG00000230549	USP17L1
ENSG00000107147	KCNT1
ENSG00000224960	PPP4R3C
ENSG00000125910	S1PR4
ENSG00000283063	TRBV6-2
ENSG00000182415	CDY2A
ENSG00000108001	EBF3
ENSG00000197487	GALP
ENSG00000165496	RPL10L
ENSG00000286102	FAM246A
ENSG00000162482	AKR7A3
ENSG00000176540	OR4C5
ENSG00000127951	FGL2
ENSG00000239951	IGKV3-20
ENSG00000182230	FAM153B
ENSG00000240864	IGKV1-16
ENSG00000138722	MMRN1
ENSG00000169551	CT55
ENSG00000275489	C17orf98
ENSG00000187123	LYPD6
ENSG00000143536	CRNN
ENSG00000174448	STARD6
ENSG00000196431	CRYBA4
ENSG00000269466	H3Y1
ENSG00000256162	SMLR1
ENSG00000138316	ADAMTS14
ENSG00000145808	ADAMTS19
ENSG00000185899	TAS2R60
ENSG00000237197	IGHD1-7
ENSG00000183454	GRIN2A
ENSG00000188011	RTP5
ENSG00000181652	ATG9B
ENSG00000160072	ATAD3B
ENSG00000183837	PNMA3
ENSG00000186714	CCDC73
ENSG00000227800	IGHD4-17
ENSG00000120094	HOXB1
ENSG00000168907	PLA2G4F
ENSG00000211674	IGLJ1
ENSG00000123342	MMP19
ENSG00000152591	DSPP
ENSG00000169885	CALML6
ENSG00000100312	ACR
ENSG00000054796	SPO11
ENSG00000196553	CCDC196
ENSG00000132938	MTUS2
ENSG00000185811	IKZF1
ENSG00000173662	TAS1R1
ENSG00000158270	COLEC12
ENSG00000206561	COLQ
ENSG00000106341	PPP1R17
ENSG00000227729	RD3L
ENSG00000211779	TRAV5
ENSG00000123243	ITIH5
ENSG00000176571	CNBD1
ENSG00000100385	IL2RB
ENSG00000172365	OR5B2
ENSG00000267909	CCDC177
ENSG00000185860	CCDC190
ENSG00000125207	PIWIL1
ENSG00000230667	SETSIP
ENSG00000241690	AL035460.1
ENSG00000144908	ALDH1L1
ENSG00000206177	HBM
ENSG00000153902	LGI4
ENSG00000070193	FGF10
ENSG00000271317	IGHD4OR15-4A
ENSG00000205409	OR52E6
ENSG00000143340	FAM163A
ENSG00000186474	KLK12
ENSG00000231396	USP17L10
ENSG00000120645	IQSEC3
ENSG00000211675	IGLC1
ENSG00000186919	ZACN
ENSG00000228836	CT45A5
ENSG00000046889	PREX2
ENSG00000164129	NPY5R
ENSG00000173404	INSM1
ENSG00000241224	C3orf85
ENSG00000176533	GNG7
ENSG00000142789	CELA3A
ENSG00000233932	CTXN2
ENSG00000111701	APOBEC1
ENSG00000236444	UBE2L5
ENSG00000116141	MARK1
ENSG00000186838	SELENOV
ENSG00000181023	OR56B1
ENSG00000010327	STAB1
ENSG00000204577	LILRB3
ENSG00000152969	JAKMIP1
ENSG00000283268	TEX54
ENSG00000278646	AC008162.2
ENSG00000236362	GAGE12F
ENSG00000227551	USP17L12
ENSG00000187808	SOWAHD
ENSG00000257108	NHLRC4
ENSG00000237110	TAAR9
ENSG00000181092	ADIPOQ
ENSG00000162949	CAPN13
ENSG00000125861	GFRA4
ENSG00000216921	FAM240C
ENSG00000131951	LRRC9
ENSG00000125850	OVOL2
ENSG00000182333	LIPF
ENSG00000139549	DHH
ENSG00000196345	ZKSCAN7
ENSG00000136250	AOAH
ENSG00000212933	KRTAP12-4
ENSG00000100095	SEZ6L
ENSG00000227868	TEX46
ENSG00000181374	CCL13
ENSG00000203989	RHOXF2B
ENSG00000255730	AC011462.1
ENSG00000163116	STPG2
ENSG00000143297	FCRL5
ENSG00000148948	LRRC4C
ENSG00000173627	APOBEC4
ENSG00000171724	VAT1L
ENSG00000211777	TRAV3
ENSG00000284479	SMIM39
ENSG00000184601	C14orf180
ENSG00000204424	LY6G6F
ENSG00000155307	SAMSN1
ENSG00000164113	ADAD1
ENSG00000123560	PLP1
ENSG00000108556	CHRNE
ENSG00000182132	KCNIP1
ENSG00000152977	ZIC1
ENSG00000213988	ZNF90
ENSG00000100078	PLA2G3
ENSG00000135569	TAAR5
ENSG00000145864	GABRB2
ENSG00000169946	ZFPM2
ENSG00000206106	KRTAP22-2
ENSG00000204103	MAFB
ENSG00000225396	FAM236D
ENSG00000187066	TMEM262
ENSG00000182035	ADIG
ENSG00000215529	EFCAB8
ENSG00000089116	LHX5
ENSG00000151005	TKTL2
ENSG00000160339	FCN2
ENSG00000178965	ERICH3
ENSG00000283697	HSFX3
ENSG00000240432	KRTAP13-3
ENSG00000168530	MYL1
ENSG00000184611	KCNH7
ENSG00000257743	MGAM2
ENSG00000130598	TNNI2
ENSG00000184515	BEX5
ENSG00000205329	OR6C3
ENSG00000286015	CR589904.2
ENSG00000284306	SSU72P2
ENSG00000124203	ZNF831
ENSG00000125900	SIRPD
ENSG00000249693	THEGL
ENSG00000130701	RBBP8NL
ENSG00000267467	APOC4
ENSG00000254585	MAGEL2
ENSG00000180332	KCTD4
ENSG00000286185	AC242842.3
ENSG00000147145	LPAR4
ENSG00000177468	OLIG3
ENSG00000255855	KDM4F
ENSG00000186136	TAS2R42
ENSG00000211720	TRBV11-1
ENSG00000248167	TRIM39-RPP21
ENSG00000174946	GPR171
ENSG00000211710	TRBV4-1
ENSG00000145757	SPATA9
ENSG00000140675	SLC5A2
ENSG00000211611	IGKV6-21
ENSG00000102243	VGLL1
ENSG00000100341	PNPLA5
ENSG00000237247	MBD3L5
ENSG00000157219	HTR5A
ENSG00000127472	PLA2G5
ENSG00000268361	L34079.1
ENSG00000081800	SLC13A1
ENSG00000183807	FAM162B
ENSG00000183347	GBP6
ENSG00000165566	AMER2
ENSG00000211780	TRAV6
ENSG00000197632	SERPINB2
ENSG00000131482	G6PC
ENSG00000177694	NAALADL2
ENSG00000264424	MYH4
ENSG00000188133	TMEM215
ENSG00000157119	KLHL40
ENSG00000164122	ASB5
ENSG00000175535	PNLIP
ENSG00000170152	AL391987.1
ENSG00000205867	KRTAP5-2
ENSG00000170891	CYTL1
ENSG00000122223	CD244
ENSG00000122012	SV2C
ENSG00000140067	FAM181A
ENSG00000179407	DNAJB8
ENSG00000203747	FCGR3A
ENSG00000183783	KCTD8
ENSG00000133019	CHRM3
ENSG00000124939	SCGB2A1
ENSG00000138039	LHCGR
ENSG00000205944	DAZ2
ENSG00000169933	FRMPD4
ENSG00000178789	CD300LB
ENSG00000279270	OR52R1
ENSG00000167914	GSDMA
ENSG00000288656	AC020765.6
ENSG00000205116	TMEM88B
ENSG00000159871	LYPD5
ENSG00000211687	TRGJ2
ENSG00000177535	OR2B11
ENSG00000115488	NEU2
ENSG00000180096	SEPTIN1
ENSG00000167207	NOD2
ENSG00000276597	TRBV11-3
ENSG00000174514	MFSD4A
ENSG00000186288	PABPC1L2A
ENSG00000171053	PATE1
ENSG00000123576	ESX1
ENSG00000178171	AMER3
ENSG00000167194	C16orf92
ENSG00000204687	MAS1L
ENSG00000204849	SPATA31A1
ENSG00000080709	KCNN2
ENSG00000120210	INSL6
ENSG00000138964	PARVG
ENSG00000198300	PEG3
ENSG00000282431	TRBD1
ENSG00000124157	SEMG2
ENSG00000274559	CU639417.1
ENSG00000239819	IGKV1D-8
ENSG00000160111	CPAMD8
ENSG00000134817	APLNR
ENSG00000174175	SELP
ENSG00000188816	HMX2
ENSG00000182111	ZNF716
ENSG00000198062	POTEH
ENSG00000151224	MAT1A
ENSG00000167483	NIBAN3
ENSG00000258873	DUXA
ENSG00000111241	FGF6
ENSG00000143194	MAEL
ENSG00000234409	CCDC188
ENSG00000016402	IL20RA
ENSG00000204613	TRIM10
ENSG00000213416	KRTAP4-12
ENSG00000256646	AC010132.3
ENSG00000088882	CPXM1
ENSG00000089225	TBX5
ENSG00000255582	OR10G2
ENSG00000134640	MTNR1B
ENSG00000180929	GPR62
ENSG00000255359	CCDC179
ENSG00000181273	OR5AK2
ENSG00000115598	IL1RL2
ENSG00000148965	SAA4
ENSG00000186335	SLC36A2
ENSG00000213215	OR2F1
ENSG00000188487	INSC
ENSG00000188672	RHCE
ENSG00000066294	CD84
ENSG00000196866	H2AC7
ENSG00000211789	TRAV12-2
ENSG00000172464	OR5AP2
ENSG00000173093	CCDC63
ENSG00000177627	C12orf54
ENSG00000265118	AC134669.1
ENSG00000077009	NMRK2
ENSG00000134326	CMPK2
ENSG00000159197	KCNE2
ENSG00000179600	GPHB5
ENSG00000274286	ADRA2B
ENSG00000182223	ZAR1
ENSG00000126218	F10
ENSG00000211795	TRAV8-6
ENSG00000113262	GRM6
ENSG00000166090	IL25
ENSG00000158639	PAGE5
ENSG00000262874	C19orf84
ENSG00000124253	PCK1
ENSG00000260802	SERTM2
ENSG00000211638	IGLV8-61
ENSG00000010295	IFFO1
ENSG00000136872	ALDOB
ENSG00000213921	LEUTX
ENSG00000163331	DAPL1
ENSG00000277836	AC141272.1
ENSG00000267168	AC005837.2
ENSG00000185668	POU3F1
ENSG00000177174	OR14C36
ENSG00000270451	IGHD4OR15-4B
ENSG00000179412	HNRNPCL4
ENSG00000267952	AC008878.1
ENSG00000126251	GPR42
ENSG00000211834	TRAJ57
ENSG00000167791	CABP2
ENSG00000178776	C5orf46
ENSG00000221932	HEPN1
ENSG00000204572	KRTAP5-10
ENSG00000223638	RFPL4A
ENSG00000211882	TRAJ7
ENSG00000139292	LGR5
ENSG00000174156	GSTA3
ENSG00000284395	PERCC1
ENSG00000036565	SLC18A1
ENSG00000236597	IGHD7-27
ENSG00000102245	CD40LG
ENSG00000105352	CEACAM4
ENSG00000125872	LRRN4
ENSG00000196169	KIF19
ENSG00000175664	TEX26
ENSG00000170289	CNGB3
ENSG00000169427	KCNK9
ENSG00000188282	RUFY4
ENSG00000160882	CYP11B1
ENSG00000162727	OR2M5
ENSG00000180016	OR1E1
ENSG00000165899	OTOGL
ENSG00000140563	MCTP2
ENSG00000198483	ANKRD35
ENSG00000133106	EPSTI1
ENSG00000143185	XCL2
ENSG00000275774	HNRNPCL2
ENSG00000151704	KCNJ1
ENSG00000101958	GLRA2
ENSG00000273540	AGBL1
ENSG00000186980	KRTAP23-1
ENSG00000076770	MBNL3
ENSG00000125498	KIR2DL1
ENSG00000182187	CRYGB
ENSG00000288607	AC012254.6
ENSG00000157005	SST
ENSG00000162877	PM20D1
ENSG00000135222	CSN2
ENSG00000253148	RGS21
ENSG00000177294	FBXO39
ENSG00000162365	CYP4A22
ENSG00000169314	C22orf15
ENSG00000155511	GRIA1
ENSG00000216649	GAGE12E
ENSG00000132702	HAPLN2
ENSG00000167851	CD300A
ENSG00000276289	KCNE1B
ENSG00000196468	FGF16
ENSG00000197437	OR13G1
ENSG00000206557	TRIM71
ENSG00000196832	OR11G2
ENSG00000146904	EPHA1
ENSG00000258724	PINX1
ENSG00000177257	DEFB4B
ENSG00000108242	CYP2C18
ENSG00000168060	NAALADL1
ENSG00000181786	ACTL9
ENSG00000178804	H1-8
ENSG00000212938	KRTAP6-3
ENSG00000123612	ACVR1C
ENSG00000171476	HOPX
ENSG00000177462	OR2T8
ENSG00000211699	TRGV3
ENSG00000254979	AP000781.2
ENSG00000176956	LY6H
ENSG00000221855	TAS2R41
ENSG00000188784	PLA2G2E
ENSG00000211778	TRAV4
ENSG00000211745	TRBV4-2
ENSG00000182866	LCK
ENSG00000007908	SELE
ENSG00000172640	OR10AD1
ENSG00000137265	IRF4
ENSG00000143199	ADCY10
ENSG00000221878	PSG7
ENSG00000102076	OPN1LW
ENSG00000125813	PAX1
ENSG00000183795	BPY2B
ENSG00000142512	SIGLEC10
ENSG00000156475	PPP2R2B
ENSG00000249139	EPPIN-WFDC6
ENSG00000108759	KRT32
ENSG00000048545	GUCA1A
ENSG00000288593	AP001054.1
ENSG00000140955	ADAD2
ENSG00000183918	SH2D1A
ENSG00000176269	OR4F21
ENSG00000189167	ZAR1L
ENSG00000260170	AC090527.2
ENSG00000211692	TRGJP1
ENSG00000156009	MAGEA8
ENSG00000248385	TARM1
ENSG00000276557	TRBV18
ENSG00000178602	OTOS
ENSG00000284917	EEF1AKMT4-ECE2
ENSG00000211660	IGLV2-23
ENSG00000137745	MMP13
ENSG00000126016	AMOT
ENSG00000123561	SERPINA7
ENSG00000284188	AL451007.3
ENSG00000179058	C9orf50
ENSG00000169760	NLGN1
ENSG00000186910	SERPINA11
ENSG00000060558	GNA15
ENSG00000188306	LRRIQ4
ENSG00000279263	OR2L8
ENSG00000175202	HIGD2B
ENSG00000186377	CYP4X1
ENSG00000158022	TRIM63
ENSG00000154099	DNAAF1
ENSG00000275718	CCL15
ENSG00000110244	APOA4
ENSG00000177455	CD19
ENSG00000186231	KLHL32
ENSG00000281406	BLACAT1
ENSG00000160013	PTGIR
ENSG00000163749	CCDC158
ENSG00000181617	FDCSP
ENSG00000145934	TENM2
ENSG00000127780	OR1E2
ENSG00000181767	OR8H2
ENSG00000206013	IFITM5
ENSG00000211633	IGKV1D-42
ENSG00000211684	IGLJ7
ENSG00000211639	IGLV4-60
ENSG00000107447	DNTT
ENSG00000205784	ARRDC5
ENSG00000145708	CRHBP
ENSG00000237452	MEIOSIN
ENSG00000189037	DUSP21
ENSG00000189357	SPATA31D4
ENSG00000073910	FRY
ENSG00000187821	HELT
ENSG00000187223	LCE2D
ENSG00000242389	RBMY1E
ENSG00000180658	OR2A4
ENSG00000169469	SPRR1B
ENSG00000007312	CD79B
ENSG00000277865	GOLGA6L22
ENSG00000258083	OR9A4
ENSG00000118231	CRYGD
ENSG00000133665	DYDC2
ENSG00000164438	TLX3
ENSG00000270472	IGHV3OR16-9
ENSG00000135638	EMX1
ENSG00000215262	KCNU1
ENSG00000155495	MAGEC1
ENSG00000196260	SFTA2
ENSG00000237330	RNF223
ENSG00000165799	RNASE7
ENSG00000167800	TBX10
ENSG00000187857	OR6C75
ENSG00000135903	PAX3
ENSG00000182771	GRID1
ENSG00000146147	MLIP
ENSG00000102145	GATA1
ENSG00000155622	XAGE2
ENSG00000130876	SLC7A10
ENSG00000122543	OCM
ENSG00000188730	VWC2
ENSG00000152315	KCNK13
ENSG00000219073	CELA3B
ENSG00000203733	GJE1
ENSG00000133561	GIMAP6
ENSG00000198821	CD247
ENSG00000163630	SYNPR
ENSG00000259916	AL845331.1
ENSG00000175489	LRRC25
ENSG00000256349	AP002748.5
ENSG00000225180	PVALEF
ENSG00000122136	OBP2A
ENSG00000288608	AC010973.3
ENSG00000130037	KCNA5
ENSG00000177324	BEND2
ENSG00000171180	OR2M4
ENSG00000120729	MYOT
ENSG00000211787	TRAV8-3
ENSG00000261247	GOLGA8T
ENSG00000275743	TRBV14
ENSG00000280709	LINC02203
ENSG00000203783	PRR9
ENSG00000121318	TAS2R10
ENSG00000226372	DCAF8L1
ENSG00000112041	TULP1
ENSG00000198104	OR2T6
ENSG00000077800	FKBP6
ENSG00000197360	ZNF98
ENSG00000240247	DEFA1B
ENSG00000257987	TEX49
ENSG00000124721	DNAH8
ENSG00000188086	PRSS45P
ENSG00000186971	KRTAP13-4
ENSG00000129744	ART1
ENSG00000171819	ANGPTL7
ENSG00000125409	TEKT3
ENSG00000148602	LRIT1
ENSG00000211924	IGHD3-9
ENSG00000128610	FEZF1
ENSG00000259092	TRAV30
ENSG00000168757	TSPY2
ENSG00000183378	OVCH2
ENSG00000106038	EVX1
ENSG00000162891	IL20
ENSG00000016490	CLCA1
ENSG00000211731	TRBV5-7
ENSG00000257591	ZNF625
ENSG00000070731	ST6GALNAC2
ENSG00000223417	TRIM49D1
ENSG00000154162	CDH12
ENSG00000255012	OR5M1
ENSG00000166349	RAG1
ENSG00000185863	TMEM210
ENSG00000211959	IGHV4-39
ENSG00000125820	NKX2-2
ENSG00000240764	PCDHGC5
ENSG00000254656	RTL1
ENSG00000011201	ANOS1
ENSG00000122711	SPINK4
ENSG00000211912	IGHD2-21
ENSG00000204701	OR2J3
ENSG00000162006	MSLNL
ENSG00000120457	KCNJ5
ENSG00000164675	IQUB
ENSG00000280204	OR1S1
ENSG00000239810	PRAMEF11
ENSG00000137648	TMPRSS4
ENSG00000102794	ACOD1
ENSG00000189401	OTUD6A
ENSG00000241123	KRTAP10-5
ENSG00000276085	CCL3L3
ENSG00000271567	PPIAL4E
ENSG00000100565	LRRC74A
ENSG00000126890	CTAG2
ENSG00000205108	FAM205A
ENSG00000240871	KRTAP4-7
ENSG00000221858	OR2A12
ENSG00000163563	MNDA
ENSG00000170777	TPD52L3
ENSG00000173673	HES3
ENSG00000186119	OR5D18
ENSG00000204193	TXNDC8
ENSG00000235942	LCE6A
ENSG00000064201	TSPAN32
ENSG00000129170	CSRP3
ENSG00000179397	CATSPERE
ENSG00000181698	OR5T1
ENSG00000223648	IGHV3-64
ENSG00000205683	DPF3
ENSG00000229937	PRPS1L1
ENSG00000151948	GLT1D1
ENSG00000186393	KRT26
ENSG00000105877	DNAH11
ENSG00000149451	ADAM33
ENSG00000162438	CTRC
ENSG00000184507	NUTM1
ENSG00000124772	CPNE5
ENSG00000151846	PABPC3
ENSG00000142515	KLK3
ENSG00000185894	BPY2C
ENSG00000119973	PRLHR
ENSG00000255432	AP001458.2
ENSG00000196344	ADH7
ENSG00000211829	TRDC
ENSG00000188778	ADRB3
ENSG00000116031	CD207
ENSG00000211861	TRAJ28
ENSG00000177992	SPATA31E1
ENSG00000221880	KRTAP1-3
ENSG00000240747	KRBOX1
ENSG00000131721	RHOXF2
ENSG00000127318	IL22
ENSG00000142615	CELA2A
ENSG00000178343	SHISA3
ENSG00000164089	ETNPPL
ENSG00000101680	LAMA1
ENSG00000186452	TMPRSS12
ENSG00000188393	CLEC2A
ENSG00000221977	OR4E2
ENSG00000206072	SERPINB11
ENSG00000251184	AL672142.1
ENSG00000123360	PDE1B
ENSG00000221996	OR52B4
ENSG00000280411	IGHV1-69D
ENSG00000138670	RASGEF1B
ENSG00000123307	NEUROD4
ENSG00000259303	IGHV2OR16-5
ENSG00000141255	SPATA22
ENSG00000100652	SLC10A1
ENSG00000106511	MEOX2
ENSG00000204642	HLA-F
ENSG00000147724	FAM135B
ENSG00000143603	KCNN3
ENSG00000286106	NOTCH2NLR
ENSG00000153230	OR14K1
ENSG00000065371	ROPN1
ENSG00000211728	TRBV5-6
ENSG00000211662	IGLV3-21
ENSG00000186105	LRRC70
ENSG00000170605	OR9K2
ENSG00000150750	C11orf53
ENSG00000166183	ASPG
ENSG00000163218	PGLYRP4
ENSG00000130988	RGN
ENSG00000256394	ASIC5
ENSG00000131068	DEFB118
ENSG00000225968	ELFN1
ENSG00000105198	LGALS13
ENSG00000196171	OR6K2
ENSG00000166105	GLB1L3
ENSG00000186867	QRFPR
ENSG00000234186	C16orf82
ENSG00000253313	C1orf210
ENSG00000107807	TLX1
ENSG00000181215	C4orf50
ENSG00000101638	ST8SIA5
ENSG00000278889	OR2S2
ENSG00000135175	OCM2
ENSG00000288634	AC079741.2
ENSG00000106113	CRHR2
ENSG00000185247	MAGEA11
ENSG00000173728	C1orf100
ENSG00000101446	SPINT3
ENSG00000113805	CNTN3
ENSG00000196436	NPIPB15
ENSG00000197125	OR8B8
ENSG00000211938	IGHV3-7
ENSG00000277494	GPIHBP1
ENSG00000184302	SIX6
ENSG00000161944	ASGR2
ENSG00000102924	CBLN1
ENSG00000178342	KCNG2
ENSG00000102239	BRS3
ENSG00000187191	DAZ3
ENSG00000133392	MYH11
ENSG00000100884	CPNE6
ENSG00000151365	THRSP
ENSG00000165379	LRFN5
ENSG00000176040	TMPRSS7
ENSG00000152495	CAMK4
ENSG00000102349	KLF8
ENSG00000171133	OR2K2
ENSG00000196600	SLC22A25
ENSG00000197893	NRAP
ENSG00000159337	PLA2G4D
ENSG00000109471	IL2
ENSG00000158786	PLA2G2F
ENSG00000101292	PROKR2
ENSG00000147138	GPR174
ENSG00000158008	EXTL1
ENSG00000162598	C1orf87
ENSG00000167077	MEI1
ENSG00000172578	KLHL6
ENSG00000164822	DEFA6
ENSG00000205639	MFSD2B
ENSG00000139767	SRRM4
ENSG00000211865	TRAJ24
ENSG00000175497	DPP10
ENSG00000189132	FAM47B
ENSG00000198326	TMEM239
ENSG00000109927	TECTA
ENSG00000012779	ALOX5
ENSG00000151650	VENTX
ENSG00000138892	TTLL8
ENSG00000179902	C1orf194
ENSG00000198842	STYXL2
ENSG00000186924	KRTAP22-1
ENSG00000243264	IGKV2D-29
ENSG00000288649	ACTL10
ENSG00000206047	DEFA1
ENSG00000163395	IGFN1
ENSG00000213822	CEACAM18
ENSG00000263464	PPIAL4C
ENSG00000281179	AC135068.5
ENSG00000197992	CLEC9A
ENSG00000172818	OVOL1
ENSG00000164691	TAGAP
ENSG00000205038	PKHD1L1
ENSG00000167822	OR8J3
ENSG00000145526	CDH18
ENSG00000149573	MPZL2
ENSG00000182566	CLEC4G
ENSG00000182931	WFDC10B
ENSG00000211915	IGHD5-18
ENSG00000258484	SPESP1
ENSG00000141748	ARL5C
ENSG00000182645	CCDC172
ENSG00000123500	COL10A1
ENSG00000248767	FOXL3
ENSG00000276953	TRBV12-4
ENSG00000137860	SLC28A2
ENSG00000152467	ZSCAN1
ENSG00000186579	DEFB106A
ENSG00000198965	OR10R2
ENSG00000211663	IGLV3-19
ENSG00000282499	TRBV25-1
ENSG00000103241	FOXF1
ENSG00000211765	TRBJ2-2
ENSG00000178522	AMBN
ENSG00000205143	ARID3C
ENSG00000163154	TNFAIP8L2
ENSG00000187474	FPR3
ENSG00000288000	AL031681.2
ENSG00000249141	AL159163.1
ENSG00000004809	SLC22A16
ENSG00000198601	OR2M2
ENSG00000270550	IGHV3-30
ENSG00000169836	TACR3
ENSG00000204740	MALRD1
ENSG00000288623	AC063943.2
ENSG00000174844	DNAH12
ENSG00000145423	SFRP2
ENSG00000176945	MUC20
ENSG00000203786	KPRP
ENSG00000111404	RERGL
ENSG00000203952	CCDC160
ENSG00000275063	AC233755.1
ENSG00000101938	CHRDL1
ENSG00000181961	OR4A16
ENSG00000285720	FAM90A17P
ENSG00000185640	KRT79
ENSG00000187005	KRTAP21-1
ENSG00000161649	CD300LG
ENSG00000165623	UCMA
ENSG00000279804	PRAMEF18
ENSG00000258728	AL162231.3
ENSG00000159374	M1AP
ENSG00000178125	PPP1R42
ENSG00000211876	TRAJ13
ENSG00000224916	APOC4-APOC2
ENSG00000283886	BX664615.2
ENSG00000163568	AIM2
ENSG00000173376	NDNF
ENSG00000283463	HSFX4
ENSG00000101892	ATP1B4
ENSG00000105205	CLC
ENSG00000167633	KIR3DL1
ENSG00000115474	KCNJ13
ENSG00000160349	LCN1
ENSG00000166351	POTED
ENSG00000244537	KRTAP4-2
ENSG00000228278	ORM2
ENSG00000140459	CYP11A1
ENSG00000175485	OR52W1
ENSG00000127743	IL17B
ENSG00000134323	MYCN
ENSG00000183310	OR2T34
ENSG00000215455	KRTAP10-1
ENSG00000167634	NLRP7
ENSG00000214782	MS4A18
ENSG00000070915	SLC12A3
ENSG00000165471	MBL2
ENSG00000198626	RYR2
ENSG00000206536	OR5K3
ENSG00000196570	PFN3
ENSG00000145888	GLRA1
ENSG00000184210	DGAT2L6
ENSG00000211923	IGHD3-10
ENSG00000162630	B3GALT2
ENSG00000138813	C4orf17
ENSG00000214897	PNMA6E
ENSG00000184785	SMIM10
ENSG00000259224	SLC35G6
ENSG00000211885	TRAJ4
ENSG00000273213	H3-2
ENSG00000226430	USP17L7
ENSG00000283267	FAM237B
ENSG00000103355	PRSS33
ENSG00000049247	UTS2
ENSG00000188585	CLEC20A
ENSG00000160870	CYP3A7
ENSG00000279514	OR4C16
ENSG00000214107	MAGEB1
ENSG00000171532	NEUROD2
ENSG00000229674	H2AL1RP
ENSG00000204347	BTBD17
ENSG00000165495	PKNOX2
ENSG00000283227	SPRR5
ENSG00000204618	RNF39
ENSG00000188848	BEND4
ENSG00000132631	SCP2D1
ENSG00000036530	CYP46A1
ENSG00000163564	PYHIN1
ENSG00000102678	FGF9
ENSG00000170927	PKHD1
ENSG00000106128	GHRHR
ENSG00000157680	DGKI
ENSG00000183542	KLRC4
ENSG00000262461	SPDYE9
ENSG00000157502	PWWP3B
ENSG00000211878	TRAJ11
ENSG00000284713	SMIM38
ENSG00000138483	CCDC54
ENSG00000205327	OR6C68
ENSG00000185448	FAM47A
ENSG00000184911	DMRTC1B
ENSG00000116748	AMPD1
ENSG00000168131	OR2B2
ENSG00000141293	SKAP1
ENSG00000198739	LRRTM3
ENSG00000138755	CXCL9
ENSG00000178403	NEUROG2
ENSG00000205186	FABP9
ENSG00000273111	LYPD4
ENSG00000257008	GPR142
ENSG00000285762	AC253536.7
ENSG00000109758	HGFAC
ENSG00000171044	XKR6
ENSG00000206102	KRTAP19-8
ENSG00000162747	FCGR3B
ENSG00000205592	MUC19
ENSG00000211653	IGLV1-40
ENSG00000278030	TRBV7-9
ENSG00000009790	TRAF3IP3
ENSG00000211697	TRGV5
ENSG00000259571	BLID
ENSG00000184786	DYNLT2
ENSG00000203734	ECT2L
ENSG00000183379	SYNDIG1L
ENSG00000101323	HAO1
ENSG00000114248	LRRC31
ENSG00000185940	KRTAP5-5
ENSG00000211725	TRBV5-5
ENSG00000121742	GJB6
ENSG00000186047	DLEU7
ENSG00000138622	HCN4
ENSG00000124159	MATN4
ENSG00000221933	OR2A25
ENSG00000197991	AL592490.1
ENSG00000172489	OR5T3
ENSG00000215475	SIAH3
ENSG00000188089	PLA2G4E
ENSG00000170549	IRX1
ENSG00000140506	LMAN1L
ENSG00000177300	CLDN22
ENSG00000249581	CLRN2
ENSG00000266826	IGBP1P2
ENSG00000172967	XKR3
ENSG00000226690	AC013470.2
ENSG00000204583	LRCOL1
ENSG00000204694	OR11A1
ENSG00000158296	SLC13A3
ENSG00000163060	TEKT4
ENSG00000188691	OR56A5
ENSG00000166211	SPIC
ENSG00000269533	AC003002.3
ENSG00000182170	MRGPRG
ENSG00000105219	CCNP
ENSG00000228856	USP17L30
ENSG00000109906	ZBTB16
ENSG00000283536	AC021072.1
ENSG00000172348	RCAN2
ENSG00000121381	TAS2R9
ENSG00000173406	DAB1
ENSG00000204873	KRTAP9-3
ENSG00000260007	AC107871.1
ENSG00000178732	GP5
ENSG00000196990	FAM163B
ENSG00000284701	TMEM247
ENSG00000196711	ALKAL1
ENSG00000109208	SMR3A
ENSG00000151962	RBM46
ENSG00000080293	SCTR
ENSG00000237235	TRDD2
ENSG00000205667	ARSH
ENSG00000174016	TENT5D
ENSG00000118473	SGIP1
ENSG00000254997	KRTAP5-9
ENSG00000102891	MT4
ENSG00000124731	TREM1
ENSG00000118194	TNNT2
ENSG00000184221	OLIG1
ENSG00000260220	CCDC187
ENSG00000184811	TRARG1
ENSG00000224902	GAGE12H
ENSG00000081248	CACNA1S
ENSG00000196539	OR2T3
ENSG00000176495	OR5AN1
ENSG00000176971	FIBIN
ENSG00000134240	HMGCS2
ENSG00000147596	PRDM14
ENSG00000169035	KLK7
ENSG00000166535	A2ML1
ENSG00000179270	PCARE
ENSG00000284643	SCYGR2
ENSG00000172985	SH3RF3
ENSG00000102195	GPR50
ENSG00000211868	TRAJ21
ENSG00000203972	GLYATL3
ENSG00000071203	MS4A12
ENSG00000145642	SHISAL2B
ENSG00000242766	IGKV1D-17
ENSG00000101746	NOL4
ENSG00000173585	CCR9
ENSG00000163599	CTLA4
ENSG00000147896	IFNK
ENSG00000187068	C3orf70
ENSG00000270505	IGHV1OR15-1
ENSG00000211883	TRAJ6
ENSG00000168582	CRYGA
ENSG00000181693	OR8H1
ENSG00000211809	TRAV27
ENSG00000124493	GRM4
ENSG00000101438	SLC32A1
ENSG00000160683	CXCR5
ENSG00000147655	RSPO2
ENSG00000116824	CD2
ENSG00000185962	LCE3A
ENSG00000171195	MUC7
ENSG00000140285	FGF7
ENSG00000255690	TRIL
ENSG00000186049	KRT73
ENSG00000211890	IGHA2
ENSG00000176381	PRR18
ENSG00000171385	KCND3
ENSG00000073146	MOV10L1
ENSG00000174740	PABPC5
ENSG00000278196	IGLV2-8
ENSG00000179695	OR6C2
ENSG00000143184	XCL1
ENSG00000165553	NGB
ENSG00000223865	HLA-DPB1
ENSG00000239998	LILRA2
ENSG00000147885	IFNA16
ENSG00000110077	MS4A6A
ENSG00000154269	ENPP3
ENSG00000100170	SLC5A1
ENSG00000278633	AC023491.2
ENSG00000230430	USP17L25
ENSG00000175619	OR4B1
ENSG00000170011	MYRIP
ENSG00000162692	VCAM1
ENSG00000016602	CLCA4
ENSG00000239961	LILRA4
ENSG00000205916	DAZ4
ENSG00000287585	AC231656.1
ENSG00000163464	CXCR1
ENSG00000151702	FLI1
ENSG00000278085	CT45A8
ENSG00000159763	PIP
ENSG00000179468	OR9A2
ENSG00000080166	DCT
ENSG00000243896	OR2A7
ENSG00000286135	AL603764.2
ENSG00000118492	ADGB
ENSG00000205832	C16orf96
ENSG00000204010	IFIT1B
ENSG00000179363	TMEM31
ENSG00000185988	PLK5
ENSG00000186562	DEFB105A
ENSG00000102683	SGCG
ENSG00000165794	SLC39A2
ENSG00000162882	HAAO
ENSG00000119147	ECRG4
ENSG00000125522	NPBWR2
ENSG00000276070	CCL4L2
ENSG00000169194	IL13
ENSG00000172969	FRG2C
ENSG00000188738	FSIP2
ENSG00000134716	CYP2J2
ENSG00000181433	SAGE1
ENSG00000124237	C20orf85
ENSG00000211764	TRBJ2-1
ENSG00000111215	PRR4
ENSG00000205927	OLIG2
ENSG00000277282	IGHV1OR21-1
ENSG00000166220	TBATA
ENSG00000143469	SYT14
ENSG00000212725	KRTAP2-1
ENSG00000188991	SLC15A5
ENSG00000133101	CCNA1
ENSG00000108702	CCL1
ENSG00000168329	CX3CR1
ENSG00000139053	PDE6H
ENSG00000146926	ASB10
ENSG00000235098	ANKRD65
ENSG00000163209	SPRR3
ENSG00000173349	SFT2D3
ENSG00000273777	CEACAM20
ENSG00000267881	AC243967.1
ENSG00000164188	RANBP3L
ENSG00000257184	AC004080.3
ENSG00000274226	TBC1D3H
ENSG00000279051	OR6Q1
ENSG00000186599	DEFB105B
ENSG00000129873	CDY2B
ENSG00000198185	ZNF334
ENSG00000103319	EEF2K
ENSG00000145692	BHMT
ENSG00000234511	C5orf58
ENSG00000182601	HS3ST4
ENSG00000186790	FOXE3
ENSG00000130538	OR11H1
ENSG00000185274	GALNT17
ENSG00000144406	UNC80
ENSG00000170953	OR8B12
ENSG00000189051	RNF222
ENSG00000211880	TRAJ9
ENSG00000008196	TFAP2B
ENSG00000273976	GOLGA6L1
ENSG00000133110	POSTN
ENSG00000278263	AC135068.1
ENSG00000125533	BHLHE23
ENSG00000204479	PRAMEF17
ENSG00000164326	CARTPT
ENSG00000011083	SLC6A7
ENSG00000157884	CIB4
ENSG00000204246	OR13C3
ENSG00000163631	ALB
ENSG00000174339	OR2Y1
ENSG00000179930	ZNF648
ENSG00000196189	SEMA4A
ENSG00000286224	AP000471.1
ENSG00000039600	SOX30
ENSG00000183733	FIGLA
ENSG00000182533	CAV3
ENSG00000197181	PIWIL2
ENSG00000204450	TRIM64
ENSG00000283361	CFAP97D2
ENSG00000205882	DEFB134
ENSG00000204640	NMS
ENSG00000204950	LRRC10B
ENSG00000185736	ADARB2
ENSG00000104499	GML
ENSG00000117594	HSD11B1
ENSG00000163114	PDHA2
ENSG00000240224	UGT1A5
ENSG00000155833	CYLC2
ENSG00000260861	AL049634.2
ENSG00000249811	USP17L21
ENSG00000226660	TRBV2
ENSG00000147262	GPR119
ENSG00000004846	ABCB5
ENSG00000101825	MXRA5
ENSG00000211715	TRBV5-3
ENSG00000211637	IGLV4-69
ENSG00000167531	LALBA
ENSG00000182393	IFNL1
ENSG00000150556	LYPD6B
